listener_id,freq_hz,false_alarm_rate,coeff_01,coeff_02,coeff_03,coeff_04,coeff_05,coeff_06,coeff_07,coeff_08,coeff_09,coeff_10,coeff_11,coeff_12,coeff_13,coeff_14,coeff_15,coeff_16,coeff_17,coeff_18,coeff_19,coeff_20,cu_05,cu_10,cu_15,cu_20,cu_25,cu_30,cu_35,cu_40,cu_45,cu_50
1,250,0.030897903914431653,-1.107815736932428,-4.054127839828357,-1.1048811755392056,-1.152682512726579,-1.115887579342652,-1.119120493097193,-1.147089286353344,-1.1113852118058976,-1.110267640365051,-1.1216452936656731,36.51000517564552,21.524520335837245,8.063801550502134,17.19253357376119,9.118351490866988,6.415218633362702,1.313944435359899,9.077307769166733,1.3183628811150756,1.4050012671634913,36.51000517564552,58.03452551148276,66.09832706198489,83.29086063574607,92.40921212661306,98.82443075997575,100.13837519533566,109.21568296450239,110.53404584561747,111.93904711278095
1,500,0.030897903914431653,-21.307485837475163,-1.116625808716642,-1.1128263583936846,-1.1158140870911435,-1.1290882656070171,-1.1173248441608625,-1.8664990789236309,-1.1108621927885614,-16.081448308920244,-1.874515982940159,22.419165289691684,15.906441636554284,16.116369973358623,19.812243046502356,1.3295456118940714,20.260656547630703,13.54456108384489,1.42679370007862,1.3700400435231623,2.167794471260172,22.419165289691684,38.32560692624597,54.44197689960459,74.25421994610694,75.58376555800102,95.84442210563172,109.38898318947662,110.81577688955524,112.1858169330784,114.35361140433857
1,750,0.030897903914431653,-5.865401402491674,-1.1028307519447331,-1.103053953301791,-1.1035000448153909,-2.7954708455540285,-1.1053351310170498,-1.3311425597422688,-1.1025169500612728,-1.1188034336689272,-1.0984068921888364,19.23979674247976,16.983105704265583,12.340953594650728,20.64491847765511,6.220397792952113,24.1615746017454,6.712763199539424,3.425560814617718,2.629721964741478,3.566954409025442,19.23979674247976,36.222902446745344,48.56385604139607,69.20877451905119,75.4291723120033,99.5907469137487,106.30351011328813,109.72907092790584,112.35879289264732,115.92574730167276
1,1000,0.030897903914431653,-1.111864169771322,-1.1211930132269874,-1.1230106505721449,-1.1359866008001154,-1.120494406873728,-3.3527290704442745,-1.121469996627849,-1.1203475661495772,-1.124064704466167,-1.1379335643818567,13.487885705979465,23.756318932496114,16.485028234256504,20.174477488684474,6.610750899288288,10.152583074151778,9.618911108413226,3.673808738388118,3.3862055402131617,5.799077363048102,13.487885705979465,37.24420463847558,53.729232872732084,73.90371036141656,80.51446126070485,90.66704433485663,100.28595544326986,103.95976418165797,107.34596972187114,113.14504708491924
1,1500,0.030897903914431653,-1.1183852438323192,-1.1083602537233173,-1.1081654878351683,-1.1101606973990155,-1.36515707718879,-21.402140308278383,-1.105370388406112,-1.107445409957427,-1.1058953564833693,-1.1120757037658948,12.12385042651406,12.467906526530697,23.91464670280601,16.31182117314995,10.014414165527445,18.231427407598076,10.665338428041942,2.8648672210269366,1.3353104151186206,3.7162809490049176,12.12385042651406,24.591756953044758,48.50640365585077,64.81822482900071,74.83263899452815,93.06406640212623,103.72940483016816,106.5942720511951,107.92958246631373,111.64586341531864
1,2000,0.030897903914431653,-1.1104380918015577,-1.5421758118997464,-1.1058143505752716,-1.0998998890052611,-1.1025467079686444,-1.1109870480575457,-1.113808955498905,-1.101807312366188,-1.1020154044370427,-1.105020414733211,27.821550803089544,15.554528835130647,16.115587631296357,24.322746972522253,9.444249659438317,6.323663327082041,7.998812568770484,1.3200041138323502,1.3242666330345214,6.270776134422869,27.821550803089544,43.37607963822019,59.49166726951655,83.8144142420388,93.2586639014771,99.58232722855915,107.58113979732964,108.901143911162,110.22541054419652,116.4961866786194
1,3000,0.030897903914431653,-1.1120994879687185,-1.101482725969877,-1.1028948536832477,-1.1151182083584161,-1.1010742089684804,-1.1096722512944552,-1.0992860668138271,-2.815357363174842,-1.1020627773781855,-1.1313953351794632,25.53013390725593,16.919618304187132,16.66197699759652,15.910077137840712,11.344112258370139,3.644641069414453,3.8581851165987917,3.2502920144538567,3.610118093805278,3.8332029354739614,25.53013390725593,42.44975221144306,59.11172920903958,75.0218063468803,86.36591860525044,90.01055967466489,93.86874479126368,97.11903680571754,100.72915489952283,104.56235783499679
1,4000,0.030897903914431653,-1.1185212254262016,-1.1202816719992872,-1.1214181850799578,-1.1432512678060798,-1.9069701563721866,-1.1026812754398838,-1.128138782699887,-1.1093944574707213,-1.137323972777391,-1.1176538761121804,42.91243624211471,7.982890894758448,20.16156148493002,9.743612556269277,11.92876549329037,7.85595938043204,1.34738172939857,7.481747350616214,4.51864000227018,1.3624727950302886,42.91243624211471,50.895327136873156,71.05688862180318,80.80050117807247,92.72926667136284,100.58522605179488,101.93260778119344,109.41435513180966,113.93299513407983,115.29546792911012
1,6000,0.030897903914431653,-1.1157130959119765,-1.1169105811896034,-1.4554344173577913,-1.8812356330973423,-1.6753933747350986,-3.2262971573352894,-1.1110080429733045,-1.1296878145145621,-2.5946284830608084,-1.1096403130509156,24.403998859287995,23.943940184203115,8.878530325249088,11.16972267218192,21.327561003537504,1.3732581447300278,2.530685669835149,6.616136085868565,7.730688811197005,1.3375627850654217,24.403998859287995,48.34793904349111,57.2264693687402,68.39619204092212,89.72375304445961,91.09701118918964,93.6276968590248,100.24383294489336,107.97452175609035,109.31208454115577
1,8000,0.030897903914431653,-1.1082926719986745,-1.10024975886646,-1.103174685170461,-1.102467489714316,-1.8233622036905646,-1.1107183677139358,-1.1021273595694399,-1.108445219388575,-1.1035143818394433,-1.0985245469746,19.86123129994266,14.18551448134486,12.300344825103297,12.939378133877023,24.8263844360525,1.3266323233456747,10.592150605348074,3.2917516152964206,4.27254333220151,4.7540841105222,19.86123129994266,34.04674578128752,46.347090606390815,59.286468740267836,84.11285317632033,85.439485499666,96.03163610501409,99.3233877203105,103.59593105251201,108.35001516303421
2,250,0.030425173507893918,-1.1212095954829358,-20.759056561483668,-1.1301979083069296,-1.7650427092924472,-1.1383380776558685,-1.1237675926001733,-1.3072764101371637,-1.1387403757962105,-1.1398388296042183,-1.145251969314533,25.243749217916758,24.571399432129937,9.578919782256506,7.432904207020947,31.63784186254206,1.3689104798253613,1.3639584294561722,5.488780588314228,4.436327888678679,5.271495854371896,25.243749217916758,49.815148650046694,59.3940684323032,66.82697263932414,98.4648145018662,99.83372498169156,101.19768341114774,106.68646399946196,111.12279188814064,116.39428774251253
2,500,0.030425173507893918,-1.102288449854938,-1.0994970602828578,-1.9276971182999354,-1.1065297103657525,-1.1068767353073876,-1.1100980558045306,-7.0191132969278165,-2.4463089955388826,-1.1084054832885983,-3.312618291068641,17.65452089160526,22.510077200578763,14.567312668993381,20.652287898557226,13.339020416010037,12.080791991335918,1.3125529657686736,1.9946461982698729,1.7927583694070153,1.3206563075423983,17.65452089160526,40.16459809218402,54.7319107611774,75.38419865973464,88.72321907574468,100.8040110670806,102.11656403284927,104.11121023111914,105.90396860052616,107.22462490806855
2,750,0.030425173507893918,-1.106113114750185,-1.120736686188135,-1.1045396279957436,-1.1106206701142751,-1.7244990360421517,-11.765308053122002,-2.5900585754228698,-1.4290796106241048,-1.8778301538477018,-1.1119157330254203,21.37588838822518,26.29848736434019,17.332944709574946,8.017550895265442,14.953973217932383,14.787563566569304,5.13622727276087,1.3379375078052682,1.3459657667681642,1.331287982675069,21.37588838822518,47.67437575256537,65.00732046214031,73.02487135740576,87.97884457533814,102.76640814190745,107.90263541466831,109.24057292247358,110.58653868924173,111.9178266719168
2,1000,0.030425173507893918,-1.1072989973929408,-1.1344592511987135,-1.1304153880329322,-1.136064956157774,-1.1282154727630958,-6.998261827250005,-1.1259809200872897,-1.1088983110051838,-1.1456963882180708,-1.1440570671649166,11.29878265156509,29.98980611183552,9.371597374897648,19.66745623459377,9.039981095116929,18.80925702736134,7.392121156104395,1.349963232544857,1.947548492684858,4.691004713094559,11.29878265156509,41.28858876340061,50.66018613829826,70.32764237289203,79.36762346800896,98.1768804953703,105.5690016514747,106.91896488401954,108.8665133767044,113.55751808979896
2,1500,0.030425173507893918,-1.1382379805578435,-1.099330992728309,-1.1184750496462554,-1.1281264249752425,-1.8336902077431565,-10.10286667391383,-1.1205001107944343,-1.118464648552063,-1.1199380353484596,-1.14413171307466,12.087689797232356,28.359157331464473,18.587594171673786,11.200719051057877,11.564314334744385,12.805496319295315,3.7499570764328887,4.627968802541124,6.679836754653646,3.342251274163532,12.087689797232356,40.44684712869683,59.03444130037062,70.23516035142849,81.79947468617287,94.60497100546819,98.35492808190108,102.9828968844422,109.66273363909585,113.00498491325938
2,2000,0.030425173507893918,-1.1132132045804384,-2.135929176993413,-1.1126441481040414,-1.1386835429297215,-1.3769905027293383,-1.1232882448770494,-1.1123221471701665,-1.1257621489373482,-1.1258942043300428,-1.1072578866278904,12.494689161273492,20.392558438832353,37.72565488158807,8.022255718437151,10.54724942230558,12.07457271886,1.3856458375329082,2.8701804429286524,3.946977469382418,2.907654977073303,12.494689161273492,32.887247600105844,70.61290248169391,78.63515820013106,89.18240762243664,101.25698034129664,102.64262617882954,105.5128066217582,109.45978409114062,112.36743906821393
2,3000,0.030425173507893918,-1.098205414185753,-1.4074986816817021,-1.1247210157707226,-1.118815534060789,-1.1230787285400479,-1.131935930143367,-1.1221988730405823,-7.1304835877258865,-1.1387575975588629,-1.1297853123436092,1.2106009822066528,25.774488546354902,21.599704836192895,17.62497595403438,16.3700512021082,10.374976996983873,5.047824013159194,5.167366611369932,3.9240283225916213,2.751459769397345,1.2106009822066528,26.985089528561556,48.58479436475445,66.20977031878883,82.57982152089703,92.9547985178809,98.0026225310401,103.16998914241003,107.09401746500166,109.845477234399
2,4000,0.030425173507893918,-1.4935681898803748,-1.1469543933864834,-1.1225583553321168,-2.0937471700478225,-4.24133299048599,-1.139781387414589,-1.13980409570941,-1.1294244982961938,-1.1430755203805245,-1.3414297297077549,8.321547937277668,25.71941641203616,24.35693881170856,16.928965055475174,14.509550999178046,11.437937159603386,2.5957929761359573,6.394683539317832,3.3254667368986564,1.4333824726103472,8.321547937277668,34.040964349313825,58.397903161022384,75.32686821649756,89.8364192156756,101.27435637527898,103.87014935141494,110.26483289073278,113.59029962763144,115.02368210024179
2,6000,0.030425173507893918,-5.772025667834306,-1.1349382214021957,-1.2622782910630996,-1.9574788866247657,-1.582174277433377,-1.8205705583403407,-1.1327415780947967,-1.1187549326431996,-2.4758272562836696,-1.541029857435959,10.671792484893135,23.023479376216244,21.965212415250335,24.13253766700059,12.162246675132948,7.293793688469005,3.878476744973514,1.3687426858001253,3.5589943859183197,3.9165690566559688,10.671792484893135,33.695271861109376,55.66048427635971,79.7930219433603,91.95526861849325,99.24906230696226,103.12753905193577,104.4962817377359,108.05527612365422,111.9718451803102
2,8000,0.030425173507893918,-1.127866199266703,-1.127892800199177,-20.50800035689312,-1.1327444363732104,-1.1423298082824027,-3.9930256163669107,-1.1177461753887867,-1.13255278287659,-1.1220749307767794,-1.134513631816367,-2.4844194276890286,35.83856934249069,12.532381264125412,26.0830313272331,10.143524409004407,18.298212809315075,1.3328682811371824,1.3585648212095798,2.2400863694246596,1.3221510026949992,-2.4844194276890286,33.35414991480167,45.88653117892708,71.96956250616017,82.11308691516459,100.41129972447966,101.74416800561684,103.10273282682643,105.34281919625109,106.66497019894608
3,250,0.041974835664206414,-1.1490382013438234,-8.867241215597186,-1.101953287061808,-1.1602782540417893,-1.1385626058599794,-1.1204305655382072,-1.1481401475516901,-1.1372237895365256,-1.1156654877391659,-1.1066269973566292,-5.77290645259318,44.54845814612213,19.366942772987358,18.9895144351511,9.054643015279517,14.137795338358039,3.129587330072261,4.23558605615559,2.7773236174292766,4.693284151866727,-5.77290645259318,38.77555169352895,58.14249446651631,77.1320089016674,86.18665191694691,100.32444725530496,103.45403458537722,107.6896206415328,110.46694425896207,115.16022841082881
3,500,0.041974835664206414,-1.1048842876947358,-1.1284757988227265,-1.1460598429942208,-1.1016769960203665,-1.116900563597063,-1.1407701389143652,-1.1057722837641761,-1.7824698754451485,-1.1224766677571827,-1.547902122422784,10.173237307386295,37.071055747499,7.401736656221681,16.335981104947443,13.65728218064234,8.460806813656383,9.299692341827482,1.3415306753417,1.3192524558644352,1.64896346332884,10.173237307386295,47.2442930548853,54.646029711106976,70.98201081605441,84.63929299669675,93.10009981035313,102.39979215218061,103.74132282752231,105.06057528338674,106.70953874671558
3,750,0.041974835664206414,-5.828963455260144,-1.176773580595333,-1.1072855382431315,-1.1362282881985963,-3.264309046069012,-1.1307837341390545,-3.3381914364335845,-2.860644114350509,-2.4475504977085603,-1.1037410728231531,13.002095106373718,12.492236182647682,18.599611916792696,18.600631772924807,26.692560503474738,11.363438885286325,6.126250596010597,1.3372813473548837,1.368361155833763,4.592897677911677,13.002095106373718,25.4943312890214,44.0939432058141,62.694574978738906,89.38713548221364,100.75057436749996,106.87682496351056,108.21410631086545,109.58246746669921,114.1753651446109
3,1000,0.041974835664206414,-1.1236740599808868,-1.1375973744027634,-1.1255303130021543,-1.1487456211094371,-21.044633903190686,-1.1362763963716347,-1.1402224407288575,-1.1351823440286735,-1.1296099301921392,-1.1306726265988503,6.4913455358470245,26.007729746230893,20.33736352737185,20.739791031293677,13.708978284335103,4.7876617046679275,2.8714852316030637,2.0353013162290123,2.1511986094226074,1.3500623528067948,6.4913455358470245,32.49907528207792,52.83643880944977,73.57622984074345,87.28520812507855,92.07286982974648,94.94435506134954,96.97965637757855,99.13085498700116,100.48091733980795
3,1500,0.041974835664206414,-1.1125615083411158,-1.112883023351511,-1.1104824815472472,-1.1130614049776977,-1.284262362622853,-18.117945241361703,-1.113202884722606,-1.1126341417010002,-1.1105784360628643,-1.1096260105326121,10.09933738291311,29.966695733551617,19.42659326458648,13.275585511998685,14.559603923128996,5.6269880578641285,2.820394755934183,3.7142224427125816,2.972736677589033,1.3345655758640458,10.09933738291311,40.06603311646472,59.4926263810512,72.76821189304988,87.32781581617888,92.95480387404301,95.7751986299772,99.48942107268978,102.4621577502788,103.79672332614285
3,2000,0.041974835664206414,-1.1136468932462131,-2.002445072063823,-1.1094854400833913,-1.1113004638195902,-1.121132781922571,-1.1200637667392659,-1.1064677628185917,-1.1078681913763058,-1.1151901023787625,-1.107407963452368,14.109172021819624,28.716070083526752,16.315171283446787,11.34435646268481,9.590217675037916,11.578795366337815,2.740739401601596,1.672973232302712,4.557778988002811,1.3289482023652885,14.109172021819624,42.825242105346376,59.140413388793164,70.48476985147798,80.0749875265159,91.65378289285371,94.39452229445531,96.06749552675802,100.62527451476083,101.95422271712611
3,3000,0.041974835664206414,-1.1174973595988096,-1.1120860488797928,-1.1180204974806323,-1.1370444167862583,-1.1115748530195781,-1.1266218323876678,-1.1300992869245792,-1.425195623769234,-2.8081432882573925,-1.5760867501397886,11.320553707952179,19.96233247216928,12.670838363144373,24.01992457856813,5.377826616289768,9.194912467802698,7.406221859378125,1.3428759866019297,2.61695087294357,7.135542643882861,11.320553707952179,31.28288618012146,43.953724543265835,67.97364912183397,73.35147573812374,82.54638820592643,89.95261006530455,91.29548605190648,93.91243692485006,101.04797956873291
3,4000,0.041974835664206414,-1.1018796652396783,-1.1017914843591745,-1.104467921008652,-1.2824373953728965,-1.1187945161976054,-1.1063874025775915,-1.1021017995146227,-1.1023512808434246,-1.0993683174191182,-1.1157018341787217,3.809569046125328,23.47105655058391,10.51816770582224,26.061195731847192,7.732601299676162,13.756956073750338,7.524816488063976,1.369059649030651,3.1750208541368954,4.486746845390579,3.809569046125328,27.28062559670924,37.79879330253148,63.85998903437867,71.59259033405483,85.34954640780518,92.87436289586915,94.2434225448998,97.41844339903669,101.90519024442727
3,6000,0.041974835664206414,-3.3587610637898813,-1.4491003792046886,-1.1091213270567133,-1.895634338344843,-1.4279708187657452,-2.5140917660463753,-1.1255114254327685,-1.1066382846339176,-7.526484292750773,-5.125980435032513,-5.583176473455005,34.29388927761812,15.059963510366046,24.596385984888045,13.002548841587867,12.789350306141642,6.142091496927996,1.3650752297669726,1.358320429406211,6.944337048566339,-5.583176473455005,28.710712804163116,43.77067631452916,68.3670622994172,81.36961114100507,94.15896144714671,100.30105294407471,101.66612817384168,103.02444860324789,109.96878565181423
3,8000,0.041974835664206414,-1.1060120088324457,-1.1010414644564035,-3.7507125765269578,-1.1004810729429133,-9.974027216206494,-21.923930422444514,-1.1066120459872661,-1.1081936478882901,-1.1060924248868123,-1.1082342550834419,6.881628408053128,20.417405941857275,15.631129612641338,20.633618519475313,14.356875110605678,5.090120315654907,5.763551881338403,3.5377692848668216,3.727920882633626,12.437900417852525,6.881628408053128,27.299034349910404,42.930163962551745,63.56378248202706,77.92065759263274,83.01077790828765,88.77432978962605,92.31209907449288,96.0400199571265,108.47792037497902
4,250,0.06260954828635447,-1.1056946490466055,-6.23415577877331,-1.1153313339733337,-2.311153352192316,-1.109118967212174,-1.1213759918584247,-1.122442140224098,-1.1251368411178504,-1.1154312828190278,-1.1123197067289659,24.401051139546382,22.919881964666914,3.7866131046168867,17.55400989339305,24.28963424244094,1.3494895776507025,5.904514094639445,4.784824019294662,4.478735793559945,1.700782935229177,24.401051139546382,47.320933104213296,51.107546208830186,68.66155610222324,92.95119034466418,94.30067992231488,100.20519401695432,104.99001803624898,109.46875382980893,111.1695367650381
4,500,0.06260954828635447,-1.1677670001603588,-1.1354486437220062,-1.1738690529178721,-1.1676899971678565,-1.1467518338117255,-1.1067635712991724,-1.2226672339070008,-1.1359762779665985,-12.189084461076881,-2.11622645059247,3.9572931510385416,21.69281178617021,19.162968718644237,10.682121775678787,16.86069174196828,12.037395944259835,4.738893342191142,7.599359567857423,4.510137506179227,6.745215740173503,3.9572931510385416,25.650104937208752,44.81307365585299,55.495195431531776,72.35588717350007,84.39328311775989,89.13217645995104,96.73153602780846,101.2416735339877,107.9868892741612
4,750,0.06260954828635447,-21.951589347793515,-1.1292131064801527,-1.146821753231642,-1.2572345437472157,-2.353525238296905,-1.1149975145503284,-2.8381840752860317,-1.1400388267963266,-1.1419759818935522,-1.142786222871809,13.338510144899427,10.588100493698214,10.188146813241424,13.442659333647565,20.77150553608037,18.04609736451475,4.57649662447632,6.029755182965086,9.84903986539625,7.703326341474035,13.338510144899427,23.92661063859764,34.11475745183907,47.55741678548664,68.328922321567,86.37501968608176,90.95151631055808,96.98127149352317,106.83031135891942,114.53363770039346
4,1000,0.06260954828635447,-1.1150096713629511,-1.1355116269708656,-1.1100799219079622,-1.1207205593065144,-4.641614456723655,-4.24371250026436,-1.1103156502436966,-1.1301906800444006,-1.1192909143688778,-1.130365398884782,6.799178415679041,21.487378471219714,16.87469265548281,10.977742448644953,10.404857157246237,15.510911274351336,3.9223298046607624,6.931805349835095,3.14869480024122,8.452826116506227,6.799178415679041,28.286556886898754,45.16124954238157,56.13899199102652,66.54384914827276,82.0547604226241,85.97709022728486,92.90889557711995,96.05759037736117,104.5104164938674
4,1500,0.06260954828635447,-1.1298718292352858,-1.149013364188482,-1.1121584370192954,-1.1848637495749026,-1.6374789647490466,-1.1399671944760992,-1.098393465798587,-1.151888949975147,-1.1227355175514386,-1.1190622562632115,3.3208933967516217,30.039340098874135,13.278866654143371,6.453112472673595,15.203408736071431,15.697744626510946,4.9726180490792835,5.090325155662358,5.249077820558531,5.802245339889964,3.3208933967516217,33.36023349562576,46.63910014976913,53.09221262244272,68.29562135851415,83.9933659850251,88.96598403410438,94.05630918976674,99.30538701032526,105.10763235021523
4,2000,0.06260954828635447,-1.9668163875814955,-1.4585912938601093,-1.1242384458760952,-1.123282883969618,-1.3426627517727865,-1.1242485947384648,-1.1318335711718546,-1.1203733335594115,-1.1289219839542075,-1.1246700615809662,6.742742037468062,32.160988882307976,6.165297472238329,12.227931622699487,21.31678073334129,15.939139732023754,6.296954030782338,1.346163103491845,2.7667462486171797,3.939629837705418,6.742742037468062,38.90373091977604,45.06902839201437,57.296960014713854,78.61374074805514,94.5528804800789,100.84983451086123,102.19599761435308,104.96274386297026,108.90237370067567
4,3000,0.06260954828635447,-1.4452563368278808,-1.7042375984715674,-1.1284413575486405,-1.1013226110035381,-1.13014819068287,-1.155868906830884,-1.1211849750539118,-3.1879259225257286,-1.1316602515025744,-2.3071315833949617,19.240554107854017,16.952490249551346,14.283209243563945,11.786505231590091,21.99853746976531,6.115235502961523,3.944096234604883,2.5421045839269105,5.2740553816442315,1.6603962120089921,19.240554107854017,36.19304435740536,50.47625360096931,62.2627588325594,84.26129630232471,90.37653180528623,94.32062803989112,96.86273262381803,102.13678800546226,103.79718421747125
4,4000,0.06260954828635447,-1.115277802711133,-1.1036945160873186,-1.109374826658982,-1.7928621379727208,-1.431097854492184,-1.1116014458466448,-1.1167213939520892,-1.1241695488639092,-1.1099118592020298,-1.152803353326176,18.60994035461131,16.483577663942533,14.882358514032525,13.303081040086944,15.626038063065455,7.109722139760191,3.3686676976961163,7.794337021902823,7.692000916419623,6.604887637143559,18.60994035461131,35.093518018553844,49.97587653258637,63.27895757267331,78.90499563573877,86.01471777549897,89.38338547319508,97.1777224950979,104.86972341151753,111.47461104866109
4,6000,0.06260954828635447,-1.3046720079996272,-1.146071309375285,-1.2098875137624963,-2.1348330441662724,-1.1356049984766579,-1.1817267540682448,-1.1739912796265994,-1.1739348887177963,-1.5726489826149357,-1.2354515802228532,24.12979770511258,20.672693089285737,8.292961286294487,11.92532006724274,10.218909168543338,6.8397606369265,10.349090397026574,2.2407408559426103,1.4470668993416356,1.4395944081334915,24.12979770511258,44.80249079439832,53.0954520806928,65.02077214793555,75.23968131647888,82.07944195340538,92.42853235043195,94.66927320637456,96.11634010571619,97.55593451384968
4,8000,0.06260954828635447,-1.130435442033551,-1.1260928725533006,-3.7743542651922883,-1.1420198487770303,-4.131892886958649,-1.156382535090522,-1.1415645829355414,-1.1191579861895171,-1.122165287188774,-1.1139044218334524,18.921976714546027,14.997991516213645,13.485644996936351,6.313042584095083,10.415716480940318,22.46266101629829,8.663496031363266,1.5544501366597805,2.899466610856429,4.597038028963409,18.921976714546027,33.91996823075967,47.40561322769602,53.71865581179111,64.13437229273143,86.59703330902971,95.26052934039298,96.81497947705276,99.71444608790918,104.31148411687259
5,250,0.06280840133547218,-1.1047599628044908,-1.101237005953382,-1.122709274315699,-1.119500790274369,-1.1054705425417728,-1.1046886114611434,-1.106687522296753,-1.1015088461787483,-1.1586352909367261,-1.1246829665846376,25.606033522571728,23.803635036768938,18.29204462335207,8.248883754414077,18.56903850322746,1.6534444269877229,5.211676741305162,4.620464289297416,3.6942639099661223,5.1481103837975155,25.606033522571728,49.409668559340666,67.70171318269274,75.95059693710682,94.51963544033428,96.173079867322,101.38475660862716,106.00522089792457,109.6994848078907,114.84759519168821
5,500,0.06280840133547218,-1.1722541181364237,-1.1774869226345788,-1.1792203772972167,-1.158155750536287,-1.1660085518122558,-1.1562830008932685,-2.1886646014295406,-1.400941658668603,-1.167401058080331,-1.5721778173429344,16.241755113026855,25.336793472925827,12.346012236348127,8.385351873288187,17.217883953393777,8.252142768575997,1.9823854268097323,5.582426951070158,4.346950026977279,14.134997835889902,16.241755113026855,41.57854858595268,53.924560822300805,62.30991269558899,79.52779664898277,87.77993941755877,89.7623248443685,95.34475179543865,99.69170182241594,113.82669965830584
5,750,0.06280840133547218,-1.098000000000004,-1.098000000000004,-1.098000000000004,-1.098000000000004,-2.149030645543697,-1.098000000000004,-1.3666748866894538,-1.2372498274155757,-1.3422022628556372,-1.098000000000004,8.261150208071486,29.794353754721023,11.844536891367408,14.018942042234432,7.9072808173262406,15.802074765590593,6.56003175568414,5.970083029278701,6.882537450473134,9.55900928525286,8.261150208071486,38.05550396279251,49.90004085415991,63.91898289639434,71.82626371372058,87.62833847931117,94.1883702349953,100.158453264274,107.04099071474714,116.6
5,1000,0.06280840133547218,-1.1298385110253508,-1.1369137895059027,-1.1385942761047034,-1.1352550212405275,-1.1542009225389167,-6.09364639386488,-1.1284766520211993,-1.1289805302628624,-1.1280353885711434,-2.8846660363649343,7.902914598897642,11.884442872849647,32.61638866793105,18.751570186099798,6.753609042381434,13.097676196589262,5.978564836673206,6.5325563835202445,3.675132491978955,9.358163720701686,7.902914598897642,19.78735747174729,52.40374613967833,71.15531632577813,77.90892536815957,91.00660156474883,96.98516640142203,103.51772278494228,107.19285527692124,116.55101899762292
5,1500,0.06280840133547218,-1.098,-1.1145433342559383,-1.098,-12.826861468289657,-1.728368810360406,-1.098,-1.098,-1.098,-1.098,-1.1529,-5.82,30.240804619567815,25.423966721435963,16.467530562788184,10.609679081881723,11.258592558222801,8.73195556639972,8.102397765567986,6.48083361756828,5.104239506567524,-5.82,24.420804619567814,49.84477134100378,66.31230190379196,76.92198098567368,88.18057354389649,96.9125291102962,105.01492687586419,111.49576049343247,116.6
5,2000,0.06280840133547218,-1.103638823688152,-1.6059020507333246,-1.10113013702765,-1.1046004484740934,-1.120489407564932,-1.1033511519830275,-1.1446670172867313,-1.1038652386698709,-1.1124281475695508,-1.113026883669614,-5.795356881796124,27.269056447996185,24.0547774931674,20.859465037911917,8.905186328315654,12.93986175279948,13.048183168717738,1.7806894785227634,5.395149119647815,4.233855613939973,-5.795356881796124,21.47369956620006,45.52847705936746,66.38794209727938,75.29312842559503,88.23299017839452,101.28117334711226,103.06186282563502,108.45701194528283,112.6908675592228
5,3000,0.06280840133547218,-1.1133125514623692,-1.8164114077735718,-1.1455637101020115,-1.1314934205358966,-1.1333594127625428,-1.1749441446130575,-1.1460671486640441,-4.129624270436439,-1.1374379393473473,-3.419549750636312,-5.684677895504219,35.573017474511744,19.028216439577335,14.094200476933956,11.036270545529163,11.99612423136822,11.225613659410406,5.715348903396809,7.255574333657943,5.0487399651215235,-5.684677895504219,29.888339579007525,48.916556018584856,63.01075649551881,74.04702704104798,86.0431512724162,97.26876493182661,102.98411383522341,110.23968816888136,115.28842813400288
5,4000,0.06280840133547218,-1.1123049966168015,-1.123168318390011,-1.1238171312143228,-1.6484128638797233,-1.841157741665954,-1.1274604749522483,-1.1160903693739792,-1.1270153215429506,-1.1441677010582376,-1.2117975948728734,5.66050114905325,32.00702931268779,11.441968704016201,15.291002948843214,6.003155335146406,16.246028876200036,7.465148421164507,10.346342347109715,10.646293941698683,1.3140806579475273,5.66050114905325,37.66753046174104,49.10949916575724,64.40050211460046,70.40365744974686,86.6496863259469,94.11483474711142,104.46117709422113,115.10747103591981,116.42155169386734
5,6000,0.06280840133547218,-1.1127768979541244,-1.1890684069546213,-1.121733038110548,-1.1827296767627524,-1.1015663629818366,-2.2032085422713745,-1.2174088654589175,-1.1585865479109327,-1.3273526335630603,-1.1455297432694396,22.040359532359957,21.563122152466736,16.90377966133491,5.794886749781081,2.8288948112014367,14.046217904123315,7.77832546265736,9.674236078828514,7.181958580456297,4.197968317105877,22.040359532359957,43.60348168482669,60.5072613461616,66.30214809594268,69.13104290714412,83.17726081126743,90.9555862739248,100.62982235275331,107.8117809332096,112.00974925031548
5,8000,0.06280840133547218,-1.131463406998933,-1.1592120557047416,-1.1151405554224207,-16.500014447233713,-3.3644958494535935,-11.609445645733693,-1.1299401007125496,-1.2134328748328815,-1.1392339768197062,-1.154967308894767,35.05895971632815,11.684486293226918,10.53959723589514,1.3487137272423415,6.887269351069275,19.703498338065536,9.22623412048474,12.128082738114614,7.864821730967519,1.36022659833689,35.05895971632815,46.743446009555065,57.2830432454502,58.63175697269254,65.51902632376182,85.22252466182735,94.4487587823121,106.57684152042671,114.44166325139423,115.80188984973113
6,250,0.05478109301052385,-1.137562074639193,-4.538074538448896,-1.1257145178787078,-2.4051367009353166,-1.1367925218866897,-1.1525169909437802,-1.2636364945016139,-1.1294761405101301,-1.1334000683584042,-1.1553713347195238,27.32854696618871,27.961113122669914,12.445862652433078,13.34298138852725,3.0946457053610636,15.871364150653541,8.989429312460327,1.747280098291414,1.7733366619969866,1.3652499021340896,27.32854696618871,55.289660088858625,67.7355227412917,81.07850412981895,84.17314983518001,100.04451398583356,109.03394329829389,110.7812233965853,112.5545600585823,113.91980996071639
6,500,0.05478109301052385,-1.1094268978331625,-1.1206968477380688,-1.1059988381543508,-1.1204435525286145,-1.135405966435371,-1.1131125122389371,-1.9283908265205145,-1.1027725924909773,-1.1010780329725676,-2.39070321493729,19.46156026511491,30.11411097408082,13.205993280264552,12.106138385343087,6.417614823067165,7.857588162922545,3.8293232046857986,5.715257605814928,6.634629005259301,2.3599101390856623,19.46156026511491,49.57567123919573,62.78166451946028,74.88780290480337,81.30541772787053,89.16300589079307,92.99232909547887,98.70758670129379,105.34221570655309,107.70212584563875
6,750,0.05478109301052385,-1.1905136245949346,-1.1717541959796767,-1.181217898018552,-1.1684799190899278,-3.383829091283858,-1.2428815657223795,-3.1726196289700654,-1.7749319490724282,-2.216514890484075,-1.2132839960928936,-5.667150208854173,40.084586132126844,16.033560637263847,16.529446317003448,16.665169082855808,8.842263746140793,2.670022643558927,4.660980490377156,10.908991100259035,1.8341725454074163,-5.667150208854173,34.41743592327267,50.45099656053652,66.98044287753996,83.64561196039577,92.48787570653656,95.15789835009548,99.81887884047264,110.72786994073167,112.56204248613908
6,1000,0.05478109301052385,-1.098,-1.098,-1.098,-1.098,-6.655936438343182,-1.1529,-1.098,-1.098,-1.098,-1.098,-5.82,40.88381842980347,13.289745012446879,15.853871040747762,18.684180410283886,16.468693119561763,1.3100000000000023,8.625884383206213,5.993807603950017,1.3100000000000023,-5.82,35.06381842980347,48.35356344225035,64.20743448299811,82.891614893282,99.36030801284376,100.67030801284376,109.29619239604997,115.28999999999999,116.6
6,1500,0.05478109301052385,-1.1396576742955702,-1.1669521624384904,-1.1231589155929655,-1.1621555130751355,-1.6114767389837255,-1.1985755444347905,-1.20127211653561,-1.1281572498923205,-1.1530288758192824,-1.1242498521831727,-5.772445034825342,36.56606644001336,20.69148276386838,17.223485146969495,15.382314696457875,11.275167939491055,2.324609849766225,7.671501891682709,1.3845864558521104,1.402487413568772,-5.772445034825342,30.793621405188016,51.4851041690564,68.7085893160259,84.09090401248378,95.36607195197483,97.69068180174105,105.36218369342376,106.74677014927587,108.14925756284465
6,2000,0.05478109301052385,-1.1050870495245495,-1.1347787272709047,-1.1053172949923606,-1.1043920606969624,-1.6954871232694808,-1.1107181959751578,-1.1061401802311357,-1.1270477667864212,-1.1039976736058668,-1.1098913251245328,9.560213938552252,15.59685934986804,18.232809135655863,21.08923535392313,9.548071055393219,16.07719818339985,2.88794941822413,7.561345646233228,7.498009889617176,5.279641082145702,9.560213938552252,25.157073288420293,43.389882424076156,64.47911777799928,74.0271888333925,90.10438701679234,92.99233643501647,100.55368208124969,108.05169197086687,113.33133305301257
6,3000,0.05478109301052385,-1.1064365628288457,-1.5430834123526456,-1.4864933376272846,-1.0987469296270067,-1.1025449451197478,-1.1062770912255888,-1.1017144299756625,-5.947600299261415,-1.0999211700474048,-1.4589182905392382,-2.2571169964620674,21.722968497981615,18.963377685033894,20.723088427289554,14.980684005060361,14.950881039942015,1.9760048747116716,5.480288617892972,8.350470867550133,8.517111854476273,-2.2571169964620674,19.46585150151955,38.42922918655344,59.152317613842996,74.13300161890336,89.08388265884538,91.05988753355706,96.54017615145003,104.89064701900016,113.40775887347642
6,4000,0.05478109301052385,-1.6243161354358167,-1.1057156276793347,-1.1319743244338603,-1.1232183251526155,-1.1202073446720537,-1.1219976620736043,-1.1572670121182256,-1.11625864281776,-1.1198768560975538,-1.2627493890785164,8.816131812205217,19.634225038377373,20.55068490352845,18.47150070320656,23.653313593689262,8.345759408425376,4.547127677866621,4.351487351818633,5.647254596471036,1.3209532648095301,8.816131812205217,28.45035685058259,49.00104175411104,67.4725424573176,91.12585605100686,99.47161545943224,104.01874313729887,108.3702304891175,114.01748508558853,115.33843835039806
6,6000,0.05478109301052385,-2.4981546625135254,-1.1251007542661742,-1.2627033693000353,-2.1756823925708915,-1.1124841452781338,-2.3023865753401935,-1.1171508670586938,-1.111362140791314,-1.6145526920244344,-2.011345124534295,-5.698725941488856,31.39636619919787,23.576239518744487,30.071449708395416,10.214769969800745,4.3726821368417985,3.441617431094957,4.726145769194802,7.785229450723542,3.0179131299871456,-5.698725941488856,25.697640257709015,49.2738797764535,79.34532948484892,89.56009945464966,93.93278159149146,97.37439902258642,102.10054479178122,109.88577424250477,112.90368737249192
6,8000,0.05478109301052385,-1.098,-1.098,-19.784070244532064,-8.128723534358839,-3.8578196342486866,-4.103507142415457,-1.0980000000000998,-1.1528999999968046,-1.0980000000030956,-1.098,-5.82,33.062544205771644,31.522264513210324,20.107239040866645,22.61691665822606,1.3100000000000023,3.6928394365171755,3.4832721208317565,3.2303697294074,3.3945542951689873,-5.82,27.242544205771644,58.76480871898197,78.87204775984861,101.48896441807467,102.79896441807468,106.49180385459185,109.97507597542361,113.205445704831,116.6
7,250,0.07103889226639237,-1.16512798163934,-1.1439337191677286,-1.2382969123031913,-1.1825601210664107,-1.1473133952245114,-1.169073384628692,-1.434707521617474,-1.11478830919296,-1.1903519968637748,-1.1687367148524292,24.28550197664741,29.365933325517176,17.839418907872982,8.42210009322232,10.747194280737965,12.855335262711833,1.3530029861052935,1.4716224143189507,1.3305413465246625,7.8315381027009465,24.28550197664741,53.651435302164586,71.49085421003757,79.91295430325988,90.66014858399785,103.51548384670969,104.86848683281498,106.34010924713394,107.6706505936586,115.50218869635955
7,500,0.07103889226639237,-1.2098698357740463,-1.2184698684553767,-1.0991232815039766,-1.2485401952650923,-1.2095182665652522,-1.263568908882855,-2.685344583355824,-1.9323353275239588,-1.2002086916842187,-4.153586733907591,18.762909790067212,20.39990338470686,21.33444471617993,14.892128246337236,4.065215590399129,20.674647176072646,3.446807920055196,1.7411686360703498,2.9552346141515713,2.874028325873806,18.762909790067212,39.16281317477407,60.497257890954,75.38938613729124,79.45460172769037,100.12924890376303,103.57605682381822,105.31722545988858,108.27246007404014,111.14648839991395
7,750,0.07103889226639237,-1.139528027684229,-1.1399139666218479,-1.150852811864811,-1.1494170780104564,-2.653552596510484,-1.1465853989581052,-5.299338640622395,-3.038710798456508,-2.2886311874718075,-1.1628826343749945,-0.7125584777998069,25.819887018983835,26.991213090870424,19.600776532121813,13.28811113236388,10.590493803685803,5.436353488606244,8.689077047724084,5.45955824245938,1.3330732126959894,-0.7125584777998069,25.107328541184028,52.09854163205445,71.69931816417626,84.98742929654014,95.57792310022595,101.01427658883219,109.70335363655627,115.16291187901565,116.49598509171165
7,1000,0.07103889226639237,-1.1103942089281302,-21.953556244905855,-1.1013375284164533,-1.1025178531986928,-3.8675851331755187,-1.0981475281042115,-1.0999728718690878,-1.1047934591612503,-1.1055221377653677,-1.0995382431789777,6.192471338450311,26.513751546265063,19.33054246045066,20.387400652705786,10.262716754807265,10.433946517732881,7.653704533781934,5.942113340929321,4.20055195925004,4.299379210042376,6.192471338450311,32.70622288471537,52.03676534516603,72.42416599787182,82.68688275267908,93.12082927041196,100.7745338041939,106.71664714512322,110.91719910437325,115.21657831441563
7,1500,0.07103889226639237,-1.1336026124626186,-1.1294593653952978,-1.1091287991073742,-1.0991163534510067,-2.2170408253704537,-1.107505987287127,-1.1049320438086379,-1.0996268296699885,-1.11509224435959,-1.1509808373029933,12.807895150609664,22.449926937487817,18.23395567811194,15.398729890348388,4.613900900774407,17.135643529002323,10.19914353463479,6.914109920734878,1.3643878495007318,1.3490543905500725,12.807895150609664,35.257822088097484,53.491777766209424,68.89050765655782,73.50440855733223,90.64005208633455,100.83919562096933,107.75330554170421,109.11769339120494,110.466747781755
7,2000,0.07103889226639237,-1.1704136788038908,-2.4816527114868396,-1.0981086434063565,-1.1514408907877858,-1.4970760643495575,-1.0998895007375147,-1.1008855012494503,-1.0995266508367427,-1.0990779807283828,-1.09991234356557,-5.817177281890981,45.27258198234762,24.488860100741,13.869393110132421,1.3112563307975997,14.726413880545312,9.772545374247041,6.067701400204584,5.070799514449993,1.3113802717971126,-5.817177281890981,39.45540470045664,63.94426480119764,77.81365791133007,79.12491424212767,93.85132812267298,103.62387349692003,109.69157489712461,114.7623744115746,116.0737546833717
7,3000,0.07103889226639237,-1.1099306525011206,-1.9301747257400619,-1.10633997865013,-1.101612700895906,-1.1573202421921023,-1.1923608550357807,-1.1033853453382094,-3.3446760845613372,-1.1440896507912197,-1.3691927576111733,23.925807555276478,12.995080613982438,12.880108145126307,20.91285322871024,2.2626343682623427,25.736450648923423,5.984532576462193,4.225802357145845,2.2331786864981105,2.629000752685478,23.925807555276478,36.920888169258916,49.80099631438522,70.71384954309546,72.9764839113578,98.71293456028123,104.69746713674343,108.92326949388928,111.15644818038739,113.78544893307287
7,4000,0.07103889226639237,-1.7888377691983202,-1.1007191804637535,-1.1017805845910176,-1.382494597981947,-1.3513750416742392,-1.1124921674293282,-1.105954874955966,-1.1027714312548587,-1.099447890895814,-1.5345677544159564,18.629837696559484,28.43187926889273,17.359252206393123,14.98350217821941,2.362458952028457,17.526742787695753,9.50572860776916,1.326576812668761,1.321914412460969,1.3106447310077889,18.629837696559484,47.06171696545221,64.42096917184534,79.40447135006475,81.76693030209321,99.29367308978897,108.79940169755812,110.12597851022689,111.44789292268786,112.75853765369564
7,6000,0.07103889226639237,-2.4165349112390935,-1.1422287161461377,-1.183036680399204,-4.261578822999297,-1.9315966217780511,-2.673141082216846,-1.1193496114455432,-1.1566154891744476,-2.257953415463115,-1.3921940769069598,28.748088545381236,27.460945896351433,19.89780593390776,11.618097009990564,1.3292655060559064,14.17175217211792,5.372558068745448,1.343009169597,2.9788187950248624,3.14005857888621,28.748088545381236,56.20903444173267,76.10684037564043,87.724937385631,89.0542028916869,103.22595506380482,108.59851313255027,109.94152230214726,112.92034109717213,116.06039967605834
7,8000,0.07103889226639237,-1.098,-1.098,-22.07,-8.304317368121625,-22.07,-22.07,-1.098,-1.098,-1.098,-1.098,27.302326276163125,35.32034702064613,16.180396233704894,5.958269942766876,1.3100000000000023,4.671373901845797,4.958959539812241,5.23309792234354,5.251756816736801,1.3100000000000023,27.302326276163125,62.62267329680925,78.80306953051415,84.76133947328103,86.07133947328103,90.74271337512683,95.70167291493907,100.93477083728261,106.18652765401941,107.49652765401942
8,250,0.040843415944145825,-1.1000902093347964,-3.7351705924193492,-1.1184304358009705,-1.3317875475526169,-1.1106659786854012,-1.1279562766638476,-1.125061542445997,-1.129560936447965,-1.1113521045052561,-1.1267281544737884,33.78907009630694,35.97450498327538,8.353249053594414,6.2623667701735855,20.836784978700557,1.3287575176147772,1.3314191154570967,1.3410011265079813,1.320250496582445,1.3197824083778413,33.78907009630694,69.76357507958232,78.11682413317673,84.37919090335032,105.21597588205088,106.54473339966566,107.87615251512275,109.21715364163073,110.53740413821318,111.85718654659102
8,500,0.040843415944145825,-1.10690374758763,-1.1271485885534545,-1.193461004190607,-1.1087100791681466,-1.104489213395135,-1.138275513827872,-21.109995931276828,-2.518531132993651,-1.1194974925522017,-4.41375410745864,21.3320347195179,34.78312704850731,12.006325339557328,15.335554625296588,16.65401244185051,1.3311817674037854,6.581558372183524,1.3467165481916217,1.3262258346799713,1.3363453224446324,21.3320347195179,56.11516176802521,68.12148710758254,83.45704173287913,100.11105417472965,101.44223594213344,108.02379431431696,109.37051086250858,110.69673669718856,112.03308201963318
8,750,0.040843415944145825,-9.587313290697546,-1.098,-1.098,-1.1308415377801857,-2.716817035320999,-1.098,-22.07,-2.4646382640976943,-1.790793013231876,-1.1529,15.923156866004819,35.82286649340925,15.19314697869575,16.23455385653422,14.86600083544971,1.3100000000000023,5.183550089916608,4.657963295206983,4.719817119988775,2.6889444647938774,15.923156866004819,51.74602335941407,66.93917033810982,83.17372419464404,98.03972503009375,99.34972503009375,104.53327512001036,109.19123841521734,113.91105553520612,116.6
8,1000,0.040843415944145825,-1.1396252226679988,-1.1251157305880621,-1.119074633695878,-1.1311573623729552,-16.698974276619268,-1.1382295412314516,-1.1361897746922938,-1.1295907380605352,-1.1538305496603538,-1.1482181442149209,16.87639279097567,36.310579224830406,20.90609772151457,13.204854709321374,6.707643293898837,3.3658242493136417,6.532953869005301,4.996314208011061,4.5235618783004075,3.012028733830185,16.87639279097567,53.18697201580608,74.09306973732065,87.29792444664201,94.00556774054085,97.3713919898545,103.9043458588598,108.90066006687086,113.42422194517127,116.43625067900146
8,1500,0.040843415944145825,-1.1528999999996015,-1.0980000000000008,-1.0980000000000008,-7.273577245680226,-1.6132648636486073,-1.0980000000000008,-1.0980000000000008,-1.0980000000003942,-1.0980000000000008,-1.0980000000000008,16.760134876029696,25.492348480628145,20.468193870469527,16.50325471810676,10.753270251494733,4.3488051740839815,9.119973266987493,5.261734134778092,4.746657063183147,3.14562816423843,16.760134876029696,42.25248335665784,62.72067722712737,79.22393194523413,89.97720219672885,94.32600737081283,103.44598063780032,108.70771477257841,113.45437183576156,116.6
8,2000,0.040843415944145825,-1.1712707059642504,-4.120463317845498,-1.1652613978806925,-1.130169777405163,-1.1174345909703378,-1.1309086489083464,-1.1653669112355156,-1.1073128990096675,-1.1336909009599352,-1.2066594146028389,16.143641823196262,39.66283498421717,5.921390191944639,19.32063495491424,5.308578718454964,12.212814773716595,5.643671212518786,4.3386361693906625,4.85788545308799,1.3651644361435658,16.143641823196262,55.80647680741343,61.72786699935807,81.04850195427231,86.35708067272728,98.56989544644387,104.21356665896265,108.55220282835332,113.4100882814413,114.77525271758486
8,3000,0.040843415944145825,-1.1669070036812903,-1.7873737576849653,-1.2939949914789646,-1.2690615825324987,-1.579103681976216,-1.131364231476748,-1.3197269992784388,-10.595742494186624,-14.96334990595841,-3.3815989769993458,20.210535107660398,31.346923304567866,2.602225047843203,23.984607768842388,6.983218004191912,6.023845707023659,10.438849717093568,2.876706545371982,10.479922086007555,1.4495060923881296,20.210535107660398,51.557458412228264,54.15968346007147,78.14429122891386,85.12750923310577,91.15135494012942,101.59020465722298,104.46691120259497,114.94683328860253,116.39633938099067
8,4000,0.040843415944145825,-1.122455366786113,-1.107809873099967,-1.111872700691964,-1.5703771838141733,-1.6818061604839105,-1.10668364504907,-1.1098093567682925,-1.1081753846037694,-1.130619296040253,-1.2225131408951975,32.653705537750184,30.921494872850005,11.049444278536022,11.949736047150338,6.0347192714861855,6.117395881595705,8.26676930082564,1.438600331505894,1.318353949000906,1.3186181633372231,32.653705537750184,63.57520041060019,74.6246446891362,86.57438073628654,92.60910000777272,98.72649588936844,106.99326519019408,108.43186552169998,109.75021947070088,111.0688376340381
8,6000,0.040843415944145825,-3.0234486347235787,-1.1284114821487758,-1.4539849705759265,-2.377883623879745,-2.0894384253206884,-2.6532934908939874,-1.0980000000000008,-1.0980000000000008,-5.530994100222136,-1.71096536141445,57.563410897767156,21.782318253446412,11.964983474423953,3.345582126849012,8.496828162522894,6.498827534569009,3.018049550421578,1.3100000000000027,1.3100000000000027,1.3100000000000027,57.563410897767156,79.34572915121356,91.3107126256375,94.65629475248652,103.1531229150094,109.65195044957841,112.66999999999999,113.97999999999999,115.28999999999999,116.6
8,8000,0.040843415944145825,-1.124042544596512,-1.1357631930848466,-5.386277540034859,-1.1240023997920994,-1.8457378355272454,-1.135293791093821,-1.1209532682339325,-1.1252762358511572,-1.1230323890104152,-1.1420797119866792,24.44767748655118,35.628472954419635,17.7112066677768,8.515874777484225,14.552071062351821,6.035092572215522,1.3491377673747578,1.338351126783314,1.762364807102771,1.3933611922054485,24.44767748655118,60.076150440970814,77.78735710874761,86.30323188623184,100.85530294858367,106.89039552079919,108.23953328817394,109.57788441495725,111.34024922206002,112.73361041426547
9,250,0.12208456530062124,-1.1027359914858548,-1.1169676326597555,-1.1118352215317118,-1.1599537926939778,-1.1155635516950946,-1.103243980669042,-1.4288255345734868,-1.098787918836544,-1.103730731605148,-1.10079676099015,33.370476975299596,28.82773946855064,11.508748891708935,10.40215234992872,1.35453831030284,8.758494626393546,7.423288587462656,6.643641690262175,4.347624328190194,3.9321960339836886,33.370476975299596,62.198216443850235,73.70696533555918,84.10911768548789,85.46365599579073,94.22215062218427,101.64543920964692,108.2890808999091,112.63670522809929,116.56890126208297
9,500,0.12208456530062124,-1.1567237363786456,-1.1909873165984375,-1.4337700746057678,-1.1658477128658626,-1.1839337111442871,-1.1811381134837333,-1.175074158678091,-2.098744342583865,-1.2390951869962086,-1.8371777128360565,12.111747443563424,45.466180201257444,10.347969795828686,27.702374161177467,1.4219860326073848,4.493950457979832,5.933536420913573,2.4625798775367036,1.3590929607705213,2.9259687870338045,12.111747443563424,57.57792764482087,67.92589744064955,95.62827160182701,97.05025763443439,101.54420809241422,107.47774451332779,109.94032439086449,111.29941735163501,114.22538613866882
9,750,0.12208456530062124,-13.918408041119552,-1.1529,-1.098,-1.751795114733491,-1.098,-1.098,-22.07,-4.096429877471198,-2.4170088155619265,-1.098,19.18706018693441,37.12409929378699,14.433778474969557,20.0609596771656,7.548935888361541,7.044332641603276,7.270833837178614,1.3100000000000023,1.3100000000000023,1.3100000000000023,19.18706018693441,56.3111594807214,70.74493795569096,90.80589763285656,98.3548335212181,105.39916616282137,112.66999999999999,113.97999999999999,115.28999999999999,116.6
9,1000,0.12208456530062124,-1.1175756843692892,-1.1249806427432758,-1.1138551251131594,-1.1161627318740415,-1.116167910519788,-1.1178905297895292,-1.124893674727124,-1.116391319411615,-1.117196038560989,-1.1214098522829583,37.20084327422725,28.026584880257673,11.202202708669496,15.262667694981296,6.843621896805008,6.4660104874444855,4.471087015164819,1.3474588926851583,1.3343282915395478,4.146642471786299,37.20084327422725,65.22742815448493,76.42963086315442,91.69229855813572,98.53592045494072,105.0019309423852,109.47301795755001,110.82047685023517,112.15480514177472,116.30144761356101
9,1500,0.12208456530062124,-1.1556233503321631,-1.112471656918216,-1.1239702048430058,-1.1041182383838248,-4.687969876373252,-1.1022170649825203,-1.1049897438821685,-1.1187320860116703,-1.1185035904249327,-1.1211314222330073,30.33195729785784,34.08512140113342,18.739252181291956,14.571393948974922,7.1387543038393355,2.8001549484638746,1.3106843175804195,1.4158635140581532,1.343543392262065,1.364413835642604,30.33195729785784,64.41707869899126,83.15633088028322,97.72772482925814,104.86647913309747,107.66663408156134,108.97731839914177,110.39318191319992,111.73672530546199,113.1011391411046
9,2000,0.12208456530062124,-1.1609044749937318,-1.7063014024014969,-1.142622985835211,-1.141442032618016,-2.000480343466622,-1.1369465635151568,-1.124938344367909,-1.1685895196817828,-1.150473744268813,-1.172467232985702,21.5841622348467,45.44420710053815,10.730421018444716,8.25244441829695,11.175831955419863,6.901869478519796,1.338010308103644,1.3550841969046878,1.3874602475636886,1.373765572177784,21.5841622348467,67.02836933538485,77.75879035382957,86.01123477212651,97.18706672754638,104.08893620606618,105.42694651416983,106.78203071107451,108.1694909586382,109.543256530816
9,3000,0.12208456530062124,-1.2469107485432804,-2.697454812771813,-1.1647112465878797,-1.13799493971092,-1.0986107937477647,-1.1520973829374255,-1.1580333125480164,-9.625385089754275,-1.1362821642356087,-1.1306926330062037,26.677382082770713,41.18881849923006,8.720085813900099,9.640143312655429,14.789424418632478,5.842926576271898,1.5905647390482156,1.3930000871263342,1.399276636029387,5.210458283144323,26.677382082770713,67.86620058200077,76.58628639590087,86.2264297085563,101.01585412718877,106.85878070346067,108.44934544250889,109.84234552963522,111.24162216566461,116.45208044880893
9,4000,0.12208456530062124,-1.1001225958668757,-1.1013406856397174,-1.1183035186087573,-2.8392809684544513,-1.8547731181412939,-1.1145075374531839,-1.1219299295141467,-1.1191478475215737,-1.203521628214415,-2.211820882359495,30.73871516348092,41.51120593439437,9.090487762240308,9.29315014857621,14.0533281237307,1.3307910357520196,1.3315464461413624,1.315483365297276,1.328198731035859,1.3299178940110905,30.73871516348092,72.24992109787529,81.34040886011559,90.6335590086918,104.6868871324225,106.01767816817451,107.34922461431587,108.66470797961315,109.99290671064901,111.3228246046601
9,6000,0.12208456530062124,-2.086302712551433,-1.1665324552927419,-1.1518489068346809,-1.3858053447218035,-2.095066520819965,-1.6744381302612732,-1.159988650668879,-1.1687967997320277,-4.797420835689124,-5.037436303482222,25.872068987648525,34.270054497542574,21.464436661281503,7.623048411677617,4.98786657538297,4.1730952579108695,7.2556834122814,1.3951398183581714,3.8944173867594163,1.3908445754820926,25.872068987648525,60.1421234851911,81.6065601464726,89.22960855815022,94.21747513353318,98.39057039144406,105.64625380372546,107.04139362208363,110.93581100884305,112.32665558432514
9,8000,0.12208456530062124,-1.098,-1.098,-4.885532827110506,-22.07,-3.618140908046726,-1.098,-1.098,-1.0980000000063912,-1.152899999993609,-1.098,31.637492846908643,24.910416186045055,15.898524122000254,6.220217300506675,14.192081733838634,15.59369893095338,1.3100000000000023,4.217568879747347,1.3100000000000023,1.3100000000000023,31.637492846908643,56.5479090329537,72.44643315495395,78.66665045546063,92.85873218929926,108.45243112025264,109.76243112025264,113.97999999999999,115.28999999999999,116.6
10,250,0.022061318246020666,-1.098,-5.471060349928835,-1.098,-2.1930076227337882,-1.098,-1.098,-1.098,-1.098,-1.098,-1.098,-5.82,46.1,19.344045384240616,15.235538435592545,19.778228791642434,8.597013586356042,3.698263244343053,1.4864294715787032,1.3100000000000023,1.3100000000000023,-5.82,40.28,59.62404538424062,74.85958381983316,94.6378126114756,103.23482619783164,106.93308944217469,108.4195189137534,109.7295189137534,111.0395189137534
10,500,0.022061318246020666,-1.181974928818369,-1.1071442827113789,-1.56353662571339,-1.1144679791770333,-1.1293461223332926,-1.1293275469847612,-1.681133480295808,-1.1509159607076718,-1.143804677696944,-1.1898882696478952,23.627469564395135,22.089958873377277,11.143169900885969,16.288080401009037,23.518261585536145,1.3227587187121221,4.586544201540512,4.022604402082303,1.8024060207892103,1.3593781142546115,23.627469564395135,45.71742843777241,56.86059833865838,73.14867873966742,96.66694032520357,97.98969904391569,102.5762432454562,106.5988476475385,108.40125366832771,109.76063178258232
10,750,0.022061318246020666,-3.0407771954030585,-1.1952323717093951,-1.125799653090997,-1.1668520718298192,-1.10033149914821,-1.1549843698528552,-1.6922152925953922,-2.2158051889960904,-1.1657466763182858,-1.203987761134156,-0.4052031229508269,30.691065455143743,19.714794071517233,18.49515040621145,27.79296047322064,3.9928613231469283,4.0280507457251495,3.6246814821157165,5.35281174018906,1.4272153691997835,-0.4052031229508269,30.285862332192917,50.00065640371015,68.4958068099216,96.28876728314225,100.28162860628917,104.30967935201433,107.93436083413005,113.2871725743191,114.71438794351889
10,1000,0.022061318246020666,-1.1523676361359176,-6.8936088764642385,-1.1171725853029288,-1.1551858505311836,-1.1341082499452746,-7.118986029887193,-1.1267872229786695,-1.135473073322618,-1.1328301464342068,-1.1427528908113098,1.4516723552120823,21.070681372712528,19.918565283744975,14.213789936719913,31.02514317785797,7.443463236238923,3.3867754121959326,6.854797593728783,3.554705666682878,4.8895810414796,1.4516723552120823,22.52235372792461,42.440919011669585,56.6547089483895,87.67985212624747,95.1233153624864,98.51009077468233,105.3648883684111,108.91959403509398,113.80917507657358
10,1500,0.022061318246020666,-1.1070919372640153,-1.1097801063739858,-1.115071142369204,-1.1227474307321486,-1.6208373244941239,-7.165154876254444,-1.152066460951048,-1.1338343649159746,-1.1144649200893717,-1.1384757570058675,8.103922262308377,25.505155713359052,16.140235853077712,12.951144787884449,16.965912449101545,14.663191509607334,2.887884508736227,7.088497059314115,7.0883462575586655,5.116799333192484,8.103922262308377,33.60907797566743,49.749313828745144,62.70045861662959,79.66637106573114,94.32956257533847,97.21744708407469,104.30594414338881,111.39429040094748,116.51108973413997
10,2000,0.022061318246020666,-1.1371848859334215,-2.156578520216318,-1.119317610618132,-1.1284993149187763,-1.38750443380865,-1.1490313724513181,-1.150665398351766,-1.153758456192103,-1.1236224736743596,-1.1319712843857561,15.798553483685614,24.231714167163364,15.516570681620728,13.631553327231632,8.485783756166132,12.146814150078987,3.955806615286005,1.3273076166344893,4.513252342886207,7.769963096828958,15.798553483685614,40.03026765084898,55.546838332469704,69.17839165970133,77.66417541586746,89.81098956594644,93.76679618123245,95.09410379786694,99.60735614075314,107.3773192375821
10,3000,0.022061318246020666,-1.4181345283185567,-1.3785371042880503,-1.113280703431975,-1.0996957513278387,-1.1102756540403989,-1.1115080770408272,-1.108009847673026,-3.4937790325605147,-19.854413371762128,-3.0904125592016363,9.190391890200434,31.899596576406942,12.044143218991255,12.42387626671827,8.335386357746401,14.363641685864048,12.723789449296893,1.384971055235667,1.3347171134600972,4.664589588278455,9.190391890200434,41.08998846660738,53.13413168559863,65.5580079523169,73.8933943100633,88.25703599592735,100.98082544522424,102.36579650045991,103.70051361392001,108.36510320219847
10,4000,0.022061318246020666,-2.0376617237296886,-1.1009412805205159,-1.099234557508653,-1.367073709876947,-1.7427495230887216,-1.0993388402962188,-1.098361257516502,-1.153142664170196,-1.099362329831512,-1.5974103375368642,-5.81104488258428,43.39587141523779,18.05605757608088,19.53152141776735,8.070088470318215,11.027585601197949,12.138469046380884,2.4425104633005024,1.9200462465404184,5.645354122936528,-5.81104488258428,37.58482653265351,55.64088410873439,75.17240552650173,83.24249399681995,94.2700795980179,106.40854864439879,108.8510591076993,110.77110535423972,116.41645947717625
10,6000,0.022061318246020666,-1.649362293273817,-1.2495089507720334,-1.1939197911127206,-1.8727118158341902,-1.1328139166864093,-1.445164668349383,-1.1822754232037147,-1.1909936793729943,-3.5151162365288515,-2.342117378464959,14.781315714455113,33.450938028606814,24.137616365913154,9.599312177235191,6.532168049423513,7.825943099156271,5.717626027927624,2.776795097891914,3.0841268639414485,6.347407958321574,14.781315714455113,48.232253743061925,72.36987010897508,81.96918228621027,88.50135033563379,96.32729343479006,102.04491946271769,104.8217145606096,107.90584142455106,114.25324938287262
10,8000,0.022061318246020666,-1.098,-1.098,-10.976878229625273,-22.07,-2.0449868971674445,-2.8295443702763925,-1.098,-1.098,-1.098,-1.098,-5.82,32.940005254700424,22.778545544512895,14.67153113250454,16.697066156117927,4.183980744948045,3.164917909660616,3.4650868544367768,3.1353799479493034,11.855073687262077,-5.82,27.120005254700423,49.89855079921332,64.57008193171785,81.26714808783578,85.45112883278382,88.61604674244444,92.08113359688122,95.21651354483052,107.0715872320926
11,250,0.05192658834681752,-1.1033583370834612,-2.799783914222881,-1.1294674463887855,-1.1148403349995695,-1.0998961016460589,-1.1053308045786574,-1.2653455679820937,-1.1003797173942451,-1.1291029853674979,-1.1038427419690717,35.35691623351458,17.575584597373116,24.134860350063086,9.861259115474205,5.279901512203436,11.092255144746485,1.3205989567931558,2.71085927632409,1.3184888090761544,7.897261023466875,35.35691623351458,52.9325008308877,77.06736118095078,86.92862029642498,92.20852180862842,103.3007769533749,104.62137591016807,107.33223518649216,108.65072399556831,116.5479850190352
11,500,0.05192658834681752,-1.1157020857508666,-1.1020339470217637,-1.1031159853079013,-1.109947179294691,-1.104042736866591,-1.1165261257932402,-1.3816379404204175,-1.2809424250971446,-1.1023258254113086,-1.103946756391156,20.719857275403093,19.858387255133948,26.330306298824176,19.676106483985052,6.472336333230025,1.3255178105393446,1.3696572519809194,6.15147386750494,4.570380807234246,4.110120499986953,20.719857275403093,40.57824453053704,66.90855082936122,86.58465731334627,93.0569936465763,94.38251145711564,95.75216870909657,101.9036425766015,106.47402338383574,110.58414388382269
11,750,0.05192658834681752,-3.62293130794202,-1.1461350226383056,-1.1661053489143374,-1.1801844173983924,-2.618309885801418,-1.1276203633618889,-1.5419345824482704,-1.6449924383522063,-1.6113489398664713,-1.1592853507895886,14.39207598968747,28.313162858163707,30.933757297406316,17.949130326125875,11.34143919079365,1.3187959830124574,2.452988168830198,4.757766937723133,1.3172689472829737,1.381709356567507,14.39207598968747,42.70523884785118,73.6389961452575,91.58812647138336,102.92956566217701,104.24836164518948,106.70134981401968,111.45911675174281,112.77638569902578,114.1580950555933
11,1000,0.05192658834681752,-1.1351995564707673,-5.651428535128318,-1.124387263055783,-1.1359466254997832,-5.785177875597885,-8.190151157549511,-1.136337957324356,-1.1425663059967452,-1.1344361142401218,-1.1381918235723623,7.079082784172076,39.28640583227721,33.41295616060128,16.831160634421096,8.442470186126116,1.3307700726587184,1.331554944827389,5.936648135021322,1.3311938953379325,1.332306726139037,7.079082784172076,46.365488616449284,79.77844477705057,96.60960541147166,105.05207559759778,106.3828456702565,107.71440061508389,113.65104875010522,114.98224264544315,116.31454937158219
11,1500,0.05192658834681752,-1.099647242364806,-1.1034240184473614,-1.100944121036668,-1.1068130893964265,-1.8448708727678715,-1.108632399760352,-1.1131722832591908,-1.1073354546914338,-1.1040998484695326,-1.10141600277412,-2.0098091930091027,42.85868749649799,19.59782251997669,20.658590444118296,16.131802822718697,6.379195959402317,1.3280238003243814,5.463559945101803,1.5177670122655087,1.3127224375816624,-2.0098091930091027,40.84887830348889,60.44670082346558,81.10529126758388,97.23709409030258,103.6162900497049,104.94431385002929,110.4078737951311,111.9256408073966,113.23836324497827
11,2000,0.05192658834681752,-1.1183175419080729,-2.005993272909066,-1.110665024075825,-1.115015886079759,-1.3681053802860537,-1.1163373199241025,-1.1192507815384962,-1.1220293559529724,-1.115474623972382,-1.1535672725302355,10.308272484923041,32.17090205570614,22.561294014433656,16.54219238724702,13.671354669725282,4.273674421050398,2.442003790329162,1.337416259243645,3.433876998920118,1.3339515248636875,10.308272484923041,42.479174540629174,65.04046855506283,81.58266094230984,95.25401561203512,99.52769003308552,101.96969382341469,103.30711008265833,106.74098708157844,108.07493860644213
11,3000,0.05192658834681752,-1.326508689300181,-1.4243853990094533,-1.098,-1.098,-1.098,-1.098,-1.1782337961571876,-1.098,-1.098,-4.1458237513162866,-5.82,46.1,26.414565561912273,14.187003689869655,13.327186811920456,5.993813605020975,2.686980255322183,1.462928520421741,2.81543413046127,6.680122174586032,-5.82,40.28,66.69456556191227,80.88156925178193,94.20875606370238,100.20256966872336,102.88954992404554,104.35247844446728,107.16791257492855,113.84803474951458
11,4000,0.05192658834681752,-1.1122251167674526,-1.1032542548823248,-1.1051073270493137,-2.023047402482086,-1.8617512738577289,-1.12346940050851,-1.130183839329192,-1.1608498151434432,-1.103537158712506,-1.1188546797187966,13.436970985942764,38.59472580938697,21.744842903671348,19.635433476746023,6.57298293960166,2.817126940904463,1.3570009087985735,5.693224988169323,2.2357773189444847,1.3180034175713344,13.436970985942764,52.03169679532974,73.77653969900109,93.41197317574711,99.98495611534877,102.80208305625322,104.15908396505179,109.85230895322111,112.0880862721656,113.40608968973693
11,6000,0.05192658834681752,-1.2330114534457834,-1.1109831140526802,-1.1120477302365561,-2.445322052837505,-2.0272049880757654,-1.1056422029634563,-1.1079356350877383,-1.158155957728781,-10.492738027808212,-1.1391898566723655,24.37426590103253,46.05282133288476,11.640365219446707,7.72525168568724,1.3979478021461382,6.815127567754175,3.6428624984441385,1.785013162729678,4.8210045967926725,1.3525005965844947,24.37426590103253,70.42708723391729,82.067452453364,89.79270413905124,91.19065194119737,98.00577950895155,101.6486420073957,103.43365517012538,108.25465976691805,109.60716036350254
11,8000,0.05192658834681752,-1.1214441978275813,-1.1022844419467561,-2.6323568491317326,-1.1041053218445565,-2.0950892788083637,-1.1011222953903221,-1.1036741375349557,-1.1159321064635197,-1.1149077334880877,-1.114192463011257,10.252796821159233,29.282005828990485,25.574625612241434,10.197639164954271,5.129648251760127,16.45716001422513,7.299352372786025,1.3197067553201753,1.6226795300334826,4.992218031640796,10.252796821159233,39.534802650149715,65.10942826239115,75.30706742734542,80.43671567910555,96.89387569333067,104.19322806611669,105.51293482143686,107.13561435147034,112.12783238311113
12,250,0.07183509679020501,-1.1269120993969066,-3.5408770493386204,-1.1172899819931175,-1.39945001701071,-1.114421690147977,-1.1258476614782982,-1.1018617110434814,-1.113224425857286,-1.119714878211573,-1.1053522997649874,0.7899876799693013,46.01517543812028,17.23361480293788,4.646362670346408,2.181842905753271,12.602661645124087,5.568559524912217,3.7616908906161655,1.6204198664739877,4.652392414888176,0.7899876799693013,46.80516311808958,64.03877792102746,68.68514059137387,70.86698349712714,83.46964514225122,89.03820466716344,92.7998955577796,94.4203154242536,99.07270783914177
12,500,0.07183509679020501,-1.1230156383068417,-1.1278350516786824,-1.6864559005771222,-1.1375573263004664,-1.1289191434349215,-1.1311173544506214,-7.328049722975937,-1.1303462471357522,-5.671901397517802,-1.1192989409386653,16.288469197785084,26.358556291073015,7.502890220507645,3.0984232376852656,14.394115553457809,12.56030400080629,7.003472708527411,1.3502200839597087,1.3434263253490526,3.6760367650781536,16.288469197785084,42.6470254888581,50.14991570936574,53.24833894705101,67.64245450050882,80.20275850131512,87.20623120984253,88.55645129380224,89.8998776191513,93.57591438422945
12,750,0.07183509679020501,-2.7678070491183435,-1.1149430075087525,-1.13098673319038,-1.1224276759582086,-5.326006007913641,-1.1219238724183556,-3.9496166598526807,-1.1420576810408356,-1.1245632695252992,-1.1288424663533192,17.49900019597242,16.850940960964074,18.625822660685785,14.712586108517165,14.126562921068853,8.422786265697923,4.4292101548122655,3.026918097549572,3.9421888218772594,1.3368957215018233,17.49900019597242,34.349941156936495,52.97576381762228,67.68834992613944,81.81491284720829,90.23769911290621,94.66690926771848,97.69382736526805,101.63601618714532,102.97291190864713
12,1000,0.07183509679020501,-1.1217812742330815,-1.1400786491520716,-1.135585957449249,-1.1283228702940997,-1.2061095174893648,-1.151634892721876,-1.1592595159626984,-1.2077794685161738,-1.1309207528911367,-7.754840288742983,16.33416773497724,29.449673673950997,12.557654949908724,9.474608854778314,14.047493590517881,1.5563778448969208,1.3591054967243723,6.522292448164741,4.828410413504054,5.8793399368566615,16.33416773497724,45.78384140892824,58.34149635883696,67.81610521361527,81.86359880413315,83.41997664903006,84.77908214575443,91.30137459391918,96.12978500742324,102.0091249442799
12,1500,0.07183509679020501,-1.2309940488082018,-1.2304961509018746,-1.222670046382826,-1.2626734753737927,-1.7472917443740092,-1.3226779746395527,-5.25284764134744,-1.3536665330987359,-1.2184250642727967,-1.372377174966779,-1.282482851694498,45.612958517125435,5.000540052416895,19.23504995688782,8.268943847332011,5.589234755567389,2.430201995327531,3.723837928998634,6.46913821235923,3.3184900577977565,-1.282482851694498,44.33047566543094,49.33101571784783,68.56606567473565,76.83500952206766,82.42424427763505,84.85444627296259,88.57828420196122,95.04742241432045,98.36591247211821
12,2000,0.07183509679020501,-1.105063763994401,-2.6364172411163835,-1.132878569474956,-1.0996475783994435,-1.3603773042969678,-1.0986175010734023,-1.1656776535591487,-1.1990812978355065,-1.1148114467412547,-1.145549621400507,5.7457529473693985,45.9927220116804,2.5973893523289817,10.73674174047293,10.955716458967345,6.626797769923623,3.756468942773461,2.677898639051831,3.693449871485873,5.569343285711685,5.7457529473693985,51.738474959049796,54.33586431137878,65.07260605185171,76.02832251081905,82.65512028074268,86.41158922351615,89.08948786256798,92.78293773405385,98.35228101976553
12,3000,0.07183509679020501,-1.1174992739348535,-1.855973816318118,-1.1472446628786406,-1.1147439744551346,-1.1478537771053778,-1.1127617398163698,-1.110645228653301,-2.0918286308980134,-5.685397068917723,-1.1140669960519225,18.14159183850476,27.565117763418286,1.317326308449915,10.875918673514981,5.53098863315747,13.963247297378288,8.683924729010524,1.3172238882366987,4.48432369675858,6.539757585105701,18.14159183850476,45.706709601923045,47.02403591037296,57.89995458388794,63.43094321704541,77.3941905144237,86.07811524343423,87.39533913167092,91.8796628284295,98.4194204135352
12,4000,0.07183509679020501,-1.1222414937041432,-1.1599912724954298,-1.1525866026650897,-1.5362040063652818,-1.1679612425392079,-1.1812849445405331,-1.1297604606728187,-1.188736345894648,-1.1379947291577264,-1.1142659020110581,12.47438768021189,38.69644031105334,7.657301538105944,7.822439792921273,5.66831063135087,8.597780253113696,10.747629973870705,1.3313296660771385,3.2538323544370957,8.674687406821022,12.47438768021189,51.17082799126523,58.82812952937117,66.65056932229244,72.31887995364332,80.91666020675702,91.66429018062772,92.99561984670486,96.24945220114195,104.92413960796297
12,6000,0.07183509679020501,-1.098,-1.098,-1.098,-1.9044893773909335,-1.2737766073416503,-1.4028678134508885,-1.098,-1.098,-9.988017481705748,-1.290121639410449,-5.82,46.1,11.236639003508664,16.115244170546326,14.93725236528958,6.384046929638117,6.985567528514409,4.247363156569943,2.936683799213114,1.3100000000000023,-5.82,40.28,51.516639003508665,67.63188317405499,82.56913553934457,88.95318246898269,95.9387499974971,100.18611315406704,103.12279695328016,104.43279695328016
12,8000,0.07183509679020501,-1.100282060883429,-1.0988311880613026,-19.701488513138997,-2.860975724482082,-1.7058617065206603,-3.710608690710618,-1.1031926985102634,-1.102361373493058,-1.105422232384067,-1.1215034538866964,10.151462735753253,24.27205455912609,21.98319538818952,10.548014736814245,9.124920912803436,1.3138383507701183,4.921565951169782,4.517345246680383,4.927674894987016,1.3215252579515915,10.151462735753253,34.423517294879346,56.40671268306887,66.95472741988311,76.07964833268655,77.39348668345666,82.31505263462644,86.83239788130682,91.76007277629384,93.08159803424543
13,250,0.05059069862068884,-1.1115883021843262,-4.872038290946566,-1.141075649481666,-2.153805999543855,-1.129859959738248,-1.1601301372137216,-1.1108125296075526,-1.1190001543971817,-1.1247491922005506,-1.1475152448328707,39.43669529618653,18.722262648318328,18.141450959298563,12.841058253599034,11.774582832813227,1.8559323897237805,5.734989000718106,1.3738589772848473,1.3594648173482908,1.3883262205997506,39.43669529618653,58.158957944504856,76.30040890380342,89.14146715740245,100.91604999021567,102.77198237993944,108.50697138065755,109.8808303579424,111.2402951752907,112.62862139589045
13,500,0.05059069862068884,-1.1103142095996343,-1.1194499263651272,-1.5590590671329538,-1.110563323231038,-1.1025406389053947,-1.1079843758030705,-1.1218985713983636,-1.1130090969922124,-1.1128441599316208,-1.1213147855205357,5.695435927048367,42.08233676045445,18.834519703099687,8.438794185053794,15.066175705742928,10.0810107398162,1.3244591249255802,5.802971372748743,4.071321149654235,1.3240038630807356,5.695435927048367,47.77777268750282,66.6122923906025,75.0510865756563,90.11726228139923,100.19827302121544,101.52273214614102,107.32570351888977,111.397024668544,112.72102853162474
13,750,0.05059069862068884,-1.1142053342105789,-1.1300141011024363,-1.126653354545824,-1.1253628494121224,-1.84962199382419,-1.1179148253874227,-1.5732080590482491,-1.4763387177216014,-1.4177562930483605,-1.1194681197913794,5.742531810506806,38.15489224066182,13.830616065440203,20.480511190560463,20.041992291189885,3.2806689315660034,1.3388695959061838,5.901925379213152,6.11497348846574,1.36475615688932,5.742531810506806,43.89742405116863,57.72804011660883,78.2085513071693,98.25054359835919,101.53121252992518,102.87008212583137,108.77200750504453,114.88698099351026,116.25173715039958
13,1000,0.05059069862068884,-1.119387846842887,-2.2947600295218633,-1.1344863434408285,-1.1219034916141268,-1.1194653623632997,-6.5486991796878655,-1.1286689733163562,-1.1327023080510878,-15.192212175815413,-1.1750956869853164,4.2757101032766,33.40671739059955,9.730114346505864,22.099920344107204,19.37707155607567,1.4150818311809283,9.088718305061715,5.749707111711393,2.3448274073392437,5.814553103631141,4.2757101032766,37.682427493876155,47.41254184038202,69.51246218448922,88.8895337405649,90.30461557174583,99.39333387680755,105.14304098851893,107.48786839585817,113.30242149948931
13,1500,0.05059069862068884,-1.1284040987672057,-1.127209046369631,-1.122554173641988,-3.3368856722601246,-4.237332328003184,-21.33906719367255,-1.1272697414765278,-1.1182837983870662,-1.1084263333941293,-1.102432373125274,-3.1900219879665883,30.042025021792256,17.18509859811165,28.94881326708837,15.581895414388484,3.894102215246532,5.934366795591117,5.5145844797744825,5.005857600518549,6.338399159887377,-3.1900219879665883,26.852003033825667,44.03710163193732,72.98591489902569,88.56781031341417,92.4619125286607,98.39627932425182,103.9108638040263,108.91672140454486,115.25512056443223
13,2000,0.05059069862068884,-1.624780914728424,-1.725428129365807,-1.2245759889881378,-1.2169014397100044,-1.5172657840151258,-1.2280717037279816,-1.205488064835257,-1.2330922834945683,-1.250184607707057,-1.239825684083081,-5.557468095547435,39.05437982273051,21.281801951805377,16.63744981570263,7.429324855134006,4.920269010923711,7.340450033836447,1.475962695270077,5.8667759810172875,7.9209672751243545,-5.557468095547435,33.496911727183075,54.77871367898845,71.41616349469109,78.8454883498251,83.76575736074881,91.10620739458525,92.58217008985534,98.44894607087262,106.36991334599698
13,3000,0.05059069862068884,-2.298841688372052,-1.6869109119685797,-1.098,-1.098,-1.098,-1.098,-1.098,-22.07,-1.098,-1.098,-5.82,46.1,17.70003689583887,18.365876041818193,6.892944844171481,5.567501065299851,8.847012128429938,1.3100000000000023,1.3100000000000023,7.700847518274003,-5.82,40.28,57.98003689583887,76.34591293765706,83.23885778182854,88.8063588471284,97.65337097555833,98.96337097555833,100.27337097555834,107.97421849383234
13,4000,0.05059069862068884,-2.6703301618461763,-1.178354813627093,-1.1103141027862775,-1.485147052685254,-1.1010173705838686,-1.1173640731685568,-1.1709855209247428,-1.1431280382356652,-1.1578904810763424,-1.3266785095143856,-2.9092015295010167,45.853324140452,14.574979361047188,19.707554866377002,4.750909401295109,12.201376523675329,5.920330221088763,3.462190158779073,3.42486761755248,7.474768654013161,-2.9092015295010167,42.944122610950984,57.51910197199817,77.22665683837516,81.97756623967027,94.17894276334559,100.09927298443435,103.56146314321342,106.9863307607659,114.46109941477906
13,6000,0.05059069862068884,-1.4902467294361155,-1.3196574750167138,-1.402186761351432,-2.294185876518534,-1.178558977039196,-1.497831204451102,-1.1957358207824123,-1.2707175431089306,-1.835737284775262,-1.4500272007163488,-5.293875873202499,45.80397924618927,17.51655611694474,19.686261514446784,10.989866958916792,6.056801165078227,3.3645255942100327,3.8580543652851347,4.607036102083365,6.987902180749892,-5.293875873202499,40.51010337298678,58.02665948993152,77.7129210043783,88.7027879632951,94.75958912837332,98.12411472258336,101.9821690878685,106.58920518995187,113.57710737070175
13,8000,0.05059069862068884,-1.1141472802077796,-1.1072963274340748,-4.9212254139514275,-7.420193181971667,-3.6266301657721396,-1.1063997768373102,-1.1117787078784582,-1.1127390036777105,-1.1270459333832634,-1.1188385418578983,19.07458357515101,33.104884293098365,13.96803411955894,6.804193366058636,9.111628348143306,8.688852059722215,1.3465404995205659,4.6712200256676315,4.982781317838281,14.245272417199196,19.07458357515101,52.179467868249375,66.14750198780831,72.95169535386695,82.06332370201025,90.75217576173247,92.09871626125305,96.76993628692068,101.75271760475897,115.99799002195817
14,250,0.04618219629067922,-1.1220541696761805,-1.118306007507524,-1.119146392182674,-3.5557595193418567,-1.1240189090679387,-1.1200229733155083,-1.1175020589854827,-1.1253051698683043,-1.1243337268551663,-1.1366062067655203,6.242429840225341,45.829971868630935,11.553929756072357,9.348346833747755,16.864539461463217,4.857643579135006,7.748520093774758,3.0583355032166466,1.5813106328769848,9.378667115166152,6.242429840225341,52.072401708856276,63.62633146492863,72.9746782986764,89.8392177601396,94.6968613392746,102.44538143304936,105.50371693626602,107.085027569143,116.46369468430915
14,500,0.04618219629067922,-1.1146834844764042,-1.1140378311336838,-2.4913241040710394,-1.1296492249596821,-1.2374386495017067,-1.1100708534699568,-1.8659685523119398,-1.7146365332544948,-1.1112954932630474,-2.769525267149902,0.26586609310702125,28.8827337105471,21.855461001143986,16.687180156063093,22.943713550102757,4.941014033537064,1.3267912350917617,9.37227133870109,1.3142854422263661,5.428689067722779,0.26586609310702125,29.148599803654122,51.00406080479811,67.6912409608612,90.63495451096395,95.57596854450101,96.90275977959277,106.27503111829387,107.58931656052023,113.018005628243
14,750,0.04618219629067922,-1.1521626714801778,-1.156060138782009,-1.148897659593659,-1.1424866671807778,-1.1538121847013523,-1.146574248651203,-2.568613051079906,-1.7372234626032848,-2.179120377525594,-1.1420549377875266,9.534398800027297,24.484259505270117,18.77190106576306,18.906246330505546,14.10357696257009,12.393463598486651,1.4345867887005672,6.422911232005814,7.545879380510966,2.9916428879396815,9.534398800027297,34.018658305297414,52.790559371060475,71.69680570156602,85.80038266413611,98.19384626262276,99.62843305132333,106.05134428332914,113.59722366384011,116.58886655177979
14,1000,0.04618219629067922,-1.118162816524121,-1.111999508455475,-1.1088804656537787,-1.1128442363113207,-1.110182690392977,-3.153987185385027,-1.113055740016919,-1.1096357151305587,-1.1184513778577556,-1.1142010560812077,18.03125427823511,17.980581553596288,19.237142515524575,11.673440542987297,16.215088560713163,12.195643822337317,1.3396261323598662,3.348207113963449,2.9058757124159147,11.103947042912335,18.03125427823511,36.0118358318314,55.24897834735597,66.92241889034327,83.13750745105642,95.33315127339374,96.6727774057536,100.02098451971706,102.92686023213298,114.03080727504532
14,1500,0.04618219629067922,-1.1141267712702572,-1.1037472306032003,-1.1073266402713458,-1.108793498316957,-1.122425764494941,-1.1236547446031881,-1.1221638166024892,-1.1171579930908022,-1.1080223879195668,-1.1106724112148374,3.428785040961831,36.0078678259747,18.05314314684132,10.943710749467044,11.801828064087331,17.22270971563111,2.0537648407376388,4.035929882980756,1.3198629549817706,2.7466090634004647,3.428785040961831,39.43665286693653,57.48979601377785,68.43350676324489,80.23533482733222,97.45804454296334,99.51180938370098,103.54773926668173,104.8676022216635,107.61421128506397
14,2000,0.04618219629067922,-9.854546958923699,-1.3670481731568334,-1.1081488005270357,-1.18868717877131,-3.6919943925710488,-1.1443754206184633,-1.1424555023112313,-1.1504809231040811,-1.1387062473670646,-1.1265901316301652,6.306484930557037,21.725153049349643,13.750142098075411,23.773366592236215,5.0694050366468595,27.788671959750076,1.3639942408721977,3.587774961596624,3.7619448979691583,5.510964377869522,6.306484930557037,28.03163797990668,41.78178007798209,65.5551466702183,70.62455170686516,98.41322366661524,99.77721790748744,103.36499286908406,107.12693776705322,112.63790214492275
14,3000,0.04618219629067922,-1.1484260538348954,-1.4922476082497216,-1.2045173146709764,-1.2073122956028297,-1.3649271936777998,-1.2014098619216846,-1.1636800026307936,-2.7286007856830103,-1.2602673531741169,-18.15491505072191,8.625045662849098,22.243701940070274,10.003458827835274,26.019277055130047,12.64180325335942,15.600824970205139,1.5191637165982907,5.253544143488906,2.3436293440631193,2.360208280178167,8.625045662849098,30.86874760291937,40.872206430754645,66.89148348588469,79.53328673924412,95.13411170944926,96.65327542604754,101.90681956953645,104.25044891359957,106.61065719377774
14,4000,0.04618219629067922,-1.2930328893671543,-1.1669839612069763,-1.1581900462408559,-4.420517192248072,-1.2491685589512098,-1.1021571787561841,-1.1502478538298027,-1.183591820410291,-1.1332457557517484,-8.10375244638465,13.224923977737703,15.100215405415017,24.843275587526804,24.539674866864367,6.001674418829884,11.37451732987397,2.506877167861912,6.393034860870728,5.580131295775789,6.985516088469565,13.224923977737703,28.32513938315272,53.16841497067952,77.7080898375439,83.70976425637377,95.08428158624774,97.59115875410966,103.98419361498038,109.56432491075617,116.54984099922574
14,6000,0.04618219629067922,-1.9996284340362456,-1.5367743051871194,-1.1077331437886095,-3.533290125931341,-1.858911634282177,-1.1223026326812944,-1.1072920152304628,-1.1079909544617994,-2.311949580326222,-1.9090639270925056,27.243109660621585,25.29162296730322,8.158620547029678,21.1468607424814,1.329977306880473,20.854275576120692,2.688353462207134,3.6715892824574468,4.786528584753041,1.3130895814374575,27.243109660621585,52.534732627924804,60.69335317495448,81.84021391743588,83.17019122431635,104.02446680043704,106.71282026264417,110.38440954510162,115.17093812985466,116.48402771129211
14,8000,0.04618219629067922,-1.1206695872540675,-1.1204747234407622,-10.097204254195983,-8.116360624662356,-1.1216839648932493,-3.2814908901668582,-1.1138810396512593,-1.1211604037908125,-1.1072829598544693,-1.1303838101122863,5.02937059409328,24.18086741282753,19.83794953963536,14.16336562523908,1.3392354075774588,18.230706969229914,5.038202532978116,7.360186124937735,7.381242621595999,1.338964496883806,5.02937059409328,29.21023800692081,49.04818754655617,63.21155317179525,64.5507885793727,82.78149554860262,87.81969808158074,95.17988420651848,102.56112682811448,103.90009132499829
15,250,0.10325768703411896,-1.132869996400738,-1.157351200209446,-1.1473552605221202,-1.371553993733151,-1.1683529227372265,-1.140181611933065,-1.1966360036815844,-1.1383317595370837,-1.1082940267912715,-1.171191940627159,24.163884212693205,11.819716634547657,4.8418475653898,16.386669915510115,21.74757393548891,7.79834688977115,5.028232273967664,9.142987740480713,4.778784810275084,3.9618479819941257,24.163884212693205,35.983600847240865,40.825448412630664,57.212118328140775,78.95969226362968,86.75803915340083,91.78627142736849,100.92925916784921,105.7080439781243,109.66989196011842
15,500,0.10325768703411896,-1.1372811726995415,-1.1386935331429333,-1.333067095162539,-1.1632668745804255,-1.1536754576673705,-1.1694681083467686,-2.24220203801565,-2.187576806593886,-1.1569593676871692,-1.7492767012090127,17.884921042946928,17.469015191459242,2.3112349344326946,13.960890092552276,16.32506189775934,18.201057855019428,2.826549533484963,8.36496167107694,5.205085330164277,7.7809256051119,17.884921042946928,35.35393623440617,37.66517116883887,51.62606126139114,67.95112315915048,86.15218101416991,88.97873054765488,97.34369221873182,102.5487775488961,110.329703154008
15,750,0.10325768703411896,-2.896747045245391,-1.205325283990482,-1.172079442075273,-1.1908617280618703,-1.2581183439588486,-1.1686448439282575,-1.133013216490872,-1.4881597363070402,-1.1194964457530734,-1.2008919746222166,12.217987492906335,12.404605676100193,11.089179592011789,11.628009049909306,15.160782358678848,19.33503439446165,7.180374061194367,11.09631568133591,5.807003955539381,1.476294595477826,12.217987492906335,24.622593169006528,35.71177276101832,47.33978181092762,62.50056416960646,81.8355985640681,89.01597262526248,100.11228830659839,105.91929226213777,107.3955868576156
15,1000,0.10325768703411896,-1.172839813146699,-5.176063209728339,-1.1687448261911042,-1.139563246947183,-3.6605012065785933,-6.611420810400666,-1.1353866079314692,-1.1465223769638735,-1.12190700239637,-1.1923891971222913,-0.8051077033119256,27.182458078530715,6.3579583892761296,16.006979246987818,10.155812623695908,19.091398980730297,7.381435181545404,4.274562883595985,5.847966095705587,9.404520086892497,-0.8051077033119256,26.37735037521879,32.73530876449492,48.742288011482735,58.89810063517864,77.98949961590894,85.37093479745434,89.64549768105033,95.49346377675592,104.89798386364842
15,1500,0.10325768703411896,-1.1615327060402456,-1.1828513315180302,-1.530780996235484,-1.1602108789121113,-1.4651444126807793,-4.1400584489330825,-1.1595286682045542,-1.138235507464728,-1.151108572745673,-1.172428296704561,14.261636585958286,14.63787832134296,1.4020753149111114,4.996190474882589,7.127596420558657,32.42351545759283,6.22878209023877,7.839959561297695,2.9991625325386018,10.458467018923614,14.261636585958286,28.899514907301246,30.301590222212358,35.29778069709495,42.42537711765361,74.84889257524644,81.0776746654852,88.9176342267829,91.9167967593215,102.37526377824511
15,2000,0.10325768703411896,-1.6995096621847292,-2.0101957193341455,-1.1064816512001405,-1.1061595034723108,-1.1147326172731713,-1.1104146505932788,-1.1195079900064204,-1.133572183746395,-1.1047542304462543,-1.1271424539785215,3.733746471982405,19.050024081871264,5.0843790735826655,1.3430553103632832,16.265968239522557,36.939777081992645,6.222715422206235,2.3298437951332325,1.6526545078414334,13.192218394583271,3.733746471982405,22.78377055385367,27.86814962743634,29.21120493779962,45.47717317732218,82.41695025931483,88.63966568152107,90.9695094766543,92.62216398449573,105.814382379079
15,3000,0.10325768703411896,-1.2445143838414179,-1.2651714104733691,-1.2136093704541269,-1.223621115054124,-1.1623252707304759,-1.174657528557138,-1.155235324469087,-1.2809371839646086,-4.242678491059191,-1.6992059875792664,-5.604144801672181,35.34794422349894,10.517214297361257,7.911114451937699,8.957361957289589,23.56651571775724,4.074211303111936,1.478034139510605,1.4562306769902493,11.855183280802734,-5.604144801672181,29.74379942182676,40.261013719188014,48.17212817112571,57.1294901284153,80.69600584617254,84.77021714928448,86.24825128879507,87.70448196578532,99.55966524658805
15,4000,0.10325768703411896,-1.2713595408346894,-1.13039775339419,-1.1055112532687863,-1.9776809270689912,-1.6972093369125787,-1.1133394137183394,-1.1260950889723276,-1.0999997285493484,-1.1045151788276564,-1.1203526280452505,1.3733392080460307,9.349547276555644,12.602659344253425,19.746561671249395,17.374684843478462,14.106800189722659,6.145355946073284,6.705445984091586,6.402689425988983,11.092454658136429,1.3733392080460307,10.722886484601673,23.3255458288551,43.072107500104494,60.446792343582956,74.55359253330562,80.6989484793789,87.40439446347048,93.80708388945946,104.8995385475959
15,6000,0.10325768703411896,-1.542631872335586,-1.1653460667207578,-1.1939189006350168,-1.2664345610441234,-1.1803289862546729,-1.2389933150035493,-1.1742040071880289,-1.155212087685646,-1.6202318561552644,-1.1932758057155475,11.400487986854749,10.9431971749868,10.428178311015571,12.752246668413193,19.05606550757468,19.772168996837813,7.62261409342527,1.9287377985233194,3.159917919207647,3.4682498079511426,11.400487986854749,22.34368516184155,32.77186347285712,45.52411014127031,64.580175648845,84.35234464568282,91.97495873910809,93.9036965376314,97.06361445683905,100.53186426479019
15,8000,0.10325768703411896,-1.1881026228794718,-1.1582004424572916,-10.01896746004904,-1.1486594837210529,-2.067982834151529,-11.291083073866858,-1.1592641795398886,-1.1564950187251575,-1.1681233106468762,-1.1887435853760522,10.389921723562036,16.034147372589295,8.640435284952606,12.397328486835871,3.0986399714686828,13.644234763520632,10.591711207382708,5.46106700575988,5.320686700272953,8.37196897269563,10.389921723562036,26.42406909615133,35.06450438110394,47.461832867939805,50.56047283940849,64.20470760292912,74.79641881031182,80.25748581607169,85.57817251634465,93.95014148904028
16,250,0.01,-1.1085529033480683,-19.84563911388925,-1.1186486123284003,-1.2158314081641088,-1.1123715246811379,-1.0991580419255174,-1.1455980191603703,-1.12341065520069,-1.1163467268332408,-1.1161812762865002,14.586400345579882,31.75440591031414,14.366268756184683,15.050006590553036,15.472928733968653,12.115871099589699,1.3277029409225887,1.3686829686177633,2.3832432443752154,4.524799012967507,14.586400345579882,46.34080625589402,60.707075012078704,75.75708160263174,91.2300103366004,103.3458814361901,104.67358437711269,106.04226734573045,108.42551059010566,112.95030960307317
16,500,0.01,-1.1468248912700667,-1.1105406564554778,-1.1704881588683453,-1.108376897865047,-1.1527362126915737,-1.143442770309023,-1.5983483299753374,-1.504558591374725,-1.1507745933123812,-3.777054004350589,14.7476119045308,21.731267114063016,15.003424750257466,21.45573734011362,16.600916526651837,6.256308160390887,2.5864481330338567,5.258796589054446,2.338833615671059,7.622693907537027,14.7476119045308,36.478879018593815,51.48230376885128,72.93804110896491,89.53895763561675,95.79526579600764,98.3817139290415,103.64051051809594,105.979344133767,113.60203804130403
16,750,0.01,-1.0980000000000008,-1.0980000000000008,-1.0980000000000008,-1.1528999999999945,-2.5833360872578686,-1.0980000000000008,-6.533541206140258,-3.4655517520190293,-2.371946965247533,-1.0980000000000008,8.607323144921619,19.31427267351126,27.04453054863986,23.760554313054158,9.215709044886685,3.294674867283904,5.823454727363728,5.217930974717579,7.883721183295502,6.437828522325723,8.607323144921619,27.92159581843288,54.96612636707274,78.72668068012689,87.94238972501357,91.23706459229747,97.0605193196612,102.27845029437877,110.16217147767428,116.6
16,1000,0.01,-1.1528999999999994,-1.098,-1.098,-1.098,-8.807516362345185,-22.07,-1.098,-1.098,-1.098,-1.098,9.290187805203093,18.401664244567925,19.628372336448496,27.245317166069356,10.916167955254771,4.505061885082824,9.446146295329235,7.721875807670372,6.068973640849952,3.376232863523983,9.290187805203093,27.69185204977102,47.320224386219515,74.56554155228886,85.48170950754363,89.98677139262645,99.4329176879557,107.15479349562607,113.22376713647601,116.6
16,1500,0.01,-1.146525280687026,-1.1245838267399564,-1.130240876626258,-1.1022280760074912,-1.4077819309772712,-1.1481015015464409,-1.1211270740800852,-1.1516285846536332,-1.1076011733520064,-1.1487957794221106,5.937048341338755,24.412049910215174,23.846023922064703,14.45698758791498,16.2935573179344,7.771977042089144,8.641093891084193,7.3388087704352785,4.3238224873598945,1.3468138135724868,5.937048341338755,30.34909825155393,54.19512217361863,68.65210976153361,84.94566707946801,92.71764412155716,101.35873801264135,108.69754678307663,113.02136927043652,114.368183084009
16,2000,0.01,-1.4929887216744229,-2.246041631587331,-1.1046208504743822,-1.1112795377278526,-1.4748107806046518,-1.113973678489304,-1.1099842456611104,-1.1042456636034315,-1.111856555917365,-1.1141344624190221,4.019555848870617,30.70236410155246,22.40662464621893,17.01330446345549,15.455301937971008,5.536915356803792,6.101319032106158,4.706993327455903,3.681965107496678,6.296939387175232,4.019555848870617,34.72191995042308,57.12854459664201,74.1418490600975,89.59715099806851,95.1340663548723,101.23538538697846,105.94237871443437,109.62434382193105,115.92128320910628
16,3000,0.01,-1.686867227208121,-1.1212987707244713,-1.1806580184982902,-1.1610310558478938,-1.5017198372577347,-1.1030248103297642,-1.1385491592872539,-1.1108681564950933,-1.2687011084588056,-1.1054163250205784,-5.398680945242617,43.707063888326616,15.531179463169067,10.14091096289848,13.099902806964607,12.240159451705786,7.539715664940303,6.240494675990533,7.916724769936046,1.3575943681060032,-5.398680945242617,38.308382943084,53.839562406253066,63.98047336915155,77.08037617611615,89.32053562782193,96.86025129276223,103.10074596875276,111.01747073868881,112.37506510679482
16,4000,0.01,-1.1324625554499286,-1.1421346579027425,-1.1308517264105895,-2.382983635518801,-2.3048484301406065,-1.1407469830988914,-1.1228138119156807,-1.6413432760669195,-1.106650660954473,-1.4114249353862163,-2.184881870017527,35.37324537896359,15.691642614727058,14.346535505221937,11.101610028201584,15.92471991840712,8.607890829228754,5.921338678121531,5.762720115317412,1.3227797381927702,-2.184881870017527,33.18836350894606,48.88000612367312,63.226541628895056,74.32815165709664,90.25287157550376,98.86076240473251,104.78210108285404,110.54482119817145,111.86760093636421
16,6000,0.01,-11.41217475358155,-1.141855506421949,-1.098,-16.580456311348584,-5.60191463132458,-3.1921771137174795,-1.098,-1.15289999999995,-1.098,-1.098,-5.82,46.1,16.65514963115966,15.238236057767935,8.00813058114619,16.959373610602483,8.55957275622076,8.27953736310296,1.3100000000000023,1.3100000000000023,-5.82,40.28,56.93514963115966,72.1733856889276,80.18151627007379,97.14088988067627,105.70046263689703,113.97999999999999,115.28999999999999,116.6
16,8000,0.01,-1.1669302539552366,-1.1184571268103776,-1.1238113884707412,-1.1434514797128976,-2.7028339867906475,-1.1364123846135321,-1.1096450018015158,-1.1294080691214683,-1.112598502872948,-1.15115969616321,14.473033041199116,23.1963707099857,18.6282289901678,11.357997774291967,4.170419387786632,15.146186736447248,9.964285524824284,10.887446843357345,1.3657769577351981,1.32691219369358,14.473033041199116,37.66940375118482,56.297632741352615,67.65563051564459,71.82604990343123,86.97223663987847,96.93652216470275,107.82396900806009,109.18974596579528,110.51665815948886
17,250,0.07967965364984624,-1.1111329105868877,-3.586643232788056,-1.1386636370114287,-2.1648598603479527,-1.1614553435471153,-1.1377108865087062,-1.4510262557293103,-1.1523026322321623,-1.1566848724668555,-1.1695761808176774,30.056833074871143,19.497663782079222,10.23075904637486,7.929478151817836,1.6938591879494016,10.502220900250098,1.7531848281859892,7.482940537063513,6.110534565293314,13.49502988687567,30.056833074871143,49.554496856950365,59.78525590332522,67.71473405514305,69.40859324309245,79.91081414334255,81.66399897152854,89.14693950859206,95.25747407388536,108.75250396076103
17,500,0.07967965364984624,-1.1493319496791385,-1.1394390531954786,-1.308464935150695,-1.1422690350872213,-1.1506432712687737,-1.1209177299181787,-9.992465402507268,-1.2368532242172536,-1.1492499681697619,-1.4105452978313688,19.889255458055203,25.25033559805663,12.608114701098714,11.159345044402592,13.192493037454788,1.3688233787089086,6.456036432052116,3.076415859144414,2.0694287095580295,6.78221015047424,19.889255458055203,45.13959105611183,57.74770575721055,68.90705080161314,82.09954383906793,83.46836721777684,89.92440364982896,93.00081950897338,95.0702482185314,101.85245836900565
17,750,0.07967965364984624,-1.1593989875517487,-1.1143281550661888,-1.1111094867562437,-1.1144078793176244,-4.386962287593473,-1.152190975267918,-1.3987205039379589,-1.1691979972679851,-1.712952981996378,-1.1509699712520671,0.22825544619281157,40.57487841275284,12.434893804120165,11.645233347920609,9.497534892161127,1.3291838726663636,6.378576632188469,4.1572685950525425,5.466621411402617,7.284820707084172,0.22825544619281157,40.80313385894565,53.238027663065814,64.88326101098642,74.38079590314754,75.7099797758139,82.08855640800238,86.24582500305492,91.71244641445753,98.99726712154171
17,1000,0.07967965364984624,-1.1336732261844173,-1.1320013772142592,-1.1557459514810997,-1.130100944157229,-1.120071664776193,-1.138987262966514,-1.1430263721189,-1.1281876081240192,-1.1177824766919482,-1.125752313154683,1.6647281977696808,42.353638574428984,16.456607394816515,10.413478882009255,9.430813589078806,4.722798067064543,3.8641310604413377,6.438291712012504,5.870540036125272,10.515108474140654,1.6647281977696808,44.01836677219867,60.47497416701518,70.88845304902443,80.31926663810324,85.04206470516779,88.90619576560913,95.34448747762163,101.2150275137469,111.73013598788756
17,1500,0.07967965364984624,-1.1276953118625155,-1.1494489155611287,-1.1220578543836246,-19.88273719195169,-2.22516700942119,-1.134959895397336,-1.1424671675297278,-1.12761596265497,-1.1387786129062238,-1.1114661130295076,-5.668243430020352,32.99165311446558,22.849670516373244,13.046597198713844,7.115766365707293,8.565041429071922,6.1058252916533,6.514198350190231,5.821961886559647,9.71695983947544,-5.668243430020352,27.323409684445224,50.17308020081847,63.219677399532316,70.3354437652396,78.90048519431153,85.00631048596483,91.52050883615506,97.34247072271471,107.05943056219014
17,2000,0.07967965364984624,-1.2614821662860751,-3.4208067941827736,-1.161975924334918,-1.1531633441348133,-1.69873716988789,-1.1432208464528286,-1.1879461163595755,-1.148854375628857,-1.1452157018802258,-1.1789330424771345,10.334356986109078,26.320299659865185,10.882002617329888,19.285535607291152,2.8506319471743957,13.523329040788518,3.0180679659218708,6.754435730261093,5.690558450250254,8.250757958844055,10.334356986109078,36.65465664597426,47.53665926330415,66.8221948705953,69.67282681776969,83.1961558585582,86.21422382448007,92.96865955474117,98.65921800499142,106.90997596383548
17,3000,0.07967965364984624,-1.4147250681669785,-1.8604406407335405,-1.1342121682085358,-1.0981855787160801,-1.11898229903024,-1.1019667926116794,-1.1066842232783185,-2.4470705780858175,-1.1268450624490889,-2.3027853126929627,9.191407338170613,21.966024355562045,22.862198569782365,14.06630738179472,5.005152103357063,7.732043114694788,4.387070708025224,4.341133552776927,5.934076679014891,2.250966792086551,9.191407338170613,31.157431693732658,54.019630263515026,68.08593764530974,73.0910897486668,80.8231328633616,85.21020357138681,89.55133712416374,95.48541380317863,97.73638059526519
17,4000,0.07967965364984624,-1.5020606716423002,-1.1610346035177583,-1.3137140612532479,-1.5641015081842182,-3.292799334998236,-1.2158222492046238,-1.2497201951949153,-1.204950239074925,-1.348171026099335,-1.2640946945256326,10.406670853001984,28.984107844221853,21.42819177138739,9.381070389316378,9.437836599167582,5.648444817382874,4.14999274450426,4.251575585414033,5.711354586683804,3.236993668804164,10.406670853001984,39.39077869722384,60.81897046861123,70.2000408579276,79.63787745709519,85.28632227447807,89.43631501898233,93.68789060439636,99.39924519108015,102.63623885988432
17,6000,0.07967965364984624,-1.77581162177077,-1.2033376241428848,-1.3675870570797484,-10.35409419086021,-1.5773231926368307,-2.001800338895497,-1.1072733874465706,-1.1778760892252338,-1.736361617544703,-1.1003810277457458,0.5500977979864183,33.401427587933085,20.127198786963447,20.710976405761762,9.283772343001168,3.4621770077495775,6.429969339395157,5.90579978658517,7.000033769408095,1.3642812127693524,0.5500977979864183,33.9515253859195,54.07872417288295,74.78970057864471,84.07347292164587,87.53564992939545,93.9656192687906,99.87141905537578,106.87145282478387,108.23573403755323
17,8000,0.07967965364984624,-1.1195094717653102,-1.1219606928749726,-21.46995299819865,-1.1186875692396074,-2.9654714045485964,-21.470276060665242,-1.1144282153715888,-1.1187051158549934,-1.1199583990998296,-1.1183675733534049,4.001863497457959,26.36862386485879,13.54101823318316,12.515927568924276,17.78924186894561,5.9142353885739105,2.611644641497879,3.6608704922659285,4.149331278974438,3.7582719902797326,4.001863497457959,30.37048736231675,43.91150559549991,56.42743316442419,74.2166750333698,80.13091042194371,82.74255506344159,86.40342555570751,90.55275683468196,94.3110288249617
18,250,0.0791660902091284,-1.1848489984431358,-1.1686778416429795,-1.1649894219487402,-1.4006537413509923,-1.166259387378863,-1.2387969252280708,-1.3409439392029592,-1.1667058133177992,-1.2030889985212845,-1.2009249554246395,10.86587826425854,42.313701477879576,17.5103158112068,18.32874977589705,7.209551647237767,3.6237145576033782,1.573305038864464,1.4982544641982791,1.4685456939063286,7.187964168528552,10.86587826425854,53.17957974213812,70.68989555334491,89.01864532924196,96.22819697647972,99.8519115340831,101.42521657294756,102.92347103714584,104.39201673105217,111.57998089958072
18,500,0.0791660902091284,-1.1187221927826188,-1.1258958677693913,-1.1356111775620592,-1.1131995436400857,-1.1131952311006836,-1.112990956315961,-4.892422722973183,-2.4754464240012304,-1.2020909966101327,-1.137037699918133,21.961382225192686,19.719044469169873,19.100329007795416,18.39864229414016,11.266094699040224,9.921479029657966,1.3613215583002667,1.333238819683844,1.3989440076163397,4.976742532798207,21.961382225192686,41.68042669436256,60.780755702157975,79.17939799629814,90.44549269533836,100.36697172499632,101.72829328329658,103.06153210298042,104.46047611059676,109.43721864339497
18,750,0.0791660902091284,-1.1155270159462956,-1.123918759684663,-1.1182824050428932,-1.2935937890100542,-9.536107327251163,-1.1162108109909807,-1.1059649116285044,-13.470397921627075,-3.5844788290756284,-1.1197672758735049,12.191014575023232,29.779830616613737,17.635124900149428,17.07658712887517,9.06000511088315,13.752564184027797,1.3148498680887357,2.3031923768975036,4.03258008543798,1.3356718232002969,12.191014575023232,41.97084519163697,59.605970091786396,76.68255722066156,85.74256233154472,99.49512651557251,100.80997638366125,103.11316876055875,107.14574884599674,108.48142066919704
18,1000,0.0791660902091284,-1.138647703878359,-1.134529390980937,-1.1241599204993595,-1.129839704523489,-1.1322575282038319,-1.1309637322077855,-1.1228679146810165,-1.123254957916687,-1.1330735932347067,-1.1394312763635983,12.818264943257738,31.748903016839932,19.453720449145194,6.907625280078708,12.117392034391031,6.244130215043443,4.473904281810318,5.88548324203515,4.295917749274301,1.3463403263172693,12.818264943257738,44.56716796009767,64.02088840924287,70.92851368932158,83.04590572371261,89.29003593875605,93.76394022056637,99.64942346260152,103.94534121187581,105.29168153819309
18,1500,0.0791660902091284,-1.1308183391457336,-1.1771525557443916,-1.143326205936866,-1.1630300226470498,-4.105641662533651,-1.1803305590327542,-1.1459621490708327,-1.1448973472558575,-1.1358676402293681,-1.2081378493298598,14.176107522925193,38.46490398584518,9.805189604101933,10.232500506392181,15.118423226165145,7.972732103869529,3.8501441326862027,7.565412036402048,5.222979002696224,1.3232888739027837,14.176107522925193,52.641011508770376,62.44620111287231,72.67870161926449,87.79712484542964,95.76985694929917,99.62000108198536,107.18541311838742,112.40839212108364,113.73168099498642
18,2000,0.0791660902091284,-1.1070199767478806,-2.009453789745306,-1.106935049893123,-1.1006337059735114,-1.5779714907085758,-1.1092713163837638,-1.112548974890447,-1.120625230693154,-1.1096672890969415,-1.1048868196326782,6.658710985031332,45.00547618529997,12.768577364025099,15.207415972383508,9.581395042028625,2.3040566390347257,8.04355235215382,4.593291804820655,8.56533566158307,1.3205213302043832,6.658710985031332,51.6641871703313,64.43276453435641,79.64018050673991,89.22157554876853,91.52563218780325,99.56918453995708,104.16247634477773,112.72781200636081,114.0483333365652
18,3000,0.0791660902091284,-1.8722708616768848,-1.7019051075164446,-1.1295784659725863,-1.127180298788156,-1.116312647426926,-1.1358656444174557,-1.1253100334034305,-2.3675169741718536,-1.1269666959331976,-7.259035955010473,4.511882729395582,43.537894065341305,17.357617483350673,16.707147991100165,1.3850533194528687,11.396198172918346,6.004616406370971,2.955706196839131,3.515194390460426,6.099029492539106,4.511882729395582,48.049776794736886,65.40739427808757,82.11454226918772,83.49959558864059,94.89579376155893,100.9004101679299,103.85611636476904,107.37131075522946,113.47034024776856
18,4000,0.0791660902091284,-1.243783274672852,-1.1429026261926896,-1.1585889638871194,-2.00057087333301,-1.5118634408166325,-1.1268725072617962,-1.2102744937849481,-1.1399444684545266,-1.150472400691294,-1.209893144209941,16.05755081626842,29.04192061112994,18.957297617274754,19.547434234975043,4.571587922685987,6.296675248867029,5.545509023698624,1.4856836913981954,2.4253156900046866,8.455374543163884,16.05755081626842,45.099471427398356,64.0567690446731,83.60420327964815,88.17579120233414,94.47246645120117,100.0179754748998,101.503659166298,103.92897485630267,112.38434939946656
18,6000,0.0791660902091284,-1.4244616906441205,-2.1184885744843482,-1.1464604787425232,-11.473526261899337,-1.820287942249382,-7.324485583313496,-1.1417717925982438,-1.1318169272525442,-1.1194761883103999,-2.662917182703902,23.026318006821924,35.68698773108187,17.490208979057414,13.394150372194431,8.479194602665387,1.8378004623714244,5.139408399053494,1.9668178294370833,2.396866895548964,1.3468879534466796,23.026318006821924,58.713305737903795,76.20351471696121,89.59766508915564,98.07685969182103,99.91466015419245,105.05406855324594,107.02088638268302,109.41775327823198,110.76464123167867
18,8000,0.0791660902091284,-1.0980000000000005,-1.0980000000000005,-22.07,-22.07,-1.6305569056104303,-6.661648471862579,-1.0980000000000005,-1.0980000000000005,-1.0980000000000005,-1.0980000000000005,41.64242215840113,18.94518132550906,8.293789402819588,22.292386543129012,2.444324184187268,6.226750219102801,5.479057394688045,2.6404066223186096,2.7639806928677633,5.871701456976528,41.64242215840113,60.58760348391019,68.88139288672978,91.1737794298588,93.61810361404606,99.84485383314886,105.3239112278369,107.96431785015551,110.72829854302327,116.5999999999998
19,250,0.05695258025751406,-1.131382827366176,-21.668306138088987,-1.1221663535645123,-1.693800875218264,-1.1263834807151252,-1.1331413515072866,-1.5763281976077481,-1.118771413338286,-1.1166398937378341,-1.1316032086578627,20.878476809525743,21.75756591515065,19.449191817181173,7.305943640101763,1.3400484356073754,4.141268171384006,18.46260526810275,2.639627806231732,2.3544247607129964,9.82359930134746,20.878476809525743,42.63604272467639,62.08523454185757,69.39117818195933,70.7312266175667,74.87249478895072,93.33510005705347,95.9747278632852,98.3291526239982,108.15275192534565
19,500,0.05695258025751406,-1.138216568879673,-1.1615685766392412,-1.2232235332184032,-1.139827925837234,-1.1677461022948132,-1.1321842207965513,-1.3679518736755036,-1.3665780181979068,-1.1703851661922635,-3.3161949784801372,10.430456226157204,37.97333230567318,16.5442368715647,19.703063930649556,2.6033321667587312,3.172730559767757,5.561000142837628,3.414980950448834,2.5376150989025383,3.3424090208694306,10.430456226157204,48.403788531830386,64.94802540339509,84.65108933404466,87.25442150080339,90.42715206057115,95.98815220340877,99.40313315385761,101.94074825276014,105.28315727362957
19,750,0.05695258025751406,-1.1943424125559292,-1.1640045235064198,-1.1269161509614163,-1.1276855564260289,-1.3583047412691376,-1.1371963076713643,-3.6816781299256283,-3.4429004681441864,-19.92105997639561,-1.147692628468524,13.302870797219118,28.632196558597556,21.409392224185254,16.80976700386941,4.7327027938474675,1.4265372322310395,7.202219174821643,10.381576719185524,8.760862209415038,2.452485323354849,13.302870797219118,41.93506735581667,63.344459580001924,80.15422658387133,84.8869293777188,86.31346660994984,93.51568578477148,103.897262503957,112.65812471337203,115.11061003672688
19,1000,0.05695258025751406,-1.1068781289903922,-16.960694390881578,-1.1121457778277883,-1.1085586366498048,-3.991552655568242,-1.1097495360974166,-1.1164790647733431,-1.1149891107084744,-1.1108814388525707,-1.1044081930997898,3.4448338824875036,44.58080976297248,13.548852389799212,11.137436064549725,8.628413332088439,4.809672269588475,7.64254109666733,7.849092112133015,8.901952279560252,1.313744022091416,3.4448338824875036,48.02564364545998,61.57449603525919,72.7119320998089,81.34034543189735,86.15001770148582,93.79255879815315,101.64165091028616,110.54360318984641,111.85734721193782
19,1500,0.05695258025751406,-1.144788883441045,-1.1454006783986082,-1.1418836315257463,-8.29704412896961,-1.1294257328510326,-1.1384536647508892,-17.489179136923696,-1.1399497599345,-1.1468539577074277,-1.1381748326159813,2.0470703441485845,33.82363152048113,13.973692356516812,15.278487255150186,10.290582424377702,5.84791485756249,9.581897389830537,10.813782149310597,9.89219286176879,1.3891709762966182,2.0470703441485845,35.870701864629716,49.84439422114653,65.12288147629671,75.41346390067442,81.2613787582369,90.84327614806745,101.65705829737804,111.54925115914683,112.93842213544345
19,2000,0.05695258025751406,-1.1057531214974556,-2.0487558521666207,-1.0997016191296045,-1.0995685123313002,-1.133446109573025,-1.1007349814374474,-1.1096227556253617,-1.1629145960666945,-1.112235450455505,-1.1238703565394594,10.521528162010075,13.146935193403394,21.407464973159605,16.359977097095793,8.40428264863251,13.503949220300129,2.9870000384017885,7.153130138950168,12.169039026521077,2.516507844676047,10.521528162010075,23.66846335541347,45.07592832857307,61.435905425668864,69.84018807430138,83.34413729460151,86.3311373330033,93.48426747195347,105.65330649847455,108.16981434315059
19,3000,0.05695258025751406,-1.1816483052245044,-3.1618887957759707,-1.1385491606643576,-1.1824269924132453,-1.1423695101404885,-1.1426708513688215,-1.1978812795839318,-1.1911774828052262,-1.1591233191619459,-13.820561126314658,-0.6201761679190034,40.31794942466664,11.38365823596612,13.423008787399375,8.691152730575972,11.467710588382921,3.4161149152987083,6.420680472448819,8.7174190732233,4.380587953403772,-0.6201761679190034,39.69777325674763,51.08143149271375,64.50444028011313,73.1955930106891,84.66330359907201,88.07941851437072,94.50009898681954,103.21751806004283,107.59810601344661
19,4000,0.05695258025751406,-1.2449661332478503,-1.139905094633737,-1.1206744839516691,-1.2659452410958756,-1.1350506462705927,-1.1462726850509894,-1.2110506570712398,-1.1458185898974254,-1.13198255601641,-1.287677949632421,11.19272285423483,29.577791509792235,13.96417854549226,7.325583865873217,11.079595040398289,21.591308036021665,10.053110384871154,1.3505780941826981,4.4943710394337675,1.4311333739257983,11.19272285423483,40.770514364027065,54.734692909519325,62.06027677539254,73.13987181579083,94.7311798518125,104.78429023668366,106.13486833086635,110.62923937030013,112.06037274422593
19,6000,0.05695258025751406,-1.390463160517882,-1.1259170457932015,-1.342136776416495,-1.2816653222921044,-1.139699957583805,-1.1430967648992203,-1.1489092179654867,-1.105900252472297,-2.0236459580565986,-2.6998975616169183,1.1229544798157902,44.34462487139797,19.520164514384795,14.824953685174833,4.306785403918171,16.94809689172088,8.930969131598356,2.723726226545594,1.3357616431122272,1.3353359006387917,1.1229544798157902,45.46757935121376,64.98774386559856,79.8126975507734,84.11948295469156,101.06757984641244,109.9985489780108,112.7222752045564,114.05803684766862,115.39337274830741
19,8000,0.05695258025751406,-1.1591901567561207,-1.110534179858485,-3.920204531215603,-9.459196223892054,-1.10974681218211,-13.945702176934333,-1.1395617155626923,-1.1605450561124706,-1.1056069424942083,-1.128557514139302,8.255934310891135,44.72457430576367,13.802351336162644,5.810876170188912,3.0306132708842863,16.57206001050824,3.058582448591517,2.0800797488150558,7.349425262694449,4.776619502782712,8.255934310891135,52.9805086166548,66.78285995281745,72.59373612300635,75.62434939389064,92.19640940439888,95.2549918529904,97.33507160180545,104.6844968644999,109.46111636728261
20,250,0.06348644682473191,-1.0980000000000016,-22.06999999999998,-1.0980000000000016,-1.8969692819199364,-1.0980000000000016,-1.0980000000000016,-1.4203140068964255,-1.1528999999999892,-1.0980000000000016,-1.0980000000000016,4.883484275029966,45.152410656963724,17.78353771395477,8.690164764820565,14.644767461783324,13.122428466844076,7.767661268255073,1.9355453923485044,1.3100000000000036,1.3100000000000036,4.883484275029966,50.03589493199369,67.81943264594847,76.50959741076903,91.15436487255235,104.27679333939642,112.04445460765149,113.97999999999999,115.28999999999999,116.6
20,500,0.06348644682473191,-1.103940089195249,-1.0995882361914546,-2.3488949685056806,-1.1216075900787588,-1.2135909212989269,-1.1043958697604905,-1.7002317084924217,-1.4050078317949555,-1.1082853994925532,-5.910940334894384,-5.482256390390056,45.70451748408432,24.50235799839851,18.65473149190121,10.834006159350974,8.662673201374464,7.001108572495596,1.3300930600560639,1.3344794805904998,1.3195246893503958,-5.482256390390056,40.222261093694264,64.72461909209278,83.37935058399398,94.21335674334496,102.87602994471942,109.87713851721502,111.20723157727107,112.54171105786158,113.86123574721198
20,750,0.06348644682473191,-1.098,-1.098,-1.098,-1.098,-2.9333338635990396,-1.098,-1.9718121406675437,-2.099420598907062,-2.816835478895877,-1.1529,-5.82,46.1,25.620611356834786,18.884163509648204,10.400617541697557,11.253205602140412,6.2314019896790285,1.3100000000000023,1.3100000000000023,1.3100000000000023,-5.82,40.28,65.90061135683479,84.78477486648299,95.18539240818055,106.43859801032096,112.66999999999999,113.97999999999999,115.28999999999999,116.6
20,1000,0.06348644682473191,-1.1860214158260685,-1.123179807972532,-1.106603241221979,-1.1197465598135214,-1.1233278426442137,-7.24778956509426,-1.1111503257230804,-1.1955229989686629,-1.110154825802959,-1.1122950662817992,6.4876503022847825,31.925109408994643,25.057912549695637,20.823865545664887,6.995393995945751,9.157515328925761,8.84295030759122,1.3484706866473966,1.3481517524288193,1.3457448289117542,6.4876503022847825,38.41275971127943,63.470672260975064,84.29453780663995,91.2899318025857,100.44744713151147,109.29039743910269,110.6388681257501,111.98701987817891,113.33276470709066
20,1500,0.06348644682473191,-14.31801763214057,-1.127544640263539,-1.1242286938963684,-1.1108829779546818,-2.247325502260413,-1.1003681112207926,-1.1045546868931848,-1.1358297334411431,-1.1531118472331774,-1.1265648518880944,24.552579022852015,17.644558283473728,21.880451379041588,21.057902414199525,8.81325311612666,11.734015144191297,1.3435012985556165,1.370980418874498,1.35984735071328,1.3374931210282566,24.552579022852015,42.19713730632574,64.07758868536733,85.13549109956685,93.94874421569351,105.68275935988481,107.02626065844044,108.39724107731493,109.75708842802821,111.09458154905647
20,2000,0.06348644682473191,-1.2828448207383483,-2.134376466946816,-1.124871856291418,-1.1261925675442939,-1.5777532689302705,-1.1076759961270866,-1.1606989549754654,-1.099058040377554,-1.1433066720740523,-1.131716583045923,12.736439510111914,24.380875506909078,26.5126220559685,28.008881691021216,8.586838464865245,4.892347409143394,1.3810408343706788,1.332926611681592,1.3572463036708413,1.3690903839651947,12.736439510111914,37.11731501702099,63.62993707298949,91.63881876401071,100.22565722887595,105.11800463801934,106.49904547239002,107.83197208407161,109.18921838774244,110.55830877170764
20,3000,0.06348644682473191,-2.4230243793921247,-1.699192666916458,-1.1884095522782503,-1.1052993600923267,-1.1046459477976658,-1.10014217173942,-1.0990488153666549,-11.320709257371746,-1.1085199142643787,-1.1059713171355945,4.4683320393748005,35.65594395883927,26.73192541874885,24.208648479873105,10.130909006165417,6.163933586489852,1.3184567154412132,1.3286175021422055,1.3268273660972825,1.3182443118343419,4.4683320393748005,40.124275998214074,66.85620141696293,91.06484989683604,101.19575890300146,107.35969248949131,108.67814920493252,110.00676670707473,111.33359407317201,112.65183838500636
20,4000,0.06348644682473191,-1.6807277438631671,-1.1192999295966821,-1.1420875885425477,-1.2677766254792218,-1.38503283543755,-1.1846550711590318,-1.1253489876925884,-1.1636073362154367,-1.170237997344504,-1.8843545232869552,12.014536160480468,29.6053187132232,30.44192310724894,20.97699550794448,8.08193092190874,1.4882690807113041,1.3814591516560402,1.4542159341147824,1.3163525698364773,1.3453094678035766,12.014536160480468,41.619854873703666,72.0617779809526,93.03877348889708,101.12070441080581,102.60897349151712,103.99043264317316,105.44464857728795,106.76100114712443,108.106310614928
20,6000,0.06348644682473191,-2.3228880572796946,-1.170899804446984,-1.163254006579745,-8.855866478080848,-1.8155624658131637,-2.9180609725200943,-1.2024354523109055,-1.1648537964641084,-2.1969772157226535,-2.843956253087661,14.632917209130268,38.98688043410556,16.424875757505582,20.05276164057947,12.95120545121266,7.897807407093021,1.6948226981095114,1.3188032018357512,1.3188679739909972,1.3175577365971753,14.632917209130268,53.61979764323583,70.0446734007414,90.09743504132086,103.04864049253352,110.94644789962655,112.64127059773605,113.9600737995718,115.27894177356279,116.59649951015997
20,8000,0.06348644682473191,-1.1096572464778247,-1.1108118931007436,-3.2044036339951845,-13.304211545181357,-1.7607956753431626,-22.069999999998814,-1.1114100834496057,-1.1120579663589956,-1.1127091134269347,-1.1093304614802042,20.974448380215534,34.39589101075461,16.99960546033096,13.945767320348342,14.707657781468615,1.6952459867906517,1.3351514333148402,1.9290461904613965,1.6266969356894672,8.839199833267074,20.974448380215534,55.370339390970145,72.36994485130111,86.31571217164945,101.02336995311806,102.71861593990872,104.05376737322355,105.98281356368494,107.60951049937441,116.44871033264148
21,250,0.04566061096909439,-1.1085190799943863,-1.139202476760157,-1.1108808122698262,-1.690250055995328,-1.1158918542577052,-1.106629289983782,-1.1038512222157786,-1.1195229194954963,-1.1135840549155815,-1.1167450033563517,15.764582007155411,31.00021769652662,6.713266323379145,1.3650825324912974,9.571548657903982,14.506355954061227,18.848748172410858,3.365388077007343,2.2380040430058976,1.3603221141529542,15.764582007155411,46.76479970368203,53.478066027061175,54.843148559552475,64.41469721745645,78.92105317151768,97.76980134392855,101.13518942093589,103.37319346394179,104.73351557809474
21,500,0.04566061096909439,-1.1807310919009857,-1.1891356913896498,-1.177783537804379,-1.1656894537694442,-1.1499513964830315,-1.166946165370001,-1.1193650547685245,-2.2681938316880395,-1.1890082205698094,-2.530895526731401,15.493483340138418,25.335599778619596,1.4144500834755442,1.466349968902584,20.84442267964738,20.893110591387085,6.379423335029308,7.104238332058692,7.4346627652610024,1.4288837459980206,15.493483340138418,40.829083118758014,42.24353320223356,43.70988317113614,64.55430585078352,85.4474164421706,91.82683977719992,98.9310781092586,106.36574087451962,107.79462462051764
21,750,0.04566061096909439,-1.1406053489117558,-1.1732348221476463,-1.1062363461505758,-1.106191569223435,-1.204312473339217,-1.1501489445380866,-2.0635761523271343,-2.285781002896459,-2.3919961318994147,-1.1447559026194067,9.724839914269456,25.212292777440716,1.4947393601546275,6.76086453747641,17.965623864595855,16.282132199092437,9.108316255820789,7.933946485068768,7.899971992012443,2.3791745682423215,9.724839914269456,34.937132691710175,36.4318720518648,43.19273658934121,61.158360453937064,77.44049265302951,86.5488089088503,94.48275539391908,102.38272738593152,104.76190195417384
21,1000,0.04566061096909439,-1.1089236708826742,-1.100446266784,-1.098935428699745,-1.1032318317135221,-3.1378306907653144,-21.42268955442377,-1.1004350156094658,-1.104120864278472,-1.1015364130840566,-1.1005576059509203,11.105136335677884,1.3158577623461478,18.940054911730442,19.062036018743285,19.533727871616172,12.449695206191407,10.088525700706011,1.3164010159155195,4.131017062275321,3.79617354331244,11.105136335677884,12.420994098024032,31.361049009754474,50.42308502849776,69.95681290011393,82.40650810630534,92.49503380701135,93.81143482292687,97.94245188520219,101.73862542851462
21,1500,0.04566061096909439,-1.1390042709158439,-1.1354516998075725,-1.1414965642493964,-5.162001479708382,-2.445343152341284,-1.2080755242474834,-1.2004563652813924,-1.1735037674892315,-1.1711750692483438,-1.217836501229075,9.403656222049136,15.253314998901395,9.89068185791458,14.14874681442845,5.0396458263946275,31.961323569266256,7.8327887080621785,5.5722456077103555,5.740568063244872,1.4119795756793372,9.403656222049136,24.65697122095053,34.54765307886511,48.69639989329356,53.736045719688185,85.69736928895443,93.53015799701662,99.10240360472697,104.84297166797185,106.25495124365119
21,2000,0.04566061096909439,-1.1791522759161714,-1.2276397080005121,-1.1182726442574515,-1.098815891875205,-1.5992245865214638,-1.1050633017712548,-1.1013033591731984,-1.099335171312788,-1.1063814662159581,-1.1037274290928578,-5.742636919792933,34.901267734431,17.83670489873976,6.993216710722372,4.245536648581044,22.023145599746137,4.701977980002504,7.816120222995325,7.00199232992901,7.611967537854595,-5.742636919792933,29.15863081463807,46.99533571337783,53.9885524241002,58.23408907268124,80.25723467242739,84.9592126524299,92.77533287542522,99.77732520535423,107.38929274320883
21,3000,0.04566061096909439,-20.456005849329767,-1.3075669871748348,-1.4991887245339275,-1.0980000000000005,-1.315350933154467,-1.0980000000000005,-1.1528999999992005,-2.3713184203084072,-22.07,-2.571869992325725,-5.82,37.65468098143744,11.33021674295555,10.203573439843304,6.168179997014722,24.0988832619855,7.708531326629588,11.26697008953494,12.678964160598824,1.3100000000000032,-5.82,31.834680981437437,43.164897724392986,53.36847116423629,59.536651161251015,83.63553442323652,91.3440657498661,102.61103583940104,115.28999999999986,116.59999999999987
21,4000,0.04566061096909439,-3.125339577118562,-1.3316827412291872,-1.1385972433610076,-2.0959324172348923,-2.1674314789581413,-1.1316030997334643,-1.1182496329476694,-1.1799121739129812,-1.1059122856622476,-2.066562223539483,-5.505175272165275,39.34897241604378,5.5429102855284125,9.207946761202923,14.75190559330634,20.052474627630488,8.508658391097974,9.854776284548574,4.473926318682647,1.359565638958986,-5.505175272165275,33.843797143878504,39.38670742940692,48.594654190609845,63.346559783916184,83.39903441154667,91.90769280264465,101.76246908719322,106.23639540587587,107.59596104483485
21,6000,0.04566061096909439,-1.3392715684115335,-1.266580279126341,-1.1202241558888417,-2.288370351658454,-1.7695138919383169,-2.189596009595795,-1.1661648411130758,-1.207977025276206,-1.173854302030695,-1.108664558099433,13.724999739288414,24.159513090608122,8.60831129900437,3.200721851666051,13.866075199236132,21.45498262550783,5.704167299871585,7.646452092214085,8.197903716144818,9.697480978551354,13.724999739288414,37.884512829896536,46.49282412890091,49.69354598056696,63.55962117980309,85.01460380531091,90.7187711051825,98.36522319739659,106.56312691354141,116.26060789209276
21,8000,0.04566061096909439,-1.1148108215957344,-1.1239268871273125,-1.1147281348984297,-1.1084515135313104,-1.1207022211280369,-1.1164943894286434,-1.1146126235865736,-1.116131088026311,-1.1039518070605263,-1.1219935879578578,17.647873468612502,28.898320311984833,7.565573186250802,2.3324120805836657,14.37974699429465,7.28493012003586,9.978196697907897,4.266394503659848,7.541597023350153,5.412014298520354,17.647873468612502,46.546193780597335,54.11176696684814,56.4441790474318,70.82392604172645,78.1088561617623,88.0870528596702,92.35344736333005,99.8950443866802,105.30705868520056
22,250,0.09910270192166179,-1.0987777886456191,-1.0989582990729785,-1.1001534965552362,-1.2154965398881812,-1.0999623679644026,-1.0980980519153731,-1.2950668519990338,-1.1039037909547256,-1.1117683598648744,-1.1161635941020478,33.427912323835486,23.429702922883436,19.443344759580413,16.2836360715515,11.97016022273441,4.809409002666836,1.329747693551008,1.320829125449721,1.313271870791747,1.3832510587119748,33.427912323835486,56.85761524671892,76.30096000629933,92.58459607785083,104.55475630058524,109.36416530325208,110.69391299680309,112.01474212225281,113.32801399304456,114.71126505175654
22,500,0.09910270192166179,-1.1306181662395058,-1.1198424635916595,-1.2060282195843364,-1.1289628038728603,-1.1193664092830846,-1.120863287613136,-4.163647706476937,-1.7995058015337628,-1.1181770507599054,-1.1319708601673235,38.94917949172077,16.575461888765275,19.548998317149362,9.73483617337764,14.935827040790514,9.271467400983454,1.3546958123170727,1.345216910107367,1.339623005484071,1.3506021540750845,38.94917949172077,55.524641380486045,75.0736396976354,84.80847587101304,99.74430291180356,109.01577031278701,110.37046612510409,111.71568303521146,113.05530604069553,114.40590819477062
22,750,0.09910270192166179,-1.692154022753975,-1.104291881986697,-1.1237174837975838,-1.1063108963646422,-1.9048225770814766,-1.119863143639904,-2.350189543523027,-1.6471046285721638,-2.1379847135899492,-1.1015481177482878,24.67804004377927,26.977181457714963,14.28684253482735,13.816656166425204,16.763035759953247,11.408605367958447,1.3731063297500237,1.316857121652704,1.3123313871872706,1.3413895582108433,24.67804004377927,51.65522150149423,65.94206403632158,79.75872020274679,96.52175596270004,107.93036133065849,109.30346766040851,110.62032478206122,111.93265616924849,113.27404572745934
22,1000,0.09910270192166179,-1.1018620730344875,-1.0987861943139645,-1.0987564947304063,-1.1008970912199274,-1.0994757824611625,-17.684836931485634,-1.0992004125808523,-1.0992987725718741,-1.100372030494507,-1.0993147765502962,13.647309139680324,35.9923620454572,15.342122065915632,15.998158750687303,10.222170799174993,13.820794566740233,1.3116368325664727,2.4889146312735546,1.3107129731209066,3.209146228841396,13.647309139680324,49.63967118513752,64.98179325105315,80.97995200174046,91.20212280091545,105.02291736765568,106.33455420022216,108.82346883149572,110.13418180461662,113.34332803345801
22,1500,0.09910270192166179,-1.106003111370312,-2.1739171319008816,-1.1052320627611971,-1.1057034961721937,-1.5935155105808878,-6.899698407016324,-1.1060553212670299,-1.1052820146503066,-1.106403745417313,-1.1074105013630593,22.051143111813495,23.32820334217027,21.50658609068543,9.293328674357163,9.563004895420004,16.905114221869383,1.320314954984482,3.897734885938137,3.205536839513579,1.319251736110266,22.051143111813495,45.379346453983764,66.8859325446692,76.17926121902636,85.74226611444637,102.64738033631575,103.96769529130023,107.86543017723837,111.07096701675195,112.39021875286221
22,2000,0.09910270192166179,-1.3469951752921094,-2.2986754804576925,-1.1514637663123182,-1.1568750575861602,-1.11176546798511,-1.1489628413177346,-1.1809681597359987,-1.1476770734759962,-1.115288463269728,-1.1360160474052075,1.4398069276382754,45.88358797155749,23.91892856968994,9.335214253138858,9.514826695424418,14.342390405820332,1.3974705540459134,1.389082213884551,1.6275799640922806,1.429664804755233,1.4398069276382754,47.32339489919576,71.2423234688857,80.57753772202456,90.09236441744898,104.43475482326932,105.83222537731523,107.22130759119977,108.84888755529205,110.27855236004729
22,3000,0.09910270192166179,-1.098,-1.544379738825278,-1.098,-1.098,-1.098,-1.098,-1.098,-1.2027398750830525,-1.6901410462721416,-2.5339881626016014,-5.82,46.1,24.518475791078192,12.849808983118109,10.61694735498925,7.113931386757642,1.3100000000000023,3.8156217422553738,5.06259189031374,4.4278850801070035,-5.82,40.28,64.79847579107819,77.6482847741963,88.26523212918555,95.37916351594319,96.68916351594319,100.50478525819857,105.5673771485123,109.99526222861931
22,4000,0.09910270192166179,-2.613307482907903,-1.1403320382810271,-1.1086712220017318,-1.427747282485285,-1.099075130818798,-1.1023704659864317,-1.1272853594545964,-1.1319674406945617,-1.126498027291948,-1.1123446259640097,9.804382279107767,39.770348873641495,9.71272777308572,26.989944388623684,9.859015349959513,9.141695169861638,2.5730540843528242,4.82729547943533,1.3199779246389318,1.3219727454194627,9.804382279107767,49.574731152749266,59.28745892583498,86.27740331445867,96.13641866441819,105.27811383427982,107.85116791863264,112.67846339806798,113.99844132270691,115.32041406812637
22,6000,0.09910270192166179,-1.3950819623749213,-1.1833816027826436,-1.1864330174664541,-1.1194768341926893,-1.1766670147948068,-2.3180037319740867,-1.2184742465678968,-1.2902529076378015,-14.552331137282579,-2.220010656627357,25.993269958549938,34.18264272882466,8.82924227203516,20.761518503622383,4.283623622550699,4.816301024484659,6.340399513846002,1.5345791932756407,1.483750557194956,1.7591571572240516,25.993269958549938,60.1759126873746,69.00515495940977,89.76667346303215,94.05029708558286,98.86659811006751,105.20699762391351,106.74157681718916,108.22532737438411,109.98448453160816
22,8000,0.09910270192166179,-1.171992281755849,-1.1721650307109015,-2.3017699069164763,-6.170317428918803,-1.1083484637232912,-8.291102825323689,-1.1403566170214483,-1.1582301537528956,-1.1781969886605324,-1.170739085243015,16.133759321952585,14.078514407730111,34.77322336237809,10.811536775041295,9.031820119622804,10.078295990341278,8.156905530171656,3.4938469848765408,4.7731195832437106,1.3785865337695895,16.133759321952585,30.212273729682696,64.98549709206078,75.79703386710207,84.82885398672488,94.90714997706615,103.06405550723781,106.55790249211435,111.33102207535806,112.70960860912766
23,250,0.07599619737016522,-1.1315517662891237,-4.132953799247311,-1.142282305941328,-1.6605119468439664,-1.1369244318299763,-1.1178488141588425,-1.5807219788037923,-1.1321139544831742,-4.018789207332754,-1.1595041730633135,15.906650163357128,30.771581924339642,6.234671673445231,23.472380572255794,7.240811569405363,22.593191435819037,4.380267674769939,2.039146965582547,1.3819115940973727,1.3459438457788107,15.906650163357128,46.67823208769677,52.912903761142005,76.3852843333978,83.62609590280317,106.21928733862221,110.59955501339215,112.6387019789747,114.02061357307207,115.36655741885087
23,500,0.07599619737016522,-1.1289057126525117,-1.1230767163856599,-2.5365063113171464,-1.1226752359995786,-1.1300552432550202,-1.1242903271883833,-1.1203938623976604,-9.728696740420911,-1.1519923311189517,-1.1219816394180464,19.781286447125673,28.909328604622424,9.145529569531593,15.89728701164433,10.020868162078578,20.9728416743973,1.3853403901858297,1.7110005924621206,1.3457865460653902,6.921906868396764,19.781286447125673,48.6906150517481,57.836144621279686,73.73343163292401,83.7542997950026,104.7271414693999,106.11248185958573,107.82348245204784,109.16926899811322,116.09117586650999
23,750,0.07599619737016522,-7.026888000022193,-1.2168659625663776,-1.3769312157025824,-1.239332268541978,-6.393321354481866,-1.2088148863782138,-1.2871242579317634,-10.053699749124082,-7.383870196813952,-1.2521442899306523,4.378122374877918,33.783538799404425,19.434590200248778,10.845089345153127,18.935778521616015,13.82005563356109,3.5602315260063824,5.9991202947790505,3.9531213703751558,1.3541195109091335,4.378122374877918,38.161661174282344,57.59625137453112,68.44134071968425,87.37711924130026,101.19717487486136,104.75740640086774,110.75652669564678,114.70964806602194,116.06376757693107
23,1000,0.07599619737016522,-1.1244426162478183,-1.1311989856359355,-1.1426954242190268,-1.1059639141085622,-1.1259504831826823,-1.130002241538218,-1.1014995065801254,-1.1204059233472985,-1.142526594685505,-13.163982189985912,11.41946697973188,26.009717929033137,18.801553084078293,13.212242658063037,24.524303214643666,1.3372325907061038,9.275936591646573,3.6746990517783047,3.3966272597534655,1.3442178504639264,11.41946697973188,37.429184908765016,56.23073799284331,69.44298065090635,93.96728386555002,95.30451645625612,104.5804530479027,108.255152099681,111.65177935943447,112.99599720989839
23,1500,0.07599619737016522,-1.0995729727276937,-2.0250754886698554,-1.1068749835589526,-1.1201518620836164,-2.1037548907265116,-1.1165330205618793,-1.1264704754951256,-1.1431432260926004,-1.1363544529922973,-1.131699727353865,12.510605746801527,17.98237997379232,9.856709784397328,26.97540036510322,26.972950817638086,7.444642601330035,6.222843863662883,4.49310916944689,2.2251648959944736,1.3362964556140398,12.510605746801527,30.492985720593847,40.349695504991175,67.3250958700944,94.2980466877325,101.74268928906253,107.96553315272541,112.45864232217231,114.68380721816678,116.02010367378082
23,2000,0.07599619737016522,-1.118468067903725,-3.4830413788630397,-1.1297671649684202,-1.123975599322531,-1.130489613887719,-1.1469617241920742,-1.1189902834470609,-1.1247671974842077,-1.113976224834423,-1.1105536333339796,20.224201177149347,10.255209154842799,6.413047414441923,23.5100425872524,15.79468756298063,19.000903965216033,4.628046980872389,2.369770157893157,3.1972032502945984,1.3306811944118868,20.224201177149347,30.479410331992145,36.89245774643407,60.40250033368647,76.1971878966671,95.19809186188314,99.82613884275553,102.19590900064868,105.39311225094328,106.72379344535516
23,3000,0.07599619737016522,-1.1254302347897926,-7.9907545334393575,-1.2631370603991114,-1.206095132259276,-1.1153973370732109,-1.1133696910354152,-1.1882797065483115,-21.787824466149928,-1.143377298890376,-1.9462718155345655,24.139269635341577,20.413265589144814,18.06267347287443,10.286395469614945,17.77669067014851,5.697862493546065,7.6311980843597595,1.4957453093202133,1.4608352736581338,1.4620852105087643,24.139269635341577,44.55253522448639,62.61520869736082,72.90160416697577,90.67829483712428,96.37615733067035,104.0073554150301,105.50310072435032,106.96393599800845,108.42602120851721
23,4000,0.07599619737016522,-1.1002976560389959,-1.1027497352611717,-1.1052030636508916,-1.3286721451661982,-1.929248710705041,-1.1099016692609323,-1.1095051465767947,-1.105571777435515,-1.1184166367876625,-1.1020137621764938,19.66306089095984,19.940952973440126,10.906442472872108,22.465232235889104,15.117449920992676,5.162794444144549,11.597149997220413,5.446169525693575,1.3283494850097215,1.3256745100294132,19.66306089095984,39.60401386439997,50.510456337272075,72.97568857316118,88.09313849415386,93.25593293829841,104.85308293551883,110.2992524612124,111.62760194622213,112.95327645625154
23,6000,0.07599619737016522,-1.301180816507336,-2.354971258959991,-1.3074322519778816,-2.4102048667222356,-1.5902288614758064,-2.128926425469243,-1.2290439806303377,-1.2045542968808518,-11.830820006528683,-1.994031557888409,7.391298147984239,25.083494365642913,15.141012888812973,26.665960813584555,9.137584615056166,11.965669483858818,5.576824951255983,4.9415932888428635,4.806406162837174,4.007797534562018,7.391298147984239,32.47479251362715,47.615805402440124,74.28176621602468,83.41935083108085,95.38502031493967,100.96184526619565,105.90343855503852,110.7098447178757,114.71764225243771
23,8000,0.07599619737016522,-1.1104737154064832,-1.1067304145415946,-3.2554483347797207,-18.080787521423446,-5.70905067043298,-3.1767888500935597,-1.1114615769976088,-1.1019842315760737,-1.114631517169458,-1.098193395082276,5.993532367231527,25.376366396432278,20.984137034347754,21.068410986457785,8.438920431403222,21.47468116628464,1.5270264452645517,1.8136941983536459,1.6703329589426592,4.865520428220847,5.993532367231527,31.369898763663805,52.35403579801156,73.42244678446934,81.86136721587256,103.3360483821572,104.86307482742176,106.6767690257754,108.34710198471807,113.21262241293891
24,250,0.04046494199106923,-1.0980000000000008,-22.07,-1.0980000000000008,-2.0270040618655956,-1.0980000000000005,-1.0980000000000005,-1.0980000000000005,-1.0980000000000005,-1.0980000000000005,-1.0980000000000005,37.15323252067985,18.439050753318355,13.86307157106541,5.501464003007969,13.386088899174101,1.310000000000003,11.392857852869035,10.953876250318062,3.2903581495670977,1.3100000000000027,37.15323252067985,55.592283273998206,69.45535484506361,74.95681884807158,88.34290774724568,89.65290774724568,101.04576560011472,111.99964185043278,115.28999999999988,116.59999999999988
24,500,0.04046494199106923,-1.1391015542248542,-1.1538533043045929,-1.6245977435726684,-1.1300835610389104,-1.1411088465520605,-1.1612080931493458,-2.717393757456227,-1.148662580586325,-5.007297259505927,-2.901874137818381,20.80581157578166,42.27272286341265,9.073630830091538,24.208818719651823,9.453928477051267,1.3727127175698697,1.8810618922235802,2.2291113481082823,3.6512895913052894,1.3863031284208622,20.80581157578166,63.078534439194314,72.15216526928586,96.36098398893768,105.81491246598894,107.18762518355881,109.06868707578239,111.29779842389067,114.94908801519595,116.33539114361682
24,750,0.04046494199106923,-1.1256372745499714,-1.1283677679788418,-1.1040622953837422,-1.161640554187009,-2.4337209007280363,-1.1325135591781672,-2.258249634223673,-1.185963743358498,-1.1390081163343666,-1.1352637726072095,17.817205383738248,38.01907769323688,19.596811873105445,18.60446381231315,3.209037527631092,1.4182322588457605,10.65837046822979,4.5196162803426425,1.3216946842545014,1.3218886084804051,17.817205383738248,55.83628307697513,75.43309495008057,94.03755876239373,97.24659629002483,98.66482854887059,109.32319901710038,113.84281529744302,115.16450998169752,116.48639859017793
24,1000,0.04046494199106923,-1.1057086333036907,-1.1029078400062655,-1.1040405209883084,-1.1021928236278922,-1.1059921087743199,-4.834846420362359,-1.1103466660158046,-1.1074508643823138,-1.1014754460990224,-1.105397893328421,12.70742568588178,43.17831776967094,27.5782643116599,16.207921497579264,1.3160595069570964,3.4272225370873484,3.1555853263920293,3.43606814414313,2.6135764983439413,1.9779866912809205,12.70742568588178,55.88574345555272,83.46400776721262,99.67192926479188,100.98798877174899,104.41521130883633,107.57079663522836,111.0068647793715,113.62044127771544,115.59842796899636
24,1500,0.04046494199106923,-1.1073380916369313,-1.103626225285681,-1.1096476132589106,-4.129273192641781,-1.4107920302847945,-1.1075606343691433,-1.137530225519185,-1.1026202094763358,-1.1192993881398228,-1.1114151051297911,21.460573319642194,33.621077201219066,17.582296648420368,21.226911169330343,8.321745955276263,1.9585162768824516,2.761562407575904,2.0290845842541483,1.3255789985096174,1.3183514434190053,21.460573319642194,55.08165052086126,72.66394716928163,93.89085833861196,102.21260429388823,104.17112057077068,106.93268297834659,108.96176756260074,110.28734656111035,111.60569800452936
24,2000,0.04046494199106923,-1.1139333613551279,-3.1295347177794213,-1.1114069455440516,-1.1032880885191751,-1.3760234500098658,-1.1131533168993277,-1.1135387001554213,-1.1042391105308518,-1.1095269483089139,-1.1096085472244113,49.77454048491316,13.52490943043398,17.888731169453422,13.736154912522878,1.3448033230057952,6.281406529860881,2.5862187119114246,1.3288998539358392,2.550089118815328,6.8598275333856655,49.77454048491316,63.29944991534714,81.18818108480056,94.92433599732344,96.26913932032923,102.5505458501901,105.13676456210153,106.46566441603737,109.01575353485269,115.87558106823836
24,3000,0.04046494199106923,-2.1920245793351016,-2.9574093179330774,-2.1048568077867413,-1.2406081279901668,-1.2076885368344685,-1.3455087009986992,-1.2189949262576896,-1.83721427399421,-3.2226191124562495,-7.309060034041533,37.020970495065455,24.73688263618746,14.784056612966808,23.767898371249345,6.49745233968039,1.622012115759075,1.3657679936855853,1.9868527342526603,1.5065003433985416,1.4074447156725243,37.020970495065455,61.757853131252915,76.54190974421972,100.30980811546907,106.80726045514946,108.42927257090854,109.79504056459412,111.78189329884678,113.28839364224532,114.69583835791785
24,4000,0.04046494199106923,-1.1160111921742333,-1.1102272063205332,-1.1095710033831745,-1.4885985153148908,-3.595189073908349,-1.1105704660234226,-1.1099880810136433,-1.1102901330759631,-1.1117660399195346,-1.1095888437132109,25.703772279080923,32.50623825708732,19.850218641595085,22.604403034717933,1.3220436591087652,6.267078120918516,1.3233340795972501,1.3219119606343552,1.3231166533660903,1.3231093749299565,25.703772279080923,58.21001053616824,78.06022917776332,100.66463221248125,101.98667587159002,108.25375399250854,109.57708807210578,110.89900003274013,112.22211668610622,113.54522606103617
24,6000,0.04046494199106923,-1.100156870761949,-1.1053233831946958,-1.1827656711128842,-2.863165769596331,-1.4965193030254804,-1.307981085701896,-1.1028874626208167,-1.1014856181177421,-1.622990577573428,-1.1095787448876617,45.84669234855927,27.172868575146694,14.797158186057622,14.491447486932646,1.320528273415838,7.649162395920726,1.3146042064411478,1.3118276795262775,1.3167789309497824,1.3243458691141226,45.84669234855927,73.01956092370597,87.8167191097636,102.30816659669624,103.62869487011207,111.2778572660328,112.59246147247394,113.90428915200022,115.22106808295,116.54541395206412
24,8000,0.04046494199106923,-1.1086738557436333,-1.1035561014555442,-2.6746812315761685,-1.1052762408352717,-2.9760540804260076,-4.131729548914683,-1.102213992883411,-1.1053859544423408,-1.1151067321954953,-1.1057933341806332,50.017802595685296,22.24052253881011,6.810565118116845,9.506981677620551,1.322325666886489,13.982601590124645,1.3186980138741342,1.3206261273416167,1.3163616653476025,5.0153211475176285,50.017802595685296,72.25832513449541,79.06889025261225,88.57587193023281,89.89819759711929,103.88079918724394,105.19949720111808,106.52012332845969,107.83648499380729,112.85180614132491
25,250,0.07490278283835755,-1.113833325923855,-1.1064620180813045,-1.1151940373746694,-1.196153144782091,-1.100567341257218,-1.1111418476925774,-1.1418534680972021,-1.0987018486159053,-1.103082002716869,-1.1188241828840297,5.729448843147239,43.401223881619075,20.309909312594577,9.935731085601816,8.105402713976854,12.79527725550701,4.441770355664737,1.850982326834397,2.0915615725531786,2.6913616953853063,5.729448843147239,49.13067272476631,69.44058203736088,79.3763131229627,87.48171583693956,100.27699309244656,104.7187634481113,106.5697457749457,108.66130734749888,111.35266904288419
25,500,0.07490278283835755,-1.1149157710578343,-1.107986779580238,-1.1115941276326566,-1.1311606262375538,-1.115165215735725,-1.11120608004244,-1.8516478352161032,-1.6471789155720868,-1.118205021837451,-1.2039708285754047,19.94538773470255,16.807988480341074,19.975950604867286,17.278347241329712,16.326216583049373,8.149761987878396,1.3489147688282728,4.591093430287273,1.5797152694354075,5.747766490693923,19.94538773470255,36.75337621504362,56.72932681991091,74.00767406124062,90.33389064429,98.48365263216839,99.83256740099665,104.42366083128393,106.00337610071934,111.75114259141326
25,750,0.07490278283835755,-1.0981207461674054,-1.114140308348754,-1.1358284911035983,-1.1024706655099918,-1.1140204534720062,-1.1065187557981968,-1.1177123368776636,-1.3322733629209762,-1.146551299431428,-1.1141552911979478,18.024532053975058,21.26403189204044,19.844443833044274,15.675666759628257,8.238400250732028,12.544641663495174,2.862550881650966,3.08817897324376,5.7482814740586905,2.42945360777631,18.024532053975058,39.2885639460155,59.133007779059774,74.80867453868802,83.04707478942005,95.59171645291522,98.45426733456618,101.54244630780994,107.29072778186863,109.72018138964494
25,1000,0.07490278283835755,-1.1270590805423164,-1.8987855521373787,-1.1301563017108744,-1.1176891897141905,-2.9548097380880733,-3.6218331340298526,-1.114068281505415,-1.1446334504777904,-1.1067363764610847,-1.1143461903039218,19.788363972128053,20.52566861626005,14.633535894721916,15.530294273309032,4.101918386171434,17.71258678511751,5.073847506868017,4.509210011645566,2.166704177730548,5.240302733226574,19.788363972128053,40.3140325883881,54.94756848311002,70.47786275641906,74.57978114259049,92.292367927708,97.36621543457602,101.87542544622158,104.04212962395214,109.2824323571787
25,1500,0.07490278283835755,-1.1152968910720422,-1.1167224838935152,-5.812108224122188,-3.991408155061986,-1.2525775915941684,-18.00178497561388,-1.1401239410457746,-1.157103575127174,-1.140470345991499,-1.141571093678591,9.956864533323639,12.546364573083082,22.577960371614097,10.411139695119104,12.957074499402786,24.697450044642622,1.9819849693205693,5.819574355428017,3.0394928560776133,4.589101092398234,9.956864533323639,22.50322910640672,45.08118947802082,55.49232917313992,68.4494036725427,93.14685371718532,95.12883868650589,100.9484130419339,103.98790589801152,108.57700699040976
25,2000,0.07490278283835755,-1.5036273736836612,-2.1000491934074064,-1.134533329851536,-1.1420513472366836,-1.1292956132906597,-1.1234551433114863,-1.1356159378854962,-1.1678316074114834,-1.130509782598311,-1.1276969014999203,1.3063016924938782,22.180257388943502,17.54357307569991,14.857584456283444,14.794358713918754,12.8950769143113,11.244808422280325,4.0911017837544446,3.594340564479954,1.3428795636404551,1.3063016924938782,23.48655908143738,41.03013215713729,55.887716613420736,70.68207532733949,83.5771522416508,94.82196066393112,98.91306244768556,102.50740301216551,103.85028257580596
25,3000,0.07490278283835755,-2.1308253255615806,-1.3378615532215974,-1.0980000000000005,-1.0980000000000005,-1.0980000000000447,-1.0980000000000005,-1.0980000000000005,-1.4956545965502503,-22.07,-12.437397847092777,-5.819999999999997,42.64202849444358,20.20617310431893,12.519944685136558,8.756266326702239,19.030134422837662,6.047338338471281,7.490345935104031,4.417768692985508,1.3100000000000032,-5.819999999999997,36.822028494443586,57.028201598762514,69.54814628389907,78.3044126106013,97.33454703343897,103.38188537191024,110.87223130701427,115.28999999999978,116.59999999999978
25,4000,0.07490278283835755,-1.7340559960387174,-1.1533657736992629,-1.1698823124501025,-2.5761018411928553,-1.8268975200154758,-1.1610459297120377,-1.1891312187002279,-1.1566813261780235,-1.2024026052861196,-1.5485126855145643,20.95297116756651,22.165800433237244,14.253117300217184,9.571955982265091,7.7291508247016765,16.12281040517064,8.613426133766808,6.921969131638001,1.7864474125231578,1.4252322632246344,20.95297116756651,43.118771600803754,57.37188890102094,66.94384488328603,74.67299570798771,90.79580611315835,99.40923224692516,106.33120137856315,108.11764879108631,109.54288105431094
25,6000,0.07490278283835755,-1.263747742820522,-1.1892022858135713,-1.1305989205606304,-2.2971906974136003,-1.314394801608839,-1.2963454524729485,-1.1925209296967627,-1.2147614886813778,-3.392005830253477,-1.1312289879929707,27.75164588677915,12.050839276134496,20.747827189884553,12.797602756016467,2.373835511695657,15.47127303737097,8.163204354919689,4.684796319310561,5.492136453750383,1.4936811435747455,27.75164588677915,39.80248516291365,60.5503123527982,73.34791510881468,75.72175062051033,91.1930236578813,99.35622801280098,104.04102433211155,109.53316078586192,111.02684192943667
25,8000,0.07490278283835755,-1.1228509417771044,-1.1235060880665526,-3.345579993211566,-4.142940410862366,-1.6932202351947279,-2.0544918838657873,-1.1291058462775223,-1.1122052955148871,-1.119414479469257,-1.1225340965258561,22.496565257108884,22.142966924838106,18.324435874766493,10.18688605083987,1.352406083391617,15.15840189118239,11.181168038554375,5.634798962181028,5.418746937812095,1.3378347747261023,22.496565257108884,44.63953218194699,62.96396805671348,73.15085410755336,74.50326019094497,89.66166208212736,100.84283012068174,106.47762908286276,111.89637602067486,113.23421079540097
26,250,0.05594922437847935,-1.1015884535155849,-2.2872175685819607,-1.1037568823174424,-1.2843603013860676,-1.1069262802317368,-1.1028407379744953,-1.1007730379119027,-1.1021983470346481,-1.1068161938630565,-1.1052182343792394,32.694856879881016,19.317301476570087,1.6692379786614202,6.084291720287526,36.13157972270051,1.3139740824931434,3.845258005225566,4.218039161039119,3.8852717260748713,7.419782038691887,32.694856879881016,52.0121583564511,53.681396335112524,59.76568805540005,95.89726777810056,97.2112418605937,101.05649986581926,105.27453902685838,109.15981075293325,116.57959279162515
26,500,0.05594922437847935,-1.1124624909582947,-1.111244569320737,-1.324137656223638,-1.1170307686327337,-1.1214410525671763,-1.103936545787334,-2.0043123424507368,-1.254224062900863,-20.670071728472827,-2.0211400531104573,1.1668941864124776,37.755015013988285,10.249773341431947,12.427028653936809,9.920709781019596,24.1253554661715,4.763796208358144,1.364720635346238,2.9158540039544523,10.812011184363541,1.1668941864124776,38.92190920040076,49.17168254183271,61.59871119576952,71.51942097678912,95.64477644296062,100.40857265131876,101.773293286665,104.68914729061945,115.50115847498299
26,750,0.05594922437847935,-1.1529,-1.098,-1.098,-1.098,-1.9120090782827288,-1.098,-1.8271593296528632,-1.2926868289992255,-1.1707431257370906,-1.098,19.97554898453272,17.94876140815153,10.878610008663983,15.779970568204874,9.986855147006821,19.465520617906137,7.830273440336526,5.253169966127487,5.680928391791213,3.800361467278705,19.97554898453272,37.92431039268425,48.80292040134823,64.5828909695531,74.56974611655993,94.03526673446606,101.86554017480259,107.11871014093008,112.79963853272129,116.6
26,1000,0.05594922437847935,-1.1400205343930425,-1.167671480359576,-1.1760464794626047,-1.167279126134198,-1.201403131938544,-5.409602330892664,-1.1864697517564071,-1.163750334755766,-1.177021915284211,-1.1953799290743494,17.222167751817523,22.329211911305165,7.88454943677705,15.21539009175656,8.410221732104798,13.077333832030519,10.144196107143689,4.461845961452255,5.2922035038766175,6.975937486641865,17.222167751817523,39.55137966312269,47.43592909989974,62.6513191916563,71.0615409237611,84.13887475579162,94.2830708629353,98.74491682438756,104.03712032826418,111.01305781490605
26,1500,0.05594922437847935,-1.0980000000000005,-1.2692435405494427,-1.0980000000000005,-22.069999999999972,-2.0727771871284104,-1.0980000000000005,-1.0980000000000005,-1.1528999999999958,-1.0980000000000005,-1.0980000000000005,-4.764191130989773,33.84373476364736,18.690752834539236,11.898339031507241,12.289465603873424,8.89629594445725,14.357335397905185,5.758043632739668,6.935649563729388,8.694574358590977,-4.764191130989773,29.07954363265759,47.77029646719683,59.66863549870407,71.9581011025775,80.85439704703475,95.21173244493994,100.96977607767961,107.905425641409,116.59999999999997
26,2000,0.05594922437847935,-1.2956280693227777,-3.305973133158988,-1.1004635063398753,-1.1556772450818922,-1.2520768190078146,-1.1041337981756918,-1.117750994656271,-1.1306973146792285,-1.1311777051021938,-1.1852085662908456,18.642284409095964,18.82122759118203,8.963269545352109,15.004311907409537,11.373695693381013,9.083726502296823,11.25906460490913,8.039008170448122,6.60862025277022,5.169894118289836,18.642284409095964,37.463512000277994,46.42678154563011,61.431093453039644,72.80478914642066,81.88851564871749,93.14758025362661,101.18658842407474,107.79520867684496,112.9651027951348
26,3000,0.05594922437847935,-1.1046186933381201,-1.7849236336258953,-1.1237085713178585,-1.1006487470682824,-1.101057115223861,-1.1254711527741654,-1.1534251555848622,-4.537805419720133,-1.104145353970361,-3.930412067562923,25.87263588519707,16.025501407588138,4.970762820952455,8.872610263896807,10.066768003020936,11.735295338936659,14.99807863627916,6.954274795508393,13.997592959961153,2.0995761995594844,25.87263588519707,41.89813729278521,46.868900113737666,55.74151037763447,65.80827838065541,77.54357371959208,92.54165235587124,99.49592715137963,113.49352011134079,115.59309631090026
26,4000,0.05594922437847935,-1.126356378387507,-1.0984776194389863,-1.114742544824273,-1.334049323992497,-1.4359125066958307,-1.1171399525869,-1.0993066387298285,-1.1047945396459808,-1.1208508266175286,-1.1080477827901372,22.220182233367026,15.365975565426414,14.104242906169695,13.96050795850525,15.502661835283455,15.443381352122568,6.608486553774064,6.409193621151683,2.6187660673749393,1.4226723247621784,22.220182233367026,37.58615779879344,51.69040070496313,65.65090866346839,81.15357049875183,96.5969518508744,103.20543840464848,109.61463202580016,112.2333980931751,113.65607041793727
26,6000,0.05594922437847935,-1.4056501604900191,-1.131437541550068,-1.125428308212197,-3.7228399388232907,-1.3153029663085225,-2.782940378196594,-1.1006564123610239,-1.122328921841547,-2.991414333872651,-1.1475830383530967,21.59012039317507,18.0600231284226,7.175571113868305,13.152769182296403,21.309417326005963,14.408728467885108,6.6698741809851505,3.960460187440714,5.5078098091557415,1.3299037694001812,21.59012039317507,39.65014352159767,46.82571463546597,59.978483817762374,81.28790114376834,95.69662961165345,102.3665037926386,106.32696398007931,111.83477378923506,113.16467755863523
26,8000,0.05594922437847935,-1.1244772291240372,-1.1182196055100664,-2.324719963140298,-1.174966403932134,-2.1436887700982687,-3.022199850277447,-1.1926837440767781,-1.1801543566582176,-1.1398691022227414,-1.1691350660109125,29.60774990373899,21.457221788522233,15.679313627339575,4.838360076473277,5.9367301400173496,12.488193630661929,4.313251641464321,5.05282596284956,4.765862774431042,1.4042698255435306,29.60774990373899,51.064971692261224,66.7442853196008,71.58264539607408,77.51937553609143,90.00756916675336,94.32082080821768,99.37364677106723,104.13950954549827,105.54377937104181
27,250,0.017857142857142856,-22.07,-1.1831945257829068,-1.3163314518336002,-1.4433244902075506,-1.1889114301157147,-1.1164040227520453,-1.098,-7.270218538329089,-13.610714577464247,-18.579092412169523,-0.26315226675076375,27.205974459020197,15.30014028810671,14.437442653612337,36.23029368136027,9.745497404428093,1.3100000000000023,5.652842536063886,5.670961244159244,1.3100000000000023,-0.26315226675076375,26.942822192269432,42.24296248037614,56.68040513398848,92.91069881534875,102.65619621977685,103.96619621977685,109.61903875584073,115.28999999999998,116.59999999999998
27,500,0.05660377358490566,-22.07,-1.098,-1.098,-2.2245604542570225,-1.6996724273264174,-1.098,-1.46496626712569,-1.098,-1.098,-22.07,-0.18309057820050734,25.292659654675816,21.639854495210454,19.734153485622414,24.27015208812287,12.003500254953366,2.4752785086945153,4.949725279074613,4.946117114898783,1.468092658180936,-0.18309057820050734,25.10956907647531,46.74942357168577,66.48357705730818,90.75372914543105,102.75722940038442,105.23250790907893,110.18223318815355,115.12835030305233,116.59644296123327
27,750,0.0847457627118644,-22.07,-6.05746950869624,-2.336669622660718,-1.5295218716868533,-1.098,-1.217479450968944,-1.098,-1.2015566809865401,-1.5090513512028658,-22.07,-0.23721720304276994,19.589981216336025,21.303135105878557,20.517142105187958,25.323225266211736,14.12528775366981,2.9442935028322097,4.013705304340803,4.014343188848827,5.001495942647367,-0.23721720304276994,19.352764013293253,40.655899119171806,61.173041224359764,86.4962664905715,100.62155424424131,103.56584774707352,107.57955305141432,111.59389624026315,116.59539218291052
27,1000,0.05,-22.07,-4.453359012081767,-1.4579854034556803,-1.9222272277452945,-1.098,-1.098,-1.098,-1.098,-1.098,-22.07,-0.3109157061176305,15.703155450942678,18.703165816394304,23.691631025054,24.25114065784291,16.317554277152226,3.883064102551515,2.6456786633967937,2.6460509231633296,7.691250051584333,-0.3109157061176305,15.392239744825048,34.09540556121935,57.78703658627335,82.03817724411627,98.3557315212685,102.23879562382001,104.8844742872168,107.53052521038013,115.22177526196447
27,1500,0.02,-16.625240513910597,-3.4151350572850436,-1.1475122453386062,-1.2027063332119612,-1.1632279988023693,-1.1687106057685615,-2.4547704141217244,-1.9803183594442038,-1.72454553265022,-15.452144493221383,-0.32710036535345655,17.830180993807403,27.592789929530532,22.629421649973118,24.288151236444918,3.7925393867484924,5.1046749400352756,1.6168540605577135,1.5218802336922344,7.549852227837835,-0.32710036535345655,17.503080628453947,45.09587055798448,67.72529220795761,92.01344344440253,95.80598283115101,100.9106577711863,102.52751183174401,104.04939206543624,111.59924429327407
27,2000,0.06,-2.569766355640132,-1.793407814713575,-1.1366833839130202,-1.1143249760320364,-1.534894538604016,-2.759360561637454,-2.358697223132701,-1.1783182949892956,-2.466846879098692,-4.302631606439903,16.955296736776184,6.727958523797049,25.483685059030762,19.335133765100124,15.467573226308389,12.878617588543797,7.722175498933904,2.4279356491933957,2.465739451746762,5.915978506340807,16.955296736776184,23.683255260573233,49.166940319603995,68.50207408470412,83.96964731101251,96.84826489955631,104.57044039849022,106.99837604768362,109.46411549943038,115.38009400577118
27,3000,0.01,-9.861068901882383,-1.1247394033933005,-2.0225535520701783,-1.1120444277090145,-1.3841366885630455,-1.119632854704932,-1.2850152484141728,-1.1113154149075228,-1.1276211414878876,-19.40040408973006,-0.27559326504505377,23.594122625555755,24.91218641691556,23.51598307063547,17.1407495255337,10.139229222611,3.078630430720658,4.426020852471915,4.905353107338582,4.253494904623693,-0.27559326504505377,23.318529360510702,48.23071577742626,71.74669884806173,88.88744837359542,99.02667759620641,102.10530802692708,106.53132887939898,111.43668198673757,115.69017689136126
27,4000,0.07692307692307693,-17.33919333361728,-1.7215322810723848,-1.1114525731510332,-1.6628015048757856,-1.602018752866904,-1.1095880336395831,-1.1053443836842822,-1.1154239287485295,-1.541794451221656,-18.45388116306779,-0.2231707236882977,24.85989169552755,16.55385955690845,21.98997356306033,11.266437247734025,18.48207130511696,1.3127208779773731,6.5297989296495444,7.3109305083737866,2.906522110584161,-0.2231707236882977,24.636720971839253,41.1905805287477,63.180554091808034,74.44699133954205,92.92906264465901,94.24178352263638,100.77158245228593,108.08251296065971,110.98903507124388
27,6000,0.03571428571428571,-16.48911642878881,-1.8000260674367672,-1.812471636783389,-1.3408759082647426,-1.1162333717880806,-1.1029700580332897,-1.2844691608813918,-1.1281883075254941,-1.1362570614232572,-10.689128860797837,-0.11649925543987305,23.851423892443208,11.902814072749813,30.04473958022399,12.607985324752882,16.653853202112884,6.6763324803673925,5.536964480108431,5.381443765065562,1.3370945809908958,-0.11649925543987305,23.734924637003335,35.63773870975315,65.68247828997714,78.29046361473002,94.9443168168429,101.62064929721029,107.15761377731872,112.53905754238428,113.87615212337518
27,8000,0.017857142857142856,-14.097861667746265,-1.10992148426446,-2.0189993047742982,-1.170451661025833,-2.10791672096318,-2.3845207723859563,-1.1580761946777365,-1.2039169447483227,-1.215778094238849,-1.565340280693639,24.645560172402,8.113619535003398,4.218974085915129,27.132042607003,21.657098323818005,9.258434592744571,13.392081858911766,1.4371218008927427,1.4185397355887055,1.3974588510125985,24.645560172402,32.759179707405394,36.97815379332052,64.11019640032353,85.76729472414154,95.0257293168861,108.41781117579787,109.8549329766906,111.27347271227931,112.67093156329192
28,250,0.05594922437847935,-1.108521066930178,-2.8923739313518215,-1.1093506538562443,-1.3155872670923707,-1.103298687345725,-1.108831477500249,-1.1239305287310577,-1.106649911454097,-1.1037683214934306,-1.1223855427718599,30.909474423146975,22.068205317673524,1.7697462416460912,5.574121108647416,37.33908876303819,1.3264397115545172,3.1502146412273007,4.291505110138182,3.334065784465113,6.557994336365141,30.909474423146975,52.9776797408205,54.74742598246659,60.321547091114006,97.66063585415219,98.9870755657067,102.13729020693401,106.4287953170722,109.76286110153731,116.32085543790245
28,500,0.05594922437847935,-1.1023217361642352,-1.102243383580451,-1.514576936974108,-1.1343691609793485,-1.103684999870969,-1.1047849642777092,-2.045041000294007,-1.137939680406991,-21.323530289279866,-2.2961355975763853,0.9837949165288884,35.77123081519467,8.328196924446402,15.898678758098029,9.970359699069714,25.058320804792373,4.2817586847965625,1.319854333302371,3.256819754422729,10.766086844497188,0.9837949165288884,36.755025731723556,45.08322265616996,60.98190141426799,70.9522611133377,96.01058191813007,100.29234060292663,101.612194936229,104.86901469065174,115.63510153514892
28,750,0.05594922437847935,-1.110846168540217,-1.1178887590111644,-1.1285497463365664,-1.1324898865172592,-2.074683259174389,-1.1440841762538976,-1.852220044779111,-1.3399310520315328,-1.1007903204726022,-1.129820457259953,13.161101533250559,16.61206349410238,12.203016142078134,20.03463154590053,9.579682499689739,21.750106816111852,8.26111331285577,4.9040798430661745,5.220018638332725,3.441078596735082,13.161101533250559,29.77316502735294,41.97618116943107,62.0108127153316,71.59049521502135,93.3406020311332,101.60171534398897,106.50579518705514,111.72581382538786,115.16689242212294
28,1000,0.05594922437847935,-1.1169980177450816,-1.1034971908965248,-1.1407461610987246,-1.1214314660613853,-1.1470301719114695,-7.498940992403059,-1.1274071986857708,-1.1246265268982207,-1.1380841099342325,-1.1421804544483223,11.601867504778184,22.574371793974123,10.815813555117579,14.752869538616679,9.876459842321772,20.258689681147047,10.616326386471059,4.620711268987126,1.824549407289953,9.558168646520688,11.601867504778184,34.17623929875231,44.992052853869886,59.744922392486565,69.62138223480834,89.88007191595538,100.49639830242644,105.11710957141356,106.94165897870352,116.4998276252242
28,1500,0.05594922437847935,-1.0980000000000003,-1.2692435405494407,-1.0980000000000003,-22.07,-2.0727771871284073,-1.0980000000000003,-1.0980000000000003,-1.0980000000000003,-1.0980000000000003,-1.1528999999999963,-4.764191130989772,33.843734763647355,18.69075283453926,11.898339031507255,12.289465603873428,8.896295944457236,14.35733539790517,5.758043632739674,6.935649563729398,8.69457435859099,-4.764191130989772,29.079543632657582,47.77029646719684,59.6686354987041,71.95810110257753,80.85439704703477,95.21173244493994,100.96977607767961,107.90542564140901,116.6
28,2000,0.05594922437847935,-1.371824788188989,-4.319359458093254,-1.1164121298614007,-1.1241999188131069,-1.1820075603864613,-1.1261684900407691,-1.1248264084688175,-1.1530105714972811,-1.134566278215607,-1.1139719199701412,13.08203265725318,16.75731056523827,18.844523089063323,15.86133851168281,14.610182393951597,11.06442350187648,9.852048178344411,5.772081689062173,4.896604232880142,4.92494876249606,13.08203265725318,29.83934322249145,48.68386631155477,64.54520482323758,79.15538721718917,90.21981071906565,100.07185889741007,105.84394058647224,110.74054481935238,115.66549358184844
28,3000,0.05594922437847935,-1.1306611632388268,-2.1686905863804604,-1.1340215765126063,-1.124999100923672,-1.1029202275501375,-1.1026341448381776,-1.1030970844080201,-3.8172648796241173,-1.1123372114489292,-4.390154161220384,26.04368866408325,13.842980477631201,6.266296112013514,10.09938943356628,18.98132277688139,12.18210501308426,5.828968632290582,8.954550831854561,10.989480919655207,2.317735285289082,26.04368866408325,39.88666914171445,46.15296525372796,56.25235468729424,75.23367746417563,87.41578247725988,93.24475110955046,102.19930194140503,113.18878286106023,115.50651814634932
28,4000,0.05594922437847935,-1.1647553275610383,-1.1233298423021951,-1.225749889023279,-1.2140316031607008,-1.3077447437108303,-1.1723983999006142,-1.112232256325469,-1.148328847118449,-1.184427087994421,-1.1186160444472186,25.64800538460419,12.675565299157238,14.736744841662386,11.95931028671437,17.41147964739087,15.89468368463956,5.074482145425883,5.93562183539677,3.1450532970860507,1.3652790177487124,25.64800538460419,38.32357068376143,53.06031552542382,65.01962581213819,82.43110545952905,98.32578914416861,103.40027128959449,109.33589312499126,112.48094642207731,113.84622543982603
28,6000,0.05594922437847935,-2.1387261785530853,-1.1615350468841772,-1.1063499651326545,-3.385080497893263,-1.6756785876113423,-2.516796818378177,-1.1381699189955508,-1.1354274901314114,-2.549055796165968,-1.1175192547667092,27.156775422821568,16.451607086416537,9.767385047792445,12.526232636967961,18.769697396925082,5.191806501444763,8.331147240409685,5.122691226869852,4.124334607120604,1.3933993972048544,27.156775422821568,43.608382509238105,53.37576755703055,65.9020001939985,84.67169759092359,89.86350409236834,98.19465133277802,103.31734255964787,107.44167716676847,108.83507656397333
28,8000,0.05594922437847935,-1.1058315140689698,-1.1037566331343394,-2.4517862216234274,-1.1052359020709708,-2.456631829211192,-4.00529478588288,-1.108321169737318,-1.1051938750667238,-1.1081806633895366,-1.1069764827378155,40.696880821553506,19.257115794510987,10.74090096641661,4.937320372590667,7.90207506794966,12.335509998635057,4.623781138155691,3.660067103849604,5.3552712489340095,1.319085875220567,40.696880821553506,59.953996616064494,70.6948975824811,75.63221795507177,83.53429302302143,95.8698030216565,100.49358415981219,104.15365126366179,109.5089225125958,110.82800838781637
29,250,0.06059333164057099,-1.1218607841577688,-1.0999441818371771,-1.0985632823202534,-1.445944836100011,-1.1271988872285934,-1.1099907681488017,-1.1014976072164118,-1.1160796830762654,-1.0988690999458348,-1.150005847388341,14.44145116548102,36.348285859842434,6.289562092706328,16.629789939012717,9.750472462373015,17.6831989576905,4.931863485303604,4.57900997021384,2.465143000311012,1.3126996151832409,14.44145116548102,50.789737025323454,57.07929911802978,73.70908905704249,83.4595615194155,101.14276047710601,106.07462396240962,110.65363393262346,113.11877693293448,114.43147654811771
29,500,0.06059333164057099,-1.098599908174816,-1.1198464616158939,-1.3853682673537877,-1.1272337837660884,-1.166126139185381,-1.1093604036127778,-3.167677205696509,-1.1191078959090108,-1.1413983170724216,-3.828290733946705,12.196589914407923,11.97654924183758,16.576982359784118,20.429351102364567,21.92031537060442,10.848017992848536,1.3617364497196487,8.123608891901283,4.93406699904326,1.3581682088242673,12.196589914407923,24.173139156245504,40.75012151602962,61.179472618394186,83.0997879889986,93.94780598184714,95.30954243156678,103.43315132346807,108.36721832251132,109.72538653133559
29,750,0.06059333164057099,-1.175581671660356,-1.1666729119048829,-1.1721534474043211,-1.222076482143934,-1.291700787996871,-6.53935441543008,-1.201187517185057,-1.1122458215651732,-1.3156513906702056,-1.1734157118749398,-5.778536076266868,25.104391845075735,20.735717024735788,25.52013005719124,11.077091497734248,22.886212647228298,2.174890430241849,5.240830709207124,5.1116342026857335,3.573794885718088,-5.778536076266868,19.325855768808868,40.061572793544656,65.5817028507359,76.65879434847014,99.54500699569843,101.71989742594027,106.9607281351474,112.07236233783314,115.64615722355123
29,1000,0.06059333164057099,-1.098,-4.969675253351022,-1.098,-1.098,-8.874966786371496,-4.550114082443634,-1.098,-1.098,-22.07,-1.098,-5.82,22.87244237222967,19.287707282852374,18.352098639656916,18.64676292564755,16.804405269968274,1.8456909703966033,4.208382469100225,3.977893893796093,8.712978651158593,-5.82,17.05244237222967,36.340149655082044,54.69224829473896,73.33901122038651,90.14341649035478,91.98910746075138,96.19748992985161,100.1753838236477,108.8883624748063
29,1500,0.06059333164057099,-1.0990487770539965,-1.1059642299389276,-1.0998570806838535,-17.08288331011091,-1.8734011349328021,-1.1007121676860874,-1.1012239498326193,-1.1059419333377427,-1.0999972165210132,-1.1120878182269118,6.363817592859078,16.11732655655245,14.746233572207544,22.787896944775788,12.66577671452104,21.664604020127904,6.739005264320138,4.748007443411657,3.5596257422062454,1.3371377425928532,6.363817592859078,22.481144149411527,37.22737772161907,60.01527466639486,72.6810513809159,94.34565540104381,101.08466066536396,105.83266810877561,109.39229385098186,110.72943159357472
29,2000,0.06059333164057099,-1.3671075311519179,-1.4975868890109627,-1.1284226285735373,-1.163466998225248,-1.175414911015484,-1.1108067645223398,-1.1356882016626688,-1.1308676172105185,-1.1821661957654426,-1.1292750042654545,17.168246858571635,8.020088806697228,6.83080736568521,30.48874739687544,10.498270406516703,23.667350960499277,8.981820030696891,1.5214040516822793,1.3807900457365418,1.4112871650967271,17.168246858571635,25.188335665268863,32.01914303095407,62.50789042782951,73.00616083434622,96.6735117948455,105.65533182554239,107.17673587722467,108.55752592296122,109.96881308805794
29,3000,0.06059333164057099,-3.437383335982773,-1.472771521757017,-1.2809429526133327,-1.1021942350764649,-1.1059348365322754,-1.108529665488918,-1.1053062236546314,-2.684345951770787,-11.894792463185421,-1.1049672894613205,-5.525528238018088,29.892367821520708,20.17012375110209,26.63987012049172,16.329535849384875,10.9047681833996,4.230437250662709,3.5387155143127904,3.8290236812593754,1.321688769653801,-5.525528238018088,24.366839583502617,44.53696333460471,71.17683345509643,87.5063693044813,98.4111374878809,102.6415747385436,106.18029025285638,110.00931393411575,111.33100270376956
29,4000,0.06059333164057099,-3.6507172016081766,-1.0980000000000016,-1.0980000000000016,-2.706212646647092,-2.0211266287578904,-1.0980000000000016,-1.0980000000000016,-1.0980000000000016,-1.0980000000000016,-4.02627686636742,-5.819999999999936,32.487349379187535,21.82133284274537,25.25013376885194,13.271574955064898,7.597489489693373,10.988599278729613,3.4186585887835204,5.6132579393303335,1.3100000000000043,-5.819999999999936,26.6673493791876,48.48868222193297,73.7388159907849,87.01039094584979,94.60788043554317,105.59647971427277,109.01513830305629,114.62839624238663,115.93839624238663
29,6000,0.06059333164057099,-21.48344965709667,-1.18407702371365,-1.2572638781701002,-1.3599105636794206,-2.3661049645484553,-1.5518269912619953,-1.1213741274033717,-1.1182519750580004,-1.5704040623694997,-2.359090150632965,2.576332381559106,36.5227479284151,11.551897688480253,25.454317195239796,8.484228542501622,8.994638837818203,6.796730556536577,1.3208472719905808,3.7033675755469915,1.5406028815456843,2.576332381559106,39.099080309974205,50.65097799845446,76.10529519369425,84.58952373619587,93.58416257401407,100.38089313055065,101.70174040254123,105.40510797808822,106.9457108596339
29,8000,0.06059333164057099,-1.1177540928964815,-1.1095258473628178,-1.1159590614322785,-1.1208246613216741,-6.7284045221902185,-1.1165660893939167,-1.114819140318299,-1.107202943364668,-1.1448385556592218,-1.145039263188397,30.166679968528,9.513262783286518,15.370646831379997,19.78362759908044,8.2284136535093,12.27663161100196,5.655385624876661,1.365790454637346,1.7867038512561126,2.852638935807154,30.166679968528,39.67994275181452,55.05058958319452,74.83421718227495,83.06263083578426,95.33926244678622,100.99464807166288,102.36043852630023,104.14714237755634,106.99978131336348
30,250,0.06260954828635447,-1.1108820938402597,-4.065653819535494,-1.1083265611168565,-1.910490214848326,-1.1505859511819594,-1.1131452177440186,-1.1226591301173174,-1.1993397199643554,-1.1379205720090164,-1.1800007816857025,29.56227982328953,20.489078174915193,4.881261638036248,17.506798545841598,19.76660068405129,1.3142755836450353,7.7629808911131954,5.707183805579486,2.5717565131456834,2.066220795574807,29.56227982328953,50.05135799820472,54.93261963624097,72.43941818208256,92.20601886613386,93.5202944497789,101.2832753408921,106.9904591464716,109.56221565961728,111.62843645519209
30,500,0.06260954828635447,-1.1172621484407086,-1.1151783122447883,-1.1151800034744699,-1.1129234276691198,-1.106493838391789,-1.1356431248872358,-1.971627747491925,-1.1587388686215903,-9.50290379637692,-2.144393886229489,4.377521411688072,28.892485678965365,14.077522168615726,15.983059862640527,9.87867677307166,10.029688877458526,3.3079125365688817,7.803771611160961,5.761562448362765,8.423513893201516,4.377521411688072,33.270007090653436,47.347529259269166,63.330589121909696,73.20926589498136,83.23895477243988,86.54686730900876,94.35063892016973,100.1122013685325,108.53571526173401
30,750,0.06260954828635447,-13.835972311235622,-1.1360133564981085,-1.1245047399730774,-1.2512637518022798,-3.679512976522533,-1.1223844839502686,-2.673353897807953,-1.1083277552104898,-1.1238586436684725,-1.167987680173785,14.600873433631918,14.944717857361987,14.062883922899914,9.91266849964796,11.411659125253422,13.260083440536462,5.608853427267356,8.204414928590687,9.18933896799376,9.34265897128649,14.600873433631918,29.545591290993904,43.60847521389382,53.521143713541775,64.9328028387952,78.19288627933166,83.80173970659902,92.00615463518972,101.19549360318348,110.53815257446996
30,1000,0.06260954828635447,-1.1688317312542487,-1.180470748648144,-1.099839762636707,-1.1603967228237937,-4.21162355381469,-5.189139066707696,-1.1718222029116663,-1.1792024715067027,-1.1546704213320713,-1.193323467144039,7.722940962549746,21.87990783925227,13.405242482798847,15.038222974665803,5.182274256855099,10.319691857449996,7.49878564767452,6.899309678786583,3.586046453685536,8.213588871995182,7.722940962549746,29.602848801802015,43.008091284600866,58.046314259266666,63.22858851612176,73.54828037357176,81.04706602124628,87.94637570003286,91.5324221537184,99.74601102571359
30,1500,0.06260954828635447,-1.109428879008353,-1.1057629718722959,-1.1054740901450524,-1.12214749158632,-1.5956553045382886,-1.1124946520364007,-1.123165544085655,-1.1043983765444758,-1.1691788951078803,-1.1079275549036658,3.350362553422185,25.245632223557365,14.092716108551805,13.381560441134472,13.575025329439178,13.404323217732546,3.808665511921923,5.684315237926633,4.004397936290207,5.032085642492831,3.350362553422185,28.595994776979552,42.68871088553136,56.07027132666583,69.64529665610502,83.04961987383757,86.8582853857595,92.54260062368613,96.54699855997633,101.57908420246916
30,2000,0.06260954828635447,-2.3440885742498754,-1.464191378068362,-1.1208844521281556,-1.119007232727339,-1.105677451250993,-1.1217818166449214,-1.1290441635185777,-1.1235296206418495,-1.1264472891971664,-1.1168093489651882,8.546278509613813,21.850830963229924,7.66297023176336,13.044233399674784,16.364407005152195,12.545192901657892,6.4086862273771885,1.3426257159069035,3.0444466111013817,3.8999567819115164,8.546278509613813,30.397109472843738,38.0600797046071,51.104313104281886,67.46872010943409,80.01391301109197,86.42259923846916,87.76522495437607,90.80967156547744,94.70962834738896
30,3000,0.06260954828635447,-1.321460462006739,-1.8944043634592835,-1.1556551907138704,-1.1323834088513998,-1.1485177928002286,-1.230366941891082,-1.159472414803314,-3.1207154138637785,-1.132095893896408,-2.2926115196502783,12.951326544829481,18.98742878340295,20.33693676549925,16.344926869768706,5.245129708855508,6.921205202404888,4.468185335740067,2.914143989054882,4.586974146708994,1.914321280330036,12.951326544829481,31.938755328232432,52.27569209373168,68.62061896350039,73.86574867235589,80.78695387476078,85.25513921050086,88.16928319955574,92.75625734626473,94.67057862659478
30,4000,0.06260954828635447,-1.1082844425850782,-1.1094047270119285,-1.1020571145561258,-1.756661172671083,-1.529719095627013,-1.1079633919090859,-1.1101820859175793,-1.1058484327470226,-1.1040282697029506,-1.2436878575939785,12.406199137423716,21.811574445921337,9.874900422665625,14.73119524713115,15.709158762758705,8.243363844473595,3.6893719487421652,6.954642367398854,8.551567143596767,6.03730962404585,12.406199137423716,34.21777358334505,44.092674006010675,58.82386925314182,74.53302801590053,82.77639186037412,86.46576380911628,93.42040617651514,101.97197332011191,108.00928294415776
30,6000,0.06260954828635447,-1.5695387521013262,-1.1554324028585738,-1.0993980039137377,-1.9493930968118725,-1.1854225078268632,-1.1961418080502941,-1.111544629445337,-1.1018492787253855,-1.6122972058508784,-1.117267352883942,18.34993486827605,23.290792119440432,9.124578539210813,8.986909801447553,8.980343071456595,8.816174725605393,5.428255146398325,1.4764136747726462,2.968836842410721,6.697862032889843,18.34993486827605,41.640726987716484,50.76530552692729,59.752215328374845,68.73255839983145,77.54873312543684,82.97698827183517,84.45340194660781,87.42223878901854,94.12010082190838
30,8000,0.06260954828635447,-1.1477291661000053,-1.1421945667816673,-4.313236820237584,-1.1509774496547336,-4.68979266543532,-1.153917396589685,-1.1799506197144538,-1.1317602655873165,-1.1278120534262617,-1.1238316366826755,7.948220412106519,20.87719435710489,16.407342417632066,7.460700934968806,10.054078677017849,11.05146247595637,8.451470463173393,1.6581203050961557,2.8649661014894825,5.199736726382854,7.948220412106519,28.82541476921141,45.23275718684347,52.69345812181228,62.747536798830126,73.7989992747865,82.25046973795989,83.90859004305605,86.77355614454554,91.97329287092839
31,250,0.09249332459377652,-1.1329353608439474,-1.1368503912871812,-1.1142352730669711,-1.1108141347407003,-1.1470894359493093,-1.1271684942236684,-1.2604013526525173,-1.143573098015048,-6.3760789841288315,-1.127914564223412,7.082619569333222,39.631398269152285,16.872716449297457,13.871356688590453,7.762150990210706,5.605956044801751,3.8878918467722148,4.542310882133664,3.5626743955918725,4.557526603605119,7.082619569333222,46.7140178384855,63.58673428778296,77.45809097637341,85.22024196658413,90.82619801138588,94.7140898581581,99.25640074029177,102.81907513588364,107.37660173948876
31,500,0.09249332459377652,-21.313497780266943,-1.100966348723432,-1.3104261287813421,-1.1017089768343276,-1.1039249854416533,-1.1005026540255969,-1.1046990924718352,-1.0991385656948953,-16.688811783645257,-1.3323665110941976,1.4350854683543006,29.26656808788063,23.081738416061086,7.776966856365422,20.256799578492785,6.620668958860968,1.3487278334380028,6.985967888624085,1.3214277461884578,3.723716986404121,1.4350854683543006,30.70165355623493,53.783391972296016,61.560358828661435,81.81715840715422,88.4378273660152,89.7865551994532,96.77252308807729,98.09395083426575,101.81766782066988
31,750,0.09249332459377652,-3.6786896550343915,-1.1099689288959347,-1.123889270935794,-1.1143852646189725,-2.447385901586281,-1.1248070076828696,-2.372530323056182,-1.3867659037732052,-1.3688162232260073,-1.122588845754831,15.647072803689255,13.38320039020629,14.47419621615191,9.81022849614147,13.502118864508503,11.916939471095276,4.48221076329313,3.9636734811735206,7.122716552946535,1.3338903186213829,15.647072803689255,29.030273193895546,43.504469410047456,53.314697906188925,66.81681677069743,78.7337562417927,83.21596700508583,87.17964048625934,94.30235703920587,95.63624735782726
31,1000,0.09249332459377652,-1.1044664552283145,-1.109259141963601,-1.1065366933119631,-1.1082100822169756,-1.1162876101018258,-1.1112412310616384,-1.1070527927759377,-1.106092853925308,-1.1060367117638927,-1.1151439157689427,12.967616469924053,11.391600000215895,9.36286959609685,16.508631491203026,20.212700632896876,10.152183917395128,7.914742897307022,1.320882083933089,2.858659115831908,7.368564804809823,12.967616469924053,24.35921647013995,33.7220860662368,50.230717557439824,70.4434181903367,80.59560210773182,88.51034500503884,89.83122708897193,92.68988620480384,100.05845100961366
31,1500,0.09249332459377652,-1.1002272502166672,-1.1543668471761417,-1.107395824204111,-21.34743083877642,-1.7426131683527073,-1.1039572365196664,-1.1254575482707652,-1.1372642760529303,-1.1851692401104814,-1.173182920076485,12.749091676934029,22.23427444681502,3.206671178748504,10.402312308725172,14.666842068228,5.947815085256604,9.041307015118619,4.043671019229012,1.8273233870827155,9.767208010804964,12.749091676934029,34.98336612374905,38.19003730249756,48.59234961122273,63.25919167945073,69.20700676470733,78.24831377982595,82.29198479905496,84.11930818613767,93.88651619694264
31,2000,0.09249332459377652,-1.240287639788419,-3.176717271617977,-1.1249061849755133,-1.154871267354729,-1.38786909777426,-1.1176475473046306,-1.110820803777726,-1.1286130164922072,-1.1720301675762808,-1.1430045854423905,13.55324908695755,23.215457318773346,14.762338376171874,13.035984065397574,10.81777967939055,5.315595071893657,2.645678131530985,1.393337919415033,3.6268213977146333,10.324955509893783,13.55324908695755,36.768706405730896,51.53104478190277,64.56702884730035,75.3848085266909,80.70040359858456,83.34608173011554,84.73941964953057,88.36624104724521,98.691196557139
31,3000,0.09249332459377652,-1.9252479997858,-4.050544704393321,-1.0989061853749877,-1.100604271435338,-1.105386225129322,-1.1119043103633826,-1.1233705376336067,-2.8450406595863775,-1.110609888960758,-1.4849266649684567,16.330447344774544,31.733376649807468,14.265742946588787,3.0409223190144026,3.631632570321533,8.064172630375012,3.9842559768868893,5.5617812245170475,5.735821751830797,11.389379171295626,16.330447344774544,48.06382399458201,62.329566941170796,65.3704892601852,69.00212183050672,77.06629446088174,81.05055043776862,86.61233166228567,92.34815341411647,103.7375325854121
31,4000,0.09249332459377652,-1.5389631723041175,-1.1533679801225105,-1.317041907404659,-2.6980620756149225,-2.571141524007241,-1.2530021995145488,-1.2249187073462808,-1.239541868968998,-1.2882990326652255,-1.2671125532618235,11.692849899390616,28.399930836314013,16.241617050357398,8.564766135260072,3.7686798019714907,2.116916197267546,3.3054415771138252,4.2604377894010454,6.818085622039387,16.753608708023805,11.692849899390616,40.09278073570463,56.33439778606203,64.8991639213221,68.66784372329359,70.78475992056113,74.09020149767495,78.350639287076,85.1687249091154,101.9223336171392
31,6000,0.09249332459377652,-1.6145621675142365,-4.364535720398926,-1.3431112042530913,-2.374939053570875,-1.4782504490490211,-3.8014067512808403,-1.1580825788130071,-1.1569009234193746,-10.01680045213524,-1.1568177765632588,0.1325545105775402,33.54856019477026,15.315262670490895,13.853953380287365,10.880075616107824,4.176904033795335,3.561128734167923,6.47099646320877,5.103232783200344,10.26915594625865,0.1325545105775402,33.6811147053478,48.9963773758387,62.85033075612606,73.73040637223389,77.90731040602923,81.46843914019715,87.93943560340591,93.04266838660625,103.3118243328649
31,8000,0.09249332459377652,-1.125178392747534,-1.1270461691101135,-3.279682218187702,-1.1295059327175472,-1.779902394516912,-3.0892435201757573,-1.1216178583875442,-1.1622026353767698,-1.1439114783331181,-1.2032362221008552,24.800528394066724,26.976689874591806,19.603653742719224,8.669669012133483,1.4004857695124198,1.4117187886346647,7.759117187978605,3.9140530564508644,5.260639493113837,11.430992372300208,24.800528394066724,51.77721826865853,71.38087201137776,80.05054102351124,81.45102679302366,82.86274558165832,90.62186276963692,94.53591582608779,99.79655531920163,111.22754769150184
32,250,0.02133566111022434,-1.1040434435911561,-22.023661905918985,-1.104885448691796,-1.591968978115788,-1.105087317193366,-1.1024987128722228,-1.4511609505860328,-1.10363830601138,-1.107747216432454,-1.1074175532460644,63.85825300770604,1.3452680073647323,17.411861896646386,3.2033227245597873,4.627781526503458,7.454782616249592,11.631925723304143,1.3175267215652657,1.3200071139539995,4.4213417310556515,63.85825300770604,65.20352101507078,82.61538291171716,85.81870563627695,90.4464871627804,97.90126977902999,109.53319550233414,110.85072222389941,112.17072933785342,116.59207106890906
32,500,0.02133566111022434,-1.1255485639477305,-1.1054112792829112,-1.09831855322065,-1.1080924613211014,-1.1043665916817127,-1.1074050427009237,-2.9908876818431818,-1.3217202586345205,-1.1164119875271492,-1.3831827301105744,18.059363435303084,36.56224993129405,17.452665875007696,13.43298430090887,14.480436587663945,2.8743749370017895,1.3160459587040894,5.8910464357087164,5.013887682057668,1.4637969516049765,18.059363435303084,54.62161336659713,72.07427924160483,85.5072635425137,99.98770013017764,102.86207506717943,104.17812102588353,110.06916746159224,115.08305514364991,116.54685209525489
32,750,0.02133566111022434,-4.8494717440198905,-1.1055536443928085,-1.1058782101425284,-1.3726682249942108,-2.960910413496533,-1.1088958197029664,-4.904693533686194,-2.997538901954806,-2.6211331216821527,-1.1024884180107872,11.218605590773118,38.06311935914438,24.89514615033361,17.555176425088277,15.411779107040617,1.3122703358425816,1.312688029742692,1.31054842383623,1.3108137629892878,1.3111684034388285,11.218605590773118,49.281724949917496,74.1768711002511,91.73204752533938,107.14382663238,108.45609696822258,109.76878499796527,111.0793334218015,112.39014718479078,113.7013155882296
32,1000,0.02133566111022434,-1.105692000588308,-7.5990928522746195,-1.1035220375427803,-1.1049230424209648,-8.576626376716767,-1.120619469399962,-1.119062740038892,-1.1159311140632027,-1.1213617066260992,-1.1116351876515287,24.5962858756249,30.917247765224644,15.590999619985368,19.810621803934666,13.481152845068472,1.3179701903643894,1.323329179583987,1.3456458241195532,1.3399270571393664,1.3435259863521596,24.5962858756249,55.513533640849545,71.10453326083491,90.91515506476958,104.39630790983804,105.71427810020243,107.03760727978643,108.38325310390599,109.72318016104535,111.06670614739751
32,1500,0.02133566111022434,-1.1333327532865356,-1.1116076042354726,-1.1340150705840824,-1.1136303536629755,-4.675072156883807,-1.1119241530899893,-1.1161287349359093,-1.098718437898064,-1.1215473675263938,-1.1030998761940998,15.592542902572845,37.73073701876049,18.87218239503332,12.240653614555352,15.538095507650368,5.642584831753066,1.3375110729499822,1.333383000387613,1.356961086321383,1.337143765277033,15.592542902572845,53.32327992133334,72.19546231636666,84.43611593092201,99.97421143857238,105.61679627032545,106.95430734327543,108.28769034366304,109.64465142998442,110.98179519526145
32,2000,0.02133566111022434,-1.1539777889687572,-2.5958848639891787,-1.1505595097481254,-1.1511727147749147,-1.6393200843568128,-1.132084907276556,-1.1615908187848731,-1.1845177906095081,-1.1376779319632133,-1.1387359188642603,14.356340410038129,45.38869327999171,9.360864243342956,17.293514356423415,12.357399638148074,8.7918325598005,1.3621472605811658,1.3822409065352144,1.4639289247840281,1.3289582101295063,14.356340410038129,59.74503369002984,69.1058979333728,86.39941228979622,98.75681192794428,107.54864448774478,108.91079174832595,110.29303265486116,111.75696157964519,113.08591978977469
32,3000,0.02133566111022434,-1.7986916841427152,-22.07,-1.8425887297431551,-1.098,-1.3392342663406833,-1.098,-1.098,-10.988584271110687,-1.098,-3.3767479667413594,4.80793786138963,46.1,12.999125423830641,14.762677086588127,12.05451770529281,11.33340506044945,1.3100000000000023,3.954589460872114,3.0497285654900423,3.42903972030426,4.80793786138963,50.907937861389634,63.907063285220275,78.6697403718084,90.72425807710121,102.05766313755066,103.36766313755066,107.32225259842278,110.37198116391282,113.80102088421708
32,4000,0.02133566111022434,-1.1007726969073128,-1.2877283819514695,-1.1015537786942673,-4.536739738566158,-5.1460500666665805,-1.1016848085145026,-1.1011885091569065,-1.1036689891579798,-1.1006274523661066,-1.1056207790600872,20.47590442882025,41.16260332737704,18.53795798479962,18.920918280887562,6.307944504210738,1.7329085186074438,1.3827093925458982,1.3197986928791865,1.3164283358895505,1.3148316672476499,20.47590442882025,61.63850775619729,80.17646574099692,99.09738402188448,105.40532852609522,107.13823704470266,108.52094643724857,109.84074513012776,111.15717346601731,112.47200513326496
32,6000,0.02133566111022434,-1.804816308982595,-1.5075362086998714,-1.688047038683869,-5.499496133184815,-3.4686621163526934,-22.07,-1.098,-1.098,-1.098,-1.8329739242251364,23.055553111502128,35.148715786364725,26.05272059497365,22.480273966292145,1.3100000000000023,2.2063610061458974,2.416375534721439,1.3100000000000023,1.3100000000000023,1.3100000000000023,23.055553111502128,58.204268897866854,84.2569894928405,106.73726345913265,108.04726345913265,110.25362446527855,112.66999999999999,113.97999999999999,115.28999999999999,116.6
32,8000,0.02133566111022434,-1.1170263301683416,-1.139954402271468,-1.1240142370277626,-1.1251873220901318,-12.84266722746554,-1.1274074637292273,-1.125858653504082,-1.141228619404656,-1.1411026078019098,-1.1323758223717073,18.88350764787957,39.87701318562334,25.848018302982844,14.48351604967197,1.4967729221296335,5.268290139608787,1.9429652216315247,2.0105135454954253,2.2266476923902863,2.3356328735491365,18.88350764787957,58.76052083350291,84.60853913648575,99.09205518615772,100.58882810828736,105.85711824789615,107.80008346952768,109.8105970150231,112.0372447074134,114.37287758096252
33,250,0.09230769230769231,-5.156834247740658,-2.2385049081742787,-1.1064766707730807,-1.1040111124040637,-1.128453296627007,-1.1134668966757244,-1.1157485291205218,-1.7466014715785678,-3.196300872154369,-3.3234594133145183,29.528527660631596,11.610304602333919,17.545160338237416,19.425418534529648,10.925490985881858,7.367683329063544,2.3769151732472045,4.528702421695936,4.2418420023428896,1.354221139652335,29.528527660631596,41.138832262965515,58.68399260120293,78.10941113573259,89.03490212161444,96.40258545067798,98.77950062392517,103.30820304562111,107.550045047964,108.90426618761634
33,500,0.07547169811320754,-1.8308282238440245,-2.2310106837781296,-1.098,-1.2967500798524236,-1.098,-1.269811508147212,-21.182991838053944,-22.07,-22.07,-22.07,-0.2497042913846691,27.723984373041244,22.69758243313987,21.011378520618464,8.698837590988575,8.501409576293781,1.3100000000000023,1.3100000000000023,1.3100000000000023,13.652537866127119,-0.2497042913846691,27.474280081656573,50.171862514796445,71.18324103541491,79.88207862640348,88.38348820269727,89.69348820269727,91.00348820269727,92.31348820269727,105.96602606882439
33,750,0.08928571428571429,-1.2950230723022282,-1.2767913227319863,-1.803699386249745,-1.6341253966090603,-1.222418912716149,-1.2089615621009666,-1.2191975567834121,-1.1153800808407905,-2.429734518969023,-18.726768223740862,-0.23143780355145882,25.902783808240017,21.465351057832024,20.926944096480533,3.468373974679139,15.002000567663323,1.976005091164291,4.671544768669042,2.92895021827926,11.759936017735228,-0.23143780355145882,25.67134600468856,47.13669706252058,68.06364115900112,71.53201513368026,86.53401570134358,88.51002079250787,93.18156556117691,96.11051577945616,107.8704517971914
33,1000,0.04411764705882353,-2.2381202126820714,-1.6841213007826603,-1.1897978192533412,-1.6247737123705468,-1.127429120174416,-1.351672813296862,-1.1187352546906655,-1.3534789582823423,-1.1465959936062688,-1.136217687248017,14.312084324958299,10.297591176532002,25.943081589818505,20.03322708562385,3.73508477090736,10.675081671130464,3.4525359094984207,4.9921280692638845,5.612000003087456,7.934444302713036,14.312084324958299,24.6096755014903,50.552757091308806,70.58598417693266,74.32106894784002,84.99615061897049,88.44868652846891,93.4408145977328,99.05281460082026,106.98725890353329
33,1500,0.09433962264150944,-8.639125442978688,-1.8447998097000848,-1.2355987750489419,-1.454426967555289,-1.2616672164846938,-1.1798222482267526,-2.5376270712629374,-1.4574729093138785,-1.1999706251951614,-13.563408429700843,-0.24355622596130466,30.18856846764784,23.39545680468288,8.118462736479096,2.8931454244916477,15.342696131607632,6.450064018493116,4.349643612466611,3.7453755955435906,3.3735167927317953,-0.24355622596130466,29.945012241686534,53.340469046369414,61.45893178284851,64.35207720734016,79.69477333894778,86.1448373574409,90.49448096990751,94.2398565654511,97.6133733581829
33,2000,0.0967741935483871,-5.470769419648024,-1.1716409336892477,-1.1986777777112265,-1.979255219785317,-1.1420418328660977,-1.190879568183195,-1.5950820328564643,-1.3571475983548948,-2.3757548463884612,-7.8315194894705265,-0.2323311809582932,28.444009174119312,8.446087535458371,24.113367483402783,5.457283018546913,12.36728271936219,5.682102516028102,4.469806581254537,3.691449068506019,3.4459356928384244,-0.2323311809582932,28.211677993161018,36.65776552861939,60.771133012022176,66.2284160305691,78.59569874993129,84.27780126595938,88.74760784721391,92.43905691571993,95.88499260855835
33,3000,0.1016949152542373,-2.9432867229292627,-1.2246795115765727,-1.241772164800063,-1.4251809301567757,-1.767990721751767,-1.9025778065384853,-2.5145774373586303,-1.2230707362756297,-1.3552520657623393,-4.16700378914333,7.650149433101342,11.812661109323784,23.441957939225894,16.115802007674326,6.609221148194802,6.662497010206819,1.4857207476935042,1.9043568047786996,1.3372215682969575,6.1664715287871665,7.650149433101342,19.462810542425125,42.90476848165102,59.020570489325344,65.62979163752014,72.29228864772696,73.77800939542047,75.68236620019917,77.01958776849612,83.1860592972833
33,4000,0.05357142857142857,-1.104940091429493,-1.1242225982744443,-1.1158254363931501,-1.6162144195605666,-1.4490830655147784,-1.1074879193216454,-1.2759811836921566,-1.1025247114460448,-1.1172073361104595,-6.450084643365377,-0.2809315692980936,20.464997604322875,20.47305562072908,20.402776074086045,7.500838231041206,7.454387029692466,3.1551078493179117,2.3683746884966492,2.531377125930936,4.998140325619117,-0.2809315692980936,20.18406603502478,40.65712165575386,61.0598977298399,68.5607359608811,76.01512299057357,79.17023083989149,81.53860552838813,84.06998265431906,89.06812297993818
33,6000,0.06382978723404255,-1.1083867914343357,-1.5018252133496093,-1.147665311718558,-1.2689351956157817,-1.279334583991052,-1.3969832540025582,-4.18005687761983,-1.1820962573268687,-1.283003184880636,-3.77649275473771,20.172176134233354,9.856995709031793,22.248657750245386,9.160638131116599,10.111950846963499,10.345771917509694,3.199987738707101,3.566939924941309,3.39931371324262,2.293710484316887,20.172176134233354,30.029171843265146,52.27782959351053,61.43846772462713,71.55041857159063,81.89619048910032,85.09617822780743,88.66311815274874,92.06243186599136,94.35614235030825
33,8000,0.02127659574468085,-1.7071347726264703,-1.3231256232153643,-1.9902213940438873,-1.4054857374064014,-3.4658534898080733,-1.9245628780951631,-1.3944200343418314,-1.651489463332792,-1.479173742806152,-1.0987469493162445,-0.20945779553120059,25.40804496514137,19.78827131765111,13.62521362297539,9.526320272551931,12.676812114468895,4.782623704319661,3.906719657456005,4.5110431872611265,1.8202487845151087,-0.20945779553120059,25.19858716961017,44.98685848726128,58.61207211023667,68.1383923827886,80.8152044972575,85.59782820157716,89.50454785903317,94.01559104629429,95.8358398308094
34,250,0.06218956298138128,-1.0980520938147018,-6.491293614950234,-1.106780929040641,-1.3402469682085765,-1.1062236523458004,-1.1085656512986635,-1.100737125001673,-1.106713238135117,-1.1032112552209021,-1.1046117975359002,23.704516049734842,34.141425897022074,11.755886358042858,15.08716308501944,10.218013270483084,8.90232544863657,6.228265413428627,1.3215485217003602,1.3105233799486604,1.3149520957823322,23.704516049734842,57.845941946756916,69.60182830479977,84.68899138981921,94.90700466030229,103.80933010893887,110.0375955223675,111.35914404406786,112.66966742401652,113.98461951979885
34,500,0.06218956298138128,-1.1605409598259109,-1.1608098558356073,-1.2169747922473686,-1.1688901816773338,-1.1892020346409682,-1.1306848667399825,-1.4333992667315583,-1.9449843063378784,-4.355326207162541,-1.566732381242402,12.009735246885505,24.341559448601146,17.026849033953496,14.795969694141586,18.97560576448813,12.088107896121912,4.9284671435747605,5.282937543084881,4.546194572525188,1.369873605746042,12.009735246885505,36.35129469548665,53.37814372944015,68.17411342358173,87.14971918806987,99.23782708419178,104.16629422776654,109.44923177085143,113.99542634337661,115.36529994912264
34,750,0.06218956298138128,-1.181440441654472,-1.2490924735573756,-1.256319968799057,-1.2476886241927874,-1.89035352293961,-1.2010275614807746,-2.0185726998529487,-1.4724454033256422,-1.6816773790240571,-1.2313596899306756,-2.204303481579003,30.24811263562217,18.967849344799042,17.541541457913446,16.36556167718923,12.09156596226287,11.024972326933856,1.3571963897392427,8.515246501306773,1.4098154756013024,-2.204303481579003,28.043809154043167,47.01165849884221,64.55319995675566,80.9187616339449,93.01032759620776,104.03529992314162,105.39249631288087,113.90774281418764,115.31755828978895
34,1000,0.06218956298138128,-1.0980000000000005,-22.07,-1.0980000000000005,-1.0980000000000005,-4.561173113295427,-1.0980000000000005,-1.0980000000000005,-1.0980000000000005,-1.152899999999995,-1.0980000000000005,-5.819999999999997,43.708965671597284,20.488761095270952,22.02939436620524,13.305417318359257,5.277930341853679,8.371948707808208,6.61758249890517,1.3100000000000032,1.3100000000000032,-5.819999999999997,37.88896567159729,58.37772676686824,80.40712113307347,93.71253845143274,98.99046879328641,107.36241750109463,113.97999999999979,115.2899999999998,116.5999999999998
34,1500,0.06218956298138128,-1.098,-1.098,-1.098,-22.07,-1.9242180633102641,-1.098,-1.098,-1.098,-1.098,-1.1529,-2.208760235970745,39.90997149796319,15.277456549232276,19.231268168398614,10.629741258912958,5.74715179661834,8.164819941948181,9.166015246920963,7.063438741235487,3.6188970347407263,-2.208760235970745,37.70121126199245,52.978667811224724,72.20993597962334,82.8396772385363,88.58682903515464,96.75164897710282,105.91766422402378,112.98110296525927,116.6
34,2000,0.06218956298138128,-1.1800821297465998,-1.8969676034950966,-1.1250210598414967,-1.154809166094096,-1.3454226418749688,-1.1455026768607515,-1.1521758676287792,-1.1017444487349541,-1.1499121011288405,-1.1399806900719787,14.408462664375211,18.994313083473624,21.783079018189206,21.156741398726076,4.779174295611325,5.873295909407725,9.20917941253142,3.153320112815371,3.296250156762452,1.5338846423594417,14.408462664375211,33.402775747848835,55.18585476603804,76.34259616476412,81.12177046037544,86.99506636978317,96.20424578231459,99.35756589512995,102.6538160518924,104.18770069425184
34,3000,0.06218956298138128,-1.3553022254174683,-1.8406933364070466,-1.1416556790554573,-1.1280983190630947,-1.1258978566902718,-1.1282074771309345,-1.1208075552481884,-1.1259242596459127,-20.627492976074137,-2.4919347893703225,14.983150652613602,29.91604834769221,16.65491055152991,25.112394960019245,3.9914967218406776,3.07840569131006,8.502531975179235,2.31907975740089,5.4745819656003825,1.6942802255980753,14.983150652613602,44.89919900030581,61.55410955183572,86.66650451185497,90.65800123369564,93.7364069250057,102.23893890018493,104.55801865758582,110.0326006231862,111.72688084878428
34,4000,0.06218956298138128,-1.1718816205481855,-1.098,-1.098,-1.338274640252846,-1.3753266705927862,-1.0980000000001997,-1.098,-1.098,-1.1528999999998004,-1.313000865525883,7.673674326215896,30.522686089116647,20.34351639430482,26.988887711261526,4.035527310475999,6.153791706982929,9.279003577251856,2.2711437614739083,4.513728877682851,4.818040245233561,7.673674326215896,38.19636041533254,58.53987680963736,85.52876452089889,89.56429183137489,95.71808353835782,104.99708711560967,107.26823087708358,111.78195975476643,116.6
34,6000,0.06218956298138128,-1.6925395374745777,-1.1697456953232441,-1.1762968235572178,-1.7546108062850427,-1.407187363034721,-3.480964033637367,-1.1589272522960705,-1.173444022738094,-9.221738708536819,-2.135899176234366,18.064903163882683,36.331703089068085,16.88773581605826,23.402590458532124,4.843012940981062,4.817714011143451,6.361043899717627,1.3819230165320144,1.4515929234885956,2.7584010293130703,18.064903163882683,54.39660625295077,71.28434206900903,94.68693252754116,99.52994546852221,104.34765947966567,110.7087033793833,112.09062639591531,113.5422193194039,116.30062034871696
34,8000,0.06218956298138128,-1.1130499640329647,-1.1535283338153275,-3.3362737747020113,-21.732030721486296,-1.7676616654197703,-1.118606993359509,-1.1130317912230412,-1.1132273288422394,-1.1736435724201977,-1.13644963726452,14.817568500645734,22.165551151703625,35.53942303318934,4.624131111483527,7.611803948791838,12.33735848098317,10.120124923480056,1.333635226761161,1.3332174722365804,3.6249214126882308,14.817568500645734,36.98311965234936,72.5225426855387,77.14667379702222,84.75847774581405,97.09583622679722,107.21596115027728,108.54959637703844,109.88281384927502,113.50773526196326
35,250,0.04618219629067922,-1.1288349881608,-1.1075962775533505,-1.1123071156032158,-3.3619003291304344,-1.1115132116653557,-1.1174332964371394,-1.1079134550117706,-1.114374777313337,-1.1255611007601294,-1.123906186767374,5.089709314767402,46.09843532001944,11.037403270794982,9.857109882003357,15.059688272652295,5.276461602462202,8.77953170375198,3.2690284573505854,1.6754533373645104,8.33574439953586,5.089709314767402,51.188144634786845,62.22554790558183,72.08265778758519,87.14234606023749,92.41880766269969,101.19833936645168,104.46736782380226,106.14282116116678,114.47856556070263
35,500,0.04618219629067922,-1.2634911634175054,-1.2684233426308325,-1.9116920252526945,-1.1453866197637117,-1.2502210834597078,-1.2286483641907862,-2.440498326939843,-1.674209115598618,-1.3631356655062175,-2.5041178504180897,0.25901457039771136,37.11117860635959,16.964948299117516,15.1716747990368,21.39701402819098,7.052469990485886,1.467740217963592,10.067264876099081,1.4962767340878473,4.001196734651632,0.25901457039771136,37.3701931767573,54.33514147587481,69.50681627491161,90.9038303031026,97.95630029358848,99.42404051155208,109.49130538765115,110.987582121739,114.98877885639062
35,750,0.04618219629067922,-1.1126549722662145,-1.0987067323549493,-1.1385164775745085,-1.1369312275988075,-1.1082757044442506,-1.1220275410516507,-2.800344708996536,-1.8787923301828084,-2.2475805547240784,-1.1508978532568812,12.574009034912091,26.583308924095128,18.631770737076476,17.828244120492183,8.389545070059514,12.188906520395982,1.387530621380137,6.455137502783234,8.339951789889366,2.925486781511319,12.574009034912091,39.157317959007216,57.789088696083695,75.61733281657588,84.0068778866354,96.19578440703137,97.5833150284115,104.03845253119474,112.3784043210841,115.30389110259543
35,1000,0.04618219629067922,-1.1236622939269831,-1.1233318257129037,-1.1219782337922184,-1.1179009379759144,-1.117680727048746,-3.12968575862692,-1.122249079428907,-1.1197219337283157,-1.1144162935232007,-1.1336250848271363,14.408449338952494,19.079943063492912,12.579334068387787,11.607963050079057,14.891327871945876,14.269046733345995,1.3304925808271548,4.08113741110404,3.0977921323645425,12.310147802843176,14.408449338952494,33.488392402445406,46.06772647083319,57.67568952091225,72.56701739285813,86.83606412620412,88.16655670703128,92.24769411813531,95.34548625049986,107.65563405334304
35,1500,0.04618219629067922,-1.104793192508362,-1.106370157130006,-1.1035350210010608,-1.1063299244472544,-1.1056687324751064,-1.1058327489466921,-1.1076590367157437,-1.107486066157532,-1.1073539878243168,-1.1104756967406129,3.3761373632836698,41.2048590714369,17.216233407786703,11.545170003301905,9.080518490718767,19.176966454130827,2.1594478609863383,3.792694062959864,1.3226959289561755,3.0419546341043997,3.3761373632836698,44.58099643472057,61.79722984250727,73.34239984580918,82.42291833652794,101.59988479065876,103.7593326516451,107.55202671460496,108.87472264356114,111.91667727766554
35,2000,0.04618219629067922,-8.987383179473007,-1.7339291860321149,-1.1435666337043715,-1.1501491308110947,-4.006741983116511,-1.1505884672764117,-1.1478055095444013,-1.145575671450561,-1.1746076959704568,-1.1410862993766284,7.592657469995782,16.754628317876943,21.16741786340603,21.422368238200548,5.8563376883952145,24.701886442914457,1.4151597782818106,2.3578178435486876,3.6443973768928384,5.994797851607078,7.592657469995782,24.347285787872725,45.51470365127875,66.9370718894793,72.79340957787451,97.49529602078897,98.91045579907077,101.26827364261946,104.9126710195123,110.90746887111938
35,3000,0.04618219629067922,-2.222010703743216,-1.662243698862862,-1.2059677557788833,-1.242490292453454,-1.3877192595243908,-1.236079397230673,-1.2805785277595845,-2.856595979189357,-1.245245360784662,-20.17013021068712,6.122636175802985,34.01583548600113,8.641915885361168,16.239794733524427,13.534825127849155,11.25267243240543,1.5320273617754276,5.518293357779971,1.960671217719332,2.4598076571838323,6.122636175802985,40.13847166180412,48.78038754716529,65.02018228068971,78.55500740853887,89.8076798409443,91.33970720271974,96.8580005604997,98.81867177821904,101.27847943540287
35,4000,0.04618219629067922,-1.5701184267155632,-1.1076971375876092,-1.1130013130954155,-3.5567371146889712,-1.1216513003805755,-1.1364696743113534,-1.163139086537044,-1.1166498684765727,-1.1062841792960394,-7.735384981395605,13.745930036050737,16.436601648255262,15.247873514213943,22.605778969790407,6.389326215342869,14.974245473200398,3.695556698534162,7.962128758025756,6.191592310762168,5.298486002905179,13.745930036050737,30.182531684306,45.43040519851994,68.03618416831034,74.4255103836532,89.3997558568536,93.09531255538776,101.05744131341352,107.2490336241757,112.54751962708087
35,6000,0.04618219629067922,-1.9376018756744102,-1.484146738143056,-1.1226842536279467,-2.9192041026774653,-2.244961819217791,-1.1599498981867904,-1.1208188029281825,-1.1219409348283884,-2.229817175457245,-1.6026815334215732,27.748511324075494,26.09006707152089,8.816169224466604,17.691243303508852,1.3391617981564012,16.056511235200155,3.0365729159754635,4.486721269585051,6.177246583061152,1.3400242847567383,27.748511324075494,53.838578395596386,62.65474762006299,80.34599092357185,81.68515272172824,97.74166395692839,100.77823687290386,105.26495814248891,111.44220472555006,112.78222901030679
35,8000,0.04618219629067922,-1.1043916202347368,-1.109570436882459,-7.843169937268986,-8.633825663879504,-1.1328757750880156,-3.470566717516988,-1.1366397743802843,-1.1233752760142866,-1.1230281226485002,-1.1194902950401622,5.296487009074375,44.99038009622522,19.51715237066795,7.28669361665391,1.3479157984671928,16.402782680263762,4.896841979190572,7.226921329655893,6.477564605661396,1.3326161757661965,5.296487009074375,50.2868671052996,69.80401947596755,77.09071309262146,78.43862889108865,94.84141157135241,99.73825355054298,106.96517488019887,113.44273948586027,114.77535566162646
36,250,0.04566061096909439,-1.1156418068712273,-1.1083719848259452,-1.1142145140730464,-1.4625849152304875,-1.1090839795545628,-1.1080021766793475,-1.1198191584665547,-1.1130310872736922,-1.1126281997574115,-1.1193278569646674,14.339741726111711,20.161330959736304,5.270892846248643,1.343811080213876,24.68161350355578,16.472912548972126,20.569003359365652,3.3430113697018875,2.3238131676742375,1.3567278527655224,14.339741726111711,34.501072685848015,39.77196553209666,41.11577661231053,65.7973901158663,82.27030266483843,102.83930602420408,106.18231739390596,108.50613056158019,109.86285841434571
36,500,0.04566061096909439,-1.1507541225166174,-1.1295333103509284,-1.1342523611460926,-1.1315907121957212,-1.1053840263551535,-1.127466690303458,-1.1323102460354555,-1.8489212343413346,-1.1323917129020225,-2.5574056616416483,18.001233502012433,23.617249072141007,1.3564984448807085,1.3568167296081501,27.34451287445009,17.323851468322964,9.578726707416351,9.115885638921768,7.30184280824103,1.360998429586866,18.001233502012433,41.61848257415344,42.974981019034146,44.331797748642295,71.67631062309238,89.00016209141535,98.5788887988317,107.69477443775347,114.9966172459945,116.35761567558137
36,750,0.04566061096909439,-1.6342416256363976,-1.1229974327959051,-1.1232946542120832,-1.1272702894055215,-1.1945695443286022,-1.11689917667149,-2.7021170256131484,-1.8562625281569787,-1.9162391382971427,-1.1871571907192684,13.607901070606225,20.769755649527617,1.5816328181811858,4.416974760419624,24.339966991670693,16.07540640675252,12.027713716891668,5.24430969704062,6.8492591462590156,2.56190357720506,13.607901070606225,34.37765672013384,35.959289538315026,40.376264298734654,64.71623129040535,80.79163769715787,92.81935141404954,98.06366111109016,104.91292025734917,107.47482383455423
36,1000,0.04566061096909439,-1.1126921456187189,-1.1269967529131886,-1.1308323871899697,-1.1380054861592996,-3.3767492537141743,-21.011941139686385,-1.1296189579942872,-1.135020472282803,-1.130285984890004,-1.123942523543814,14.747211527467257,1.3391170236713732,10.183300706806904,17.167654537212613,16.223564083200955,18.35819087267656,8.210842652014815,1.3474524975121587,4.192132108362669,3.9656424622680158,14.747211527467257,16.08632855113863,26.269629257945535,43.43728379515815,59.66084787835911,78.01903875103567,86.22988140305048,87.57733390056265,91.76946600892532,95.73510847119334
36,1500,0.04566061096909439,-1.108686525378615,-1.1091758018837719,-1.1059206318356045,-4.070721690083287,-3.186379464546369,-1.1111596723173816,-1.1165611941146785,-1.116880830437136,-1.1027822666777882,-1.1477525228569116,6.3953602906053035,16.54305538227961,24.075358404425273,10.454986635910632,7.961110031094936,17.700890619159402,9.761844779837904,6.33906031010927,5.880966762321965,1.3699824675835215,6.3953602906053035,22.938415672884915,47.01377407731019,57.46876071322082,65.42987074431575,83.13076136347516,92.89260614331306,99.23166645342233,105.1126332157443,106.48261568332782
36,2000,0.04566061096909439,-1.3327527782566646,-1.5019048796457923,-1.104417748004784,-1.115383934559107,-1.4928676554708922,-1.1255737653011915,-1.0988251700205,-1.1372788867866328,-1.135737153836308,-1.1189588256497558,-5.653437603872096,36.66894332326672,16.156122565649177,4.423016261923118,4.051520788505778,28.396263473396772,6.18107342686551,4.152247662666095,6.79749587928001,8.679569406788545,-5.653437603872096,31.01550571939462,47.171628285043795,51.59464454696691,55.64616533547269,84.04242880886946,90.22350223573497,94.37574989840107,101.17324577768107,109.85281518446962
36,3000,0.04566061096909439,-20.456005849329767,-1.372945336533339,-1.4991887245339275,-1.0980000000000005,-1.3153509331537494,-1.0980000000000005,-1.0980000000000005,-2.3713184203084072,-22.07,-2.571869992325725,-5.82,37.65468098143721,11.33021674295555,10.203573439843304,6.168179997014722,24.098883261985648,7.708531326629586,11.26697008953494,12.678964160598824,1.3100000000000032,-5.82,31.83468098143721,43.16489772439276,53.36847116423606,59.53665116125079,83.63553442323644,91.34406574986602,102.61103583940096,115.28999999999978,116.59999999999978
36,4000,0.04566061096909439,-2.5518093928723786,-1.4291580527555379,-1.3110728305804882,-2.29051640940321,-2.4128142561473744,-1.262243531946265,-1.2278495525939324,-1.2791636580686014,-1.2834146076303665,-1.9670738847574967,-5.213390341620251,42.783203083558504,5.143550013537016,7.530190341964527,12.84714153229858,16.528173712211178,7.647888145185135,9.08473496776164,4.113841286785696,1.4563473172563102,-5.213390341620251,37.56981274193825,42.713362755475266,50.24355309743979,63.09069462973837,79.61886834194955,87.26675648713469,96.35149145489632,100.46533274168202,101.92168005893834
36,6000,0.04566061096909439,-1.629654494812324,-1.1418087551474692,-1.2319461229364599,-3.007042317881716,-1.8823687023897708,-2.2334525119009676,-1.1412049648570473,-1.1384082250514105,-1.4779212984480683,-1.183834862893434,19.69173919914035,19.971713421943917,7.760235426122787,3.794286994541979,14.680545675971928,15.339189646575356,7.079320768993991,5.851361561428483,8.166150476686425,6.94465915645851,19.69173919914035,39.66345262108427,47.42368804720705,51.21797504174903,65.89852071772096,81.2377103642963,88.3170311332903,94.16839269471879,102.33454317140522,109.27920232786373
36,8000,0.04566061096909439,-1.1896265904949095,-1.192587408833111,-1.1827602985847658,-1.1872803766846682,-1.178969208344414,-1.1652843087465903,-1.1697190007538771,-1.1523671402388747,-1.1676615666079462,-1.2329691091056216,17.21424245730732,22.527666905025455,6.063219083588958,2.015933055026731,21.244943298120056,7.532270269297236,8.701294739987475,3.4465621555632016,8.621535370307363,4.038182184719471,17.21424245730732,39.74190936233278,45.80512844592174,47.82106150094847,69.06600479906852,76.59827506836575,85.29956980835323,88.74613196391643,97.3676673342238,101.40584951894327
37,250,0.08054024989354293,-1.1359816466157775,-1.1287310158483814,-1.1621580330978114,-2.88518271796082,-1.1407471188475098,-1.16369935997202,-1.138143119848019,-1.1415898646036213,-1.1631379126420693,-1.1738274274737726,34.453983046687156,16.254488537269822,12.943802815463954,3.034019278211007,25.664623298064974,1.386689217552476,8.296613302139779,5.261935095411715,3.6131568464205754,2.735490706484928,34.453983046687156,50.70847158395698,63.65227439942093,66.68629367763194,92.35091697569692,93.73760619324939,102.03421949538917,107.29615459080088,110.90931143722146,113.64480214370639
37,500,0.08054024989354293,-1.1311918110589265,-1.1082336423582064,-1.104659383863026,-1.1400530989074351,-1.1355465212340654,-1.1586233633492187,-3.8440268138319027,-1.1828254567926546,-3.528222942423673,-1.7099413020305638,19.989628582727754,26.43361666597484,11.609920365563532,7.748074349253216,17.472005736498268,7.427174509884949,4.54086575352566,5.543381653868931,3.935299751075208,4.59534031268112,19.989628582727754,46.42324524870259,58.033165614266125,65.78123996351934,83.2532457000176,90.68042020990255,95.22128596342822,100.76466761729715,104.69996736837236,109.29530768105347
37,750,0.08054024989354293,-1.1929256763600753,-1.1167236580934636,-1.1408336621378856,-1.1219209662992187,-1.9496882140439258,-22.04502010803199,-3.2719990043803513,-1.7012839738115373,-1.6511921864515733,-1.1046688058938372,26.332328835297872,12.224964090576158,15.614607346900051,16.772383638111144,12.063260984827522,7.080146400903324,6.013052815184622,5.621997837938061,5.834761899739689,8.571814366863467,26.332328835297872,38.55729292587403,54.17190027277408,70.94428391088522,83.00754489571274,90.08769129661607,96.1007441118007,101.72274194973875,107.55750384947844,116.1293182163419
37,1000,0.08054024989354293,-1.123180111738253,-1.1107553516455648,-1.1221865547052952,-1.1031354759770098,-1.1074106897005298,-21.802504897450554,-1.0981241222759959,-1.133087249818637,-1.1046010554354262,-1.1042744343408444,13.793885095424898,21.217497980454205,12.661207704608877,18.22310257328718,10.158046373916605,14.255720630332,5.278530899967171,4.262538092968985,3.3724020731071622,7.033318057553547,13.793885095424898,35.0113830758791,47.67259078048798,65.89569335377516,76.05373972769176,90.30946035802376,95.58799125799092,99.8505293509599,103.22293142406707,110.25624948162061
37,1500,0.08054024989354293,-1.1068215398265768,-1.1015945652093118,-1.1129780040508717,-21.6831119366123,-2.0904254904367994,-1.112802891931603,-1.1097424667616127,-1.1561597657377491,-1.1129488747619085,-1.1291200140627742,17.454163909053623,21.184034823937395,5.936975574327775,13.41845212351649,13.948211027703984,21.818884110593938,3.3851844172252235,4.953843179707244,3.2665945511714245,5.683165150434375,17.454163909053623,38.638198732991015,44.57517430731879,57.99362643083528,71.94183745853925,93.7607215691332,97.14590598635841,102.09974916606566,105.36634371723709,111.04950886767146
37,2000,0.08054024989354293,-1.1040896115011547,-1.3627799384175514,-1.1043474315645092,-1.1041122526845766,-1.210185115011864,-1.1011735193997563,-1.1120864823499064,-1.1080926697364877,-1.1225190443353563,-1.1030185759455313,19.36055012125812,3.50166706246368,25.800657153361854,12.072761630016778,7.2279060212759525,23.22457871436653,4.3696392439257785,1.3318066034744103,3.7587158852752705,4.723994099381828,19.36055012125812,22.862217183721803,48.66287433708366,60.735635967100436,67.96354198837639,91.18812070274292,95.5577599466687,96.8895665501431,100.64828243541837,105.37227653480019
37,3000,0.08054024989354293,-1.389026241396898,-1.82891879151535,-1.146788757276243,-1.1502896239271978,-1.1754429016762011,-1.1556452572766394,-1.138895035617034,-2.276210105154629,-6.157029740764168,-2.6974916481311144,13.14818672532186,20.863088932325688,7.617896947079746,16.48173606441089,14.712690923977643,12.809491412008121,8.039482112426633,1.4777602169808608,1.8523980855582192,1.387738496925432,13.14818672532186,34.011275657647545,41.62917260472729,58.110908669138176,72.82359959311582,85.63309100512393,93.67257311755057,95.15033333453142,97.00273142008965,98.39046991701508
37,4000,0.08054024989354293,-1.5978305908183432,-1.1411772818660162,-1.1553618093905218,-1.8049958106805981,-1.861769854798014,-1.156309013364194,-1.122916833686538,-1.1546887019070073,-1.1478460438250715,-1.1522131564037292,6.462278563609548,28.612514987895942,13.498845454595504,4.683348453946955,21.87029071160923,13.715245000622211,9.120496217455862,3.9797776473412245,8.198870789535318,3.5280184844511897,6.462278563609548,35.07479355150549,48.573639006101,53.25698746004795,75.12727817165718,88.84252317227939,97.96301938973525,101.94279703707647,110.1416678266118,113.66968631106299
37,6000,0.08054024989354293,-1.403836405602048,-1.2852006612966624,-2.1424726207443396,-3.8593168506306736,-1.8777478764640665,-4.217632361060698,-1.0980000000003995,-1.098,-1.1844095131656063,-1.098,-5.82,32.30316855439642,21.138475511578413,26.811119994303752,16.29728406530299,8.172111940969998,5.875549407670917,5.699221164596068,4.813069361181434,1.3100000000000023,-5.82,26.48316855439642,47.621644065974834,74.43276406027859,90.73004812558158,98.90216006655157,104.77770947422249,110.47693063881856,115.28999999999999,116.6
37,8000,0.08054024989354293,-1.121706055668394,-1.1170411785856227,-9.127758731970157,-1.1250088249265482,-5.601670191265203,-6.387498378218634,-1.1193184700263838,-1.108785748454355,-1.17453118831691,-1.3509650882812383,23.644312224319677,25.100573993897612,11.299623594170619,10.592029133515965,26.630138643546857,3.469527347550473,9.736486467625504,1.368074333052153,1.4407650972818464,1.3998268173108581,23.644312224319677,48.74488621821729,60.04450981238791,70.63653894590388,97.26667758945074,100.7362049370012,110.47269140462672,111.84076573767886,113.2815308349607,114.68135765227156
38,250,0.07750151458269905,-1.104254541304381,-4.4685517472663,-1.1064326617342113,-1.1825069159277048,-1.1363170718548288,-1.1081279171747482,-1.1106291163246054,-1.1321586323079584,-1.1039442067200662,-1.1005459715187076,61.170462863191375,1.393744737690633,11.928846336226314,6.140940194140917,6.899061112488493,7.642732848513948,7.578113190100826,6.405382975493843,3.851934668697739,1.3210695188095576,61.170462863191375,62.56420760088201,74.49305393710833,80.63399413124924,87.53305524373773,95.17578809225168,102.7539012823525,109.15928425784634,113.01121892654407,114.33228844535363
38,500,0.07750151458269905,-1.1181501388401491,-1.12641841386024,-2.3604870495643855,-1.1241003930100013,-1.139250807265964,-1.1265800553575787,-2.1443857853690034,-1.1291134899150088,-1.1373980039427027,-1.1267382383135498,21.650837359991108,22.618712751705644,9.532098176415278,4.47097758760243,17.011354568511685,7.058327163289462,14.01233838492438,1.6617908314918193,1.3640141834066881,1.3349883548804726,21.650837359991108,44.26955011169675,53.801648288112034,58.27262587571447,75.28398044422616,82.34230760751562,96.35464599244,98.01643682393181,99.38045100733851,100.71543936221897
38,750,0.07750151458269905,-3.83640968869355,-1.165585119054393,-1.1471916938007611,-1.1605318640279525,-2.167053800038258,-1.1366568330310534,-1.4971462915984959,-1.676344844865368,-2.0824446848923066,-1.1932752862792184,14.840520747617138,30.30494156763435,15.549019757665645,12.319022593565197,8.221220269759,10.623318391814975,8.512001697502454,5.516397362538263,1.4860181596709126,2.753381819700131,14.840520747617138,45.14546231525149,60.69448207291714,73.01350466648233,81.23472493624134,91.85804332805631,100.37004502555877,105.88644238809702,107.37246054776793,110.12584236746807
38,1000,0.07750151458269905,-1.1140156652257152,-1.112347450894745,-1.1029280637477625,-1.098502624613148,-1.1090637118827567,-7.6493664790009985,-1.111220538753539,-1.1303939453410645,-1.1095316200085235,-7.815543882684545,15.44633637229412,21.310695713627453,8.347388899184697,14.157400413038163,10.992859697950168,10.554398872011538,9.071633278328525,7.286633681032971,4.331684624111485,1.8095135865289063,15.44633637229412,36.75703208592157,45.10442098510627,59.261821398144434,70.2546810960946,80.80907996810613,89.88071324643465,97.16734692746762,101.49903155157911,103.30854513810802
38,1500,0.07750151458269905,-1.1126653871643732,-1.1124414669462612,-1.1477820100968548,-1.128104066930244,-3.2490718959991387,-1.1172158712624514,-1.1185743828285974,-1.1238555541391992,-1.1210540280142212,-1.1328618882000403,15.479915203199901,18.99624997884449,14.659730228873514,9.75650548077829,6.576013651610152,12.494149500634087,11.134316411320963,5.228538183097202,2.9624896220756707,2.8091087238587384,15.479915203199901,34.47616518204439,49.135895410917904,58.8924008916962,65.46841454330635,77.96256404394043,89.0968804552614,94.3254186383586,97.28790826043426,100.097016984293
38,2000,0.07750151458269905,-1.3275799545029723,-4.111335624956361,-1.1125667528787662,-1.1188971457792647,-1.6488352795483823,-1.1185951399170544,-1.1107483066525456,-1.107344027055123,-1.1169170749420925,-1.1218379645705712,20.456869942762893,17.486657683276874,6.21804942667476,10.840813221864625,4.2514801324259,19.517289787102364,5.705494745422936,5.574751447947232,6.046786595099759,3.618691872656533,20.456869942762893,37.94352762603977,44.16157705271453,55.002390274579156,59.25387040700505,78.77116019410741,84.47665493953035,90.05140638747758,96.09819298257734,99.71688485523387
38,3000,0.07750151458269905,-1.1455611975032105,-5.62586262659492,-1.14436048283188,-1.1079357158049574,-1.1074931997366282,-1.1205837672555639,-1.1438237486062994,-1.7815157256743068,-7.057453097024114,-1.5881152391076854,15.97313500112265,14.615889861222339,21.106729207337377,10.396655966063484,4.523633476569418,5.220427733623096,2.8745540348926144,5.116246714924349,8.324352802692934,2.6519432003560186,15.97313500112265,30.58902486234499,51.695754069682366,62.09241003574585,66.61604351231527,71.83647124593837,74.71102528083098,79.82727199575532,88.15162479844825,90.80356799880427
38,4000,0.07750151458269905,-1.110609940102718,-1.1114457831742404,-1.101837748812296,-1.0997087806243686,-1.137387537634298,-1.1068556477879667,-1.1079088110023871,-1.1155874627325733,-1.1020893509814647,-1.1054104950639205,11.5406112721564,28.53068084471696,15.857588039661792,12.39557966495876,4.861379553557688,9.614298785928963,2.797227929670213,12.93443309996616,9.82766016768209,3.2996859188565026,11.5406112721564,40.071292116873366,55.92888015653516,68.32445982149392,73.1858393750516,82.80013816098057,85.59736609065078,98.53179919061694,108.35945935829903,111.65914527715553
38,6000,0.07750151458269905,-1.141073860651162,-1.1326772284698916,-1.1345810306774262,-1.71166461822021,-1.1256087011839497,-1.6299959115308518,-1.1348360934646493,-1.1224092726380697,-1.5206445115467435,-1.141840906059671,26.38775772698125,36.399861885811546,6.546389073859057,9.398198286901923,7.811555245684826,8.156451140338387,1.3443416842404656,4.212115805412838,6.585211354832463,1.356074357681405,26.38775772698125,62.787619612792795,69.33400868665186,78.73220697355379,86.54376221923862,94.700213359577,96.04455504381747,100.2566708492303,106.84188220406277,108.19795656174418
38,8000,0.07750151458269905,-1.132752641618573,-1.0997786130264768,-3.2791378433800666,-1.1335200534294847,-1.649428181096677,-19.471872921573457,-1.1482341071044981,-1.1346562778491842,-1.144198082079431,-1.1543507913000512,60.701415945753055,3.7880726624216132,15.225873699449817,6.180835036406572,6.143796040966079,5.16955856811933,10.260882616710923,3.7671778217522967,3.676538739221188,1.3957153952394687,60.701415945753055,64.48948860817467,79.71536230762449,85.89619734403107,92.03999338499715,97.20955195311647,107.4704345698274,111.2376123915797,114.91415113080089,116.30986652604035
39,250,0.06260954828635447,-1.1341298495032053,-5.813652072310097,-1.133658987562601,-2.364808371782007,-1.1436041934026804,-1.1486838321999397,-1.140687863096351,-1.1583597790591305,-1.1392182437746898,-1.149883567926186,27.49183927134503,12.786234149479704,4.578670842736489,14.955042519441754,17.882502295573374,1.3571535539511368,8.18169606351412,4.914585821961499,3.4655142640969974,1.7281382004180914,27.49183927134503,40.27807342082473,44.856744263561225,59.81178678300298,77.69428907857636,79.0514426325275,87.23313869604162,92.14772451800312,95.61323878210011,97.3413769825182
39,500,0.06260954828635447,-1.2117844698448423,-1.1395668635214493,-1.0984998635168743,-1.1631125639691202,-1.1378768669913768,-1.1526009327239812,-2.261926404599641,-1.2787910075823126,-8.468084163322793,-1.942466620902934,2.8341906042615665,18.166278576757144,12.96343616562816,13.651541394537468,16.723792601885364,15.918737596859991,3.4432984146916805,7.246989620881269,4.4359127449826214,6.716331583121832,2.8341906042615665,21.00046918101871,33.96390534664687,47.615446741184336,64.33923934306969,80.25797693992968,83.70127535462136,90.94826497550262,95.38417772048524,102.10050930360707
39,750,0.06260954828635447,-16.673764328085504,-1.126091598209729,-1.282027482798067,-1.2467490559573067,-2.642236819142627,-1.1309572788027085,-2.301710375016653,-1.1411942085137512,-1.1155437655146638,-1.1942112421481568,17.208689868450104,15.408211918140928,9.117408790803637,9.346686909869497,13.679763517737786,17.15278849330563,6.275173445365628,7.348739199296192,9.224179322118843,7.363828017140747,17.208689868450104,32.61690178659103,41.734310577394666,51.08099748726416,64.76076100500195,81.91354949830759,88.18872294367321,95.5374621429694,104.76164146508825,112.125469482229
39,1000,0.06260954828635447,-1.1090630176167622,-1.1148576826898515,-1.1111690118380793,-1.1143169139625333,-5.372209211992306,-5.136720257211593,-1.1082116415118786,-1.1078957456432188,-1.1104677978093456,-1.1058043551083943,7.270563737714781,19.196143527044768,12.601060074974534,15.625179043323236,8.535756994400344,14.892239004629033,6.727232084430611,5.797046676517574,3.461931335978676,7.72480082728277,7.270563737714781,26.46670726475955,39.06776733973408,54.69294638305732,63.22870337745766,78.1209423820867,84.8481744665173,90.64522114303489,94.10715247901356,101.83195330629633
39,1500,0.06260954828635447,-1.1287990642426533,-1.108809684421364,-1.1229436753335942,-1.1396053106358144,-1.6490854440837381,-1.1091361837838773,-1.127594593989425,-1.122996578052577,-1.124239080829085,-1.1583544867590403,2.3708287144684004,32.390671622224744,9.110693993984093,15.655425728929984,11.589135063542628,14.010793876265843,5.703659198383168,6.468693933023879,3.3966847331138155,6.135470428815239,2.3708287144684004,34.761500336693146,43.87219433067724,59.52762005960722,71.11675512314986,85.1275489994157,90.83120819779886,97.29990213082274,100.69658686393656,106.8320572927518
39,2000,0.06260954828635447,-2.0204211461183608,-1.1702657554114129,-1.1567836305424968,-1.1675924298202334,-1.408131357321124,-1.1390811275901496,-1.1840172441608279,-1.164038196987799,-1.1565948408020321,-1.187948712966001,8.16490268350971,17.507002623863524,6.900586696948164,12.536656753460889,16.205839688231922,17.889236958346505,6.223449049186148,1.3886604813271697,2.8157240174883293,3.830155825006033,8.16490268350971,25.671905307373237,32.572492004321404,45.10914875778229,61.31498844601421,79.20422540436071,85.42767445354686,86.81633493487402,89.63205895236236,93.46221477736839
39,3000,0.06260954828635447,-1.516970879164452,-1.7883874328477756,-1.115436021112199,-1.1012686919261991,-1.1001255120554072,-1.1080975814003615,-1.1096213084457096,-2.498212441243716,-1.1093462247510355,-2.2116877323051263,13.259011851285571,13.228488320027125,16.38779882117617,17.270235734971827,16.90119606298537,6.6039601231550975,4.8245146435591995,3.285389231202153,4.526251952144159,2.088750459500126,13.259011851285571,26.487500171312696,42.875298992488865,60.14553472746069,77.04673079044606,83.65069091360115,88.47520555716035,91.76059478836251,96.28684674050668,98.37559720000681
39,4000,0.06260954828635447,-1.1351613031943892,-1.117247259907804,-1.100210730309089,-1.8792601558740745,-1.3445620355169825,-1.1107672984925743,-1.100168248470386,-1.1306937919342661,-1.1006327565030318,-1.1351097437128574,15.59484076009975,15.494345482682867,18.866003391339405,14.511476898093669,16.194774687366397,7.375093600932907,3.242331812494095,7.299783599565412,7.564876235988663,6.090298843761598,15.59484076009975,31.089186242782617,49.95518963412202,64.4666665322157,80.66144121958209,88.03653482051499,91.27886663300909,98.5786502325745,106.14352646856317,112.23382531232477
39,6000,0.06260954828635447,-1.1377735158544926,-1.1460193665501635,-1.1314086869886646,-1.9010311228571792,-1.3578728594333516,-1.2212707002685508,-1.172434852891111,-1.14520961258272,-1.3536375888130223,-1.1419351967848659,20.60358891291164,30.338533163621406,7.358349108046392,11.615139778999001,11.523532027490369,7.447076886911569,5.332490001785452,1.59984085263633,2.6106177775755093,5.847461984223596,20.60358891291164,50.942122076533046,58.300471184579436,69.91561096357844,81.43914299106882,88.8862198779804,94.21870987976584,95.81855073240217,98.42916850997769,104.27663049420129
39,8000,0.06260954828635447,-1.1260849002674997,-1.1524970620124617,-3.8735262940492214,-1.1524660847898476,-5.93457237386918,-1.1640898043326535,-1.1327700537905456,-1.1614842949623139,-1.128297902100973,-1.1429389331506448,16.1447819441294,15.974176718851027,15.88870979985434,8.612039163280727,9.433293609106357,10.346128249779511,6.881357776516889,1.5330126923967073,2.7431781632185785,5.8524269420386315,16.1447819441294,32.118958662980425,48.007668462834765,56.61970762611549,66.05300123522184,76.39912948500135,83.28048726151825,84.81349995391496,87.55667811713353,93.40910505917216
40,250,0.06391403109432253,-1.102306754284561,-8.532418772861266,-1.1235144465319262,-2.7821265660769265,-1.1075801405867187,-1.124481476165518,-1.3784228354385526,-1.1171029356451982,-1.1013682217402474,-1.1232028723391685,3.6937114259058443,40.23403440622553,23.067953254295674,8.216975317055315,6.493102454809415,13.274774769205877,9.966508436404062,4.93420449383135,4.097731786929369,1.3304900136991513,3.6937114259058443,43.92774583213138,66.99569908642705,75.21267440348237,81.70577685829178,94.98055162749766,104.94706006390172,109.88126455773306,113.97899634466243,115.30948635836158
40,500,0.06391403109432253,-1.098,-1.098,-1.9273562873200967,-1.098,-1.1529,-1.098,-6.59798883093297,-2.408023401218386,-1.098,-3.8784770955541354,13.720105283422376,24.602613498369855,11.079749375507433,13.213340860807207,21.825824893530168,13.843439158001573,4.674004466618953,6.091165354671716,6.239757109070709,1.3100000000000023,13.720105283422376,38.32271878179223,49.402468157299666,62.61580901810687,84.44163391163704,98.28507306963861,102.95907753625757,109.05024289092928,115.28999999999999,116.6
40,750,0.06391403109432253,-1.121203232162419,-1.1208507964903074,-1.122404181487986,-1.1249952470732736,-2.3672161487566727,-1.1187591015212588,-5.821321577585833,-5.423136605181895,-4.80027482364344,-1.1233203938462544,10.414764817825262,23.76069006701345,18.77120203363377,16.508328795832796,20.021176374534726,9.806325123563042,9.006389564420221,1.3415987961632485,1.343058745643706,1.3494598537392597,10.414764817825262,34.175454884838715,52.946656918472485,69.45498571430528,89.47616208884,99.28248721240304,108.28887677682326,109.63047557298651,110.97353431863021,112.32299417236948
40,1000,0.06391403109432253,-1.1054389764046353,-1.1291067998147288,-1.0982800099366279,-1.129129190367045,-1.1203195746089598,-16.627008941616978,-1.130662023585443,-1.1290341859218755,-1.1144207327908022,-1.107074458919227,-5.653370288659586,24.895723455913625,24.63221830302699,26.052467891132103,15.287548887088434,14.72207829164779,5.792516628698921,6.224131138451188,1.3246357195741787,1.3220631800667362,-5.653370288659586,19.242353167254038,43.874571470281026,69.92703936141314,85.21458824850157,99.93666654014936,105.72918316884828,111.95331430729946,113.27795002687364,114.60001320694037
40,1500,0.06391403109432253,-1.1397003004464437,-1.8165896280706306,-1.1663765864515372,-1.1573677557474094,-2.6586477951924543,-1.173698899622988,-1.1737460764006076,-1.1915594060163928,-1.1639930167648886,-1.176331186587459,-5.383739278055094,40.49603753280593,28.444532331197387,16.09415690709232,13.030844028071392,12.52696437014377,3.6794758316867213,1.3408565480728987,1.3729769277111306,1.3883046605415266,-5.383739278055094,35.11229825475083,63.55683058594822,79.65098749304053,92.68183152111192,105.20879589125569,108.8882717229424,110.2291282710153,111.60210519872643,112.99040985926796
40,2000,0.06391403109432253,-1.3027012255973895,-1.5724009062093796,-1.1122447349954196,-1.098902463981021,-1.5968492044357916,-1.1658944747558588,-1.114874240626483,-1.1173066001792065,-1.1245069637817249,-1.1350882518795302,8.033604611542309,27.511930944106602,22.065254624915553,17.61808556205756,12.93362428053381,7.902829692552615,4.489213269249483,4.533342236169863,2.375115226171702,1.3710410207518136,8.033604611542309,35.54553555564891,57.610790180564464,75.22887574262202,88.16250002315583,96.06532971570844,100.55454298495792,105.08788522112778,107.46300044729948,108.8340414680513
40,3000,0.06391403109432253,-2.164642701569958,-1.5846133541825445,-1.51176119738359,-1.098,-1.1529,-1.098,-1.098,-4.655399300902205,-1.098,-3.505619176252321,-5.82,39.60546313750584,14.404401954118626,11.685869507889095,9.877856629877442,21.587432467858193,9.507807828191815,7.185180842323774,7.255987632235204,1.3100000000000023,-5.82,33.78546313750584,48.18986509162447,59.875734599513564,69.753591229391,91.3410236972492,100.84883152544101,108.03401236776479,115.28999999999999,116.6
40,4000,0.06391403109432253,-1.6453747121109665,-1.1650140931784705,-1.1199664591884821,-1.73739309846871,-2.052630891537593,-1.1662012858119901,-1.1598989246001694,-1.14650157353377,-1.157369223934626,-2.1142260337626073,10.131550629964451,38.87687365703266,14.051460842183193,7.307175607367938,16.289312017628326,17.7830898732038,4.684711154961182,1.3416394395833446,1.342405753833094,1.3427211131875811,10.131550629964451,49.00842428699711,63.0598851291803,70.36706073654824,86.65637275417657,104.43946262738038,109.12417378234156,110.4658132219249,111.808218975758,113.15094008894557
40,6000,0.06391403109432253,-2.243813119792036,-1.098,-1.4142603882808513,-22.07,-2.0277517228007613,-17.63879093807658,-1.098,-1.098,-1.098,-2.2669801517482244,13.126778699674517,23.235296029240445,12.27815174808405,17.82451249892987,16.169184009766653,13.949181901305508,5.722591059797722,7.339496370797022,5.644807682404206,1.3100000000000023,13.126778699674517,36.36207472891496,48.64022647699901,66.46473897592888,82.63392298569553,96.58310488700104,102.30569594679876,109.64519231759579,115.28999999999999,116.6
40,8000,0.06391403109432253,-1.1008681227307098,-1.1036651195233347,-1.098418793465731,-1.1023881250725962,-11.366854684044863,-1.1040895476566308,-1.1008990793182938,-1.1035247271358877,-1.109435790017184,-1.0997644332711993,16.403546389117118,36.17635729749732,15.73572457237388,1.3591252145901627,17.442185149371767,6.505733731542357,5.426084885792594,7.012832211750677,5.93824978827716,1.3143769424911107,16.403546389117118,52.579903686614436,68.31562825898831,69.67475347357848,87.11693862295024,93.62267235449261,99.0487572402852,106.06158945203588,111.99983924031304,113.31421618280415
41,250,0.06260954828635447,-1.1147678090978708,-6.117693639998204,-1.114898614272313,-2.320182580360822,-1.1100191216775273,-1.1065374028938126,-1.1143701539818178,-1.0996325740100719,-1.1056334247525414,-1.1208841533922425,23.23469194680274,29.517054918440266,3.656889111961073,12.30512158921783,25.204223795429876,1.3290299395252059,6.816833406538553,5.255018712355804,3.163639586764692,1.759345664819028,23.23469194680274,52.75174686524301,56.40863597720408,68.7137575664219,93.91798136185179,95.24701130137699,102.06384470791554,107.31886342027134,110.48250300703603,112.24184867185505
41,500,0.06260954828635447,-1.138788972995521,-1.178475129623302,-1.1640820208299674,-1.1562332311935386,-1.1503416963844795,-1.135544001022524,-3.2228562666134426,-1.2266708976642442,-8.564912130054466,-2.531195202158653,4.626256633176938,29.677855989152015,12.883583406685753,2.8498921276689764,14.482607715097576,10.317701813591363,3.3619091347292174,8.285500725651813,4.36239408580199,7.332037796904295,4.626256633176938,34.30411262232895,47.1876960290147,50.03758815668368,64.52019587178125,74.83789768537261,78.19980682010183,86.48530754575364,90.84770163155564,98.17973942845992
41,750,0.06260954828635447,-16.04301438122254,-1.2139432009282105,-1.180185863557868,-1.1720888706534849,-2.234619001174275,-1.158064895531687,-2.5015337876251325,-1.1404293338615776,-1.186254521584941,-1.218964160094306,13.004921934295103,14.180041030612546,22.299074003208446,13.72213753897829,11.796736346590617,8.902303667752458,6.2058489767547425,7.158571008573731,9.17500656071803,7.949518571767145,13.004921934295103,27.184962964907648,49.484036968116094,63.20617450709438,75.002910853685,83.90521452143746,90.1110634981922,97.26963450676593,106.44464106748396,114.3941596392511
41,1000,0.06260954828635447,-1.2037693735614439,-1.2111825827152987,-1.2240894768433424,-1.210070940684031,-4.409766503158293,-3.4147704960524576,-1.158167853977444,-1.1918008788869567,-1.213622814669364,-1.2815159912384795,6.046924042356952,18.719676895394883,14.98784454034758,19.95829128909362,4.941037720364495,25.329720799764914,5.431803084025487,6.010216128205158,2.573381712581794,5.760279675196726,6.046924042356952,24.766600937751836,39.75444547809941,59.712736767193036,64.65377448755753,89.98349528732244,95.41529837134793,101.42551449955309,103.99889621213488,109.75917588733161
41,1500,0.06260954828635447,-1.1107537540933654,-1.1104902583089937,-1.1113747333361172,-1.1093807012980847,-1.6883493519885828,-1.1093435954636548,-1.1143019239782088,-1.124558778838105,-1.1136375488059174,-1.106680638007889,3.2577436528038266,39.307679280228456,12.130882177584397,10.471635468939652,11.914401927651951,9.773470126321385,6.688971083796851,4.902702680433974,4.174132088750264,5.771186203227174,3.2577436528038266,42.56542293303228,54.69630511061668,65.16794057955633,77.08234250720828,86.85581263352967,93.54478371732651,98.44748639776049,102.62161848651076,108.39280468973793
41,2000,0.06260954828635447,-1.1796340443168725,-1.1465260040834284,-1.145638685596377,-1.1405466082996902,-1.5475079943362573,-1.151428601386252,-1.1420597274800555,-1.1400765329613933,-1.1504341107791243,-1.1852573820019288,10.849543720207265,20.575208276015246,7.225889914422851,9.851782871470956,19.1745023725221,16.17883974483165,7.614150925654709,1.415508781182302,2.6118218794075103,3.6768868696336554,10.849543720207265,31.42475199622251,38.65064191064536,48.50242478211632,67.67692715463842,83.85576689947007,91.46991782512478,92.88542660630708,95.4972484857146,99.17413535534826
41,3000,0.06260954828635447,-1.0986920432133767,-2.2471187696444943,-1.149673126908783,-1.1433296401293713,-1.1391250245446027,-1.1018631553403222,-1.1278670516619123,-3.3249017361306237,-1.144996769485276,-2.2385749501107353,13.449927977221467,18.880409963318378,8.39776040777634,16.644861789225466,17.747685408984886,7.930944631929154,4.034440933590833,2.771516973493095,4.56250845871209,1.8088152945739144,13.449927977221467,32.33033794053985,40.72809834831619,57.372960137541654,75.12064554652653,83.05159017845568,87.08603111204651,89.8575480855396,94.4200565442517,96.22887183882561
41,4000,0.06260954828635447,-1.1554184956542128,-1.1241005839087987,-1.1428517184321554,-1.723742891386324,-1.5371182990749028,-1.1510685012937372,-1.1369001535459338,-1.135092097421802,-1.136068169660526,-1.1656804391939497,14.292664442070173,13.077748536857865,17.126466813115332,15.040445773963949,13.17355060898503,8.450072137061293,3.2033681267731637,7.222453792524601,8.408481995045074,6.699939273667921,14.292664442070173,27.370412978928037,44.49687979204337,59.537325566007326,72.71087617499235,81.16094831205365,84.36431643882682,91.58677023135142,99.9952522263965,106.69519150006442
41,6000,0.06260954828635447,-1.4946381265459863,-1.1208266611135982,-1.1485833849663951,-1.512814314063109,-1.1377235321772026,-1.16434559214921,-1.1410800997988053,-1.171988785194682,-1.5962443176244703,-1.1457016947596381,29.674600928198444,28.77636441808164,8.301177539881358,10.825248715955745,10.07269603060752,5.775525919985284,4.5297261422590065,1.5393658240919579,2.957079588177887,6.487061870897644,29.674600928198444,58.450965346280086,66.75214288616144,77.57739160211719,87.6500876327247,93.42561355270999,97.955339694969,99.49470551906096,102.45178510723885,108.9388469781365
41,8000,0.06260954828635447,-1.1215008561471653,-1.1372388915344005,-3.6035548439443126,-1.1349116080460773,-4.457362926903503,-1.1259758801119348,-1.1259905252514608,-1.1333477480225986,-1.1305123761198788,-1.1210630000136268,22.50048233872795,20.75855806304142,15.108843202628044,8.167310522102184,8.978659112627856,13.437503189572187,7.513845447653223,1.414884863453156,2.6909318096415387,4.480988875799817,22.50048233872795,43.25904040176937,58.36788360439741,66.53519412649959,75.51385323912744,88.95135642869963,96.46520187635285,97.880086739806,100.57101854944754,105.05200742524735
42,250,0.03503537676758136,-1.1052959989704232,-8.631096047678941,-1.099184546019563,-1.6576395125007095,-1.0995293703200204,-1.1011875125532113,-1.1004621732490105,-1.1033080499764814,-1.107924228946421,-1.1210196480320027,30.61733795188465,23.597384778354638,9.430789324368583,16.650715868705873,1.336543930522756,1.3304345347716193,4.237253434657859,12.49840313108552,8.010428962296075,5.493189016183896,30.61733795188465,54.21472273023929,63.64551205460787,80.29622792331375,81.6327718538365,82.96320638860811,87.20045982326597,99.6988629543515,107.70929191664757,113.20248093283146
42,500,0.03503537676758136,-1.1066735736915883,-1.1188708189633338,-1.1758943535769735,-1.1464703019430034,-1.1382670221748175,-1.1229106954235086,-5.228162908408425,-2.320010766681957,-1.112911427165356,-10.193900800722112,9.780946302324104,35.724003884608265,11.779603286770797,12.857124871083577,13.377594656438532,8.14774836341574,4.115455788000496,3.2610863826264582,3.025459411777878,6.59734259467486,9.780946302324104,45.50495018693237,57.28455347370317,70.14167834478675,83.51927300122529,91.66702136464103,95.78247715264152,99.04356353526798,102.06902294704585,108.66636554172071
42,750,0.03503537676758136,-1.1121326262440956,-1.122832052780339,-1.1581364647787358,-1.108050958679942,-3.4964647346207123,-1.1282895758818015,-11.44054114588689,-2.0725603114480347,-1.9697537340997462,-1.1042147791862886,16.595795546390796,24.752041186130683,12.22852659556007,5.759277468002992,13.595784214294696,6.584876187813158,5.467021404020116,8.063177148729125,12.808019865606447,4.907932842538864,16.595795546390796,41.34783673252148,53.57636332808155,59.33564079608454,72.93142501037923,79.5163011981924,84.98332260221251,93.04649975094163,105.85451961654809,110.76245245908696
42,1000,0.03503537676758136,-1.1019820324582579,-10.289806071517788,-1.1743504566241585,-1.1846416454576811,-1.1700906202731547,-20.843651365683144,-1.1410463820508134,-1.1651483288925109,-1.138023806518135,-1.1370882273507252,10.419115351018569,27.797599332830124,14.97128385662122,15.975562078361943,9.879796805437572,8.567056952464505,5.523142582092435,6.699531543276503,7.330378694451529,6.986002164648834,10.419115351018569,38.21671468384869,53.18799854046991,69.16356061883185,79.04335742426943,87.61041437673393,93.13355695882636,99.83308850210287,107.1634671965544,114.14946936120323
42,1500,0.03503537676758136,-1.127729907929384,-1.1043769176689708,-1.1151459361484322,-8.791594029758087,-3.836095141730757,-1.1092282049645594,-1.1098189196729442,-1.165884922155021,-1.1112365449776092,-1.1529043122718954,11.558530585859472,34.77679018842653,5.852682429148306,6.889764997800889,10.921431089322631,12.279168609740985,8.067434660694357,11.151354773123373,2.157826098844243,1.31570869723766,11.558530585859472,46.335320774286004,52.188003203434306,59.077768201235195,69.99919929055783,82.2783679002988,90.34580256099316,101.49715733411654,103.65498343296078,104.97069213019843
42,2000,0.03503537676758136,-1.947595522537017,-4.099225308393683,-1.182586983249776,-1.1583082103775193,-1.26846790903598,-1.168435761031139,-1.2178801460443318,-1.2203850408847936,-1.1694538557768106,-1.1986333841501828,-5.228989901243381,43.6580784441598,16.662961544715714,9.589780429358566,4.900128069914,8.518248483752558,6.95565681978789,6.507727696186777,7.539349173407292,2.8494065437797698,-5.228989901243381,38.42908854291642,55.09205008763213,64.6818305169907,69.5819585869047,78.10020707065726,85.05586389044515,91.56359158663193,99.10294076003922,101.95234730381898
42,3000,0.03503537676758136,-1.3630277578827057,-2.754349946442284,-1.1283939007861354,-1.1330997471455628,-1.1214624586220925,-1.1265159734320171,-1.132056742801396,-1.1147986956858302,-1.153644154273782,-1.2057216018101267,8.779166328687474,18.781860085265883,4.576083994900346,25.247461901903094,7.919524821471555,8.758666335004698,10.434832234848592,9.422096858557033,10.52020936811184,4.280160759014173,8.779166328687474,27.561026413953357,32.1371104088537,57.384572310756795,65.30409713222835,74.06276346723305,84.49759570208164,93.91969256063868,104.43990192875052,108.72006268776468
42,4000,0.03503537676758136,-1.3134618636451734,-1.1333646255089107,-1.1693770143220883,-1.1028164233565332,-2.5670101931643394,-1.1442721408749081,-1.1754810892193746,-1.1711468331146153,-1.1017490322802237,-1.2871788399469342,6.417849051013505,17.27915154584386,18.410459900398507,11.01730960988915,12.21325788755128,16.713914305881097,4.123443138585198,8.640633342351048,7.570369668134383,3.07562478260035,6.417849051013505,23.697000596857364,42.10746049725587,53.124770107145025,65.3380279946963,82.0519423005774,86.1753854391626,94.81601878151365,102.38638844964802,105.46201323224838
42,6000,0.03503537676758136,-2.048228019842777,-1.1098230526652269,-1.1211817637464743,-1.9570769414819784,-1.118122990982192,-1.333883116740512,-1.1247224076209463,-1.1172973442858325,-1.475615280132371,-1.5006166953073583,9.692285810290453,30.47684151845165,20.26120527668278,9.503038825662838,7.528309943348473,15.017129451789204,1.9726125280750457,4.671094861661832,5.266296476684708,6.069906253151633,9.692285810290453,40.16912732874211,60.43033260542489,69.93337143108772,77.4616813744362,92.4788108262254,94.45142335430045,99.12251821596227,104.38881469264697,110.4587209457986
42,8000,0.03503537676758136,-1.1034995639268583,-1.109738294087295,-2.2954781074466197,-1.1141727869947031,-1.7537822418866735,-1.8733747071983409,-1.1057491679159628,-1.1871684276152359,-1.1164119326048971,-1.1284942646107097,20.48193804312303,13.51292349979527,15.174935310317295,8.062121093591223,9.281289261446787,25.19519971480981,7.303773351993552,8.219853037374435,2.2632258560862866,1.381355521356209,20.48193804312303,33.9948615429183,49.169796853235596,57.23191794682682,66.5132072082736,91.7084069230834,99.01218027507696,107.23203331245139,109.49525916853767,110.87661468989388
43,250,0.05665797818939302,-1.0994790868695552,-1.1314633717699767,-1.152117818296658,-2.0909469288743345,-1.2018345802521782,-1.101538749242636,-1.123298170585179,-1.158904645355598,-1.1631317338202893,-1.1329634902580095,-5.430494774246419,45.28744314856928,20.05135154903892,15.050364422720534,7.346922229467101,16.714794621359395,6.780390061814659,1.3467000347541358,1.3559194847047644,1.3103094622144424,-5.430494774246419,39.85694837432286,59.90829992336178,74.95866434608232,82.30558657554941,99.0203811969088,105.80077125872346,107.1474712934776,108.50339077818236,109.81370024039681
43,500,0.05665797818939302,-1.098,-1.098,-1.3969938972423228,-1.098,-1.098,-1.098,-22.07,-5.27145900794209,-1.098,-1.098,-5.82,38.74253924299878,14.951967071592371,15.71085389440371,11.560890145337687,15.642404783153225,9.999156547170301,3.435580176991138,2.7803706772009775,2.8342475540532774,-5.82,32.92253924299878,47.87450631459115,63.585360208994864,75.14625035433255,90.78865513748578,100.78781168465608,104.22339186164722,107.00376253884819,109.83801009290147
43,750,0.05665797818939302,-1.1751851059854994,-1.2450758084985227,-1.146863855681814,-1.1419080717424674,-13.428861923495774,-1.1188050694827893,-2.6070682563371754,-2.9498573993104564,-1.9218832312811371,-1.1644910671270625,-2.0522062025745704,27.535104023705756,24.397790589300605,17.569749881548532,3.8181225424882967,18.45650753413048,12.633377695561027,1.5572466674639402,1.4327891924920841,6.465442175422002,-2.0522062025745704,25.482897821131186,49.88068841043179,67.45043829198032,71.26856083446862,89.7250683685991,102.35844606416012,103.91569273162406,105.34848192411614,111.81392409953814
43,1000,0.05665797818939302,-1.149252008364896,-1.127826356525572,-1.123724504735141,-1.133557571480333,-1.1396016852284325,-1.1225083998027965,-1.1419763137336796,-1.1311493678773163,-14.542837935874068,-1.1256429077956702,6.859786435703791,17.347453213852162,27.50269345335245,13.917709332526627,2.012778927491518,27.082262960482467,5.393285447140427,2.099836370178773,3.1427524357209506,7.880491142452691,6.859786435703791,24.20723964955595,51.7099331029084,65.62764243543504,67.64042136292656,94.72268432340903,100.11596977054946,102.21580614072823,105.35855857644918,113.23904971890187
43,1500,0.05665797818939302,-1.1107413489008007,-1.1396665877425214,-1.140814313993832,-1.1120280711845436,-1.606614269025925,-10.560012511856318,-1.1114757077921933,-1.1214430472870758,-1.1286548791822635,-1.12003033648715,13.487060942622616,21.381078086474794,14.471097556413902,7.2280611452662065,13.842224882367354,22.770471895637165,8.956435128334945,5.627197894668827,6.641273377575224,1.3343467066054497,13.487060942622616,34.86813902909741,49.33923658551131,56.56729773077751,70.40952261314487,93.17999450878204,102.13642963711699,107.76362753178581,114.40490090936103,115.73924761596648
43,2000,0.05665797818939302,-1.4371043922928894,-1.422030305575722,-20.81431779745074,-1.1436913768823418,-1.163492407571587,-1.1266273078615212,-1.117206274009908,-1.2955814092942295,-1.2244748338345,-1.173149964253028,-2.6717626618459978,29.293671386414246,29.73104462172239,7.159641555300844,8.922654205293565,16.91100536738339,7.272053924384608,4.872398043489609,3.6568989728958954,1.4511310514620916,-2.6717626618459978,26.62190872456825,56.35295334629064,63.512594901591484,72.43524910688505,89.34625447426845,96.61830839865306,101.49070644214267,105.14760541503856,106.59873646650064
43,3000,0.05665797818939302,-1.1257578407447393,-1.2396653398666166,-1.1411384274863208,-1.136582948118777,-1.1207057065609147,-1.1211514412725228,-1.1241183611009706,-2.0239059743844408,-1.1151490850919603,-1.9693687045451806,3.701028702106992,24.398125494034787,13.177800305853221,14.910126969010797,8.10493335330208,18.6613583813522,5.026195362926774,11.61261794545964,12.916201454392418,2.3751978745080162,3.701028702106992,28.09915419614178,41.276954501995,56.1870814710058,64.29201482430787,82.95337320566007,87.97956856858684,99.59218651404649,112.50838796843891,114.88358584294693
43,4000,0.05665797818939302,-1.1630011889382907,-1.1919348561251955,-1.150661429194236,-1.4472318056544369,-1.6758767663984546,-1.1350785836549209,-1.150636665164531,-1.1519842132902403,-1.1567156075888212,-1.5406013959125673,2.633317331869643,34.024529774465904,14.329609790433096,20.852769974691206,7.8818494740750324,11.327166903397455,5.0456102513538745,3.18819197361851,6.9410329220012414,3.5450199014083914,2.633317331869643,36.657847106335545,50.98745689676864,71.84022687145985,79.72207634553487,91.04924324893233,96.0948535002862,99.28304547390472,106.22407839590596,109.76909829731436
43,6000,0.05665797818939302,-2.233151148138818,-1.13000226945885,-1.1704185553796749,-1.7856861193958027,-1.444688782599815,-3.869720240748579,-1.1443402047147242,-1.1228948743061606,-3.3382698902200865,-1.5523156291563696,0.8994115967225014,46.08726788294112,25.47139235076019,16.18959323750301,1.364514298273591,7.926565715971366,1.369073280612091,1.3695705544764083,3.0845286194136987,8.138149803345902,0.8994115967225014,46.98667947966362,72.45807183042382,88.64766506792682,90.01217936620041,97.93874508217178,99.30781836278386,100.67738891726027,103.76191753667398,111.90006734001987
43,8000,0.05665797818939302,-1.0980000000000005,-1.0980000000000005,-4.896828325017112,-1.0980000000000005,-4.326219187229273,-22.07,-1.0980000000000005,-1.0980000000000005,-1.0980000000000005,-1.152899999999995,0.7678547646856008,29.834552140568885,25.95481126949404,12.176953735003941,21.739470836789252,10.310698017374651,1.3100000000000032,5.12371347316051,5.0727286518827555,4.309217111040358,0.7678547646856008,30.602406905254487,56.55721817474853,68.73417190975246,90.47364274654171,100.78434076391636,102.09434076391636,107.21805423707687,112.29078288895963,116.59999999999998
44,250,0.05770266419590983,-1.1102779667762714,-4.0272588548419055,-1.1064930807070348,-1.3886101562816537,-1.1056128794944247,-1.114719451823889,-1.1062784409538735,-1.1065843185670694,-1.1138097741381503,-1.113041953559021,13.27549011344859,36.26678745797763,11.947815371700692,13.190731407333278,20.02935874574466,1.334732532557756,1.317813949990867,5.752490951253742,3.950985128205578,8.904937126664976,13.27549011344859,49.54227757142622,61.49009294312691,74.68082435046018,94.71018309620484,96.0449156287626,97.36272957875346,103.1152205300072,107.06620565821278,115.97114278487776
44,500,0.05770266419590983,-1.1356749718474979,-1.13568295242275,-1.1793747483105794,-1.1048410970482387,-1.1543009837566096,-1.1360803710814054,-4.485379999226035,-1.106520691275958,-16.8342506726897,-1.109177692642326,15.957020830813676,20.02154396267894,7.818070919195655,1.9699297491570533,23.219985240480142,4.5551924601109,11.779265974377221,2.476709787527154,1.3250845226050925,14.55650244390506,15.957020830813676,35.978564793492616,43.79663571268827,45.766565461845325,68.98655070232547,73.54174316243638,85.3210091368136,87.79771892434076,89.12280344694585,103.67930589085091
44,750,0.05770266419590983,-2.582410816505508,-1.1039384708833806,-1.1352117599370044,-1.1083507959439975,-2.8085441399986104,-1.1048916841698668,-1.8378670126536738,-1.3943289291028726,-1.357756913817973,-1.1107973331416487,16.83739558280795,18.5793489719972,10.70458023171566,10.879973400393023,6.244122323292,11.575413274839672,9.765662103726118,5.44882543194592,7.17538755055425,4.41963959197089,16.83739558280795,35.41674455480515,46.12132478652081,57.00129818691383,63.24542051020583,74.82083378504551,84.58649588877162,90.03532132071754,97.21070887127179,101.63034846324268
44,1000,0.05770266419590983,-1.241098071434486,-17.154737553073694,-1.2506487395193555,-1.2192716150477896,-1.1924831411959982,-1.1887650601315922,-1.2236066148766596,-1.175939292364351,-1.2372683577524022,-1.2743303317336792,13.844613509061308,24.17003872777274,12.37911300022611,9.672632673168795,6.3557318536100595,8.693143827658167,6.775568998180116,6.3438017328633265,2.8113221391485608,4.044917104738579,13.844613509061308,38.01465223683405,50.393765237060165,60.06639791022896,66.42212976383902,75.11527359149719,81.8908425896773,88.23464432254063,91.04596646168919,95.09088356642776
44,1500,0.05770266419590983,-1.1230080483352776,-1.1194220612494343,-1.1163246601420234,-21.83324910238626,-1.8949721930443162,-6.197350801545774,-15.244739654489557,-1.1190192500205396,-1.1205407834015833,-1.1316198954792027,10.803856753251523,26.503748682059864,1.5953456530969823,6.078661264609101,9.238747740097029,16.15085039838661,7.884413025513963,8.469525277790055,8.310920515639875,5.993503518912977,10.803856753251523,37.30760543531139,38.90295108840837,44.981612353017475,54.22036009311451,70.37121049150112,78.25562351701508,86.72514879480514,95.03606931044501,101.02957282935799
44,2000,0.05770266419590983,-1.2957812212925846,-1.5830129835763938,-1.105817254641262,-1.1192641818485307,-1.1023251209708085,-1.1135130679491807,-1.1132028311572117,-1.120768513325869,-1.1142518927621068,-1.1172405338834612,11.482845778187503,10.227974738691174,10.97353326627546,10.292234969607097,10.961769209547093,9.5880631027877,15.122868996467698,4.316516093721354,7.235450034586204,1.8756661562185184,11.482845778187503,21.710820516878677,32.68435378315414,42.97658875276123,53.938357962308324,63.526421065096024,78.64929006156372,82.96580615528507,90.20125618987127,92.07692234608979
44,3000,0.05770266419590983,-1.131574972175244,-3.063424009811853,-1.113198854136813,-1.1223296860705179,-1.1319538603512158,-1.133971459139631,-1.1120950842299036,-1.476232755344665,-4.996014747502205,-1.1432219327672888,20.359742770348845,5.255408098816197,12.219057446852105,8.833744306352948,7.177497113838674,10.402964923180736,14.920282841491677,3.2656117119200463,5.051936007151431,1.586303285754047,20.359742770348845,25.615150869165042,37.83420831601715,46.667952622370095,53.84544973620877,64.24841465938951,79.1686975008812,82.43430921280124,87.48624521995266,89.0725485057067
44,4000,0.05770266419590983,-1.1049098619907274,-1.1288030619978175,-1.125688153196022,-1.5573149621430211,-2.24707556337907,-1.1922769705929372,-1.125045046279387,-1.1326932135962942,-1.1252793220295767,-1.1815369403952434,13.855492628134694,19.68993824621664,16.301912309639803,6.504939399945442,12.914618212742347,1.672348208656234,17.16836719669341,5.217487148503395,3.408638447878632,4.429373514083926,13.855492628134694,33.54543087435134,49.84734318399114,56.352282583936585,69.26690079667893,70.93924900533516,88.10761620202857,93.32510335053196,96.73374179841059,101.16311531249451
44,6000,0.05770266419590983,-1.114268034167123,-1.1064784873381992,-1.1510408629357372,-2.2393155319252047,-1.3793452051368704,-3.1772721572148663,-1.1298009998032836,-1.1287884804609534,-2.6877173484126127,-1.1128805296515973,9.689516447217073,30.62277174684789,8.89991683614804,6.1506652159919355,13.321797168011706,1.3160600591142577,11.976199787831586,4.0609644676724095,2.2922752969508693,3.440538220278402,9.689516447217073,40.31228819406496,49.212205030213,55.362870246204935,68.68466741421665,70.00072747333091,81.9769272611625,86.03789172883491,88.33016702578578,91.77070524606418
44,8000,0.05770266419590983,-1.1135340210637703,-1.103747665526812,-2.3365743327190964,-9.50975501178953,-1.2843398307390574,-1.744676304056227,-4.826948672653229,-1.1215111582924673,-1.1064643578093238,-1.1323485296404963,11.426232496271693,13.406108662732285,15.168746702264608,6.980039547029554,2.377951199155139,7.7289976083333265,11.043188205452665,3.999363971663233,4.090402691919375,8.87553438085455,11.426232496271693,24.832341159003978,40.00108786126859,46.98112740829814,49.359078607453284,57.088076215786614,68.13126442123928,72.13062839290251,76.22103108482189,85.09656546567643
45,250,0.1161227136746687,-1.1237797082445473,-1.1490017864424127,-1.1192882216854354,-1.14438569778094,-1.1202145555105791,-1.1287018999262188,-1.5101875207639224,-1.1267829604480752,-1.1396663677179055,-1.1446987726425681,41.021444611126796,12.996835256382013,8.160169629372776,13.150620584005935,8.556758773743965,5.64397572932706,9.739243912009464,4.370775804737489,2.718107441940841,8.324066480469984,41.021444611126796,54.01827986750881,62.17844949688158,75.32907008088752,83.88582885463148,89.52980458395854,99.26904849596801,103.6398243007055,106.35793174264634,114.68199822311632
45,500,0.1161227136746687,-1.1101341199489245,-1.113945940746548,-1.2900314628755494,-1.1251491127777062,-1.1225423708500983,-1.1109582750759346,-4.83644830161178,-1.1460118215389135,-9.854185980801894,-1.5911912491114837,26.43775850394276,25.163066143217833,6.749084193346121,9.66861928722171,12.107041876565564,11.774047037912283,7.978729906040222,3.3249631494261864,4.8288271598188945,2.4150284459927365,26.43775850394276,51.60082464716059,58.349908840506714,68.01852812772842,80.12557000429398,91.89961704220626,99.87834694824647,103.20331009767266,108.03213725749156,110.44716570348429
45,750,0.1161227136746687,-19.717238751183316,-1.1244842697645852,-1.1169354964108877,-1.2031087264232276,-4.010698988215285,-1.2102159335346312,-2.8885943186524283,-2.208060974777222,-2.2452848035648065,-1.2462073188880352,18.584053355186725,26.091736914231902,18.23534443387359,6.158331159142579,9.462834280987511,9.510649417256097,12.371569571843239,5.1568427550007545,4.889220879531688,3.459091782520768,18.584053355186725,44.67579026941863,62.91113470329222,69.0694658624348,78.5323001434223,88.04294956067841,100.41451913252165,105.5713618875224,110.46058276705409,113.91967454957486
45,1000,0.1161227136746687,-1.1505805177236001,-1.1449701296472141,-1.1224325133007613,-1.1682452116413278,-19.721690408852176,-1.1817603099281904,-1.1416002569984425,-1.1301672036233668,-1.1216785618692833,-1.1236543092988005,20.796844819748927,26.305768460937358,10.40225426663654,12.895735698550219,8.382942023400659,3.1910166177814183,9.657258506104366,3.011150172658583,5.677034322780468,4.0943137814232635,20.796844819748927,47.102613280686285,57.504867547322824,70.40060324587304,78.7835452692737,81.97456188705512,91.63182039315949,94.64297056581808,100.32000488859855,104.41431867002181
45,1500,0.1161227136746687,-1.124889505534938,-1.1881447713595028,-1.1392659398849694,-20.61529465174651,-1.4131227730025913,-1.1192706462893685,-1.1332451831669643,-1.1229205257724089,-1.144947401501029,-1.1397654382212545,9.75339950495735,30.056095735537596,22.65854067926179,10.158733889511424,5.262057370861072,10.797329227120038,6.762717365986191,7.467770789052157,6.610716301331518,4.057526528273021,9.75339950495735,39.80949524049495,62.46803591975674,72.62676980926815,77.88882718012923,88.68615640724926,95.44887377323545,102.9166445622876,109.52736086361912,113.58488739189214
45,2000,0.1161227136746687,-1.1230410116138598,-2.954023456838943,-1.1061983542768319,-1.1069580372598602,-1.1086631900597492,-1.103396439020913,-1.1063854327313218,-1.1068235708898726,-1.114206080482123,-1.106337645901419,19.524327145351208,11.17309277889754,34.96304178072697,14.99224823540466,1.3240013942490068,8.626072701380174,4.4173542652936515,4.540709142213068,7.204719125786579,9.628793115485365,19.524327145351208,30.69741992424875,65.66046170497572,80.65270994038038,81.97671133462939,90.60278403600955,95.0201383013032,99.56084744351628,106.76556656930286,116.39435968478823
45,3000,0.1161227136746687,-1.65219047296217,-2.312409285907772,-1.1393044290049774,-1.1161920232305524,-1.1114340833884877,-1.1129865334455666,-1.1203078831394708,-2.5801064745374607,-1.1298356675372228,-7.7308502886990915,13.02610427786589,22.74092184745585,31.5210200768158,9.293777812512968,2.7603669314151063,9.421197862426784,4.895106016375699,6.488790355239683,7.406399354915973,8.633609010412933,13.02610427786589,35.76702612532174,67.28804620213754,76.58182401465051,79.34219094606561,88.7633888084924,93.65849482486809,100.14728518010777,107.55368453502375,116.18729354543669
45,4000,0.1161227136746687,-1.1718321889131467,-1.1349481546341282,-1.1242431056939335,-1.41548672780777,-1.3165448742643422,-1.1396552655091128,-1.143703739784633,-1.1395886318398771,-1.1341898728440327,-1.140284833461216,20.416777183252634,16.51484322318896,17.87472943053573,13.044719392009597,10.252187982867113,9.03415681988331,7.800111685796818,4.837714536012493,1.3616602787446763,1.3816484403834948,20.416777183252634,36.931620406441596,54.806349836977326,67.85106922898692,78.10325721185403,87.13741403173734,94.93752571753416,99.77524025354666,101.13690053229134,102.51854897267484
45,6000,0.1161227136746687,-1.1122694979553014,-1.1162858720986994,-1.1040131499037789,-1.668544347996797,-1.2000291138068921,-3.112603136951469,-1.1204024063706592,-1.1144953363183157,-1.1182339140578716,-1.1204275725432598,27.85705197673802,25.681305993661923,14.68568665296187,7.258224451757849,1.845587002557675,16.221635343053435,5.791541358503828,3.3379406158594556,3.9833220751614693,1.3430779362175835,27.85705197673802,53.53835797039994,68.2240446233618,75.48226907511966,77.32785607767734,93.54949142073077,99.34103277923461,102.67897339509406,106.66229547025553,108.00537340647311
45,8000,0.1161227136746687,-1.1701599370642732,-1.1743868381018046,-3.437304198182958,-1.1715470143169802,-2.4118526323536935,-18.996125726220328,-1.183432969379251,-1.184868032948133,-1.1906685022193304,-1.1923095793658258,21.274712457086668,36.18664974982087,4.611647823212381,8.132824479337106,4.0346297683829135,13.718078693949792,1.451650988965206,6.879281087445445,7.288438723247477,2.4878692445253243,21.274712457086668,57.46136220690754,62.07301003011992,70.20583450945702,74.24046427783993,87.95854297178973,89.41019396075494,96.28947504820039,103.57791377144787,106.0657830159732
46,250,0.0370833265457259,-1.1035003832200063,-6.567917569752183,-1.1013541368768007,-1.2118761275042171,-1.1154740311560447,-1.1233700067143197,-1.1095848918528701,-1.130273615246577,-1.1093310417679647,-1.1349696509712093,44.404995255019685,10.911295479555953,17.16948562077014,16.69352484716154,1.3136970983229999,6.411104420929142,5.281504699279775,4.165143516051174,1.7697372273513645,1.3421641150116357,44.404995255019685,55.31629073457564,72.48577635534578,89.17930120250732,90.49299830083032,96.90410272175947,102.18560742103925,106.35075093709042,108.1204881644418,109.46265227945344
46,500,0.0370833265457259,-1.1730400848976246,-1.1796649966110235,-1.2103404440147445,-1.2074126198169834,-1.2161151792913756,-1.1876563963045192,-2.8610648497647633,-1.2472056333075487,-1.2201595494878659,-2.20273579828286,28.47873955240048,23.52405686027182,19.985727889142773,13.429528147048707,3.112087876799473,9.735986044161173,1.8019726424296265,3.601955179864529,2.3082752286379558,1.738623698742778,28.47873955240048,52.002796412672296,71.98852430181506,85.41805244886376,88.53014032566324,98.2661263698244,100.06809901225404,103.67005419211857,105.97832942075652,107.7169531194993
46,750,0.0370833265457259,-16.769939964188836,-1.0999861807330946,-1.2406950077256997,-1.098671666254237,-4.3467870394977055,-1.0985989200104207,-2.225350220999939,-1.8338146570549747,-1.804176087831736,-1.1012780026342046,31.66386927351433,21.33019645725986,15.24989533312889,8.23334827223725,5.93141196797955,11.481644129069323,3.947992191481468,6.5313759051113305,7.5797033489176915,4.6493840321238,31.66386927351433,52.99406573077419,68.24396106390307,76.47730933614032,82.40872130411987,93.89036543318919,97.83835762467066,104.369733529782,111.94943687869969,116.59882091082349
46,1000,0.0370833265457259,-1.1646223433826988,-1.168823007238244,-1.1620216393283411,-1.1506161023918566,-1.1537151114388546,-5.142790026978494,-1.141034790836701,-1.152817068602547,-1.1578891916129113,-1.180084781541674,7.770491880172564,44.44983871520006,14.670648373945383,10.135129774196166,5.0703708570124455,9.667664368630675,6.006299128455886,6.055649822686984,4.6140573527343385,1.392257219516459,7.770491880172564,52.22033059537262,66.89097896931801,77.02610874351419,82.09647960052664,91.76414396915732,97.7704430976132,103.82609292030018,108.44015027303452,109.83240749255097
46,1500,0.0370833265457259,-1.102677007040272,-1.8526190876294748,-1.098648163743199,-5.1914070424118846,-1.5396289141940769,-1.1029309073209708,-1.1140251066429985,-1.1041446527689291,-1.1065503962457417,-1.1173048112921389,23.22178508573306,33.08200071485974,8.4341001652458,5.389160170341706,9.15620498273045,12.925696426874554,6.676789084243959,6.219712391033669,6.804905905615117,1.3472915125698486,23.22178508573306,56.3037858005928,64.7378859658386,70.12704613618031,79.28325111891075,92.2089475457853,98.88573663002927,105.10544902106294,111.91035492667805,113.2576464392479
46,2000,0.0370833265457259,-1.5691382841303625,-1.5028894463234108,-1.0997381275228402,-1.1146437130908367,-1.1156187809122944,-1.112195315132067,-1.111269143402715,-1.1058854756169305,-1.1080403148866194,-1.1153740825442986,36.28751749863049,22.443264081058715,2.0410484488948875,4.4871656861298295,6.122177144912932,13.926227374932722,9.208846998644582,2.433423065311362,1.3288155202427934,3.1860309965560702,36.28751749863049,58.73078157968921,60.77183002858409,65.25899571471392,71.38117285962684,85.30740023455957,94.51624723320415,96.94967029851551,98.27848581875831,101.46451681531438
46,3000,0.0370833265457259,-1.108879786124974,-1.5903384800982465,-1.544404045130424,-1.1006568895619813,-1.1080654915412445,-1.1693659522111974,-1.2832660367102333,-21.09524683315955,-1.102179163918958,-1.7067756607615667,55.55049933649737,1.3319716604631373,7.719364392237727,12.243434684747875,4.9811697472992424,4.7008276368563084,4.9632133807169385,4.878045417344417,7.836010584788799,1.3247716324796692,55.55049933649737,56.88247099696051,64.60183538919823,76.8452700739461,81.82643982124534,86.52726745810165,91.49048083881858,96.368526256163,104.20453684095179,105.52930847343146
46,4000,0.0370833265457259,-1.1172298655983557,-1.1424631350219907,-1.13889377800691,-1.5370034108557817,-1.2680127080843313,-1.1574386361139752,-1.1045311206817243,-1.1176221995112954,-1.1705001791484642,-1.1206633468553546,28.88926171511082,15.72814767992989,19.422277604178745,18.55110587359681,1.9989131720524451,7.704834044391493,3.9844338213400388,7.997585743103944,7.359806171051051,2.7908413187075602,28.88926171511082,44.61740939504071,64.03968699921946,82.59079287281627,84.5897060448687,92.2945400892602,96.27897391060023,104.27655965370417,111.63636582475522,114.42720714346278
46,6000,0.0370833265457259,-1.2709280132589464,-1.1385529915818386,-1.1619785129760993,-2.823768175498695,-1.1171370679240695,-1.405130662624174,-1.1673211334085711,-1.2089776216595225,-3.1197365921881346,-1.5332810356668887,21.577452431039276,27.824488947981166,17.86167138637733,11.290200451395123,10.653508745279957,5.025315544330269,1.460107671462974,3.25109306321108,4.213681524629189,1.8029509129596182,21.577452431039276,49.40194137902044,67.26361276539777,78.55381321679289,89.20732196207285,94.23263750640312,95.6927451778661,98.94383824107717,103.15751976570637,104.96047067866598
46,8000,0.0370833265457259,-1.1152251679494216,-1.1103196657183734,-2.132211590193216,-1.1183872717509251,-2.5496241167294924,-2.394209868312463,-1.1092655709158143,-1.1230188380883295,-1.1224205322721605,-1.1133370507679703,25.65089128701233,28.28826841318697,13.863163759714151,5.100102666907594,16.676132489693927,4.398084245676907,2.7821402676049116,1.5320695070735422,1.36243965621793,7.853535977135861,25.65089128701233,53.9391597001993,67.80232345991345,72.90242612682104,89.57855861651497,93.97664286219188,96.7587831297968,98.29085263687034,99.65329229308827,107.50682827022413
47,250,0.1161227136746687,-1.1260856201681886,-1.1245467397746105,-1.09870453438928,-1.5674047251597338,-1.0997284958756004,-1.1219309399299902,-1.1888395391392375,-1.1092819700296164,-1.1174675201133093,-1.0990433790795895,40.99873139636048,13.33496593627586,6.420007080675033,11.717874518986683,8.337536118688746,6.4993026101305595,12.838689134729567,4.006853078974214,2.856960852605453,8.8098897796695,40.99873139636048,54.33369733263635,60.75370441331138,72.47157893229806,80.8091150509868,87.30841766111736,100.14710679584692,104.15395987482114,107.0109207274266,115.8208105070961
47,500,0.1161227136746687,-1.1315867408987996,-1.11464497449539,-1.3512370804785037,-1.1793297674653904,-1.1386265950740913,-1.1387677095906468,-5.060172471930709,-1.1020295549275132,-8.647363635145975,-1.7350516194844534,27.328787878766406,31.47231800085666,5.722986696973045,9.547054048189803,12.10547156186896,5.6777307564549275,8.184420937882322,3.7351919752525546,4.61931296846552,2.4256705794913884,27.328787878766406,58.801105879623066,64.5240925765961,74.07114662478591,86.17661818665488,91.85434894310981,100.03876988099213,103.77396185624468,108.3932748247102,110.8189454042016
47,750,0.1161227136746687,-21.476072188743927,-1.1221120962391566,-1.1436531183091572,-1.1295908250483921,-4.16569946934959,-1.1143298323095676,-2.83796121291077,-2.259334587948138,-2.3780552462322335,-1.1422775912039018,21.114415448605605,28.571879512909618,12.580064669870502,5.938129145007711,9.366955250046182,11.430882662623262,12.255092909795856,5.945604934096739,5.8916376003471775,3.218413973206827,21.114415448605605,49.68629496151522,62.266359631385725,68.20448877639343,77.57144402643962,89.00232668906288,101.25741959885875,107.20302453295548,113.09466213330266,116.31307610650948
47,1000,0.1161227136746687,-1.1315319540906303,-1.1465920649075692,-1.145124349293539,-1.1243448109802885,-18.05571490929195,-1.1667282506181578,-1.1622887523081156,-1.1344703359834698,-1.130669093513915,-1.149470795341013,11.892738483916972,33.97935282088102,11.560592652535277,10.051595035794044,7.1031736895296085,9.23648958111226,10.0046202493131,2.4353955784516934,6.085407585608053,5.074766665833534,11.892738483916972,45.87209130479799,57.43268395733327,67.4842789931273,74.58745268265692,83.82394226376917,93.82856251308226,96.26395809153395,102.349365677142,107.42413234297554
47,1500,0.1161227136746687,-1.1401906652977352,-1.1151812793251143,-1.132767377539344,-20.694963249434082,-1.3646040012414882,-1.1315179300186817,-1.1265725744880313,-1.149565691922375,-1.1270511269002275,-1.1506685811754078,9.019587501525123,34.8663769174842,16.3548649455445,9.245292578066916,6.071610741539594,16.562925171248455,8.075603862991603,5.381100383950525,6.327750142744776,4.68989881111078,9.019587501525123,43.885964419009326,60.240829364553825,69.48612194262074,75.55773268416033,92.12065785540878,100.19626171840038,105.5773621023509,111.90511224509568,116.59501105620646
47,2000,0.1161227136746687,-1.1153769753992404,-2.378255240534574,-1.1270912705657947,-1.1152326102784804,-1.1173942369984746,-1.1610232289618008,-1.1340565843707977,-1.134956702952001,-1.1362546755927432,-1.1285284248049887,15.903269117226401,18.485159073934803,23.753835282370275,17.394071863470934,1.3562428414365022,9.948131232837977,3.735625336036307,4.852975733318562,6.992959519642508,8.014493829284845,15.903269117226401,34.3884281911612,58.14226347353148,75.53633533700241,76.89257817843891,86.84070941127689,90.5763347473132,95.42931048063176,102.42227000027427,110.43676382955911
47,3000,0.1161227136746687,-1.8890853827730434,-2.085285778352635,-1.1070485371049295,-1.1095333486754322,-1.1425359198649947,-1.1139140786346144,-1.1367672053491924,-2.1868211188162334,-1.1476536595128468,-6.6932885100151145,13.341929555664064,19.28870279597266,24.11582725784264,11.475247840661353,3.7045634396469715,10.578063587165456,1.3287842418886795,7.709710597207774,11.4551973039713,6.219906027340844,13.341929555664064,32.63063235163673,56.746459609479366,68.22170745014071,71.92627088978769,82.50433447695315,83.83311871884183,91.5428293160496,102.99802662002091,109.21793264736175
47,4000,0.1161227136746687,-1.1477976400591139,-1.118129378360213,-1.1296160767115597,-1.2811200958421218,-1.2264828895966486,-1.1902808557711455,-1.1871462044203094,-1.17519593343073,-1.145702046522679,-1.1108506240238705,18.27613243972982,33.88890708377659,12.869075792932627,10.922196115706551,12.707707358116856,9.262292438113796,6.730259256714032,4.635945100314627,1.3150396135965754,1.3204898226832271,18.27613243972982,52.16503952350641,65.03411531643903,75.95631143214558,88.66401879026245,97.92631122837625,104.65657048509028,109.29251558540491,110.6075551990015,111.92804502168472
47,6000,0.1161227136746687,-1.1153774683666384,-1.112488508343819,-1.1270798389785623,-1.9194852514943244,-1.2059532932546038,-3.1955246609857886,-1.1503190258920162,-1.1228546792340732,-1.162340607025067,-1.1344965849651718,34.66794052605009,28.665207690611354,14.41362156157766,7.375414233308788,1.6568419528903893,11.267635291719134,5.978926524848422,2.890721965011716,4.4915447696690745,1.378945355488724,34.66794052605009,63.33314821666144,77.7467697782391,85.12218401154789,86.77902596443828,98.0466612561574,104.02558778100583,106.91630974601755,111.40785451568662,112.78679987117535
47,8000,0.1161227136746687,-1.1529,-1.098,-3.398271131345597,-1.098,-2.474713907908568,-22.07,-1.098,-1.098,-1.098,-1.098,28.819842862218668,35.90622462758603,4.665601106934261,8.27878493596134,4.15950959067618,17.471971375109234,1.360154851880253,6.4955016401995636,7.000618677239274,2.441790332195197,28.819842862218668,64.72606748980469,69.39166859673895,77.6704535327003,81.82996312337647,99.3019344984857,100.66208935036596,107.15759099056552,114.1582096678048,116.6
48,250,0.05341592988979627,-1.1741579821944739,-1.1518048140407,-1.1622151749782557,-1.28203771774532,-1.1139352885274771,-1.1927135879164519,-1.8188298021778069,-1.1963576681672796,-1.1846403326898267,-1.202395748137243,25.758631754352038,20.60878595134713,16.829745281197475,16.476375957886134,16.550663053046065,2.5641803138122787,7.7766462099255875,2.712083222834176,1.657647983125356,5.302325565568701,25.758631754352038,46.36741770569917,63.19716298689664,79.67353894478278,96.22420199782884,98.78838231164112,106.5650285215667,109.27711174440088,110.93475972752624,116.23708529309494
48,500,0.05341592988979627,-1.1413150163097336,-1.1232842739402837,-1.64804354046503,-1.1091612083248346,-1.1163945066968703,-1.1399847712125477,-1.1259613950583827,-3.033123444309836,-1.1315239180567938,-1.16699330641906,20.872484894137607,44.444610330601904,8.730844511547367,13.394877591195304,10.836253609383718,1.5126352457464183,1.398602919193368,1.3765176484133637,1.7792359917340095,10.819976739422053,20.872484894137607,65.31709522473952,74.04793973628688,87.44281732748217,98.27907093686589,99.79170618261232,101.19030910180568,102.56682675021905,104.34606274195306,115.16603948137512
48,750,0.05341592988979627,-1.1032732547262296,-1.1007426843626735,-1.105862630204002,-1.0999713452854545,-2.389690629280942,-1.1016939461786128,-5.186146838899566,-3.135078244483184,-4.859905289519901,-1.098492641708881,17.302511730874137,45.67816019804002,15.519238566461734,15.240663437223983,15.832473043379988,1.3234310537676541,1.3147486870923495,1.319933787611153,1.3463814773653198,1.351581570580565,17.302511730874137,62.980671928914155,78.49991049537589,93.74057393259987,109.57304697597986,110.89647802974751,112.21122671683986,113.53116050445101,114.87754198181634,116.2291235523969
48,1000,0.05341592988979627,-1.1342763805132958,-1.1008199298587118,-1.100575307838652,-1.1076674181797062,-1.1031758911662402,-9.054889206731424,-1.1055120157655276,-1.1184211964501714,-1.1060020364993774,-1.1179969978283877,16.093448699160447,43.457073636225275,11.717688433744204,14.169725550155555,14.05696778567448,6.589553138714706,2.1934461299330774,1.3149674021197724,1.3174552785939904,4.308145855299026,16.093448699160447,59.55052233538572,71.26821076912992,85.43793631928548,99.49490410495997,106.08445724367468,108.27790337360776,109.59287077572753,110.91032605432153,115.21847190962056
48,1500,0.05341592988979627,-1.1699255036695018,-1.3592781546223085,-1.158336173055238,-1.2000151380571902,-3.8652996411849205,-1.170532543372793,-1.1553649998505273,-1.1521229194264393,-1.1634799791715777,-1.1819361958668249,-3.30674261900878,43.83349706678665,26.492541200960773,25.396538662840683,6.290783660627202,6.443462824756281,1.3593785137139727,1.37167944398927,1.3384363377402733,5.924103613384915,-3.30674261900878,40.52675444777787,67.01929564873865,92.41583431157933,98.70661797220653,105.15008079696281,106.50945931067679,107.88113875466605,109.21957509240633,115.14367870579125
48,2000,0.05341592988979627,-1.114229687729492,-1.9112408013611457,-1.1141526088491807,-1.1137471463419066,-1.635220277164188,-1.1464978363864335,-1.1178387551765465,-1.1227744123424959,-1.1186916777700207,-1.1352705816107278,-4.3420458371495645,46.050815886907046,20.898653517986972,18.94217904599006,14.556828950399556,8.579797133383977,1.336377822111038,1.3130608001896693,1.3123996475105084,6.358230501879035,-4.3420458371495645,41.70877004975748,62.607423567744455,81.54960261373452,96.10643156413408,104.68622869751806,106.0226065196291,107.33566731981877,108.64806696732927,115.0062974692083
48,3000,0.05341592988979627,-2.276807276920163,-12.446400432392817,-1.2538174411345353,-1.098,-1.1410707729130751,-1.16454009120036,-1.098,-1.098,-1.1529,-1.098,-5.82,46.1,25.031889545188264,15.486885139398694,7.622637326711015,4.459037152896698,1.3100000000000023,5.806328905398431,5.303266659694714,11.299955270712175,-5.82,40.28,65.31188954518827,80.79877468458696,88.42141201129797,92.88044916419467,94.19044916419467,99.9967780695931,105.30004472928782,116.6
48,4000,0.05341592988979627,-2.637461970347978,-1.4729067924533341,-1.1001021107471063,-2.6863271439629113,-3.3458520772263167,-1.1185713523350493,-1.0983643690635776,-1.1279542476237245,-1.1311771445514953,-1.2993363946528338,8.291330663290264,34.00419163692598,15.7536858416875,20.892798087623767,14.313349842068433,7.965109598819076,1.3437367985569653,5.724297418714233,4.780526761278521,2.893607742346184,8.291330663290264,42.29552230021625,58.04920814190375,78.94200622952752,93.25535607159595,101.22046567041502,102.56420246897198,108.28849988768621,113.06902664896474,115.96263439131093
48,6000,0.05341592988979627,-4.786417488603316,-1.5341584416462866,-2.7494058027083863,-17.418860532454353,-2.9420015049817327,-1.098,-1.098,-1.098,-1.098,-2.976042391237685,-5.82,46.1,13.451542244309614,30.89818944924317,16.092811445613776,3.6136376997618243,1.3100000000000023,2.764049267784486,3.799085074522708,4.390684818764413,-5.82,40.28,53.731542244309615,84.62973169355278,100.72254313916656,104.33618083892839,105.64618083892839,108.41023010671287,112.20931518123558,116.6
48,8000,0.05341592988979627,-1.1095860796951267,-1.0990278955258992,-17.83687027533741,-8.100001839686314,-1.104683284289456,-21.760237832965856,-1.1099040787351577,-1.1198077940286852,-1.1127911596180948,-1.1148482291313266,42.09881332538143,31.977981351344212,10.991151872876017,17.820430835292044,4.842359884662034,1.3198696072557627,1.318022345182523,1.3203799606825468,1.3196900657875688,1.3273804569129086,42.09881332538143,74.07679467672564,85.06794654960166,102.8883773848937,107.73073726955573,109.0506068768115,110.36862922199403,111.68900918267657,113.00869924846414,114.33607970537705
49,250,0.08703169792131712,-1.1420883087438605,-1.128422823498671,-1.1218505483544376,-1.3989019583041964,-1.1329075353544802,-1.1235215690873268,-1.1510135511583992,-1.1339318322569039,-1.1128983694434793,-1.1074680116186562,15.518303596097802,32.04496029659318,12.699229034920638,4.655719394602695,6.960085276254322,12.771622149275249,1.3962563190644515,6.516618161549147,4.997153025638228,11.036814613389936,15.518303596097802,47.56326389269098,60.26249292761162,64.91821232221432,71.87829759846863,84.64991974774388,86.04617606680833,92.56279422835748,97.5599472539957,108.59676186738564
49,500,0.08703169792131712,-1.2056837773254236,-1.1411611686279577,-1.1868486347999405,-1.180110990164768,-1.1764491663096073,-1.172441840024999,-2.828374060351967,-1.493298582787172,-1.1915890015211312,-1.4494482728676616,20.413208942205458,25.096555526142097,5.968652910499085,4.5337921065761915,17.535790209497705,1.3915364691684489,6.4185885440284896,4.313680419323193,2.464944648975073,8.464328415924602,20.413208942205458,45.509764468347555,51.47841737884664,56.01220948542284,73.54799969492055,74.93953616408899,81.35812470811749,85.67180512744068,88.13674977641575,96.60107819234035
49,750,0.08703169792131712,-1.1789988706079702,-1.171101582456203,-1.1668776736257755,-1.1386884405844473,-2.076040689970047,-1.1530003886913627,-1.962260610905541,-1.993339984794452,-4.813161717191248,-1.1796957485922226,25.685654647421757,12.004966699242672,7.208133608918395,7.928913894582362,13.886291781484651,1.4024625078346347,6.910846524284352,6.107421766718616,7.986001729496383,11.01320139419061,25.685654647421757,37.69062134666443,44.898754955582824,52.82766885016518,66.71396063164983,68.11642313948445,75.0272696637688,81.13469143048742,89.1206931599838,100.13389455417442
49,1000,0.08703169792131712,-1.11124070303587,-21.016165282174107,-1.1425576210001958,-1.1149886636429303,-10.218884621747758,-1.1519258830737895,-1.1238133562822403,-1.134824602198747,-1.1272519698500454,-1.147846778060349,14.081556731768103,21.14335723752597,5.4931255961785155,15.662408333267678,13.513522605815577,2.5001209964747995,7.456796063118093,6.303545271910725,8.659289509856208,9.695639027662939,14.081556731768103,35.22491396929407,40.71803956547259,56.380447898740265,69.89397050455584,72.39409150103064,79.85088756414874,86.15443283605946,94.81372234591566,104.5093613735786
49,1500,0.08703169792131712,-1.8848127433746988,-1.208495518563856,-1.2165788986546193,-7.712275551490922,-1.2177694603782316,-1.2695628095584208,-1.2534186438633874,-1.238151675111764,-1.25546298655411,-1.2399975054110541,17.703227491616005,15.321000986548341,15.069060178835308,5.3347952342001825,8.803709156453184,12.674907217267418,7.659645210589723,6.296683127224156,8.936594364325082,5.914652677224719,17.703227491616005,33.024228478164346,48.093288656999654,53.42808389119983,62.231793047653014,74.90670026492043,82.56634547551016,88.86302860273432,97.7996229670594,103.71427564428413
49,2000,0.08703169792131712,-1.1691898930636775,-3.8048716627070895,-1.1623999368681743,-1.1476173711398143,-1.3108525632174932,-1.1457079396767633,-1.1505999307746602,-1.146543259847118,-1.1733725407409596,-1.157835934679961,10.322382290802803,15.983859030115227,13.148379574767254,9.217106593443223,7.219673700323799,10.491931464361617,4.990761732380902,10.779037768439427,6.638374590450354,7.656453492768804,10.322382290802803,26.30624132091803,39.45462089568528,48.6717274891285,55.891401189452296,66.38333265381391,71.37409438619481,82.15313215463424,88.79150674508459,96.4479602378534
49,3000,0.08703169792131712,-1.1070422087911518,-1.8700069397449255,-1.1120264224570509,-1.1828801920532865,-1.106380434814172,-1.1306854530725738,-1.1098247400257706,-3.3872797074944447,-1.0980628740836615,-2.283121041890529,15.26927845926626,19.1433986398317,16.195018521274875,4.261860502068636,4.107636169091014,16.040246929659048,12.482630268852041,5.872499402900363,10.46895064016072,10.708841745918384,15.26927845926626,34.41267709909796,50.60769562037284,54.86955612244147,58.97719229153249,75.01743922119154,87.50006949004359,93.37256889294395,103.84151953310467,114.55036127902306
49,4000,0.08703169792131712,-1.1935831276630777,-1.1370572773739038,-1.1746238583509983,-1.389677898128594,-1.2065584543425927,-1.1387912176646053,-1.1196336095719377,-1.12531007108951,-1.1289081142122535,-1.1275939456975,15.904674479199642,20.742529223066164,6.138255795394278,1.3846263105551744,10.274286945974993,15.265963407557198,20.88590010454738,7.077724386631054,7.025309711555952,1.3482934876985517,15.904674479199642,36.647203702265806,42.785459497660085,44.17008580821526,54.444372754190255,69.71033616174745,90.59623626629482,97.67396065292587,104.69927036448182,106.04756385218037
49,6000,0.08703169792131712,-1.1337233093115024,-1.1412405973259507,-1.1837519232901021,-2.1656823289782343,-1.1086098412625254,-1.391398867435615,-1.1488370669260601,-1.162229194811935,-1.1767712222960403,-1.1164092653400326,25.9311258507784,24.121544159396763,1.8855134147797168,5.894696202904358,11.002600429905758,5.259430040670047,12.452127236222719,6.354215495081316,8.539178925387823,8.140768488197516,25.9311258507784,50.05267001017516,51.93818342495488,57.832879627859235,68.835480057765,74.09491009843504,86.54703733465776,92.90125282973908,101.4404317551269,109.58120024332442
49,8000,0.08703169792131712,-1.123680714541893,-1.1291552702449006,-3.4726948724507247,-1.1162403623270694,-1.649349570781414,-8.156069037418748,-1.1242942104229858,-1.12399971469878,-1.1183618270728117,-1.1176493764287136,23.619865766431197,25.932440962604012,1.3416225147580496,5.0536820642832865,1.802864357360266,14.431544625462488,8.499781942260805,7.956150853981929,8.459324660633536,7.305852406465038,23.619865766431197,49.55230672903521,50.89392924379326,55.947611308076546,57.75047566543681,72.1820202908993,80.68180223316011,88.63795308714204,97.09727774777558,104.40313015424061
50,250,0.04,-19.755201642277292,-1.2311733271422516,-1.478136100837327,-1.1399959594378721,-1.2169809717615179,-11.052662712517353,-1.3973891092592865,-1.2562952085899353,-1.2424381034375918,-1.2239022858061985,-0.22298083420149384,36.58240470392718,12.903425239548966,8.083350266897966,8.606229322285174,1.4525943282242206,1.7615616736221948,8.108593028174575,9.443714316518804,1.4667008164668394,-0.22298083420149384,36.35942386972569,49.262849109274654,57.34619937617262,65.9524286984578,67.40502302668202,69.16658470030421,77.27517772847878,86.71889204499759,88.18559286146443
50,500,0.05084745762711865,-1.111045646164576,-1.1310264864637416,-1.1327895742553329,-1.1005276356246778,-1.6141984137107972,-1.1167040643734811,-1.1552447223862847,-1.1067476222781192,-1.2366133524735785,-1.1243145552575164,15.263990093805056,10.989897150008709,11.906702646008796,6.498311323410583,1.5405833573758958,21.458747216957235,1.3186101695741144,3.543395542113788,3.93846170894726,6.498266548798872,15.263990093805056,26.253887243813764,38.16058988982256,44.65890121323314,46.19948457060904,67.65823178756628,68.9768419571404,72.52023749925418,76.45869920820144,82.9569657570003
50,750,0.1,-1.1234358116564704,-1.4621649032450061,-1.1700871022300825,-1.135972344441281,-1.125235318185247,-1.1373977886476385,-1.2806018961622734,-1.4295765507623441,-1.1233414996493005,-1.0980254167250185,12.711935421491482,17.45310855480324,8.406620507867423,6.0553480859625015,6.543005433726071,19.554119557910234,1.333809778569928,3.590770988855822,4.40273711381753,3.544273132754806,12.711935421491482,30.165043976294722,38.57166448416214,44.62701257012464,51.170018003850714,70.72413756176095,72.05794734033088,75.6487183291867,80.05145544300424,83.59572857575905
50,1000,0.14,-15.200640639291027,-1.282906385409044,-1.874419334143115,-1.1203468898949582,-1.1819925770424544,-1.135107560230408,-1.187355869763841,-1.2062195928337864,-1.1067777992981922,-1.3227160999830239,-0.2445123712822339,32.62920534653722,10.604359205973854,6.349690992791022,1.8849118455075526,16.947715791719716,1.522635401519154,4.454402084866009,4.891290248621951,1.498959939900824,-0.2445123712822339,32.384692975254985,42.98905218122884,49.33874317401987,51.22365501952742,68.17137081124713,69.69400621276628,74.14840829763229,79.03969854625424,80.53865848615507
50,1500,0.12162162162162163,-19.829873216619873,-1.258429264661387,-1.145279045548886,-1.4642230369446283,-1.2541559383752752,-1.1577397464558046,-1.2165156514197784,-1.098328241410127,-1.2473888291949469,-1.2511367888340206,-0.22611532509473964,23.944081736346646,11.744254897828544,3.892458528433428,1.3985702238857955,19.848740781216797,1.511789971357996,4.2693003046784135,8.759847450361526,4.18074584857737,-0.22611532509473964,23.717966411251908,35.46222130908045,39.35467983751388,40.753250061399676,60.60199084261647,62.11378081397447,66.38308111865288,75.1429285690144,79.32367441759177
50,2000,0.03773584905660377,-19.91069251321686,-1.1964799457139037,-1.2724048392300276,-1.1453637780472974,-1.1650781049987158,-1.1498013246152996,-1.386785647022454,-1.1140601379528166,-1.4262555520968396,-1.8153138869674112,-0.2177799868891621,22.784473375980525,16.172256744588722,8.99955132874123,1.471231190385807,8.330015091545999,1.6287949988364927,8.843903465047315,6.22218388600141,7.357515314510845,-0.2177799868891621,22.566693389091363,38.738950133680085,47.73850146242131,49.20973265280712,57.53974774435312,59.16854274318961,68.01244620823692,74.23463009423833,81.59214540874918
50,3000,0.08928571428571429,-19.332227808947998,-1.2797832516791416,-1.255937112383696,-1.1990197851009037,-1.1880154481046752,-1.1177651654941188,-1.3157292782593228,-1.1374302211764933,-1.1763481006302756,-1.1874458280485136,-0.16301415813388498,22.09833687244098,6.990643733667117,11.864631139858904,1.3932956839415347,11.538086655877475,1.363533886729042,5.379181225544421,3.6795029506705763,7.748882856850766,-0.16301415813388498,21.935322714307098,28.925966447974215,40.79059758783312,42.18389327177465,53.72197992765213,55.08551381438117,60.464695039925594,64.14419799059617,71.89308084744694
50,4000,0.01,-20.586939081173533,-1.7354852604833066,-1.6515844029685027,-1.7768594071419477,-1.1948904797217021,-1.7437532753597105,-1.1738664354610475,-1.1672308836892635,-1.5057629174564306,-1.1548570610908233,-0.23979917290719105,18.374831698989496,16.532777727079402,1.734457702949479,6.548400378326505,3.9581717690519804,1.500444973195604,6.376746410378786,5.187075468064677,1.5551640341129636,-0.23979917290719105,18.135032526082306,34.667810253161704,36.40226795611118,42.95066833443769,46.908840103489666,48.40928507668527,54.78603148706406,59.973106955128735,61.5282709892417
50,6000,0.0425531914893617,-14.073742666259278,-1.8050058434665477,-1.2890292657211226,-1.1275651554613924,-1.2756565927837547,-1.2167296200250886,-1.1640850718543172,-1.2754617667625143,-1.4622084353091784,-1.4570065447780678,-0.20630532706084204,34.210276971558145,11.919834256212717,2.4865694100315885,1.4317696539639355,1.465790869985665,5.86154403844329,3.509160781548026,3.3075536655600377,1.4613150369893209,-0.20630532706084204,34.003971644497305,45.92380590071002,48.410375310741614,49.84214496470555,51.307935834691214,57.169479873134506,60.67864065468253,63.98619432024257,65.4475093572319
50,8000,0.01,-1.1206058905941574,-1.1818229243841039,-1.2101260868897459,-1.5633553747362,-1.4551471303094266,-1.7742610495480102,-1.1546637732099505,-1.181703169346445,-1.3365083922050118,-1.3447975760830602,2.588255850824205,30.12143492030785,12.498747977826731,8.899262977483382,1.463088634477697,1.4705632557193535,9.957564195476529,1.4567228331959523,1.4528181598048828,1.4491632223722322,2.588255850824205,32.70969077113205,45.208438748958784,54.107701726442166,55.570790360919865,57.04135361663922,66.99891781211575,68.4556406453117,69.90845880511658,71.35762202748882
51,250,0.047879051000140505,-1.1325756620202054,-7.748831404146369,-1.1039675720071873,-1.8106282178772775,-1.0990012448527158,-1.1438788028154758,-1.1005577257691534,-1.1556395137505762,-1.1475321747399403,-1.1354605512286104,66.36968534791959,11.624481507441097,5.644889406626691,1.3349065431027287,1.3140893856448712,15.794448490142127,6.842335592241351,1.4639058951490393,1.3171834128871711,3.5671504116922463,66.36968534791959,77.99416685536067,83.63905626198736,84.9739628050901,86.28805219073497,102.0825006808771,108.92483627311846,110.3887421682675,111.70592558115467,115.27307599284691
51,500,0.047879051000140505,-1.098499188738678,-1.100231568763434,-1.8215225374191082,-1.0992582299299651,-1.1070739290426745,-1.1058846538444551,-1.7304866269152543,-1.6929043389748024,-1.112665276132145,-1.404125213888399,20.7480963352306,29.987208886685593,17.66905412282383,14.76297685352515,6.630799790926826,8.501891334533205,3.342179797322969,1.3345357820698056,2.4743372377730672,10.145360115910297,20.7480963352306,50.73530522191619,68.40435934474002,83.16733619826516,89.79813598919199,98.3000273237252,101.64220712104817,102.97674290311798,105.45108014089105,115.59644025680134
51,750,0.047879051000140505,-1.1247733575278844,-1.1260975928092494,-1.1314522241056668,-1.1722463677999349,-1.9648887117723444,-1.1289508773627261,-1.1227404065462734,-1.1435631851888877,-1.6558533411063086,-1.1553971080358618,17.287736925804467,27.730270485865695,13.930922715970098,14.437852316454894,12.186282594821819,14.045644998509886,4.138333446928643,4.886091382118707,2.329246410708709,2.4152386847082266,17.287736925804467,45.01800741167016,58.94893012764026,73.38678244409516,85.57306503891698,99.61871003742687,103.7570434843555,108.64313486647421,110.97238127718292,113.38761996189115
51,1000,0.047879051000140505,-1.1348402358805103,-21.63050369299677,-1.1377997891321483,-1.125720247305758,-12.182670527517871,-3.0485744557409333,-1.1402373148833957,-1.135119342212195,-1.1191296690366452,-1.1612397871802997,11.973026909775918,31.994045889604877,18.260587419338705,15.480279746180479,10.310836065074014,14.552981799893885,1.3351153971306076,2.85815288242485,3.5720823475783483,4.654010264998375,11.973026909775918,43.967072799380794,62.2276602187195,77.70793996489998,88.01877602997399,102.57175782986788,103.90687322699848,106.76502610942333,110.33710845700168,114.99111872200005
51,1500,0.047879051000140505,-1.1582898223052656,-1.1380179633743248,-1.1122323507476337,-18.787040012766123,-1.3992070232559817,-1.1340958885800827,-1.1567858759351077,-1.1902038753045212,-1.1539156857316026,-1.117349580794007,18.833441907504366,27.554503426751303,14.900396699378273,16.81655107997242,9.122049255348596,15.178829729992298,1.3291400687325357,1.3749251280525956,1.3772771598467686,1.3793460360789667,18.833441907504366,46.38794533425567,61.28834203363394,78.10489311360635,87.22694236895495,102.40577209894725,103.7349121676798,105.10983729573239,106.48711445557916,107.86646049165813
51,2000,0.047879051000140505,-1.1336893397039027,-2.4261557915234118,-1.1326012334930788,-1.1337737310708706,-1.640379674913505,-1.1621211369207844,-1.1282064059165657,-1.1254167533672121,-1.1310961768725858,-1.1385821506263336,14.311872965543287,18.59555584917733,18.6404684095425,22.569290960901796,8.708254217080803,15.495073488680852,3.7146127279778716,1.414078800725047,1.351692372316144,1.3393740103421217,14.311872965543287,32.90742881472062,51.54789722426312,74.1171881851649,82.82544240224571,98.32051589092657,102.03512861890444,103.44920741962949,104.80089979194562,106.14027380228775
51,3000,0.047879051000140505,-1.5464462929760916,-1.318644377367337,-1.1528999999996006,-1.098,-1.098,-1.098,-1.0980000000003995,-4.2872272421654944,-1.098,-8.982250838746559,-5.82,39.2196761490495,26.668355982630416,14.683248079138068,10.452510121530722,15.144175192871828,3.1004687690617487,8.026985726104172,3.8145799796135407,1.3100000000000023,-5.82,33.3996761490495,60.068032131679914,74.75128021081798,85.2037903323487,100.34796552522053,103.44843429428228,111.47542002038645,115.28999999999999,116.6
51,4000,0.047879051000140505,-1.4449790924639707,-1.1092559843178282,-1.0983521021869196,-1.7865368247910762,-1.4286041216657437,-1.1034734322977933,-1.1106977685902688,-1.1155992666393795,-1.0984190277261172,-1.2347928536313288,5.762598886100523,33.272514605743226,25.380337165398764,13.544472708651277,7.41860479836037,16.223188837282542,3.636839500519729,1.3386972347955992,1.3298078868839833,1.3279610624538774,5.762598886100523,39.035113491843745,64.4154506572425,77.95992336589379,85.37852816425416,101.60171700153671,105.23855650205644,106.57725373685204,107.90706162373603,109.23502268618991
51,6000,0.047879051000140505,-1.1821871904881118,-1.1066839860494846,-1.3980246819539595,-1.933443572313252,-1.6662254442507312,-1.878141423420324,-1.108811662783157,-1.1000725419900896,-6.314531133852121,-1.5262500850415321,6.21459509640022,43.47418275914876,23.6606697447236,18.667310078515428,1.3484142376995276,8.752259313095706,1.348968629548871,4.91469214151012,1.646638972652851,1.3461536215948744,6.21459509640022,49.68877785554898,73.34944760027258,92.01675767878801,93.36517191648754,102.11743122958325,103.46639985913211,108.38109200064223,110.02773097329508,111.37388459488996
51,8000,0.047879051000140505,-1.098,-1.098,-7.505298166608577,-1.098,-2.450734851151483,-1.098,-1.098,-1.1529,-1.098,-1.098,-5.82,46.1,20.37912021437542,20.679818671229086,9.633795059361034,11.163392149444292,5.129826337368868,6.7140475682212895,1.3100000000000023,1.3100000000000023,-5.82,40.28,60.65912021437542,81.3389388856045,90.97273394496554,102.13612609440983,107.2659524317787,113.97999999999999,115.28999999999999,116.6
52,250,0.05238199318724364,-1.133288939590679,-1.1404692469266893,-1.1321138055852664,-4.07897332503112,-1.1343233007811548,-1.1167267905587872,-1.1665631701368586,-1.1390108051189682,-1.1302193772743898,-1.1441519169165626,35.89729375944596,23.624192833349735,10.225518228922505,15.129455454717574,8.500838757337466,10.78442022533666,5.298850037978919,1.3312012229151053,1.35526229713254,1.3551095124254067,35.89729375944596,59.521486592795696,69.7470048217182,84.87646027643578,93.37729903377324,104.1617192591099,109.46056929708882,110.79177052000394,112.14703281713648,113.50214232956188
52,500,0.05238199318724364,-1.1387424558873067,-1.1391401124239988,-1.6891527179079349,-1.1181592417131228,-1.4152427565720385,-1.146995539338631,-2.9787113339521927,-1.4075958350740558,-1.167750150013398,-1.166664093990355,26.18248349890463,22.304627277365782,19.333101285672285,15.613884366509055,11.344291583823413,7.005860733856331,1.397317314025189,3.896402217065109,5.372606819784046,2.8218887972943847,26.18248349890463,48.48711077627041,67.8202120619427,83.43409642845175,94.77838801227517,101.78424874613151,103.1815660601567,107.0779682772218,112.45057509700584,115.27246389430022
52,750,0.05238199318724364,-1.098,-1.098,-1.1066176001736223,-1.182159001350798,-22.07,-1.098,-3.0004671561109744,-5.311723087143642,-3.413907033030435,-1.098,-5.82,46.1,21.653261355950967,14.80639134224618,10.964593432067474,6.921802969456621,6.1406261786205505,6.234782319968815,7.318791662136164,2.279750739553222,-5.82,40.28,61.93326135595097,76.73965269819715,87.70424613026462,94.62604909972124,100.7666752783418,107.00145759831061,114.32024926044677,116.6
52,1000,0.05238199318724364,-1.0980000000000003,-9.187906742842202,-1.0980000000000003,-1.0980000000000003,-1.0980000000000003,-1.0980000000000003,-1.0980000000000003,-1.0980000000000003,-1.0980000000000003,-1.1528999999999985,-5.82,46.099999999999994,16.28127874833345,15.182989770885785,5.57288595897694,11.79466781622044,3.9666450756870124,9.436551325789452,6.2665665053443576,7.818414798762561,-5.82,40.279999999999994,56.56127874833344,71.74426851921923,77.31715447819617,89.11182229441661,93.07846737010362,102.51501869589308,108.78158520123743,116.6
52,1500,0.05238199318724364,-1.0980000000000005,-1.3341198718422056,-1.0980000000000005,-22.07,-1.5905532034319987,-1.0980000000000005,-1.0980000000000005,-1.152899999999995,-1.0980000000000005,-1.0980000000000005,-5.819999999999997,37.91820217074236,24.69308315335021,19.463507879144274,6.566926071808018,15.590610724419953,6.043206240836515,9.524463759698484,1.3100000000000032,1.3100000000000032,-5.819999999999997,32.09820217074237,56.79128532409258,76.25479320323686,82.82171927504487,98.41232999946482,104.45553624030133,113.97999999999982,115.28999999999982,116.59999999999982
52,2000,0.05238199318724364,-1.3889561311632872,-1.4245870378810892,-1.136488494673939,-1.1185837052277043,-1.8225321199903526,-1.1187952705936137,-1.1179709403784184,-1.1171897892019356,-1.1196870686732208,-1.127868833055146,6.31850404050123,25.658805614016103,16.825366042216224,23.215786769813832,12.39883689908067,12.594678866467753,8.328389134954062,2.5534981556603835,1.3279296336784765,1.3441654680135082,6.31850404050123,31.977309654517335,48.80267569673356,72.01846246654739,84.41729936562805,97.0119782320958,105.34036736704986,107.89386552271024,109.22179515638872,110.56596062440224
52,3000,0.05238199318724364,-1.4439482792011862,-2.0125521094431815,-1.143643421745568,-1.098,-1.098,-1.09800000000005,-1.098,-1.15289999999995,-1.098,-7.625673618123273,-5.82,46.1,25.047650928405332,19.358415045036807,9.040645988111677,1.3100000000000023,2.291314450065258,7.6314150068288455,9.011482359993664,2.6290762215584067,-5.82,40.28,65.32765092840533,84.68606597344214,93.72671196155382,95.03671196155382,97.32802641161908,104.95944141844792,113.97092377844159,116.6
52,4000,0.05238199318724364,-1.2434367941293916,-1.102947921930823,-1.123565250976623,-1.4972150190934066,-1.8233241653325316,-1.1213312671224542,-1.1231423427285094,-1.2862996379688088,-1.1346621462389475,-1.695085709550081,18.788193920585847,24.767621182002873,20.044116670232295,26.494042587151146,8.486116432924895,4.5228395837643145,1.9765844175646756,1.315699754245153,1.334132302120405,1.3331556624347343,18.788193920585847,43.555815102588724,63.59993177282102,90.09397435997217,98.58009079289707,103.10293037666138,105.07951479422606,106.39521454847122,107.72934685059163,109.06250251302636
52,6000,0.05238199318724364,-2.1316435208298348,-1.099804906951789,-1.267177411652279,-18.719584928046565,-1.6133256611833855,-3.526176731213639,-1.1635034742505401,-1.1125189378691607,-21.184025423062927,-2.413405108790067,25.215336975326892,32.59768342565785,17.660845886765536,21.90355452411405,1.3341926190718094,5.4694371229134315,4.473342075709446,3.2555637886309876,2.800219237294603,1.3102635488973977,25.215336975326892,57.81302040098474,75.47386628775027,97.37742081186431,98.71161343093613,104.18105055384956,108.654392629559,111.90995641818999,114.71017565548459,116.02043920438199
52,8000,0.05238199318724364,-1.1171154894162285,-1.1207664403948652,-2.797337727822076,-1.1330770848435188,-2.8199344465170437,-1.1362730177789846,-1.1031540665816109,-1.1097064135766088,-1.1014535924310234,-1.105719901760136,7.58212985483798,40.14664449365199,24.589523662202907,10.524314854876678,9.274153800700716,7.3546014375347255,1.347212590170972,1.3585473134766244,2.993040351335856,11.03556862833902,7.58212985483798,47.72877434848997,72.31829801069287,82.84261286556955,92.11676666627027,99.47136810380499,100.81858069397596,102.17712800745258,105.17016835878843,116.20573698712745
53,250,0.033154848939416004,-1.1647630877634851,-1.1108638049236297,-1.1514039679242427,-2.1579004202164977,-1.1599223530013059,-1.1644721549896264,-1.2512658453918863,-1.2122140332091584,-1.1424897201062776,-1.2058216868292453,32.27208749694263,20.04811949962611,17.845901545692392,17.5211876109056,14.439251706574083,2.9968211259789523,1.410721986063404,4.116795354700633,1.7605389873419144,2.777071300338302,32.27208749694263,52.32020699656874,70.16610854226113,87.68729615316673,102.12654785974081,105.12336898571976,106.53409097178317,110.6508863264838,112.41142531382572,115.18849661416402
53,500,0.033154848939416004,-1.1202497664232625,-1.122697129888358,-1.7227993037070606,-1.1171725897350075,-1.1259586632176402,-1.1203765518538114,-1.1242854357797367,-4.118758635714242,-1.1217028856881304,-3.630439998664075,-5.626557429928814,36.75435557605664,27.017278929457852,24.400534372903167,5.448302208897995,11.431889133175838,2.1143021541071803,3.7742243047118786,1.935675380878219,4.468273715815844,-5.626557429928814,31.127798146127823,58.145077075585675,82.54561144848884,87.99391365738684,99.42580279056268,101.54010494466986,105.31432924938174,107.25000463025997,111.7182783460758
53,750,0.033154848939416004,-1.145362719180647,-1.1421588821771782,-1.14380070052133,-1.181660898918917,-2.6410626134287387,-1.2017592432238238,-3.1201162118265886,-1.3586590918534647,-1.3837813285316818,-1.1898794835339275,5.17416015951785,24.136399670482085,24.617959594986786,16.810217733484762,9.001385070197216,15.132387777956545,2.6139676131818215,5.906409981550464,8.026833033021095,4.037251331870525,5.17416015951785,29.310559829999935,53.92851942498672,70.73873715847148,79.7401222286687,94.87251000662525,97.48647761980708,103.39288760135754,111.41972063437863,115.45697196624916
53,1000,0.033154848939416004,-1.152058358075731,-1.112643233158182,-1.1163624476216762,-1.1183693824148389,-1.1323506649450135,-1.1424808977853576,-1.102429090083839,-1.1099184031159837,-1.1131847871855447,-1.1114240615925128,15.928562090088434,17.185838926542985,26.64557531787085,11.04726478874079,4.108354931864529,16.842703266770684,6.3778131516340935,4.161880323860203,7.177210754735601,7.111306355092715,15.928562090088434,33.11440101663142,59.75997633450227,70.80724112324306,74.91559605510759,91.75829932187827,98.13611247351236,102.29799279737256,109.47520355210816,116.58650990720088
53,1500,0.033154848939416004,-1.1097805577907116,-1.176692531656243,-1.1060840433137287,-1.1111193494981468,-6.653607929303959,-1.1029020021675682,-1.1086781281665208,-1.1283097450631963,-1.1066791962792406,-1.1140499564585125,9.533893223031036,15.104241262132795,16.088848172295656,19.372634048864427,7.685659897457544,15.590303594678435,9.797858592794107,6.662361838190712,8.143214638386201,2.6679630611344622,9.533893223031036,24.63813448516383,40.72698265745949,60.099616706323914,67.78527660378145,83.37558019845989,93.173438791254,99.83580062944472,107.97901526783092,110.64697832896537
53,2000,0.033154848939416004,-1.8412187856891675,-2.089166775916543,-1.1038169449598385,-1.1038587747299693,-2.164492526682296,-1.1558596100985499,-1.1051340388013244,-1.0995853023813495,-1.0998729801705855,-1.1014548161297166,-5.801290373994146,27.1237224110816,22.423009119680145,16.87762072432752,8.158543847661932,14.425705101939993,7.414732512690325,9.346865839592716,7.017331630711794,4.615479963034581,-5.801290373994146,21.322432037087456,43.7454411567676,60.62306188109512,68.78160572875706,83.20731083069705,90.62204334338738,99.9689091829801,106.9862408136919,111.60172077672647
53,3000,0.033154848939416004,-1.2998599321497895,-1.1295273095107738,-1.1466564457912765,-1.1779443329838704,-1.1440616951952984,-1.2020624293575364,-1.2108913569034279,-2.0455519620934277,-1.1919766902768827,-1.867697785110554,1.371037523359763,23.7700982172423,29.968173068602958,23.425197286989103,7.65654127065573,7.939777574594185,1.5857372443730489,7.1571126043896385,10.244860036849019,3.0790663613501774,1.371037523359763,25.141135740602063,55.10930880920502,78.53450609619412,86.19104736684986,94.13082494144405,95.7165621858171,102.87367479020673,113.11853482705575,116.19760118840593
53,4000,0.033154848939416004,-1.1361082376229064,-1.1310042063293548,-1.113240200037905,-1.698916490189692,-1.8099541770008192,-1.1444735061699087,-1.1195224043894436,-1.1306532387519317,-1.1338216225374929,-1.1793765378921113,13.981174433018381,18.48373309844687,18.111737779989518,18.264661790602858,12.037926093775642,10.698640601393045,1.4367627994676095,5.583060179676378,9.338868723870405,1.8043458533585497,13.981174433018381,32.46490753146525,50.57664531145477,68.84130710205763,80.87923319583327,91.57787379722632,93.01463659669393,98.59769677637031,107.93656550024072,109.74091135359927
53,6000,0.033154848939416004,-2.9199448742436847,-1.3856192967526932,-1.1256956120784456,-2.1710151218432094,-1.4883913018863986,-1.1616508717215237,-1.1801315152340925,-1.1770528440666004,-2.860577546239824,-1.1210557721372814,14.270935809855416,35.52601146169317,18.104601733379774,15.334420896228352,4.993063673878009,5.150531582616683,3.473113394700487,2.0639678269651673,3.732246451379841,1.7935846950455603,14.270935809855416,49.79694727154859,67.90154900492837,83.23596990115672,88.22903357503473,93.37956515765141,96.8526785523519,98.91664637931707,102.64889283069691,104.44247752574248
53,8000,0.033154848939416004,-1.098,-1.098,-1.098,-1.098,-22.07,-1.098,-1.098,-1.098,-1.098,-1.098,-5.82,39.60578408272527,19.03389621636269,21.68198679251185,10.464164211513406,8.901581758912753,2.008840249655904,2.63117739049018,2.936141261226439,1.3100000000000023,-5.82,33.78578408272527,52.81968029908796,74.50166709159981,84.96583130311322,93.86741306202597,95.87625331168188,98.50743070217206,101.4435719633985,102.7535719633985
54,250,0.1161227136746687,-1.1126956067053202,-1.102968646736202,-1.1241510822464509,-1.5264290315834605,-1.1242782832029365,-1.1091502060739664,-1.4182882811336648,-1.1062998724045432,-1.1351743226559008,-1.1180107059034716,39.41346035227424,14.171692898699582,6.24880649626779,10.180137664480107,9.623674893406374,6.152552928969378,14.575610965608707,4.361217597421145,2.3227153492687753,9.011078356418203,39.41346035227424,53.585153250973825,59.833959747241614,70.01409741172172,79.6377723051281,85.79032523409748,100.36593619970618,104.72715379712733,107.0498691463961,116.06094750281432
54,500,0.1161227136746687,-1.1402489946482157,-1.111632904846956,-2.113838036287224,-1.1040964106031834,-1.1431632553258118,-1.1701575339941896,-2.2216566645862885,-1.1077109318480518,-10.187728575818753,-1.126787505869564,19.029762030474984,28.84376243032812,4.51808792074827,14.284189781349841,10.18020834730778,13.799626421720376,8.330442711243236,4.258875229835846,3.4395384353099487,1.6822718820168325,19.029762030474984,47.873524460803104,52.391612381551376,66.67580216290122,76.856010510209,90.65563693192938,98.98607964317262,103.24495487300847,106.68449330831842,108.36676519033526
54,750,0.1161227136746687,-21.283383428878935,-1.1444060116572983,-1.1371217852597364,-1.1424946379748149,-4.192353263098493,-1.133633816585676,-2.9708619010577273,-2.3009669270952493,-2.3551312019762225,-1.139965313026806,20.770411904145718,27.275789571781132,9.513459402174028,5.941930703304523,9.691167839256131,11.305353235039988,13.704483020908327,6.239794261402293,4.51477980891476,3.7615219063469123,20.770411904145718,48.04620147592685,57.55966087810088,63.5015915814054,73.19275942066153,84.49811265570152,98.20259567660985,104.44238993801214,108.9571697469269,112.71869165327381
54,1000,0.1161227136746687,-1.107225659432657,-1.115202188436239,-1.122618742549792,-1.1088022035396201,-17.128169576585876,-1.1554116127236993,-1.1215226189333554,-1.1027444486120483,-1.118585565835903,-1.1001645979753496,13.579849673417328,31.572503265851054,11.690685052110027,12.349680729595661,9.023925821263898,11.461634119300427,8.105621960072277,2.5077221811460007,5.6597291155641045,4.401210559467508,13.579849673417328,45.15235293926838,56.84303799137841,69.19271872097407,78.21664454223797,89.6782786615384,97.78390062161068,100.29162280275668,105.95135191832078,110.3525624777883
54,1500,0.1161227136746687,-1.103913138869503,-1.4670440611618139,-1.1131632429959433,-20.941888290693072,-1.3299346193610861,-1.1229431370573115,-1.1042164190211623,-1.1057869777234193,-1.1143895286495042,-1.109110124066921,9.593695284519418,34.4167102122758,19.994346974452824,9.431641800783623,5.754255041820626,13.746590886373534,5.732657076200486,7.268121551726906,6.029096128750748,4.380737924318275,9.593695284519418,44.01040549679522,64.00475247124805,73.43639427203168,79.1906493138523,92.93724020022584,98.66989727642633,105.93801882815323,111.96711495690398,116.34785288122225
54,2000,0.1161227136746687,-1.1093674222543881,-2.5307968903083893,-1.1085405051436066,-1.1072459826776044,-1.1148001776419978,-1.1067465175054396,-1.110173340478167,-1.1101142506463915,-1.1026251503199846,-1.1107682316588279,20.839339456221197,12.417965800612286,27.71979315678287,18.02859253981226,1.3443154795562844,10.783063889666117,3.8181165378898037,4.031420187498497,8.621984571890742,8.753598114721722,20.839339456221197,33.25730525683348,60.97709841361635,79.00569095342861,80.3500064329849,91.13307032265101,94.95118686054082,98.98260704803931,107.60459161993006,116.35818973465179
54,3000,0.1161227136746687,-1.3972438255373687,-2.228292518221065,-1.128435846749516,-1.1002063101054138,-1.15119327824498,-1.1060907945809673,-1.10927059068363,-2.787529253009774,-1.1121329851592048,-6.113292178895989,15.830041436086326,25.33378035785988,19.000863137245055,8.998147390765926,3.2240833277259586,10.017041296947706,3.794028868925249,6.861858260456476,8.584391954372734,12.551150287977883,15.830041436086326,41.163821793946205,60.16468493119126,69.16283232195718,72.38691564968315,82.40395694663086,86.19798581555611,93.05984407601258,101.64423603038531,114.1953863183632
54,4000,0.1161227136746687,-1.115526365799949,-1.1299081483557587,-1.1306143961790385,-1.292701025979798,-1.4082410762312856,-1.1115721385008768,-1.1692820555974772,-1.15795775739341,-1.152659714027989,-1.2167689455697306,24.20233018825371,30.947112880260406,10.430958423858428,13.123154939692498,9.425546051933715,9.360749066113897,6.56943131088617,4.5558726156821745,1.372950616250769,1.3837787442754674,24.20233018825371,55.14944306851412,65.58040149237254,78.70355643206504,88.12910248399876,97.48985155011266,104.05928286099883,108.61515547668101,109.98810609293179,111.37188483720726
54,6000,0.1161227136746687,-1.1420084793904013,-1.1329640766134377,-1.131900517536777,-1.9458605603988435,-1.1157016178077224,-3.316534855408687,-1.108085857596405,-1.1149338584860837,-1.103734676814153,-1.1421442019827897,28.962101440459875,28.106447318678434,13.209601041053922,8.984720586042261,1.3197379712402624,10.948652833861775,5.698789276383144,3.3238714107831164,6.09453242612064,1.3564808531468793,28.962101440459875,57.06854875913831,70.27814980019224,79.2628703862345,80.58260835747475,91.53126119133653,97.23005046771966,100.55392187850278,106.64845430462341,108.00493515777029
54,8000,0.1161227136746687,-1.1018809299829906,-1.1244120946721523,-3.589924019600844,-1.118743831417707,-2.4261923164214876,-21.781989662485696,-1.129475793594973,-1.123628498190953,-1.1483756458988181,-1.1321617415522223,24.29637552051923,40.39858468195166,4.7477355014440805,8.283232028275428,4.02776039321069,18.444409168529944,1.3109106504988892,5.653768699460953,6.80160334452486,2.5620274116873984,24.29637552051923,64.6949602024709,69.44269570391498,77.7259277321904,81.75368812540108,100.19809729393103,101.50900794442991,107.16277664389087,113.96437998841573,116.52640740010312
55,250,0.08110616215931504,-1.3096740122750354,-1.234776163917573,-1.1573100759697428,-1.690055375723937,-1.1513169592999883,-1.148096742848991,-1.5004500891113381,-1.2209278636725425,-1.221677362965552,-1.1904959017494465,28.52605495304281,28.15992848539151,18.754321646778337,3.049377979033923,21.118355359754105,2.9860816352907484,4.338456914324045,3.1665397549653536,3.888584600967376,1.964201204471543,28.52605495304281,56.68598343843432,75.44030508521266,78.48968306424658,99.60803842400068,102.59412005929143,106.93257697361547,110.09911672858082,113.9877013295482,115.95190253401975
55,500,0.08110616215931504,-1.1295670020434083,-1.135384082608768,-1.110975834675715,-1.1243213730095691,-1.136948005751481,-1.1285441626122372,-1.1045516035024492,-5.5977515373620435,-1.130751891826879,-1.1692499713532496,16.13095704866405,21.656574023512455,24.51314615417086,17.700270962843383,8.189345150778244,9.487463205030632,5.941468375598694,6.437317629231929,3.545824240500231,1.3552162385105397,16.13095704866405,37.787531072176506,62.30067722634737,80.00094818919075,88.190293339969,97.67775654499964,103.61922492059833,110.05654254983025,113.60236679033048,114.95758302884101
55,750,0.08110616215931504,-1.098,-1.098,-1.098,-1.098,-1.8638009793133574,-1.1529,-3.3521562699716787,-5.392558829739063,-5.817858975105035,-1.098,-5.82,31.549591903619714,25.54211994742255,16.162368836462257,15.425903547925941,15.042050034450625,6.5188637496654565,7.7183740830456316,3.150727897407819,1.3100000000000023,-5.82,25.729591903619713,51.27171185104226,67.43408068750452,82.85998423543046,97.90203426988109,104.42089801954654,112.13927210259217,115.28999999999999,116.6
55,1000,0.08110616215931504,-1.098,-1.098,-1.098,-1.1529,-6.682959298052906,-1.098,-1.098,-1.098,-1.098,-1.098,-0.5378769820371649,16.016905697287985,30.766601506780646,24.483951236278173,9.38279181082261,15.193041565375566,4.136664219158078,5.806187055129442,5.199496233626235,6.152237657578425,-0.5378769820371649,15.47902871525082,46.245630222031465,70.72958145830964,80.11237326913225,95.30541483450781,99.44207905366589,105.24826610879533,110.44776234242157,116.6
55,1500,0.08110616215931504,-1.1144911027872015,-1.1105081893986468,-1.120021819218943,-1.1539958157060068,-1.473745128985601,-1.099751944216588,-1.0995643744488888,-1.1075551232053105,-1.1119705548212917,-1.1025180462124107,7.728488793946482,19.356428854326563,22.909834290247243,21.258309140989397,10.541471368019522,15.867068865449362,1.3369545747260831,7.417030370781916,6.614089979291457,3.5022534166891197,7.728488793946482,27.084917648273045,49.99475193852029,71.25306107950968,81.7945324475292,97.66160131297858,98.99855588770465,106.41558625848657,113.02967623777803,116.53192965446715
55,2000,0.08110616215931504,-1.1951726549957988,-1.5067470812943093,-1.115174304084377,-1.1197783723266586,-1.3749660401358432,-1.1067886268115998,-1.1374278329021998,-1.1304821936465768,-1.1264529478592142,-1.1328103169563244,2.7029840013348734,25.636007312264397,16.549034766730088,17.387883806924158,14.218273605297092,17.95485668623654,2.3624253167966396,3.9165456399644363,4.449748383811219,9.784810940338858,2.7029840013348734,28.33899131359927,44.888026080329354,62.27590988725351,76.4941834925506,94.44904017878714,96.81146549558379,100.72801113554823,105.17775951935945,114.96257045969831
55,3000,0.08110616215931504,-2.0711283152730293,-1.2348451049759235,-1.3795603929873932,-1.098,-1.098,-1.2120905873541092,-1.098,-11.654270672362044,-1.098,-1.098,-5.82,46.1,11.748121601476306,16.70351724287007,11.516507614438154,14.174236446043778,1.3100000000000023,8.265624596875995,11.291992498295684,1.3100000000000023,-5.82,40.28,52.02812160147631,68.73163884434638,80.24814645878453,94.42238290482831,95.73238290482831,103.99800750170431,115.28999999999999,116.6
55,4000,0.08110616215931504,-1.1012688089354543,-1.1726726784648358,-1.1535822194803433,-2.0882647788718174,-1.4137817896333162,-1.136196504110321,-1.127104460935104,-1.1526285103311875,-1.1390312951922192,-1.4996247118452564,16.076345289890234,20.456700732106754,7.240878380032775,31.223430414691904,7.290830234972734,15.156156291875995,4.653701411376343,3.2356993687463635,4.982982218040517,1.380931186938735,16.076345289890234,36.53304602199699,43.77392440202976,74.99735481672167,82.2881850516944,97.44434134357039,102.09804275494673,105.3337421236931,110.31672434173362,111.69765552867236
55,6000,0.08110616215931504,-1.6643168222061175,-1.1056973532304475,-1.1710923286237749,-2.4181766513520806,-1.402150869913467,-2.6462122532638555,-1.1967638559239064,-1.1874489172356852,-1.8531293021522437,-1.1815464938310878,18.666909864368346,21.543328801282396,12.220859078355073,17.840224807516716,7.908298778016924,12.196015399957027,4.376667909061856,3.2794783076760723,6.424167570888814,11.364811899999413,18.666909864368346,40.21023866565074,52.43109774400581,70.27132255152253,78.17962132953946,90.37563672949648,94.75230463855833,98.0317829462344,104.45595051712321,115.82076241712262
55,8000,0.08110616215931504,-1.1071581127055374,-1.108320511584013,-1.1355074796575733,-1.109992310611697,-2.9528800895726404,-1.1219538707780097,-1.107469261950484,-1.1088885919344862,-1.1158588060017935,-1.109544068683996,5.991449142535588,40.1886103393126,1.4140368256837021,3.0699049446788482,24.91459833073668,13.059231208794671,2.8134627794480114,4.769727915934316,4.4426264328152545,15.668591582350274,5.991449142535588,46.18005948184819,47.59409630753189,50.66400125221074,75.57859958294742,88.63783079174209,91.4512935711901,96.22102148712442,100.66364791993968,116.33223950228995
56,250,0.03503420885832215,-1.1271346626090053,-1.1171330615348856,-1.1422376634398064,-1.3400798873830775,-1.1135225480154038,-1.1174225697880589,-1.1050642752970008,-1.1238743989330007,-1.13486342364615,-1.1284484097866532,8.643372361677724,25.303200796763505,11.226757190881628,14.594359002221218,12.717669136151912,8.675526078621527,5.199742993244737,5.785160323898284,4.585477896911248,6.676846391692809,8.643372361677724,33.946573158441225,45.17333034932285,59.76768935154407,72.48535848769598,81.1608845663175,86.36062755956225,92.14578788346053,96.73126578037177,103.40811217206458
56,500,0.03503420885832215,-1.1144812038851724,-1.1448128460661677,-1.1341680939186096,-1.139908289689378,-1.1412286881095457,-1.122137109701892,-1.1811199814281772,-1.5062863124334949,-1.2001710378990968,-2.298633990279921,-0.6623902632481653,28.9121779466049,17.437143803517117,23.793182307098526,11.452030418448189,9.35566239447575,1.3868947660254207,2.779753091861604,1.9986201321739179,7.056721235674683,-0.6623902632481653,28.249787683356733,45.686931486873846,69.48011379397238,80.93214421242057,90.28780660689631,91.67470137292173,94.45445446478334,96.45307459695725,103.50979583263194
56,750,0.03503420885832215,-8.29097598438393,-1.1552137030370733,-1.1569308569621892,-1.1631188389559841,-2.3448091844608294,-1.147072598156734,-3.2018229399188076,-1.1331949666839491,-1.156062859393344,-1.1554285734787233,5.769163483221748,31.907512050580557,14.478934793360795,8.4627126846468,12.799941536496679,12.995551366367856,1.36837502817643,3.4304032660613264,4.8627834979420905,6.88014600527954,5.769163483221748,37.6766755338023,52.155610327163096,60.61832301180989,73.41826454830657,86.41381591467442,87.78219094285085,91.21259420891218,96.07537770685427,102.95552371213381
56,1000,0.03503420885832215,-1.159446826857123,-1.1377112790649273,-1.1204523720103226,-1.1391221198384087,-4.810563241678754,-1.128180874080136,-1.1471189793253276,-1.1460417465084836,-1.162738387266817,-1.1615668182730612,8.238577414874632,23.24736202590921,6.9912991221662075,11.722107078385221,12.72467021057205,14.686780649963264,1.361352141243903,3.9107163269611736,3.3992137805298857,7.496222035626245,8.238577414874632,31.485939440783845,38.47723856295005,50.19934564133527,62.92401585190732,77.61079650187058,78.97214864311448,82.88286497007566,86.28207875060555,93.7783007862318
56,1500,0.03503420885832215,-1.1123232379032602,-1.131953687524288,-1.1053208243406245,-3.656583726407879,-1.1068289992488443,-1.1101636453770012,-13.62633393172657,-1.1042516204747828,-1.1095458917864724,-1.112163380040076,-5.807966705132536,30.7327804297068,19.68896000988903,13.909519638147195,15.168830579282897,12.345778734005357,3.992911582928798,6.618385388810395,5.95013784416518,4.092380691330899,-5.807966705132536,24.924813724574264,44.613773734463294,58.52329337261049,73.6921239518934,86.03790268589876,90.03081426882756,96.64919965763795,102.59933750180313,106.69171819313404
56,2000,0.03503420885832215,-2.0234822780889896,-1.2504950838970794,-1.130833414530458,-1.130273477201674,-1.1314674206080806,-1.132531782741574,-1.131841325041611,-1.1420280265813507,-1.1260661893521555,-1.1411125128109503,-0.9167270114628856,18.496354090071165,18.620677271605558,10.011589471366197,10.174215330920632,14.968615432628326,8.231552487228651,4.565701634677847,4.027245790722493,1.9182800337333248,-0.9167270114628856,17.57962707860828,36.20030435021384,46.211893821580034,56.386109152500666,71.35472458512899,79.58627707235765,84.1519787070355,88.17922449775799,90.09750453149131
56,3000,0.03503420885832215,-1.2672909693313388,-1.1277175958502024,-1.200771404011756,-1.1282405869129137,-1.1067898848301816,-1.1782439398265188,-1.1538265990643874,-2.465633030271292,-19.90549395403678,-2.0529971201605117,9.900866856015988,13.383368281859507,6.375636046952264,19.74312764174995,10.608986334283072,11.107527753816981,3.1493054530208724,12.103928428210429,8.196955787509552,1.334206462330098,9.900866856015988,23.284235137875495,29.659871184827757,49.40299882657771,60.01198516086078,71.11951291467776,74.26881836769863,86.37274679590905,94.5697025834186,95.9039090457487
56,4000,0.03503420885832215,-1.349747933341348,-1.151186598086102,-1.1652559031411092,-2.543555487960429,-1.178572645838066,-1.1647049532132923,-1.1783889864254804,-1.2042184129696647,-1.223876145744705,-1.2761146164468857,1.6159607187606984,13.72589944462284,16.826661165758345,13.996673431222497,17.302958139102984,8.621162099015404,6.152115645682258,6.089571236694589,7.023465169981453,1.9611800074562629,1.6159607187606984,15.341860163383538,32.16852132914188,46.16519476036438,63.46815289946736,72.08931499848276,78.24143064416502,84.33100188085962,91.35446705084107,93.31564705829733
56,6000,0.03503420885832215,-1.4150798070793371,-1.2549061276971938,-1.1142031114339859,-1.2965857323398495,-1.2185606872193255,-1.4181021267273,-1.2150415553111356,-1.21552473994727,-2.3225978286036426,-2.0682552811639594,13.444569740895702,12.844659581366223,22.95009510796463,20.195200376167655,3.4796801450688726,14.46355086862944,5.971822065372798,4.5191483669427175,9.56462452468157,1.5167564579304145,13.444569740895702,26.289229322261924,49.23932443022655,69.43452480639421,72.91420495146308,87.37775582009252,93.34957788546532,97.86872625240804,107.4333507770896,108.95010723502001
56,8000,0.03503420885832215,-1.1023641654555545,-1.1001807352007356,-2.1441101726221867,-1.1018533905026262,-3.263652654520353,-3.8000931520109336,-1.1009078750040946,-1.1051082049024392,-1.1021146074371118,-1.1015812490240389,-5.8107740593986055,37.86574522153355,18.518587968946242,15.212266912718263,9.31297375500828,16.415205698404527,7.615676392503856,4.386228934916673,5.200176545102454,1.4563060306667714,-5.8107740593986055,32.05497116213495,50.57355913108119,65.78582604379946,75.09879979880773,91.51400549721225,99.12968188971611,103.51591082463278,108.71608736973523,110.172393400402
57,250,0.12208456530062124,-1.1016618781823646,-1.099525273139605,-1.1000867728071304,-1.190796800333748,-1.1021054942821413,-1.0982078813589768,-1.4713104003897253,-1.1028231264299975,-1.0999099430980634,-1.1025984807134246,31.896342058703738,27.362527841704072,9.698493376712939,11.131764412806344,1.3143509839969187,8.792565787257452,8.186197288915537,7.734856221965117,4.140698910256042,3.6692118150431963,31.896342058703738,59.25886990040781,68.95736327712075,80.0891276899271,81.40347867392401,90.19604446118146,98.382241750097,106.11709797206211,110.25779688231816,113.92700869736136
57,500,0.12208456530062124,-1.1147369916449952,-1.1012511933851412,-1.587346413744143,-1.1250144363979127,-1.106249965206727,-1.10935208101764,-1.1014150054934237,-2.5485307223778157,-1.1245258067626551,-1.9213980182882455,13.497131447531004,46.06885612437085,8.917839891997154,22.352032864660245,1.3171129968961113,5.363822262420639,10.49425504854305,2.58355922044277,1.6184970866849913,2.3352210077660063,13.497131447531004,59.56598757190186,68.48382746389902,90.83586032855926,92.15297332545538,97.51679558787602,108.01105063641907,110.59460985686184,112.21310694354683,114.54832795131284
57,750,0.12208456530062124,-13.918408041119552,-1.098,-1.098,-1.751795114733491,-1.098,-1.098,-22.07,-4.096429877471198,-2.4170088155619265,-1.1529,19.18706018693441,37.12409929378699,14.433778474969557,20.0609596771656,7.548935888361541,7.044332641603276,7.270833837178614,1.3100000000000023,1.3100000000000023,1.3100000000000023,19.18706018693441,56.3111594807214,70.74493795569096,90.80589763285656,98.3548335212181,105.39916616282137,112.66999999999999,113.97999999999999,115.28999999999999,116.6
57,1000,0.12208456530062124,-1.1276960267668832,-1.1233661386896001,-1.1319066944664362,-1.1250776129589957,-1.1231630855177506,-1.1236884228729944,-1.1392295565212787,-1.1381163277276598,-1.1460716720836572,-1.146920856826592,31.245563492891577,36.086113336331834,11.329768947808368,14.115177884415552,4.938274642976285,7.181673331236553,3.364047459115916,1.3517112328853775,1.3649456766686585,4.3438557227497245,31.245563492891577,67.33167682922341,78.66144577703179,92.77662366144733,97.71489830442361,104.89657163566017,108.26061909477608,109.61233032766145,110.97727600433011,115.32113172707983
57,1500,0.12208456530062124,-1.1099431383325,-1.1532289637541862,-1.0982349369242779,-1.1163853424828978,-4.738975345206805,-1.1110317371525618,-1.1126506197420567,-1.1009168656790491,-1.1056961769582445,-1.1010914958460152,20.243819620055092,35.3976739629679,20.062171825475374,16.110872853864393,10.529711028960598,2.842375618522609,1.3308262622802065,1.3109495779044047,1.322137047001895,1.3109530324838912,20.243819620055092,55.64149358302299,75.70366540849837,91.81453826236276,102.34424929132337,105.18662490984597,106.51745117212619,107.8284007500306,109.15053779703248,110.46149082951638
57,2000,0.12208456530062124,-1.1172333245746375,-1.6110783562968987,-1.1079763762309147,-1.1082183664642988,-1.9876489090261744,-1.099125961052339,-1.170036352222935,-1.1108917622780927,-1.1123808164368763,-1.1142126315343757,24.620026796796893,39.068109168332384,11.250895323700497,9.603374850805377,12.311169918349819,7.657286731739459,1.3157085629991205,1.310698164147103,1.3697565500281565,1.3192701733767596,24.620026796796893,63.68813596512928,74.93903128882977,84.54240613963515,96.85357605798497,104.51086278972443,105.82657135272355,107.13726951687065,108.5070260668988,109.82629624027557
57,3000,0.12208456530062124,-1.2979222723411428,-2.8198190987563247,-1.119405503606067,-1.113916129854092,-1.1199082303307177,-1.104123679948258,-1.1587731450845693,-8.539881755582584,-1.117820677205391,-1.1087320143420114,22.162082606695563,37.71440883306512,8.312111841333955,10.406202615823556,17.70468519121745,6.068744782023067,1.8238346744534684,1.3107760664274979,1.3133741000650847,7.1902467231303895,22.162082606695563,59.876491439760684,68.18860328109464,78.5948058969182,96.29949108813565,102.36823587015871,104.19207054461218,105.50284661103967,106.81622071110476,114.00646743423515
57,4000,0.12208456530062124,-1.1036003042394311,-1.1339626737488553,-1.1424895960993942,-2.8769005248915285,-1.9806530829866098,-1.1357694851939448,-1.1324929143280933,-1.1251121087403182,-1.1337762867161656,-2.0103260315137224,31.070237228087535,35.31505245085708,9.073361828661053,9.288684301559037,15.544978513443453,1.3740274420545031,1.320012458277251,1.3502180955526732,1.3337564467791392,1.335167477159354,31.070237228087535,66.38528967894462,75.45865150760567,84.7473358091647,100.29231432260815,101.66634176466265,102.9863542229399,104.33657231849257,105.6703287652717,107.00549624243106
57,6000,0.12208456530062124,-1.9677656395725247,-1.1853175230801196,-1.1899381454412907,-1.4016252271268757,-2.220778427039889,-1.287669304839011,-1.2348288211122234,-1.2886848729082772,-5.165321964855904,-4.509516128791866,32.913388207079464,30.48651222755788,19.078659134732888,8.143326075887305,4.209327966922796,4.358060670618302,6.294321242906356,1.47932789960882,4.264917398783236,1.4481774634443925,32.913388207079464,63.399900434637345,82.47855956937023,90.62188564525754,94.83121361218033,99.18927428279864,105.483595525705,106.96292342531382,111.22784082409706,112.67601828754145
57,8000,0.12208456530062124,-1.151309772529446,-1.1348153165008465,-4.9925780758132845,-21.75996036482377,-3.7181312923726377,-1.116453524425597,-1.1167121546111014,-1.1294984533504815,-1.1236270121609224,-1.1602438771777157,27.298228206817925,25.33726640971517,15.956311010571142,6.259343291126953,12.34177355331024,14.933201413223834,1.354325399244007,4.210944092715241,1.3780576607014394,1.3501598119866758,27.298228206817925,52.635494616533094,68.59180562710424,74.85114891823119,87.19292247154144,102.12612388476526,103.48044928400927,107.6913933767245,109.06945103742595,110.41961084941262
58,250,0.07009520833401493,-1.119581745575475,-1.122559298429616,-1.1237956440488426,-3.692555713950279,-1.119653656211703,-1.1247378328342044,-1.1204720740731855,-1.126288484038232,-1.122524479162882,-1.1298105384157007,33.411818014444826,15.847914142423608,8.682612142986153,10.309906412000515,17.374541122439446,6.864855486254138,1.3463671569187259,5.28999979024832,3.9247479506096346,1.345479707944651,33.411818014444826,49.25973215686844,57.94234429985459,68.25225071185511,85.62679183429455,92.4916473205487,93.83801447746742,99.12801426771574,103.05276221832537,104.39824192627002
58,500,0.07009520833401493,-1.0989787256730028,-1.1085737756217466,-2.1624075457126413,-1.1095889839560258,-1.3616333411308734,-1.098036650980072,-7.504812007753186,-2.013253498652758,-1.1312310464051905,-1.6339179826682475,17.92868925576647,28.205015013430845,1.3127820772488836,10.272077429479891,10.42863178101322,10.324570242474541,1.5983277547507213,1.378943719345403,4.659521895338362,15.76497844413776,17.92868925576647,46.13370426919732,47.4464863464462,57.71856377592609,68.14719555693931,78.47176579941384,80.07009355416457,81.44903727350997,86.10855916884833,101.8735376129861
58,750,0.07009520833401493,-6.127935087987677,-1.106840375119304,-1.121256431817291,-1.132782959641617,-3.222884964845484,-1.1020170629077701,-6.159214681879508,-1.1086948128103882,-1.1159127214583426,-1.1393509284811216,25.563500601088272,27.452246888113258,10.424484882401025,7.092465679691468,6.74120249439561,14.491716669280166,3.879509463705798,6.966980745890652,6.266776046524628,5.361136345756099,25.563500601088272,53.01574748920153,63.440232371602555,70.53269805129402,77.27390054568963,91.7656172149698,95.6451266786756,102.61210742456625,108.87888347109087,114.24001981684697
58,1000,0.07009520833401493,-1.1585428727538112,-1.1199991063910688,-1.104054167204224,-1.1190683021555876,-1.1080329135814138,-1.10562110153447,-1.142989701521091,-1.1089858075190127,-1.1267757988865665,-9.469982242640096,12.590605978953377,40.52509892271628,12.05434182487545,3.300432925099127,1.582948485575944,13.643727338654799,5.040853870567485,5.6907335607799965,5.383336788041312,10.204986329580688,12.590605978953377,53.11570490166966,65.17004672654511,68.47047965164424,70.05342813722018,83.69715547587498,88.73800934644247,94.42874290722247,99.81207969526378,110.01706602484447
58,1500,0.07009520833401493,-1.1024306377671684,-1.6056447605353226,-1.1026628434087327,-1.1051386008841009,-2.269352908880646,-1.1121885717866178,-1.1009853741537432,-1.113379952445686,-1.1001665982412616,-1.1090787977739685,22.345340062341236,27.81254619822718,11.758468784206372,8.564714216498885,6.044520033168876,10.877776824093715,5.983503768942079,5.712714210012081,5.938381618050961,6.018115545212709,22.345340062341236,50.15788626056842,61.91635504477479,70.48106926127367,76.52558929444255,87.40336611853627,93.38686988747835,99.09958409749044,105.03796571554139,111.0560812607541
58,2000,0.07009520833401493,-1.1276931509895882,-3.745837248167632,-1.1241088985563619,-1.1385459473826622,-1.966019964325417,-1.14941791816449,-1.138765415072112,-1.1685075040693413,-1.153180678150202,-1.1737812140710107,18.499965109305933,24.889190924915617,4.732787693223411,12.29457290805648,6.820226995810568,9.14745163956827,6.484427800866534,5.226961402077878,5.0908756407515625,4.424764225778219,18.499965109305933,43.38915603422155,48.12194372744496,60.41651663550144,67.23674363131201,76.38419527088028,82.86862307174681,88.09558447382469,93.18646011457625,97.61122434035447
58,3000,0.07009520833401493,-1.116476477732475,-1.8341191219580244,-1.5631823946550623,-1.2171916842087502,-1.1469112053353792,-1.2032449634763505,-1.138884334347019,-1.1273595574685005,-1.2393610144979368,-1.8013698259987354,12.51153942517318,29.462854924308004,10.420696706468004,10.02623042449159,10.131536053288826,1.3955140763902545,3.5843413074993755,7.28616255897904,7.633287474914319,2.8542493628882797,12.51153942517318,41.97439434948119,52.395091055949194,62.42132148044078,72.55285753372961,73.94837161011986,77.53271291761924,84.81887547659828,92.4521629515126,95.30641231440089
58,4000,0.07009520833401493,-1.712163791966891,-1.1995191443529003,-1.1613194327863727,-2.3865359334106335,-1.4160753552365377,-1.1599792153038164,-1.1799388492241039,-1.1494293031460594,-1.137577744248527,-1.3733324524798949,19.797421244634393,31.744899606327095,8.22409772188086,3.7482849320258502,19.122778182134454,2.534918486817925,6.248753929985506,3.4090813956404435,4.481168207971004,1.4326146784537377,19.797421244634393,51.54232085096149,59.76641857284235,63.514703504868194,82.63748168700265,85.17240017382058,91.42115410380609,94.83023549944653,99.31140370741754,100.74401838587127
58,6000,0.07009520833401493,-4.017576268553395,-1.4546473308193786,-1.257454009937586,-1.751347193024444,-1.2486465180867095,-21.506668015003022,-1.1268288529339765,-1.1248050775509464,-2.9482989317184574,-1.56256870805476,30.749271664160716,22.581485527767548,14.573341934271468,15.061785329447304,10.153126186030214,1.3391874216178925,6.435440398674853,1.3506389191225772,1.313572628529338,2.6827861744528416,30.749271664160716,53.330757191928264,67.90409912619972,82.96588445564703,93.11901064167725,94.45819806329514,100.89363846197,102.24427738109257,103.55785000962192,106.24063618407476
58,8000,0.07009520833401493,-1.1398035808996312,-1.1497759600884647,-1.1420007622540473,-1.1101941384599936,-12.677895719717299,-1.1326227848690724,-1.1246129768899302,-1.1610497291854749,-1.1414315824291719,-1.139715993668272,54.06049002362953,1.406127121118379,11.452131171057701,25.958483391160968,9.119360094437315,3.9078702751453296,2.1703163187413654,1.3979388905403427,1.3634590642052804,1.379357640662335,54.06049002362953,55.46661714474791,66.9187483158056,92.87723170696657,101.99659180140388,105.90446207654921,108.07477839529058,109.47271728583092,110.83617635003621,112.21553399069855
59,250,0.03471089850635094,-1.1178826336135606,-1.0990962057961702,-1.0985786430433713,-1.3522394986722817,-1.0981980421855342,-1.1177742300759888,-1.2798153650389272,-1.1057084338775853,-21.983436887921826,-1.114614671010366,32.38611546887243,11.217721051998303,20.397988225962344,19.47918325174598,8.806302848737786,1.6449249929227752,14.100137068083598,1.316177694810087,1.3145514425103277,5.9251180059684465,32.38611546887243,43.603836520870736,64.00182474683308,83.48100799857906,92.28731084731685,93.93223584023963,108.03237290832323,109.34855060313332,110.66310204564364,116.58822005161208
59,500,0.03471089850635094,-1.1512127898728175,-1.1566354753127435,-1.369651193813605,-1.1611137238890983,-1.1680607594922017,-1.16265676627772,-1.555562813168934,-1.8621514695110388,-1.170942147426827,-2.4249150409963462,6.809200524655893,34.51985176812603,21.68261061433654,24.584570880177495,2.362750782311344,9.400586348458297,5.898295182671653,5.706655081560012,4.205149317333333,1.3559750737061664,6.809200524655893,41.329052292781924,63.01166290711846,87.59623378729596,89.9589845696073,99.3595709180656,105.25786610073726,110.96452118229728,115.16967049963061,116.52564557333677
59,750,0.03471089850635094,-1.2154821335922144,-1.1735667644010328,-1.2114604477566906,-1.1083741902120017,-1.5459709187422375,-1.1438201791771405,-3.2282471296310833,-3.8322621560110344,-2.0043488456555396,-1.3230393013857786,-2.1984723747687562,45.51062175751977,22.465186760658817,13.764193663137629,9.135857761049472,10.923274563707615,3.3393223848998153,7.118858664315432,2.8197375167641434,1.3796268955242041,-2.1984723747687562,43.312149382751016,65.77733614340983,79.54152980654746,88.67738756759692,99.60066213130455,102.93998451620436,110.0588431805198,112.87858069728395,114.25820759280816
59,1000,0.03471089850635094,-1.1158034478577514,-1.1227047762445452,-1.1211420502414056,-1.1209590169169457,-6.273833338720969,-1.116552833120732,-1.1202630071502742,-1.1221534983216586,-1.1240252777000683,-1.1250505272882272,2.8906147305008147,41.06760671434317,11.688248459141477,18.619220946699116,7.231708850893892,12.07309578116627,9.957063718644825,4.412600869001313,6.653202675321026,1.3410701224406507,2.8906147305008147,43.958221444843986,55.64646990398546,74.26569085068458,81.49739970157847,93.57049548274475,103.52755920138958,107.94016007039089,114.59336274571191,115.93443286815257
59,1500,0.03471089850635094,-1.1658990534927427,-1.1266908058536345,-1.22673484772612,-13.665436982096274,-2.4947434444812258,-1.1559830882011863,-1.1320908598853143,-1.1764706720700966,-1.2175818912566005,-1.1418094932648684,-3.811045257109919,30.04021499603259,15.49656198067369,21.630156179035076,15.155110037650047,14.381935152998942,4.46382392961061,6.023611196844509,5.29688414539627,1.4188112489513545,-3.811045257109919,26.22916973892267,41.72573171959636,63.35588789863144,78.51099793628148,92.89293308928043,97.35675701889105,103.38036821573556,108.67725236113182,110.09606361008318
59,2000,0.03471089850635094,-1.6380780769493222,-1.577480434563122,-1.1739670502033746,-1.1749376287719384,-1.4514295580711059,-1.1728608530712248,-1.1402246578534085,-1.1437761853199673,-1.1527500093632574,-1.172960536026162,-5.764578789768418,40.41116859672849,17.362124715442462,22.83032500716517,16.75529528659601,4.166420832182016,8.087549101348756,4.334342037018098,5.320518080163495,2.0428933832425074,-5.764578789768418,34.646589806960066,52.00871452240253,74.8390395295677,91.59433481616371,95.76075564834572,103.84830474969448,108.18264678671258,113.50316486687608,115.54605825011859
59,3000,0.03471089850635094,-1.1504931650772767,-1.8193480817481682,-1.1422310215681206,-1.1364833251579702,-1.1379015418681082,-1.128973653551641,-1.1419196070067708,-2.6617959563114244,-1.1366400613533725,-1.161159249628559,-5.434936499222852,42.1101021434065,19.27302958271991,21.77745436507619,15.06877609066861,2.297279636925217,6.350854047413513,7.735575119983567,1.3201045465744259,1.3189320728210054,-5.434936499222852,36.67516564418365,55.948195226903565,77.72564959197976,92.79442568264837,95.09170531957358,101.4425593669871,109.17813448697066,110.49823903354509,111.81717110636609
59,4000,0.03471089850635094,-1.2894162262818107,-1.1362357620831536,-1.1355381114983865,-1.2756422982187363,-1.1587731736218467,-1.1532530799216203,-1.1400759288224238,-1.1371447010247113,-1.1324700436673032,-1.2200811618399312,20.39353898636009,29.598085923023092,20.1145127455912,20.053008930207014,11.52959837002269,6.887801190385954,3.673963539032396,1.3790551614717064,1.378530840376425,1.383070626848979,20.39353898636009,49.991624909383184,70.10613765497439,90.1591465851814,101.6887449552041,108.57654614559006,112.25050968462246,113.62956484609417,115.0080956864706,116.39116631331957
59,6000,0.03471089850635094,-1.7621115368310498,-1.2565955963223994,-1.3003871420482147,-1.8021817235406608,-1.1024093867194713,-2.1084577960383646,-1.365633798048298,-1.1686144339486302,-1.284974887721729,-1.1016840082706092,18.967795045589035,39.216638739417036,9.440425253567138,19.75027944028505,1.6726953250751269,12.451670948124175,5.388881625000682,3.9292567403080323,1.3899573743254994,1.4471927449781035,18.967795045589035,58.18443378500607,67.6248590385732,87.37513847885825,89.04783380393337,101.49950475205755,106.88838637705823,110.81764311736626,112.20760049169176,113.65479323666986
59,8000,0.03471089850635094,-1.1184343362531846,-1.1149069061365129,-3.8930824184234627,-10.549513761536158,-2.0022626269188004,-5.802845739994556,-1.122161295868655,-1.104403740869118,-1.0987871831048603,-1.1016481323563947,28.916476342023373,32.3920989207424,16.332820596442282,15.514203412550195,2.386924059088522,9.944938430259967,5.294795335277376,1.467782061883658,1.313046567658203,1.3171862530915428,28.916476342023373,61.30857526276577,77.64139585920805,93.15559927175823,95.54252333084676,105.48746176110673,110.7822570963841,112.25003915826775,113.56308572592596,114.88027197901751
60,250,0.027352606170804736,-1.1133666206661532,-6.401061488368898,-1.110281640423291,-1.1961999339237281,-1.1111548784059564,-1.1105602421531526,-1.1104316782505799,-1.1106248848798783,-15.707809009234019,-1.1168701593283723,41.00478188793279,21.79014931140324,1.3266224955916175,2.05570399591289,16.84441757387699,12.428219271234838,1.325148060472368,3.6687637706061498,1.3317332127237154,1.3305714436633784,41.00478188793279,62.794931199336034,64.12155369492766,66.17725769084055,83.02167526471754,95.44989453595238,96.77504259642475,100.4438063670309,101.77553957975462,103.106111023418
60,500,0.027352606170804736,-1.1035600718343086,-1.1053155120302982,-1.378896071279975,-1.1143283533980113,-1.1121231959197382,-1.1086516362388918,-6.408000576994539,-1.431776578253242,-1.1166732385865834,-1.1154669927676606,24.19537841073415,35.38231173248646,18.505069436097514,10.794016538811675,6.602674462515488,3.9591788961585035,1.3351635849383001,2.650531508335904,1.871990949245383,1.327916408971742,24.19537841073415,59.57769014322061,78.08275957931812,88.8767761181298,95.47945058064528,99.43862947680378,100.77379306174208,103.42432457007799,105.29631551932337,106.62423192829512
60,750,0.027352606170804736,-1.1148462511788262,-1.2331492001879107,-1.1960302350804182,-1.9351113196205287,-3.893143923655348,-1.1157152955688856,-1.3244223306174825,-1.5106679342494416,-1.916665215488333,-1.2886223343617549,18.131460676883137,32.42658507546861,12.477813570151689,17.69073553366829,8.724786301089782,7.849732410759042,5.863463693768967,3.5357361995666565,3.059066023955168,6.839992227405661,18.131460676883137,50.558045752351745,63.035859322503434,80.72659485617172,89.4513811572615,97.30111356802054,103.1645772617895,106.70031346135616,109.75937948531133,116.59937171271699
60,1000,0.027352606170804736,-1.1199018736972497,-1.1072130035113337,-1.113856664999592,-1.1148634871744356,-1.1182031409834416,-1.1151673325027773,-1.1145044779624924,-1.1135347880168163,-1.1134049109621391,-1.130234652694313,18.63754042031968,41.26584633603976,13.475132192158945,16.107618026517365,2.7450469226151313,4.981666158463348,7.176339909658147,3.8727824853066295,1.3307873802593937,1.414577631901806,18.63754042031968,59.90338675635944,73.37851894851838,89.48613697503575,92.23118389765088,97.21285005611423,104.38918996577237,108.261972451079,109.5927598313384,111.0073374632402
60,1500,0.027352606170804736,-1.1090353231839982,-1.498989314621729,-1.1022289933706761,-1.1114478178711433,-3.7959963395720244,-1.1165031387013706,-1.1120862410277121,-1.1000675290737294,-1.106037657871362,-1.106585149777111,17.342593642157595,21.22083440465888,31.271151138863658,16.684088074981865,6.640675927196945,1.5670865761325539,9.603895941939783,3.3487985703975554,3.5627102284129597,1.3148924999490679,17.342593642157595,38.563428046816476,69.83457918568013,86.518667260662,93.15934318785895,94.7264297639915,104.33032570593129,107.67912427632885,111.2418345047418,112.55672700469087
60,2000,0.027352606170804736,-1.1142291187201674,-2.24368131614413,-1.1233441803287127,-1.1009492449378415,-2.1147200697440365,-1.1242446592005497,-1.1270035686016584,-1.1197641718448923,-1.1020151357722046,-1.116341417370951,25.282976130792633,14.342546770435977,18.363575879336764,26.733754616728213,5.185320258221587,2.2998428454741493,2.706327745804826,4.731734123279674,1.5952472773114117,3.097219496217769,25.282976130792633,39.62552290122861,57.98909878056537,84.72285339729359,89.90817365551518,92.20801650098933,94.91434424679416,99.64607837007384,101.24132564738525,104.33854514360303
60,3000,0.027352606170804736,-1.1713587027521803,-2.5180587480658527,-1.5349445718383081,-1.0980000000000003,-1.5875588829725147,-1.5302767171540972,-1.7037815543730295,-1.0980000000000003,-1.0980000000000003,-6.864280665220354,-5.8199999999999985,36.80797354701643,29.37314488017683,22.882373854770456,10.01844317291496,1.3100000000000023,4.906704757685318,9.383230004249894,6.428129783186107,1.3100000000000023,-5.8199999999999985,30.98797354701643,60.36111842719326,83.24349228196371,93.26193545487867,94.57193545487867,99.47864021256399,108.86187021681388,115.28999999999999,116.6
60,4000,0.027352606170804736,-1.1177660630215258,-1.1884368402291252,-1.1155195271604224,-2.97521372973471,-3.280402565344451,-1.1068211116388902,-1.1351662161529807,-1.1061890683419362,-1.121522213887768,-1.216931419368335,10.545862430689997,22.01164640934772,22.135637637923125,19.336942000526626,8.629582338616725,2.9612457997141437,5.854540730315147,6.815729290809799,3.9286573011207597,1.362410556190707,10.545862430689997,32.55750884003771,54.69314647796084,74.03008847848747,82.6596708171042,85.62091661681835,91.4754573471335,98.2911866379433,102.21984393906406,103.58225449525477
60,6000,0.027352606170804736,-1.3300390776659228,-1.1015066309489048,-1.135477878211598,-1.8241453792961462,-1.5631982259467687,-1.329834825603017,-1.1290747922677378,-1.1342154258608712,-1.6364407039532596,-1.3851660685070724,35.444035270376915,30.004308785334857,11.463049436630556,14.389705808217016,1.358265791612343,10.664539201634419,1.5758773755141724,1.5840407209891172,3.7434056612616597,1.3458050348254336,35.444035270376915,65.44834405571177,76.91139349234233,91.30109930055934,92.65936509217168,103.3239042938061,104.89978166932026,106.48382239030938,110.22722805157105,111.57303308639648
60,8000,0.027352606170804736,-1.1073138322644027,-1.101599518861537,-5.031661872366504,-1.1031486273204036,-8.150335130656828,-1.1012986116341228,-1.0993421622698927,-1.0997750403223714,-1.1018177566976357,-1.0999819060848504,41.58956005853561,22.336463631412016,15.828302311496458,6.782963062123711,10.995908167014381,12.805964854792308,1.3146844082871443,1.3238548586031893,1.3190496453297986,1.3300315174461126,41.58956005853561,63.92602368994763,79.75432600144408,86.5372890635678,97.53319723058218,110.33916208537448,111.65384649366163,112.97770135226482,114.29675099759461,115.62678251504073
61,250,0.06391403109432253,-1.136729570656755,-9.965543262002274,-1.1246468558373655,-2.690053716375024,-1.1334504335908324,-1.1252299394892757,-1.360963275715255,-1.1337783335411524,-1.1454491627665209,-1.1443815510301347,3.491822612101433,41.5504795712549,19.612798564979045,9.2824987704648,5.447528841088837,16.912379254907435,10.621116265005275,4.587137261288129,3.630934497644616,1.353748780193572,3.491822612101433,45.04230218335633,64.65510074833537,73.93759951880017,79.38512835988901,96.29750761479644,106.91862387980171,111.50576114108985,115.13669563873447,116.49044441892804
61,500,0.06391403109432253,-1.1179993638820287,-1.157764602847387,-1.5200208170634326,-1.1293295454722734,-1.184955967092793,-1.143579583102953,-7.8078735816833955,-2.272423569953334,-1.1119340591377354,-4.1755993173573565,12.409073361981697,23.880167945425583,11.530319241960704,12.964856851457682,23.520964624577175,14.938458807699618,4.605223348759981,4.730305985847176,6.47725599771881,1.392813287064576,12.409073361981697,36.28924130740728,47.819560549367985,60.78441740082567,84.30538202540285,99.24384083310247,103.84906418186245,108.57937016770963,115.05662616542844,116.44943945249301
61,750,0.06391403109432253,-1.1306893401337246,-1.1320396403678132,-1.1186104591151267,-1.123696508177066,-1.934279467902452,-1.150499842473835,-5.698058212734422,-4.55442663307687,-4.420635730230135,-1.14028058071237,10.192671776271059,11.16728946493458,16.176093183640724,21.55933272713338,29.980609946812947,14.738274196359392,8.585362028226179,1.3398792965288924,1.3429364905586612,1.4509480040710758,10.192671776271059,21.35996124120564,37.53605442484636,59.09538715197974,89.0759970987927,103.81427129515208,112.39963332337825,113.73951261990715,115.0824491104658,116.53339711453688
61,1000,0.06391403109432253,-1.1285719911689145,-1.1507739739085618,-1.1303086694376367,-1.1243939207915652,-1.1328079623790925,-15.130300718254677,-1.1264549269309871,-1.126360410942036,-1.116526733831419,-1.1446645489837404,-5.5191578333324625,26.060800566816752,26.57989985086436,27.63468174786064,16.023731720121067,7.23225194002283,10.03029835791975,5.102328037929455,1.3785389147407099,1.370320738745033,-5.5191578333324625,20.541642733484288,47.121542584348646,74.75622433220929,90.77995605233035,98.01220799235318,108.04250635027293,113.14483438820238,114.5233733029431,115.89369404168814
61,1500,0.06391403109432253,-1.1700402416755722,-1.8999743826415436,-1.186113355132274,-1.1912834193560693,-3.2592474972461947,-1.1476430786084624,-1.1650863169312071,-1.1607072345185077,-1.1438594749462148,-1.2525961559816645,-1.9114543915555,35.80185624496298,25.565091737151718,17.48602877612612,13.83174292013846,13.793329938140054,5.589631648761074,1.3863067236508186,1.3156533089205635,1.3341137392257107,-1.9114543915555,33.890401853407475,59.45549359055919,76.94152236668532,90.77326528682377,104.56659522496383,110.1562268737249,111.54253359737572,112.85818690629628,114.192300645522
61,2000,0.06391403109432253,-1.5325352714120974,-1.4267028114833833,-1.114996211185983,-1.1213492053848793,-1.5542626366685441,-1.102273500019146,-1.1020191938169268,-1.1599000825790013,-1.1207886238967864,-1.1097964223778343,5.99945141313723,24.540374544168017,18.82673752882883,20.64131895478893,9.467069011662261,18.574916543439485,5.322716543260199,6.8037026004282914,1.9345112579024857,1.315800975406733,5.99945141313723,30.539825957305247,49.366563486134076,70.007882440923,79.47495145258526,98.04986799602474,103.37258453928494,110.17628713971324,112.11079839761572,113.42659937302246
61,3000,0.06391403109432253,-2.164642701569958,-1.5846133541825445,-1.5873492572527697,-1.098,-1.098,-1.098,-1.098,-4.655399300902205,-1.098,-3.505619176252321,-5.82,39.60546313750584,14.404401954118626,11.685869507889095,9.877856629877442,21.587432467858193,9.507807828191815,7.185180842323774,7.255987632235204,1.3100000000000023,-5.82,33.78546313750584,48.18986509162447,59.875734599513564,69.753591229391,91.3410236972492,100.84883152544101,108.03401236776479,115.28999999999999,116.6
61,4000,0.06391403109432253,-1.6410025861536348,-1.2775752304126513,-1.1022284082772322,-1.806969770467972,-2.0847812561562407,-1.104920120698921,-1.1058634581161997,-1.0994206515243312,-1.109672525749223,-1.8877651089377738,13.189387672071613,35.04125603345392,11.249986281153172,8.961216016632523,16.718103621663495,18.781246630873547,5.18551275898325,1.3567894074485112,1.3200758530941936,1.3393745249734308,13.189387672071613,48.23064370552553,59.4806299866787,68.44184600331123,85.15994962497473,103.94119625584827,109.12670901483152,110.48349842228004,111.80357427537423,113.14294880034767
61,6000,0.06391403109432253,-2.243813119792036,-1.098,-1.4142603882808513,-22.07,-2.0277517228007613,-17.63879093807658,-1.0980000000001997,-1.1528999999998004,-1.098,-2.2669801517482244,13.126778699674517,23.235296029240445,12.27815174808405,17.82451249892987,16.169184009766653,13.949181901305508,5.722591059797722,7.339496370797022,5.644807682404206,1.3100000000000023,13.126778699674517,36.36207472891496,48.64022647699901,66.46473897592888,82.63392298569553,96.58310488700104,102.30569594679876,109.64519231759579,115.28999999999999,116.6
61,8000,0.06391403109432253,-1.0980000000003995,-1.098,-1.1528999999996006,-1.098,-11.464038403545352,-1.098,-1.098,-1.098,-1.098,-1.098,21.693387617390695,37.11490792092532,14.952387831054438,1.3100000000000023,16.03202635126695,6.253760249927794,5.307688023570279,6.852580625612546,5.773261380251967,1.3100000000000023,21.693387617390695,58.80829553831602,73.76068336937045,75.07068336937046,91.1027097206374,97.3564699705652,102.66415799413548,109.51673861974803,115.28999999999999,116.6
62,250,0.11939398318047212,-1.1100794769837723,-3.1813835466031275,-1.1098960645816902,-1.110410641184893,-1.1267304625420183,-1.1108920675116458,-1.117329282365127,-1.114569500511104,-1.1082637448992467,-1.1131664727720665,35.09349962457199,22.668099524099432,16.758599857450626,6.03073505440225,8.214041990361395,1.3419636964039503,1.319025206946872,6.948734441042163,6.089945580197423,10.290733182859245,35.09349962457199,57.76159914867142,74.52019900612206,80.5509340605243,88.76497605088569,90.10693974728964,91.42596495423652,98.37469939527868,104.4646449754761,114.75537815833535
62,500,0.11939398318047212,-1.1202569626930474,-1.1147680822574273,-1.11338190551781,-1.1173545253355224,-1.1080276631374595,-1.115370540549502,-5.484809637094276,-1.1163003816243977,-17.92257375527121,-1.1244640568895465,37.08230186904653,27.35317934449992,16.309262442981336,4.4252698352913935,13.013295412765437,5.208725149195434,1.3521789724055786,1.3493497841611601,1.3181107898816737,7.965854415593043,37.08230186904653,64.43548121354645,80.74474365652779,85.17001349181918,98.1833089045846,103.39203405378004,104.74421302618562,106.09356281034678,107.41167360022845,115.3775280158215
62,750,0.11939398318047212,-2.171430351646121,-1.1041689171672733,-1.1088465733685444,-1.1127414805766285,-2.388832105194134,-1.114794018698797,-3.6409536982891737,-3.4057042242356452,-6.582143117939058,-1.1220681346145134,59.48536925787002,7.273488054618134,17.98071379871601,10.964045897079629,1.3672854785927662,6.144097538705278,1.3294958527615042,3.360025229220927,3.7318471721723157,1.3113321296442955,59.48536925787002,66.75885731248815,84.73957111120416,95.70361700828379,97.07090248687655,103.21500002558183,104.54449587834334,107.90452110756426,111.63636827973659,112.94770040938089
62,1000,0.11939398318047212,-1.125150493097991,-1.140450508283247,-1.1342836896669577,-1.1214932040746963,-1.1747407638074088,-1.1036783274459219,-1.1261463524246018,-1.171759990903527,-1.1267860520646265,-9.127450218303967,41.576182521218215,27.476959781676243,9.902221927054825,10.641338120752703,4.354000153430436,9.164857415281869,1.370755534015652,3.5747666331002232,2.712177678646487,4.33870018766221,41.576182521218215,69.05314230289446,78.95536422994928,89.59670235070199,93.95070250413242,103.1155599194143,104.48631545342995,108.06108208653018,110.77325976517666,115.11195995283887
62,1500,0.11939398318047212,-1.1092569370576486,-1.1128319307174235,-1.1172149993479272,-5.347078233182149,-1.7758062505769754,-1.1335811639267988,-1.1232956008482775,-1.1069750320820728,-1.1140645964792801,-1.113055601637691,31.826068081529684,29.84249487985518,11.133315335220505,13.501395129887896,3.372664795339208,11.499599451783673,1.349433619962408,5.275761629102362,6.054291558287424,1.6749879226235658,31.826068081529684,61.668562961384865,72.80187829660537,86.30327342649326,89.67593822183247,101.17553767361613,102.52497129357855,107.80073292268091,113.85502448096832,115.5300124035919
62,2000,0.11939398318047212,-1.1091282893288246,-2.5003030120973344,-1.116238261087247,-1.1214082864879495,-1.1529028835773039,-1.1144206835078863,-1.112523331730972,-1.1211381819513746,-1.1218767010733566,-1.1275573447415592,55.1565835488213,11.91299422341677,7.560142238968638,1.8445796935759682,7.394081721508321,14.867002577319525,1.944054682876982,2.97829515971537,4.198726739300644,8.397297831658662,55.1565835488213,67.06957777223808,74.62972001120671,76.47429970478268,83.868381426291,98.73538400361052,100.6794386864875,103.65773384620287,107.85646058550351,116.25375841716217
62,3000,0.11939398318047212,-1.181308267778789,-2.9630224600792125,-1.139582283927962,-1.232161738141718,-1.150497913373914,-1.1797038353801708,-1.1848238887356848,-5.915756076464163,-1.2031071687532218,-4.176063334378583,15.756399573298317,43.714509321731796,13.08094673129991,3.0261598551679363,11.519845952640374,12.87912166087198,1.4591709484438953,3.523001577387044,4.2188011681594695,5.682571748153308,15.756399573298317,59.470908895030114,72.55185562633002,75.57801548149796,87.09786143413834,99.97698309501033,101.43615404345422,104.95915562084127,109.17795678900075,114.86052853715405
62,4000,0.11939398318047212,-1.103103100505293,-1.1203079088557493,-1.106572682075944,-1.8749091610251654,-1.2939300282744046,-1.100984612071585,-1.1137953634900124,-1.0996089544414387,-1.111989918261529,-1.1005841245659318,52.661961770048435,12.999105938557456,10.832449153056611,4.822310852003216,9.076300479475556,15.040476732767807,1.3311225128280926,4.25255679808922,1.3142321786930635,1.341309301574178,52.661961770048435,65.66106770860588,76.4935168616625,81.31582771366571,90.39212819314128,105.43260492590909,106.76372743873718,111.0162842368264,112.33051641551945,113.67182571709364
62,6000,0.11939398318047212,-1.1120980812979007,-1.1117129013670448,-1.1084752708907137,-1.5885145474877653,-1.191839643810326,-1.2322924416288017,-1.1197694949646837,-1.1087199071918317,-1.108305185558144,-1.1092459117130091,69.16859487241086,6.749154950782082,8.724997956456527,8.09977950866043,5.2226346060250215,6.188038577107612,1.3249019377719415,1.3211568109349192,2.4225948341414463,1.3278894689449825,69.16859487241086,75.91774982319295,84.64274777964948,92.74252728830992,97.96516189433494,104.15320047144255,105.47810240921449,106.79925922014941,109.22185405429086,110.54974352323585
62,8000,0.11939398318047212,-1.106193513440373,-1.1035198720873467,-3.061033484452281,-1.1101005928376808,-3.6093579478080002,-4.753697387086671,-1.1029512725894421,-1.1012097382684294,-1.1110037048679722,-1.1151655211944789,76.06245825406981,11.041713400456864,11.102622306984813,7.554453085857233,1.312145599489274,4.226999443642027,1.323293496990972,1.312092241596715,1.3143568075943604,1.3266573618589663,76.06245825406981,87.10417165452668,98.2067939615115,105.76124704736873,107.073392646858,111.30039209050003,112.623685587491,113.93577782908771,115.25013463668208,116.57679199854104
63,250,0.03290463515420668,-1.1000158945537466,-3.4372915385617917,-1.103193185780384,-1.1086094599818672,-1.108530987258486,-1.1065514587324237,-1.1050003214389594,-1.1186091961593707,-1.115449777276441,-1.1304315228463775,56.55588009126268,10.845905265104221,1.3158661633316906,1.3315009380995688,20.494195053883857,5.8584627514352015,2.5683397516673905,4.40519775046438,2.6577599893561468,5.545938861909976,56.55588009126268,67.4017853563669,68.71765151969859,70.04915245779816,90.54334751168201,96.40181026311721,98.97015001478461,103.37534776524899,106.03310775460514,111.57904661651511
63,500,0.03290463515420668,-1.107976332731683,-1.1091066470768407,-2.0328836915209125,-1.1070276413771412,-1.1103782662145458,-1.1099127228263268,-2.117970664831944,-1.3353350216625506,-5.27133044603338,-5.33868368555569,30.249103179432936,25.673309708939513,16.13489392416396,12.722948761587311,3.109503056287841,8.399113578899463,13.67799500369469,1.3346718215560762,1.3524183671277314,1.329078588726833,30.249103179432936,55.92241288837245,72.05730681253641,84.78025557412371,87.88975863041155,96.28887220931101,109.9668672130057,111.30153903456177,112.6539574016895,113.98303599041633
63,750,0.03290463515420667,-1.0984619784082206,-1.1000262950839934,-1.0987755093033937,-1.1634577346044916,-1.83535171879093,-1.1026289048666582,-1.9403574699925792,-1.910841514292462,-2.0281730182583084,-1.1003406109727158,32.09444967122714,12.392076461226488,19.100518468837734,17.862047891379046,17.001253895032455,5.806386062843755,5.132314745863854,1.3156158472810118,1.3128541314080155,1.3100989906597014,32.09444967122714,44.486526132453626,63.58704460129136,81.4490924926704,98.45034638770287,104.25673245054662,109.38904719641047,110.70466304369148,112.0175171750995,113.3276161657592
63,1000,0.03290463515420668,-1.115008316490632,-20.49244974135501,-1.10013336102972,-1.09800648066543,-9.64308691981054,-2.3583933159983435,-1.0988229788214303,-1.1037193279314894,-1.1104302778233426,-1.10826212845219,27.47942077540658,25.551689526701082,8.460124629923264,11.151934543201918,17.44592064640868,5.442623184723606,13.304060771830404,1.3459675821145547,1.3101406752926845,2.9696548508523293,27.47942077540658,53.03111030210766,61.49123493203093,72.64316947523284,90.08909012164152,95.53171330636512,108.83577407819553,110.18174166031008,111.49188233560277,114.4615371864551
63,1500,0.03290463515420668,-1.1096708662246115,-1.1132675608731746,-1.1076203592504625,-1.1162046441584819,-3.45976367250492,-1.1185688493970467,-1.1155857329710082,-1.1175539246943194,-1.1093920338105456,-1.1199878572285926,37.58283159689783,4.714558895036223,21.4747611010984,8.971490520582684,17.31977375338044,1.3225656776348638,8.291822709387432,1.3332085034113805,1.3946119159702488,8.631622721826705,37.58283159689783,42.29739049193405,63.772151593032454,72.74364211361514,90.06341586699557,91.38598154463044,99.67780425401787,101.01101275742926,102.4056246733995,111.0372473952262
63,2000,0.03290463515420668,-1.1092579678376313,-2.846644330679025,-1.0988750374904246,-1.104054664169666,-1.567553325189438,-1.10698713810508,-1.0993235718847634,-1.1182405943375455,-1.0998536919086757,-1.0992061056130695,33.046787491914145,30.118090064802402,16.48299356008228,8.081256187982245,16.53400994017305,2.0999989067318743,3.1399819563629463,1.312746000597457,1.310179935949131,1.3169551675480098,33.046787491914145,63.16487755671655,79.64787111679883,87.72912730478107,104.26313724495412,106.36313615168599,109.50311810804894,110.8158641086464,112.12604404459553,113.44299921214355
63,3000,0.03290463515420668,-2.032646984070528,-4.02764058415041,-1.3198988790308657,-1.1611779855274933,-1.158850079053511,-1.1497419968824771,-1.227948256918033,-1.10311597166492,-1.1846816126636126,-8.273207517183675,60.81894115283674,16.52133074809265,7.573564615906893,2.281119874437948,6.272154455502539,8.011539352582925,3.459855046581123,4.735937917676274,2.538668522699414,1.3649735369070415,60.81894115283674,77.3402719009294,84.91383651683628,87.19495639127423,93.46711084677678,101.4786501993597,104.93850524594083,109.6744431636171,112.21311168631651,113.57808522322355
63,4000,0.03290463515420668,-1.4911101769535708,-1.1213486445164174,-1.1125831704432532,-2.1592066220568267,-2.621280108769059,-1.1023301777195873,-1.1222569115847558,-1.124372228886417,-1.1314171343694555,-1.125556702119907,35.11036782806818,40.39271832532067,10.924029404857258,9.40995845275048,1.5316509502268394,8.027107069738367,4.500366713419455,1.3155806565666266,1.3291405835827783,1.3655815513752332,35.11036782806818,75.50308615338885,86.4271155582461,95.83707401099659,97.36872496122342,105.39583203096178,109.89619874438124,111.21177940094786,112.54091998453065,113.90650153590587
63,6000,0.03290463515420667,-2.0785596658872043,-1.1083183740341385,-3.3293662083370714,-4.725373961894949,-10.228509219602124,-3.833297412288892,-1.1189550041729843,-1.118877936816197,-1.1154023630087728,-1.4407566337857673,51.41109089474824,30.4084519656354,6.833356274658897,6.7274374908041406,4.2843638509861,1.7256862727939346,6.397249290757541,1.7723666113420693,2.1702845372938775,4.199698690874163,51.41109089474824,81.81954286038365,88.65289913504255,95.38033662584668,99.66470047683278,101.39038674962671,107.78763604038426,109.56000265172632,111.7302871890202,115.92998587989436
63,8000,0.03290463515420668,-1.098,-1.098,-20.304560556315366,-1.098,-7.481554840639714,-5.859755242075866,-1.1529,-1.098,-1.098,-1.098,63.2533393732711,19.629101659925126,9.532925137698655,13.438512821548585,1.3100000000000023,1.3100000000000023,1.3100000000000023,1.9287850868063288,2.4549568485852973,2.432379072164892,63.2533393732711,82.88244103319623,92.41536617089488,105.85387899244347,107.16387899244347,108.47387899244347,109.78387899244348,111.7126640792498,114.1676209278351,116.6
64,250,0.10163216329901022,-1.1049051868386832,-21.954072873242524,-1.1094981684704521,-1.5028333918560897,-1.1046247932530666,-1.108485292136609,-1.1027614925958993,-1.108734195229908,-1.1171179165086116,-1.1141575939871409,52.31859234468422,15.641267945629075,1.3192067163267795,5.086501204421298,9.788291088748835,15.907476590817296,2.7722391717804395,5.475014560925118,4.474024837466821,1.3241184922668032,52.31859234468422,67.95986029031329,69.27906700664006,74.36556821106136,84.1538592998102,100.06133589062749,102.83357506240793,108.30858962333305,112.78261446079986,114.10673295306667
64,500,0.10163216329901022,-1.1081777741992633,-1.1236078157410172,-1.4843640987384181,-1.1126677547403023,-1.1129223381204834,-1.1630400037245745,-9.305385021140925,-1.1020624867015485,-1.1253498418548054,-1.1178342943772885,40.674927911751084,16.944972321539623,14.979745183487957,7.817396262213915,1.8101364261502164,5.835256186401203,6.469974236974032,7.490046938215691,4.733094990934356,4.956467527031297,40.674927911751084,57.61990023329071,72.59964541677866,80.41704167899258,82.2271781051428,88.06243429154401,94.53240852851803,102.02245546673373,106.7555504576681,111.71201798469939
64,750,0.10163216329901022,-10.526464188479487,-1.3497069521563088,-1.3200430491059656,-1.315633730418909,-1.8607378731694268,-1.2530393389019645,-3.043864303571066,-2.0876980565545047,-2.685235758789352,-1.374612738733786,32.36493551975289,21.927029122188216,17.083468928355835,7.4701845425602045,1.4866159894885431,6.925442563968275,1.321987860703996,9.268647352177606,8.9188690977034,3.186992640589988,32.36493551975289,54.29196464194111,71.37543357029693,78.84561811285714,80.33223410234568,87.25767666631396,88.57966452701795,97.84831187919556,106.76718097689897,109.95417361748896
64,1000,0.10163216329901022,-1.100910225071094,-7.203650758319256,-1.1083868942829627,-1.1050474083399018,-14.703622578268641,-6.872431727448268,-1.1014321150091098,-1.108000823506392,-1.1276571393683608,-14.178157227324267,33.572022437989915,18.841176617504264,16.127148913937123,9.207228790715977,5.445711444863241,3.891106848746894,5.350250895254167,9.351727778561056,5.517336415326042,8.162812251627344,33.572022437989915,52.413199055494175,68.5403479694313,77.74757676014727,83.1932882050105,87.08439505375739,92.43464594901155,101.78637372757261,107.30371014289865,115.466522394526
64,1500,0.10163216329901022,-1.164744117087535,-1.145241641860515,-1.1228664075048944,-18.686722141285472,-1.50874715424054,-1.1660269429372097,-1.1557562878375904,-1.2038515989583658,-1.2934848069736526,-1.1383077535626205,34.400622758051966,25.356714855537348,12.996067951760672,11.554381055688147,1.7896773917207769,6.546315799483736,5.99373059033552,6.137050491303281,4.496749094122563,6.3675584496034325,34.400622758051966,59.757337613589314,72.75340556535,84.30778662103813,86.0974640127589,92.64377981224264,98.63751040257816,104.77456089388144,109.271309988004,115.63886843760744
64,2000,0.10163216329901022,-1.1016526258840678,-1.4969376427610417,-1.1036955731614846,-1.098251409411506,-1.3108800517133758,-1.1017867468669387,-1.1017213995040231,-1.1004000136700691,-1.113848133103584,-1.1046213742608697,47.60852679515256,19.760475399351208,7.6329341241856525,8.651667611130517,6.389925273788947,7.060772190375069,5.821714993652215,3.259310521265186,5.6480266002612005,4.697243658100643,47.60852679515256,67.36900219450376,75.00193631868942,83.65360392981994,90.04352920360888,97.10430139398395,102.92601638763617,106.18532690890136,111.83335350916256,116.53059716726321
64,3000,0.10163216329901022,-1.2209243761402058,-2.5289219182436087,-1.1645575718878165,-1.2092266527757887,-1.2275490675225669,-1.2162530207228133,-1.1789566120807646,-1.933455406495792,-1.242910167458894,-1.326249020448194,40.71053299403569,30.90053065349332,3.7554370119457374,6.337112164269627,10.333805675437972,5.272584442912869,1.464327361475065,5.288508671325705,5.816321096725698,4.8720076480282195,40.71053299403569,71.61106364752901,75.36650065947475,81.70361282374438,92.03741849918235,97.31000294209522,98.7743303035703,104.062838974896,109.8791600716217,114.75116771964991
64,4000,0.10163216329901022,-1.1682004775780461,-1.112994151802929,-1.0999625263684627,-1.7340977574661012,-1.4783866171498894,-1.1135001453779134,-1.1131160354011382,-1.1362126940729111,-1.1060376216897128,-1.121024682094629,37.60834236774289,28.523707321013013,8.709422387112998,4.808434591263996,3.648928098701848,10.536118519746672,3.4650751802503903,4.062085967572847,6.003395715681069,9.038208457443648,37.60834236774289,66.1320496887559,74.8414720758689,79.64990666713288,83.29883476583473,93.8349532855814,97.3000284658318,101.36211443340464,107.36551014908571,116.40371860652935
64,6000,0.10163216329901022,-1.242188771104345,-1.3491751828393799,-2.5903827194589004,-2.253003279982148,-2.3730349831105233,-2.4499967076647735,-1.2316711120481734,-1.2620359794775142,-1.9409944535466366,-1.115357445395238,64.01876458468797,5.796446527970863,7.487193832650217,7.552280798544768,1.4931048239707643,6.119567278230761,4.450447375892189,4.650937974821332,6.596667451715991,8.323074617163247,64.01876458468797,69.81521111265883,77.30240494530905,84.85468574385382,86.34779056782459,92.46735784605535,96.91780522194753,101.56874319676886,108.16541064848485,116.4884852656481
64,8000,0.10163216329901022,-1.098,-1.098,-4.126041593866691,-15.108176254698291,-3.507683375169756,-1.098,-1.098,-1.1529,-1.098,-1.098,64.71605137219484,15.627556419351137,1.3100000000000023,7.243788663294609,1.3100000000000023,11.291196602263938,1.910982600377281,5.641517427049692,6.155552513191495,1.393354402276998,64.71605137219484,80.34360779154598,81.65360779154598,88.89739645484059,90.20739645484059,101.49859305710453,103.40957565748181,109.0510930845315,115.206645597723,116.6
65,250,0.10522423314236368,-1.1328075940302202,-3.116067474525721,-1.1201893422764932,-1.405899814924497,-1.1012425165757942,-1.1219468561319101,-1.6961657340903713,-1.1583679248922087,-1.1340389365710601,-1.1269073247540118,40.27718835481774,6.37089859159396,11.257981539575688,9.929939036071058,21.993663075217405,5.727408773472275,1.3319508074180217,2.2090729752394074,1.3321177827691195,2.725173878482389,40.27718835481774,46.648086946411695,57.90606848598738,67.83600752205844,89.82967059727585,95.55707937074813,96.88903017816615,99.09810315340556,100.43022093617468,103.15539481465707
65,500,0.10522423314236368,-1.1077466369004876,-1.1214903194673105,-1.6201716075393673,-1.1142104076402637,-1.1217147043548512,-1.1026079942732503,-11.616763121189997,-1.3379048699527427,-1.1252645607251845,-1.1252757397698008,25.167867025773788,30.43484484588255,4.353128454801114,12.797277701251367,5.42355322789949,15.739392961441695,1.331102596975799,1.3119934439424603,1.911479863814376,11.032801030844219,25.167867025773788,55.60271187165634,59.955840326457455,72.75311802770882,78.17667125560831,93.91606421705,95.2471668140258,96.55916025796826,98.47064012178264,109.50344115262686
65,750,0.10522423314236368,-1.1078709749623652,-1.1306696398962002,-1.1077399327453685,-1.1138235480925465,-13.82464790500163,-1.110333944947301,-1.1207600347321232,-6.086012621336419,-2.6611826620621946,-1.156980354366028,31.811896188670772,22.83925234096506,3.1472161504691645,15.194307798897796,4.675964216337407,16.740951682097297,1.8916745926548346,4.104822764588517,3.7787596266310413,10.077135548188341,31.811896188670772,54.65114852963583,57.798364680104996,72.99267247900279,77.6686366953402,94.4095883774375,96.30126297009234,100.40608573468086,104.1848453613119,114.26198090950024
65,1000,0.10522423314236368,-1.1257133456354909,-1.129947707706679,-1.136860171801385,-1.1289912207452075,-1.1265149616064827,-1.1107836261494595,-1.1272415135880056,-1.115241576399939,-1.115317955235097,-7.0680913204957045,42.55203304780547,8.754091949820856,7.273925536008466,4.5855317310073325,2.4938264115520967,13.762442922181005,7.936171220255524,1.7166101048204652,1.5382913463531553,7.335027038245153,42.55203304780547,51.30612499762633,58.58005053363479,63.165582264642126,65.65940867619422,79.42185159837523,87.35802281863076,89.07463292345122,90.61292426980438,97.94795130804954
65,1500,0.10522423314236365,-1.1243637448071246,-1.4108089981206557,-1.1130842349507732,-1.1143837188777876,-8.906544552066869,-1.1197079164379717,-1.1220116178694148,-1.1181075151171047,-1.1596905065276681,-1.105070811245798,31.852437713453497,16.092363499367536,14.637588590606683,6.991728479882539,1.3936936434265617,16.93489972678867,8.826673618080399,1.3784213221303947,1.3813160437757297,1.383838524705114,31.852437713453497,47.944801212821034,62.582389803427716,69.57411828331026,70.96781192673681,87.90271165352549,96.72938527160588,98.10780659373627,99.489122637512,100.87296116221711
65,2000,0.10522423314236368,-1.1007203515298478,-2.489190722707221,-1.1042420398232893,-1.1053734539480748,-1.2803542024023264,-1.1043929218633872,-1.113144658801669,-1.0984298663026544,-1.1039103546164934,-21.568960368553114,27.555130087655783,41.862823974802865,2.9534205855302886,4.044068299528095,4.499462650424864,9.78824956876667,8.87306670600466,6.936488160131059,7.976891451578066,1.3182807849650748,27.555130087655783,69.41795406245865,72.37137464798894,76.41544294751704,80.9149055979419,90.70315516670857,99.57622187271323,106.5127100328443,114.48960148442237,115.80788226938743
65,3000,0.10522423314236368,-1.098,-5.2566501349791555,-1.4618014114852353,-1.098,-1.477696480372119,-1.098,-1.098,-3.680854288196445,-1.098,-1.2376855950221013,56.77140564099636,19.061942681123156,1.3100000000000023,3.215193557067309,8.630093482079232,7.404168417046634,5.7275621101644845,8.77824429086489,4.3913898206579205,1.3100000000000023,56.77140564099636,75.83334832211952,77.14334832211952,80.35854187918683,88.98863536126606,96.3928037783127,102.12036588847718,110.89861017934207,115.28999999999999,116.6
65,4000,0.10522423314236368,-1.1082797103530262,-1.100401338673581,-1.1095754414257701,-1.7971512718557556,-1.410486152301015,-1.1009236003416323,-1.0981089374051072,-1.1036814378369204,-1.1059890457397885,-1.1028594113162296,66.39325634194725,16.261225682733304,1.3876009893412533,1.3257349370382396,16.785911294671713,6.426433388676802,4.000641262826708,1.3216808297362865,1.324611084830499,1.3264553868476892,66.39325634194725,82.65448202468056,84.04208301402181,85.36781795106005,102.15372924573177,108.58016263440857,112.58080389723527,113.90248472697155,115.22709581180204,116.55355119864973
65,6000,0.10522423314236368,-1.3052673814338993,-1.6617360016197877,-1.9462182692708376,-3.654793581199727,-5.874006626145912,-1.1104293521314839,-1.1003032292071069,-1.1023928611674747,-3.5882723698762646,-1.115196346704618,76.49731736871959,7.592636334207729,1.3361931966684368,1.3254080166615818,7.924924540492448,3.9492422688235624,2.7860418898044266,2.6561459393341904,4.355485409097081,2.6527223514472524,76.49731736871959,84.08995370292732,85.42614689959575,86.75155491625733,94.67647945674977,98.62572172557334,101.41176361537777,104.06790955471196,108.42339496380905,111.0761173152563
65,8000,0.10522423314236368,-1.287111881089823,-1.121098364993323,-14.687274932794818,-21.17710423071623,-7.055825594341982,-9.420954677627256,-1.1200524685050017,-1.1217281853943186,-1.10876719016388,-1.121154208611299,107.52473087499234,1.3392509094995657,1.3209775733130176,1.3260778676506433,1.3372475330542053,1.3452229236389843,1.4092669268801385,1.3394795451520065,1.3445263012773867,1.3377192032795777,107.52473087499234,108.86398178449191,110.18495935780493,111.51103722545557,112.84828475850978,114.19350768214876,115.6027746090289,116.9422541541809,118.28678045545828,119.62449965873786
66,250,0.10163216329901022,-1.0987523117781777,-21.826452911721717,-1.0990498640699573,-1.5799398810291008,-1.1009432145027152,-1.1004694730221276,-1.0995215720654734,-1.1019372501201357,-1.1007684300902012,-1.1006253850051073,53.935876413457024,15.790620297087528,1.3117076777172154,4.8533984556108845,9.833275712231032,16.975796740682895,2.8079393152814234,5.497354612096389,4.216507776667655,1.3112013091680792,53.935876413457024,69.72649671054455,71.03820438826176,75.89160284387265,85.72487855610368,102.70067529678657,105.50861461206799,111.00596922416437,115.22247700083203,116.53367831000011
66,500,0.10163216329901022,-1.1142991773394337,-1.1216654069900995,-1.3570978749101155,-1.121512662397532,-1.115763649179753,-1.115362669476153,-9.30467317458056,-1.1532595493781854,-1.1383702738307138,-1.1382388319949714,41.72844409780896,13.753461040277784,16.576347465787336,8.228257568054907,1.6448257767070658,6.985508993314117,5.132243378454383,6.355119737803321,5.255813274424106,5.180773881265964,41.72844409780896,55.481905138086745,72.05825260387408,80.286510171929,81.93133594863606,88.91684494195017,94.04908832040456,100.40420805820789,105.660021332632,110.84079521389796
66,750,0.10163216329901023,-6.004885058399701,-1.3407265756898097,-1.2884755248870956,-1.3328938983612098,-2.08845329183945,-1.3081093146726532,-2.3544432069465753,-2.90257490114117,-2.3968173694625916,-1.3024847412734966,30.317055170269768,19.665258467496514,19.4202319630693,8.899672387513537,1.7002947429647968,5.044592599040477,6.811213049511267,9.367231044321002,2.7202196303761035,4.227886400806209,30.317055170269768,49.98231363776628,69.40254560083558,78.30221798834911,80.00251273131391,85.04710533035438,91.85831837986565,101.22554942418665,103.94576905456276,108.17365545536897
66,1000,0.10163216329901022,-1.1239247505683845,-6.349230122158359,-1.1204081168290791,-1.1345019014086795,-14.119002099715075,-6.859666696370893,-1.1232879769403237,-1.1164015209939167,-1.1239239075081287,-14.312338920790754,24.404345091965737,23.50680573645311,18.551554175587224,9.728545800259072,5.209874059922194,3.6227512377857654,4.826282772791407,9.937333996553978,6.042893228324808,8.419938077445401,24.404345091965737,47.91115082841885,66.46270500400607,76.19125080426514,81.40112486418734,85.0238761019731,89.8501588747645,99.78749287131848,105.83038609964329,114.25032417708869
66,1500,0.10163216329901022,-1.1005324724584584,-1.1001733323642786,-1.1040270387539448,-19.114499176217656,-1.352462580890811,-1.1001364928823811,-1.115730144175854,-1.1546592795832993,-1.1152637107540984,-1.111507872227759,31.03289563099058,21.516117752057028,10.992106047691696,17.194061799474973,1.7994146366471577,7.7069470153158335,6.426543442744325,7.738255946972501,4.873310383280124,6.28814046001802,31.03289563099058,52.54901338304761,63.5411194307393,80.73518123021427,82.53459586686142,90.24154288217726,96.66808632492157,104.40634227189408,109.2796526551742,115.56779311519222
66,2000,0.10163216329901022,-1.1449902584595444,-1.4735549562757333,-1.159315638692778,-1.147021244617247,-1.1698045185247787,-1.1406184625730824,-1.141502186207053,-1.1458039319957245,-1.1539023401317117,-1.1506516621870588,38.5793538030203,17.150828907602097,6.629471529892125,9.464897583368085,5.7434838003290025,7.496325895824285,5.944053615428743,3.2265309159158555,5.909101074873778,5.861437288764115,38.5793538030203,55.730182710622394,62.359654240514516,71.8245518238826,77.5680356242116,85.06436152003589,91.00841513546463,94.23494605138049,100.14404712625426,106.00548441501837
66,3000,0.10163216329901023,-1.1472557762390454,-1.443986953902591,-1.2582216959791857,-1.216753890381772,-1.2636519324728694,-1.229353446544118,-1.2600524198917078,-3.089443149657263,-1.2620888576845586,-1.1135457294276978,44.793955706283256,14.726524850714739,8.993357103703115,10.040021874675837,7.601069062897686,5.75368853176251,1.463968750210913,4.964272847840391,5.964198813832491,4.073488655655627,44.793955706283256,59.520480556997995,68.51383766070111,78.55385953537694,86.15492859827464,91.90861713003714,93.37258588024805,98.33685872808844,104.30105754192094,108.37454619757656
66,4000,0.10163216329901022,-1.182468427099506,-1.1989522200426261,-1.2727853741112445,-1.6309705210435101,-1.5953453503047825,-1.182736466094239,-1.1772349996076832,-1.199155243582438,-1.1910259172408906,-1.2045608939769936,35.08393149331043,33.92310335682612,8.395440866937022,7.959368969463355,3.6809058836744484,7.099240024594835,3.2537201897111725,3.4378900788242106,5.493253849642837,8.053913762403614,35.08393149331043,69.00703485013655,77.40247571707357,85.36184468653693,89.04275057021138,96.14199059480622,99.39571078451739,102.8336008633416,108.32685471298444,116.38076847538805
66,6000,0.10163216329901023,-1.220749881349394,-1.5454029315975095,-2.8720147202818023,-6.220881159604268,-2.4817611209323944,-2.4642002074409692,-1.2266699642074004,-1.2138524996245872,-1.8378357593593444,-1.2261906143452515,62.13542068698192,4.348607788366229,14.460804427714663,7.881956945152789,1.462180667636244,5.564471497585979,3.802940736133422,3.9000432426614857,5.302634469135839,5.737075118471541,62.13542068698192,66.48402847534814,80.9448329030628,88.8267898482156,90.28897051585184,95.85344201343783,99.65638274957125,103.55642599223273,108.85906046136857,114.59613557984011
66,8000,0.10163216329901022,-1.1067166775156587,-1.1024738468002546,-4.122911094032624,-15.266086948597184,-3.549566692951271,-1.1102764304637138,-1.1091601961542459,-1.1187372677418828,-1.1096836813340683,-1.1119485683075183,58.99054360191904,15.236752273132701,1.3238285935088383,7.420839119826727,1.3184227966987736,11.235985351786088,1.9245209514941521,5.681281678895342,6.152821121267259,1.4029008799949891,58.99054360191904,74.22729587505174,75.55112446856057,82.9719635883873,84.29038638508607,95.52637173687215,97.45089268836631,103.13217436726165,109.28499548852892,110.68789636852391
67,250,0.06013333938468311,-1.1225730024124383,-6.938959601544764,-1.1159582688365037,-1.8009523981858104,-1.117102022146144,-1.1239372137913055,-1.136588262217623,-1.1115135419187936,-1.1360494882745704,-1.1147006282216907,36.041564974838764,31.982153497917707,1.3250255482770568,12.846908092639492,1.336224047156696,12.457045291643574,3.2110782192778418,7.307444817296575,5.341759885470134,1.3378606349214546,36.041564974838764,68.02371847275647,69.34874402103353,82.19565211367302,83.53187616082971,95.98892145247328,99.19999967175112,106.50744448904769,111.84920437451783,113.18706500943928
67,500,0.06013333938468311,-1.113775650623582,-1.122088554342882,-1.7231911972448417,-1.121428598629067,-1.1257173351056617,-1.1718480812360514,-18.534552995071415,-1.1058598275363725,-10.79633521529113,-1.1111909775982007,48.457345161657344,18.990220811726395,1.3302118417445752,7.0359391935156665,1.3323377635269962,14.26848577301417,1.505293573268601,4.258654756458618,3.5269319876833443,2.428794256711499,48.457345161657344,67.44756597338375,68.77777781512832,75.81371700864398,77.14605477217097,91.41454054518513,92.91983411845374,97.17848887491235,100.70542086259569,103.13421511930719
67,750,0.06013333938468312,-4.529767672635439,-1.2404145794978931,-1.150280756141104,-1.242974749746173,-2.3638173526557624,-1.241692649316116,-2.597365983953001,-2.243975342142277,-1.5480158115845963,-1.2607981429911432,45.40980004646295,18.24191772813755,7.009423866331346,6.245142138499956,1.3381097474590797,6.771035478358513,5.366537667779559,5.647879554560557,5.780380847187599,5.123049424592502,45.40980004646295,63.6517177746005,70.66114164093185,76.9062837794318,78.24439352689089,85.0154290052494,90.38196667302896,96.02984622758952,101.81022707477712,106.93327649936961
67,1000,0.06013333938468311,-11.453280261925396,-1.099190411770464,-1.1019980862751932,-1.1034042946683877,-8.566602140429048,-1.1012469984536746,-1.098652990122829,-1.1006834312320697,-1.101930660719551,-1.09908654414795,41.71224001919789,28.01725216064179,7.483110942848413,1.318696364048638,1.3157878340673603,1.994341628221905,10.748136733454299,6.475950829008163,4.164267107129625,5.005734836280697,41.71224001919789,69.72949217983968,77.2126031226881,78.53129948673673,79.84708732080409,81.841428949026,92.5895656824803,99.06551651148845,103.22978361861809,108.23551845489878
67,1500,0.06013333938468312,-6.780097376198796,-1.4093983400136736,-1.1628275506729695,-1.1941201687297944,-1.488691019764854,-1.194214343351082,-1.2033924740472446,-1.209519386144132,-1.205290561887205,-1.197270929716816,48.501578304069255,19.72540134105259,12.390927048941705,8.061500189788514,1.4536435921690156,1.4412689967349839,5.397870080310927,5.6324157815505735,7.119389702215699,2.981652499214009,48.501578304069255,68.22697964512184,80.61790669406355,88.67940688385207,90.13305047602108,91.57431947275607,96.972189553067,102.60460533461757,109.72399503683327,112.70564753604728
67,2000,0.06013333938468311,-1.1117119252766408,-2.5823776239853995,-1.1299871798385452,-1.1621098576339741,-1.3449689083946827,-1.1287294057140804,-1.1175887272193799,-1.1312560424187121,-1.1193019287496244,-4.09855719978254,60.03327215870297,22.2452665914915,1.318127064714015,8.964261306578837,1.3519673271793562,1.4667110527532663,5.323353202024519,7.577538426265239,5.825960996811485,2.3978472023675614,60.03327215870297,82.27853875019447,83.59666581490849,92.56092712148732,93.91289444866668,95.37960550141995,100.70295870344447,108.2804971297097,114.10645812652119,116.50430532888875
67,3000,0.06013333938468312,-1.2345977327406152,-3.5159712399477208,-3.2597711144982062,-1.25247104332644,-1.3311895788962995,-1.2098145355648908,-1.2270705664886852,-9.301196561449949,-19.661529372046772,-1.161936173885064,86.26187021317028,1.345103743144846,1.4298090493249096,2.041846779595801,1.4450220936017213,1.7295552509728918,1.4326729840395518,5.162620422004869,7.201805471240128,3.706230289783943,86.26187021317028,87.60697395631513,89.03678300564005,91.07862978523585,92.52365187883757,94.25320712981046,95.68588011385002,100.84850053585488,108.050306007095,111.75653629687895
67,4000,0.06013333938468311,-1.1121246905108215,-1.1080658225894209,-1.0984883957252518,-1.671353136483944,-1.6629645621655422,-1.0992351540622622,-1.106473512423972,-1.1002851036794579,-1.1088871775812161,-1.1044652047674863,76.27159938349806,12.181317020175278,1.3108278866181462,3.8747248014552387,1.3142890673019179,6.354921274324958,1.3185324345273912,1.3146957622805924,1.316269511129439,1.3162860467142559,76.27159938349806,88.45291640367333,89.76374429029147,93.63846909174671,94.95275815904863,101.30767943337358,102.62621186790096,103.94090763018156,105.25717714131099,106.57346318802524
67,6000,0.06013333938468311,-1.1001682544285218,-1.148405151834673,-1.1092614888793304,-2.2241804377469085,-1.919286895829842,-2.684313932990165,-1.1153809250854423,-1.1167592941539013,-2.4826892293994804,-1.1103236292377008,101.5915298745182,1.3270095242551894,1.3238343040841403,1.3298694753921754,1.326341371606011,1.3256064966290113,1.3102013125867082,1.3255597804610817,1.323686122514816,1.3259310612310409,101.5915298745182,102.91853939877339,104.24237370285753,105.5722431782497,106.89858454985571,108.22419104648472,109.53439235907143,110.85995213953251,112.18363826204732,113.50956932327837
67,8000,0.06013333938468311,-3.86899840335473,-1.107541964521551,-8.667598175377446,-1.1049682454809282,-3.35434709578424,-1.1044977803204068,-1.1058149034566596,-1.106114928541079,-1.1068432016640597,-1.7917950149256574,102.4117175827241,1.3177830953531198,1.3228359771603915,1.3198418379152317,1.3210323267816735,1.3199688593687249,1.3267223908941848,1.32083200683722,1.3245689210950478,1.3206336805768126,102.4117175827241,103.72950067807722,105.05233665523761,106.37217849315284,107.69321081993452,109.01317967930325,110.33990207019744,111.66073407703466,112.98530299812971,114.30593667870653
68,250,0.06470896515270728,-1.1204579391323395,-2.8544088925434252,-1.127218068930064,-1.3373000320509463,-1.1114029925632822,-1.111826326783497,-1.1077542810991763,-1.1115464179719385,-1.1086029088088654,-1.1183179594000388,42.832138431325035,17.894244648224806,10.503434103193186,2.8929212486220433,6.470754638852007,21.365125146463853,1.3623792714944916,2.613997228720443,2.2155523468368035,1.320175425600377,42.832138431325035,60.72638307954984,71.22981718274303,74.12273843136508,80.59349307021708,101.95861821668093,103.32099748817542,105.93499471689586,108.15054706373266,109.47072248933304
68,500,0.06470896515270728,-1.1024852596571275,-1.1020232972264292,-1.100216502473299,-1.1103354004078638,-1.1090951527264243,-1.1088083952064656,-2.9118324277192897,-1.4060029939225567,-1.1103447700895241,-1.1910345794987736,5.439486804457577,45.69053758877118,23.148973105446828,11.285165844817776,5.136712226339336,1.3202393846512837,6.3629402090109615,8.812808392114398,4.462524914546929,1.3127158567912334,5.439486804457577,51.13002439322875,74.27899749867558,85.56416334349336,90.7008755698327,92.02111495448399,98.38405516349495,107.19686355560935,111.65938847015629,112.97210432694752
68,750,0.06470896515270728,-1.1517290367555222,-1.3940467777593017,-1.1751896514980844,-1.1779254263664551,-1.2179112262857652,-1.1892875881669176,-7.179660216522457,-3.8375413371062397,-3.130478185847558,-1.2006531676276144,-5.7713681203398295,45.13367475421529,29.024992756172757,14.670185372039025,4.944475827554005,1.4622708048540485,5.308673747437929,8.530586805903866,5.861303094143093,3.601497479947218,-5.7713681203398295,39.36230663387546,68.38729939004821,83.05748476208724,88.00196058964124,89.46423139449529,94.77290514193322,103.30349194783709,109.16479504198018,112.7662925219274
68,1000,0.06470896515270728,-1.141457512986264,-4.512487739634669,-1.1348114643460776,-1.1175649133290086,-1.0997980981678002,-1.1177153628927696,-1.1099490245098016,-1.113031985021349,-1.1117197848931342,-9.23171006893358,17.27158657510671,32.58577654729525,23.91240145529622,10.279782998449662,1.3285815727264823,6.765469153233727,1.3246741836525027,11.482411963173238,3.855528651323083,1.3268891270960215,17.27158657510671,49.857363122401956,73.76976457769817,84.04954757614783,85.37812914887431,92.14359830210803,93.46827248576054,104.95068444893377,108.80621310025685,110.13310222735288
68,1500,0.06470896515270728,-10.475773445083558,-1.5582963929010605,-1.1066571545368444,-1.1115100113110898,-2.054243132633985,-1.1071724550059843,-1.1070982282834723,-1.1132797567612616,-1.1478821461889668,-1.1172708943397507,31.69864669014291,34.052114675419205,15.238811595884727,15.58211815871556,1.3198619664989102,9.066297378925334,2.391915418202898,1.3233646949974438,1.3223110391221238,1.3231357766088134,31.69864669014291,65.75076136556211,80.98957296144684,96.5716911201624,97.8915530866613,106.95785046558663,109.34976588378953,110.67313057878697,111.9954416179091,113.3185773945179
68,2000,0.06470896515270728,-1.1108857452820189,-2.8792607081831605,-1.1065061660755298,-1.1235808400258658,-1.3729877601055085,-1.1738870117684104,-1.1094434784302498,-1.1279784249639189,-1.109841867186669,-1.1078011933188403,51.25798136728238,28.21604668815548,8.708835460385142,8.089628525449793,1.367524059430406,4.8110816693502265,5.3960816678020365,3.8016897226444604,1.5228188234986009,1.343817475529426,51.25798136728238,79.47402805543786,88.182863515823,96.2724920412728,97.6400161007032,102.45109777005344,107.84717943785547,111.64886916049993,113.17168798399852,114.51550545952794
68,3000,0.06470896515270728,-1.3824195055227517,-1.8183292834992821,-1.6416475553809062,-1.3495172386275023,-1.1225005015681178,-1.108324898502849,-1.2321585291694261,-2.3664233751695036,-3.908231476931965,-1.2119598586456797,52.228101727872044,35.424965843397466,7.817863513986307,2.0294013089615586,1.4282501530385054,1.3852283860835348,1.391284062259979,5.452113843962399,3.9054353290543125,1.3937187725365192,52.228101727872044,87.6530675712695,95.47093108525581,97.50033239421737,98.92858254725587,100.31381093333941,101.7050949955994,107.15720883956179,111.0626441686161,112.45636294115262
68,4000,0.06470896515270728,-1.1037640849571622,-1.0981311179138196,-1.098666626461716,-2.1834241022512106,-1.3821694510314435,-1.102156879224705,-1.1100773787948102,-1.1073234014291615,-1.1080460809158197,-1.1077923648089358,62.89315585056403,33.4338413387289,4.620390704930694,1.3357552208549035,1.3369007515727502,1.325016284655364,1.3213098400207248,1.3252695597654438,1.3257348419055326,1.3267095223512069,62.89315585056403,96.32699718929292,100.94738789422362,102.28314311507853,103.62004386665129,104.94506015130665,106.26636999132738,107.59163955109283,108.91737439299835,110.24408391534956
68,6000,0.06470896515270728,-1.7488894324889497,-1.1334323649066533,-1.4055971712369768,-1.1057394283492723,-1.6399870052919008,-8.744935518590399,-1.1067421235371935,-1.1064371782358497,-2.5071689541852527,-1.107121415528717,86.50369922051354,16.328638538127592,1.3224737697618218,1.3212026357233486,1.3148956289483023,1.3148268897133928,1.320560817983964,1.314994865790105,1.3149309025760587,1.3147943500856596,86.50369922051354,102.83233775864113,104.15481152840296,105.47601416412631,106.79090979307462,108.105736682788,109.42629750077197,110.74129236656208,112.05622326913814,113.3710176192238
68,8000,0.06470896515270728,-1.0999345211244411,-1.098522265621531,-1.0987481723548447,-1.102473680476436,-4.069130040807426,-1.0984532087093566,-1.099560903214548,-1.0989808315609073,-1.0998012621659488,-1.0987447940759703,80.80603463748392,22.171408330702334,2.8049180457140075,2.300264484572306,1.9146610726379034,1.311359950582665,1.3102209460965182,1.3110502520090526,1.3107534638531293,1.3117200666185718,80.80603463748392,102.97744296818625,105.78236101390026,108.08262549847257,109.99728657111046,111.30864652169313,112.61886746778966,113.92991771979871,115.24067118365184,116.55239125027042
69,250,0.12229063585653537,-1.1664462086185616,-3.4715775722794326,-1.1452726429238314,-1.563085059033222,-1.1613579442389281,-1.1795365838763834,-1.1884930803287292,-1.1498530843128338,-1.148953172577536,-1.2008841489371078,61.64866186012296,9.582685017586304,4.054689850348311,11.0611568238402,7.428754110388368,1.400105992822498,5.592207038779399,2.288664792612005,1.7438748494271277,1.3953336257871936,61.64866186012296,71.23134687770926,75.28603672805757,86.34719355189776,93.77594766228613,95.17605365510863,100.76826069388804,103.05692548650005,104.80080033592718,106.19613396171437
69,500,0.12229063585653537,-1.1173510203971837,-1.1059651614434913,-1.4970003217598,-1.1048258283839694,-1.2617454382748714,-1.1054978045564408,-2.399973299658214,-1.2332720850204941,-21.667176309811772,-1.1082447759252716,56.23876032860713,7.72695316241937,7.824831219643981,3.904820628002625,15.508378981049155,10.386870564450817,1.3152785324229233,1.3310081146856279,1.3246227415706056,4.015392335196619,56.23876032860713,63.9657134910265,71.79054471067047,75.6953653386731,91.20374431972226,101.59061488417308,102.905893416596,104.23690153128163,105.56152427285224,109.57691660804886
69,750,0.12229063585653537,-4.749538743297284,-1.1405039083275197,-1.116370613451802,-1.158197915004545,-3.108435927074284,-1.11385846219921,-5.407210784355312,-4.618006608441423,-2.5349784485478715,-1.1685893977890007,44.74423814981782,20.779872737884958,14.88992347618532,2.0219254895017578,8.566857196469634,8.680747479969302,1.3119353984660322,4.213388131179613,3.776294184642696,1.3159197643188079,44.74423814981782,65.52411088770278,80.41403436388809,82.43595985338985,91.00281704985949,99.68356452982879,100.99549992829482,105.20888805947443,108.98518224411713,110.30110200843593
69,1000,0.12229063585653537,-1.100819201356739,-1.1025938800417068,-1.102261332934664,-1.0983151684219907,-1.1062127600212872,-3.3542566832566156,-1.1043675959707258,-1.1056900773621665,-1.1047428776014665,-2.996516166336776,41.79276292088163,26.743731713380136,10.852228445845633,4.074333721052813,10.339282704963257,6.460793404433881,1.5621328263389844,4.94556740864793,2.4271074584173413,4.114629837488296,41.79276292088163,68.53649463426177,79.38872308010741,83.46305680116022,93.80233950612347,100.26313291055736,101.82526573689634,106.77083314554427,109.19794060396161,113.3125704414499
69,1500,0.12229063585653537,-1.2678480922638817,-2.157378358180784,-1.3282614340770769,-1.3518858050631426,-2.5565102049158135,-1.2655980787136354,-1.2467668184709773,-1.2701950020252375,-1.2381328689590902,-1.445948113138602,41.161129041089424,27.12764878034733,7.6474146451377045,10.950409227961622,8.41214884188446,5.140235715179779,4.208908973003279,3.1997332630901347,2.966568858703482,1.5087395864174162,41.161129041089424,68.28877782143675,75.93619246657445,86.88660169453607,95.29875053642053,100.43898625160031,104.64789522460359,107.84762848769373,110.81419734639721,112.32293693281463
69,2000,0.12229063585653537,-1.1175737525377762,-2.2851437410023143,-1.1046275198758422,-1.103812385779181,-1.5338034001791394,-1.1083821272102363,-1.1026685991248755,-1.1052270106651347,-1.105621757813239,-1.1169965288553634,53.23317178916352,22.22022122417809,1.7588560148271464,10.856058153980804,6.895833318636027,3.448276924043208,8.20168811875542,1.9338256282289112,2.7876505303955605,4.525828698357188,53.23317178916352,75.45339301334161,77.21224902816876,88.06830718214957,94.96414050078559,98.4124174248288,106.61410554358423,108.54793117181315,111.33558170220871,115.8614104005659
69,3000,0.12229063585653537,-1.1599665431940895,-2.2776664644045628,-2.035889131206245,-1.1708039278580387,-1.21719310838166,-1.1301946549555208,-1.2010794213264235,-4.290219088387534,-6.461641104610486,-3.4942616786988,59.92187914878802,14.684821803703038,1.4513870736435468,5.774102828879798,5.715943448661374,4.613877794694211,1.3864086540787586,7.445856812366401,7.919818744038224,1.3402868878245462,59.92187914878802,74.60670095249105,76.0580880261346,81.8321908550144,87.54813430367578,92.16201209836998,93.54842075244875,100.99427756481515,108.91409630885337,110.25438319667792
69,4000,0.12229063585653537,-1.111171255112973,-1.127894561804621,-1.1137198948679172,-1.6735484755470988,-1.1111936883615674,-1.1150316667475053,-1.1139311175692481,-1.1068847488735352,-1.1139151570824164,-1.1091603620248063,62.275296941333835,3.5647397604185773,1.3275103989249781,10.191337304906902,7.99725367951139,4.324936277888627,3.597327103760402,1.5877088806923347,1.3326394905091985,1.3334059625048869,62.275296941333835,65.84003670175241,67.16754710067738,77.35888440558429,85.35613808509568,89.6810743629843,93.27840146674471,94.86611034743704,96.19874983794624,97.53215580045112
69,6000,0.12229063585653537,-1.2634879374872412,-1.3575663229661874,-1.1792247185214029,-1.5427172477896942,-1.4471028639325563,-4.29388500782453,-1.4058908105143861,-1.1150911677688597,-2.393389836043566,-1.3429271010557313,63.76365312157857,12.268741961403151,5.503014254804434,5.222833343842602,7.390159723672998,1.554366387051627,2.3575853668837885,1.4558597519661118,3.091484362725625,6.2067025869154975,63.76365312157857,76.03239508298172,81.53540933778615,86.75824268162876,94.14840240530175,95.70276879235338,98.06035415923716,99.51621391120328,102.6076982739289,108.8144008608444
69,8000,0.12229063585653537,-1.1000344067205527,-1.0988322610732615,-12.82995796480003,-3.495064464671364,-1.352244480979392,-21.613422154030825,-1.1128830755822978,-1.115784579882619,-1.0993391584696017,-1.1073201543313296,83.04882986739739,6.075881716701511,1.3432950314046734,9.310615164681092,1.328211472355445,5.327261904586699,1.3192593313257324,5.277538042930919,1.3243154311718972,1.3161323618795993,83.04882986739739,89.1247115840989,90.46800661550358,99.77862178018468,101.10683325254013,106.43409515712682,107.75335448845256,113.03089253138347,114.35520796255537,115.67134032443496
70,250,0.0680752227110829,-1.1702990053830984,-1.1712015177501227,-1.1691860667259664,-1.1392163275034473,-1.19676645307598,-1.2194604014886594,-1.169495686570067,-1.1610253338649636,-1.2097778355480084,-1.242533283501873,31.894760517778565,21.679306715320692,11.741305952781687,7.132545761130601,6.53487217167698,17.05688977992206,6.730861577726296,5.0872353932294665,6.025211891355847,1.4110065698272631,31.894760517778565,53.57406723309926,65.31537318588094,72.44791894701154,78.98279111868852,96.03968089861058,102.77054247633689,107.85777786956635,113.8829897609222,115.29399633074947
70,500,0.0680752227110829,-1.1010808679195145,-1.1489207720880112,-1.108706616609308,-1.1199623102730853,-1.100173528137054,-1.1093356699239,-4.867661770405252,-1.1716146182890843,-8.164300870631806,-1.1689953263489183,35.755541131415036,15.688840822583595,7.42784712436735,7.076527417247151,11.971737668080362,19.027421321506644,1.3202669723595313,9.157815890034158,6.082767669433892,2.153881139506947,35.755541131415036,51.44438195399863,58.872229078365976,65.94875649561313,77.92049416369349,96.94791548520013,98.26818245755966,107.42599834759382,113.50876601702771,115.66264715653466
70,750,0.0680752227110829,-4.228354900113743,-1.1391755224123163,-1.134267007542359,-1.1246282338693194,-4.071961084755266,-1.1631362555475713,-1.739725708274655,-1.1177463792124853,-1.147527180568121,-1.1480929340713875,36.266034878588314,12.847055135969455,9.44355847914385,8.830881832499173,8.726623474941789,14.418319201929222,8.111941439667422,6.34679934316771,5.6978632890626955,1.3336977220059305,36.266034878588314,49.11309001455777,58.556648493701616,67.38753032620079,76.11415380114258,90.5324730030718,98.64441444273922,104.99121378590692,110.68907707496962,112.02277479697555
70,1000,0.0680752227110829,-1.1074418396187133,-1.1031346261438837,-1.1014794360930842,-1.104731815322114,-1.1033737356074855,-22.053916928741558,-1.104487638626622,-1.1638364261458052,-1.1062382909215045,-1.1092461512231995,37.46307870134483,10.014803608599294,10.890579242168108,9.151498677674073,5.5687368513886515,21.89380855813446,4.087968864052437,1.8040102354824832,2.2461712926476576,12.189079861634184,37.46307870134483,47.47788230994412,58.36846155211223,67.5199602297863,73.08869708117496,94.98250563930941,99.07047450336185,100.87448473884433,103.12065603149199,115.30973589312617
70,1500,0.0680752227110829,-20.226392850224023,-1.3238960857723865,-1.2686043235513864,-3.4366944419812917,-1.9584544853759027,-2.026175488972661,-7.665225445027566,-1.2335067858636561,-1.2425607146840236,-1.325242932087543,24.456997558760577,31.83071985915754,2.499792951615288,9.970349056939863,9.971966048525147,16.81648309544663,4.000586659451697,5.639750222652992,4.693321327863444,6.384124821507648,24.456997558760577,56.28771741791812,58.78751036953341,68.75785942647327,78.72982547499842,95.54630857044505,99.54689522989675,105.18664545254974,109.87996678041318,116.26409160192082
70,2000,0.0680752227110829,-1.109438775415613,-1.5161781014735363,-1.104631592294733,-1.1058004718916927,-1.4696544348328646,-1.107526070795847,-1.106185933118072,-1.1199120512502283,-1.1035254000685777,-1.1064682234081464,15.706062990011997,41.47250157061481,3.828515505409099,9.083256033229645,13.876704657764858,16.568831746607195,7.8050587675322705,1.3238997167107596,3.680713562887245,3.247385657986488,15.706062990011997,57.17856456062681,61.00708006603591,70.09033609926556,83.96704075703042,100.53587250363762,108.3409312711699,109.66483098788065,113.3455445507679,116.59293020875438
70,3000,0.0680752227110829,-1.138256421143148,-1.1413791875736043,-1.1728708698184453,-1.1556965045917464,-1.1240356433224994,-1.1700892529853273,-1.132352743311607,-1.356775459482913,-4.431926163119183,-2.356777896784668,37.11351427445763,30.786341208212768,1.4101530295454232,5.014107859250323,15.51110251795862,9.10498045478754,7.604603245337577,4.078093220193124,1.4771858687724215,3.3558538587491222,37.11351427445763,67.8998554826704,69.31000851221583,74.32411637146615,89.83521888942477,98.9401993442123,106.54480258954987,110.622895809743,112.10008167851542,115.45593553726455
70,4000,0.0680752227110829,-1.1614900238072798,-1.1771524157095326,-1.125536258122939,-1.8860644784247529,-1.4875364593342417,-1.1285163433765457,-1.1250871107814744,-1.118295767387385,-1.1172283040143198,-1.1481287545072831,52.596732004016346,11.751851469339602,7.903194749120644,11.397039346852122,6.6526673884913095,11.100014943670736,7.072745858154823,1.3716664995480756,1.3686703427698372,1.3243484030631958,52.596732004016346,64.34858347335594,72.25177822247659,83.64881756932871,90.30148495782002,101.40149990149075,108.47424575964557,109.84591225919364,111.21458260196347,112.53893100502667
70,6000,0.0680752227110829,-1.4203032640225146,-2.047427831889782,-2.167468717350822,-2.4715640383035,-2.0881499505543006,-1.7166088762408762,-1.3523938823171813,-1.2704308099822779,-1.3386255514530667,-1.1876891492911015,44.56219077831858,22.68183914227552,5.830461015555189,12.649989427789095,4.988147870967753,10.574167034068758,1.4943310742818827,3.4688908709528175,5.640465572532225,2.458095708228514,44.56219077831858,67.2440299205941,73.07449093614929,85.72448036393838,90.71262823490613,101.28679526897488,102.78112634325677,106.25001721420959,111.89048278674181,114.34857849497033
70,8000,0.0680752227110829,-1.1336380893995808,-1.1326575979932527,-3.423922747418075,-11.503863348101651,-7.84166097512527,-1.1398460225029368,-1.1402562075366105,-1.1376532898048142,-1.131608156346703,-1.1356822242426794,37.716566499472066,25.096503646187116,6.061317874778432,11.12805314945346,12.791314782498116,3.526332875713492,7.507099860712831,2.81418179485925,3.6957674618432965,1.3601098693284812,37.716566499472066,62.81307014565918,68.8743880204376,80.00244116989107,92.79375595238919,96.32008882810268,103.82718868881551,106.64137048367476,110.33713794551807,111.69724781484655
71,250,0.05090392130583669,-1.1020725287270512,-1.1028338513340943,-1.1032947056159959,-2.3691684513156375,-1.1036986724985662,-1.1021099477620684,-1.103325872285287,-1.1045846006551248,-1.1089181461924782,-1.1046936883432248,60.66896253954772,8.10571960204014,7.1517533785704135,7.480437549239028,3.6363975310939534,9.018624727554617,1.441299018940565,7.709154484917736,5.159091017328546,1.32036808890087,60.66896253954772,68.77468214158786,75.92643552015828,83.4068730693973,87.04327060049125,96.06189532804586,97.50319434698643,105.21234883190417,110.37143984923271,111.69180793813358
71,500,0.05090392130583669,-1.1012994442442494,-1.1301411845353346,-1.8320785940206115,-1.1088278580074697,-1.1064635385268962,-1.1025627335662884,-2.4628230585452346,-1.5269905949713838,-1.1028035312120998,-1.2939428950598826,39.431086871921536,22.39443435924639,1.359253930061537,7.001056434518004,8.60266406452567,16.417756385622344,3.542983862770667,3.501610423036622,3.0392171942453725,8.736857233926603,39.431086871921536,61.825521231167926,63.18477516122946,70.18583159574746,78.78849566027313,95.20625204589547,98.74923590866614,102.25084633170276,105.29006352594813,114.02692075987473
71,750,0.050903921305836694,-15.733842483711491,-1.2197622099609093,-1.3805805320393167,-1.8314033827009415,-2.038917415258413,-1.2144499410588159,-3.6549556666287613,-2.541821964864459,-1.9891593922235389,-1.2016011064933516,40.33078833425482,13.415381993275155,10.829956024953024,10.178232895179626,9.629324025804916,9.854202351506775,3.402168560401118,4.898085319882506,6.4281020724415345,6.9441113223294035,40.33078833425482,53.746170327529974,64.576126352483,74.75435924766262,84.38368327346754,94.23788562497431,97.64005418537543,102.53813950525794,108.96624157769948,115.91035290002888
71,1000,0.05090392130583669,-1.107906436896294,-1.112184367161371,-1.1196989471076986,-1.114034936719591,-1.115476886082485,-14.831459872941311,-1.1166539899700005,-1.112110843928327,-1.1104021667865687,-8.673222594061885,40.21512217919626,15.41362903971545,9.451882429253843,14.484427821612154,5.181904120977755,8.231159663667604,3.908803991951218,4.874148570728321,5.554628481581311,8.85543314429484,40.21512217919626,55.62875121891171,65.08063364816556,79.56506146977772,84.74696559075548,92.97812525442308,96.8869292463743,101.76107781710262,107.31570629868392,116.17113944297876
71,1500,0.050903921305836694,-3.347836913130873,-1.7439623113417215,-1.2743077804916898,-1.3118993761930007,-2.5243072710306063,-1.282081227599909,-1.2842273706462262,-1.2750670513757592,-1.2416330650999523,-1.4431933194718174,54.88658506173867,2.547225971237843,1.657060524319803,13.740979328140448,4.786156132611824,7.672437433849005,3.778332285089247,5.880330724605271,5.942599069862876,8.535266968113774,54.88658506173867,57.433811032976514,59.09087155729632,72.83185088543676,77.61800701804859,85.2904444518976,89.06877673698685,94.94910746159212,100.891706531455,109.42697349956877
71,2000,0.05090392130583669,-1.113743446784147,-3.203485630885579,-1.1036392937492017,-1.1016611793659905,-1.7242920933220285,-1.1230959907531628,-1.1037181710088033,-1.1029926647315955,-1.1094054168837495,-1.1187155585938378,46.876972987498476,3.2473983917334728,9.18520064230945,7.754575645612446,3.7390222520127585,13.339366457391101,1.364030101081826,5.275222518273059,3.5792501631775657,4.0596390047623565,46.876972987498476,50.124371379231945,59.3095720215414,67.06414766715385,70.8031699191666,84.1425363765577,85.50656647763952,90.78178899591258,94.36103915909014,98.4206781638525
71,3000,0.05090392130583669,-1.2134744013582348,-2.0192392086683117,-1.2070538728484315,-1.1869363721577892,-1.4714701859837516,-1.1837582647914773,-1.1968150529423416,-2.0645996158287314,-5.05998983751075,-1.2676963974367377,57.26163686406409,13.506403591547333,1.537086276827683,9.045590280803072,8.302244917117232,3.859342322227649,6.204287413873068,4.06824308595918,1.344509916193049,1.4792853029729383,57.26163686406409,70.76804045561141,72.30512673243909,81.35071701324216,89.6529619303594,93.51230425258704,99.71659166646012,103.7848347524193,105.12934466861235,106.60862997158529
71,4000,0.05090392130583669,-1.1016550294730467,-1.1035617263021678,-1.1026664741704213,-1.7587745041276373,-2.30769108318213,-1.0988832646418114,-1.1119960738123043,-1.1054407640168562,-1.0984549343772692,-1.1044152949969375,58.57516958229789,20.705413071316386,1.327105016087835,3.8311543916305393,8.365959310988138,1.7787369327492542,6.077604402826184,8.094477398043109,4.105610785914113,1.3235363289705928,58.57516958229789,79.28058265361427,80.60768766970212,84.43884206133265,92.80480137232078,94.58353830507004,100.66114270789622,108.75562010593933,112.86123089185344,114.18476722082403
71,6000,0.050903921305836694,-1.8996846282162587,-2.150020441753477,-2.2873981217356603,-4.838793032939959,-2.4667588333999735,-4.5427700150712,-1.170933509851463,-1.244656432691634,-3.6472250694456427,-1.173026849499227,60.23744846220103,25.568881083495512,1.3760080283315088,6.319110239827491,4.445332393270819,1.4027161997759277,4.026449244185683,3.1090471282269974,3.293387186435762,3.7690679555344744,60.23744846220103,85.80632954569654,87.18233757402805,93.50144781385555,97.94678020712637,99.34949640690229,103.37594565108797,106.48499277931498,109.77837996575074,113.54744792128523
71,8000,0.05090392130583669,-1.1137691566121144,-1.1141862798761273,-1.113005379816704,-1.112278046292245,-1.1128276993055248,-1.1157607784882564,-1.1143705699221225,-1.1119039611704498,-1.1165201406941168,-1.1139706212135403,75.41876690048403,13.850837892547382,1.347041610906511,5.814754682664283,7.809337425181873,1.3311699761142752,5.188017593700806,1.329571933467745,1.3314499726634215,2.762523549455171,75.41876690048403,89.26960479303142,90.61664640393793,96.43140108660222,104.24073851178409,105.57190848789837,110.75992608159918,112.08949801506692,113.42094798773034,116.18347153718551
72,250,0.12667713239609454,-1.1041142327540658,-4.559071483279254,-1.1121737234765874,-1.3067089324664423,-1.1084001123318292,-1.1052141582921848,-1.116258527182635,-1.1103099888077055,-5.226856062417408,-1.1266329647732864,47.33906896281442,20.61302355142257,6.225812257554317,6.748444737699099,1.9524508166995247,13.584629635421479,4.948129600203824,3.946126006280535,2.8190544572454197,8.007399843052255,47.33906896281442,67.952092514237,74.1779047717913,80.92634950949041,82.87880032618993,96.46342996161141,101.41155956181524,105.35768556809577,108.17674002534119,116.18413986839344
72,500,0.12667713239609454,-8.45084456517123,-1.1071657379153228,-2.0905675818125307,-1.106491503858246,-1.1083334814962413,-1.1108034763781043,-2.600299079206315,-1.748731396299822,-1.1026915889768203,-1.1009553408533184,48.17285314128961,16.898422036187256,7.496282028127953,7.5261440694156265,1.3227701701997705,6.76433747934238,15.595382219855193,2.186241008253356,1.312409782476514,5.345889595027274,48.17285314128961,65.07127517747686,72.56755720560481,80.09370127502044,81.41647144522021,88.1808089245626,103.7761911444178,105.96243215267116,107.27484193514766,112.62073153017494
72,750,0.12667713239609454,-5.80747792990028,-1.1337123483870792,-1.1247532783053917,-1.1135133218610527,-2.389611643348255,-1.128050128642652,-1.3006077437147523,-1.3425124483785513,-1.4012510832641936,-1.1701553749966962,46.18751961937414,21.93119767065849,8.726989528139246,2.6880302093480957,1.346881690254933,10.459859709788958,8.92473624434627,4.826670592768965,4.3387447668767845,3.209224154810748,46.18751961937414,68.11871729003263,76.84570681817188,79.53373702751998,80.88061871777491,91.34047842756387,100.26521467191014,105.0918852646791,109.43063003155589,112.63985418636665
72,1000,0.12667713239609454,-1.1127675762323945,-1.10826962054426,-1.1091124885329355,-1.1400770835769083,-6.220195446290724,-1.1117286190049245,-1.1232121011371383,-1.198833522540967,-3.8914347182482594,-2.79362291486585,50.6613795095531,9.643644613054406,19.743993812938854,2.4853394298719165,1.332225308052199,10.874456690317643,3.32164279705294,7.167093892666651,5.570813566274733,2.406539487653884,50.6613795095531,60.305024122607506,80.04901793554636,82.53435736541827,83.86658267347048,94.74103936378812,98.06268216084106,105.22977605350772,110.80058961978246,113.20712910743634
72,1500,0.12667713239609454,-3.6865990415877565,-1.174495977022603,-1.2254972704606488,-1.1512507398851102,-1.4862129106274553,-1.2040255349047815,-1.1528166358387222,-1.2314836723641425,-1.1924872956744923,-1.2805497449166139,40.934807389685304,16.442984315217174,19.467620073967304,9.247351229560454,1.4740777610208644,1.7780160149526303,6.979090783902622,6.647534499872993,8.132179671055138,1.4842481963810816,40.934807389685304,57.37779170490248,76.84541177886979,86.09276300843024,87.5668407694511,89.34485678440373,96.32394756830635,102.97148206817934,111.10366173923448,112.58790993561557
72,2000,0.12667713239609454,-1.1024409680274267,-1.7306238594839667,-1.1177605166469595,-1.1074481243013738,-1.1049084523578054,-1.140583009895225,-1.0999695504048548,-1.1062180295886308,-1.1024388106546885,-1.1031634122807876,48.37509150447988,10.158494360599853,17.004377186459358,14.092917091446864,1.3384820700158855,1.815236841736954,1.3636293419434886,7.421095870096799,8.601972076341086,5.860972377636827,48.37509150447988,58.533585865079736,75.5379630515391,89.63088014298596,90.96936221300184,92.78459905473879,94.14822839668228,101.56932426677909,110.17129634312018,116.032268720757
72,3000,0.12667713239609454,-1.1778544620787974,-1.367093987283675,-1.1980918139536443,-1.1822940058971718,-1.176605871211061,-1.1816311693882575,-1.1143760396960372,-1.1009949059943103,-2.459190328585515,-1.6919146347500815,50.86898344146964,13.574561504313511,8.68620819789244,10.495378603443033,10.388160829671055,1.4419669357404716,1.38915044795661,6.16529924198694,6.572113505324584,5.0805511581697935,50.86898344146964,64.44354494578315,73.12975314367559,83.62513174711862,94.01329257678967,95.45525951253013,96.84440996048674,103.00970920247369,109.58182270779827,114.66237386596806
72,4000,0.12667713239609454,-1.206550997640837,-1.1261492493786056,-1.1610081493841768,-1.6342390905971236,-1.1024828641682611,-1.1049815509896042,-1.1019678142300475,-1.1856586462021679,-1.1289434055571625,-1.1379303501349103,49.057835285993065,15.044937155967062,10.85868096196485,8.714750943273444,9.352569421965892,7.302128702733086,1.3483727668322318,5.938037866768212,3.044691895277044,1.3694791241460544,49.057835285993065,64.10277244196013,74.96145340392498,83.67620434719842,93.02877376916432,100.3309024718974,101.67927523872963,107.61731310549784,110.66200500077488,112.03148412492094
72,6000,0.12667713239609454,-1.098044160268325,-1.193860871189191,-1.2280971503058407,-11.38705192191577,-1.8288376567216966,-7.74396252201953,-1.1806355614660111,-1.1948780368193015,-2.0509215644848195,-1.2132164994609589,62.67776426029563,15.290196617510823,1.413316536323996,8.740696999539988,7.351702935274988,7.027427040459489,4.394563004810443,1.354414075337361,4.2386481441599315,1.3755700384537795,62.67776426029563,77.96796087780646,79.38127741413045,88.12197441367044,95.47367734894543,102.50110438940492,106.89566739421537,108.25008146955273,112.48872961371265,113.86429965216642
72,8000,0.12667713239609454,-1.104662779532951,-1.1015163725417683,-2.0314283112130127,-5.70862144289509,-3.2312980387417856,-7.93049335141367,-1.1057979713153365,-1.1137835472204518,-1.0993063462967299,-16.54920568018416,80.89861104993139,11.26894315420028,2.513814086859175,1.3152702650248398,7.721719818653767,1.31454442519171,1.3201198908463643,1.3118061284544122,1.3119894831796923,1.3117792061083318,80.89861104993139,92.16755420413168,94.68136829099085,95.99663855601568,103.71835837466945,105.03290279986116,106.35302269070753,107.66482881916194,108.97681830234163,110.28859750844995
73,250,0.07000704919635532,-1.123022057144368,-1.1270963781195824,-1.121815878502229,-1.0991868935779783,-1.1457428202900197,-1.1240847134529712,-1.1256833503529324,-1.1545371492400467,-1.124883409804907,-1.135247389212432,34.641714382675815,29.14639864316113,15.556626671330992,5.84012888248442,1.3656094691395824,1.3175698723841514,12.297222538703604,4.4484218896189365,4.629334618570645,4.912614073297133,34.641714382675815,63.78811302583695,79.34473969716794,85.18486857965236,86.55047804879194,87.8680479211761,100.16527045987971,104.61369234949865,109.2430269680693,114.15564104136644
73,500,0.07000704919635532,-1.161166234402148,-1.1341201714776155,-1.1083680022211104,-1.1568876107739805,-1.0989801038800202,-1.1008172964236227,-2.9762633685797457,-1.109707024358611,-1.1324864801474157,-1.1535933599782018,63.47342446775946,10.691658891397974,1.364998863334593,1.3608459888017599,3.7788218450017705,9.900157431785594,1.4738150594653945,4.622547898249685,2.1054738742967123,10.164092107176465,63.47342446775946,74.16508335915744,75.53008222249203,76.89092821129378,80.66975005629556,90.56990748808116,92.04372254754655,96.66627044579624,98.77174432009295,108.93583642726941
73,750,0.07000704919635532,-3.6898928613578317,-1.3406322281800014,-1.31183653715548,-1.261938820478699,-2.9898472024940013,-1.340739152564304,-2.6827722320473635,-2.62561898001233,-1.0993645918322335,-1.294567901373859,56.11266737961998,6.758883827901936,5.122749309106249,1.5783875517413373,5.762335945850724,6.802961514767992,4.832237993045883,6.34643822660556,6.355916269216365,7.897029133496677,56.11266737961998,62.87155120752192,67.99430051662817,69.57268806836952,75.33502401422024,82.13798552898822,86.9702235220341,93.31666174863966,99.67257801785603,107.5696071513527
73,1000,0.07000704919635532,-1.1068604811935647,-10.154344909143417,-1.1114098805798631,-1.1067998618109864,-1.1083754286064667,-1.1083431374984116,-1.1072267276041836,-1.1061731047469938,-1.1076032648034235,-1.098511909174272,41.15009702460512,16.95891321983994,5.2244393599603125,1.8420456629112782,5.291969267562273,14.443878479085022,1.3254321074627762,5.86066509087797,7.610479682555345,10.663898670477701,41.15009702460512,58.10901024444506,63.333449604405374,65.17549526731665,70.46746453487893,84.91134301396394,86.23677512142672,92.09744021230469,99.70791989486004,110.37181856533775
73,1500,0.07000704919635532,-1.1514894151056811,-1.1653760763495824,-1.1628783235374218,-3.6392342856571434,-1.3418773764972318,-16.791295215154037,-1.14680967238708,-1.1448748635495818,-1.1359853992691047,-1.1177475499275662,31.049300731283694,27.82407597166592,1.3295231267321155,2.1851815276414213,3.544181128211669,18.397650070770702,7.890545181827958,8.772791557274136,2.5860120346657043,1.3837686358396768,31.049300731283694,58.873376702949614,60.202899829681726,62.388081357323145,65.9322624855348,84.32991255630552,92.22045773813348,100.99324929540761,103.57926133007331,104.96302996591298
73,2000,0.07000704919635532,-1.102570302379299,-1.6103688022821232,-1.1035853874564143,-1.1025847219664455,-1.19963160167232,-1.101842739847694,-1.0999752328548125,-1.098781234226072,-1.1041702953641397,-1.102912733883159,48.44955840329615,11.53692568372955,4.73768345517466,1.3205233148911018,1.319179970656805,18.237570008482805,9.778897304668533,7.060763001671901,7.561578226478362,1.3120600593616427,48.44955840329615,59.9864840870257,64.72416754220036,66.04469085709147,67.36387082774827,85.60144083623108,95.38033814089961,102.44110114257151,110.00267936904987,111.31473942841151
73,3000,0.07000704919635532,-1.1681946180670635,-1.1483836494157411,-1.1355227412094147,-1.1265148094387243,-1.1006033261157993,-1.1554870890234734,-1.202743321816608,-2.450074011098444,-2.871419647905581,-1.1065734040146964,46.49900639540692,21.958073216714098,1.500430302185979,5.658815474157528,1.382582675728547,13.58845263123861,7.26144339686347,7.966794368780686,7.741621666903722,1.3600122149678535,46.49900639540692,68.45707961212102,69.957509914307,75.61632538846453,76.99890806419307,90.58736069543168,97.84880409229515,105.81559846107584,113.55722012797956,114.91723234294741
73,4000,0.07000704919635532,-1.1458403124678647,-1.1420307594800478,-1.1949433059228585,-1.325818572576635,-1.6802811420749633,-1.1602810439907572,-1.1416224739302994,-1.1132769190065281,-1.100434217433643,-1.1520839065625115,66.92882793729245,9.43487220575447,1.4039201737718852,6.452950590780148,4.458397853113354,12.431759317108401,2.317370729703944,4.08536874828857,4.313016192259351,1.4036900078139878,66.92882793729245,76.36370014304693,77.7676203168188,84.22057090759895,88.67896876071231,101.11072807782071,103.42809880752465,107.51346755581322,111.82648374807258,113.23017375588657
73,6000,0.07000704919635532,-1.1061345001258134,-1.1195911520836532,-1.8178155048151659,-3.223857295501762,-1.6540617640356474,-6.834300765725281,-1.1097048827539384,-1.1077037860298475,-2.7189997070698455,-1.0983152858016723,80.02047574462097,10.104961041910858,1.336286920862681,3.238610403728119,3.124718584529135,2.1017121584170395,4.725259914629207,1.3253673349025092,1.7051247146989366,3.5111313744038046,80.02047574462097,90.12543678653182,91.4617237073945,94.70033411112261,97.82505269565175,99.9267648540688,104.652024768698,105.97739210360051,107.68251681829945,111.19364819270325
73,8000,0.07000704919635532,-1.1923199942719078,-1.17145192808866,-1.1924752898593347,-1.1793584121249467,-2.494576606209991,-1.1684781008200016,-1.1724451669208649,-1.1738120894014545,-1.1710710761939946,-1.1702907670016862,84.24112035960607,3.380421960176747,1.405588969220592,2.8962150337729735,3.3458950772613303,1.4158382803136984,4.3679873744476225,1.398431195243874,1.4017261272370671,1.4396766608903815,84.24112035960607,87.62154231978282,89.0271312890034,91.92334632277638,95.26924140003771,96.68507968035141,101.05306705479903,102.4514982500429,103.85322437727997,105.29290103817036
74,250,0.06297664977786012,-1.1057755999852232,-21.499130040042076,-1.1091189472017837,-1.6154322200267983,-1.1225080926649493,-1.107350684292613,-1.1037971397066184,-1.0990438085943683,-1.1067546977048925,-1.1087770291053562,50.42241921803803,16.80421090038763,6.0244224517245275,12.016336072498614,5.881048848063465,6.584028408647912,9.62633991527722,4.527495522307964,3.272633304201399,1.3221580912395008,50.42241921803803,67.22663011842566,73.2510525701502,85.26738864264881,91.14843749071227,97.73246589936018,107.3588058146374,111.88630133694537,115.15893464114677,116.48109273238627
74,500,0.06297664977786012,-1.1269167826468691,-1.151231814463773,-1.5829450989960527,-1.1397515012883224,-1.1962283824768698,-1.1354182162280666,-2.1287290244061294,-1.146091581921099,-5.262288408387667,-1.1217835980606692,62.268790675621716,7.486905543084799,1.3939106562230696,7.582067869186888,1.3930368833016993,23.576332396946086,2.4777289581080257,3.628256220092018,2.1094001766657193,1.3139684670272493,62.268790675621716,69.75569621870652,71.14960687492959,78.73167474411648,80.12471162741818,103.70104402436426,106.1787729824723,109.80702920256431,111.91642937923002,113.23039784625728
74,750,0.06297664977786012,-1.7067212748033667,-1.119377032229734,-1.1414090792075564,-1.1264386559466857,-2.963824006140582,-1.1516296972007667,-5.2518991542366535,-2.3757961246454915,-1.2055132034683949,-1.1554017828791734,58.96438757633969,11.549515676622963,4.583949523438747,12.74771681996064,1.36453064227761,14.483700022538265,1.977309358004257,4.666599942000442,1.3615028533898226,1.3627017141835331,58.96438757633969,70.51390325296265,75.0978527764014,87.84556959636204,89.21010023863965,103.69380026117793,105.67110961918219,110.33770956118263,111.69921241457246,113.06191412875599
74,1000,0.06297664977786012,-1.1453009200711017,-1.1750178876007755,-1.1576049523877971,-1.1548235915425944,-13.212628576138986,-15.50863273202122,-1.1586494824834523,-1.1484868255109038,-7.387214187396129,-1.1905186977439142,63.81831066276828,22.093246506614193,1.336041672331472,4.522968466861771,1.3773880560123528,7.376606787075083,2.803390175642158,4.1824932893878195,1.666473954688791,1.3384952706389859,63.81831066276828,85.91155716938248,87.24759884171395,91.77056730857572,93.14795536458807,100.52456215166316,103.32795232730533,107.51044561669315,109.17691957138194,110.51541484202093
74,1500,0.06297664977786012,-1.2327495514228342,-1.2009122955737759,-1.1898786853533152,-1.202709633220084,-3.4221909826010695,-1.2067401392265142,-1.1743971068666,-1.2410978208244359,-1.2056192851335399,-1.223273828813877,55.89968413651451,30.019395921220934,1.3976706842942708,5.582774268389244,1.4002766945299578,6.084221345209087,7.30856069537127,1.6696200218170567,1.4123337116006827,1.4106470053260445,55.89968413651451,85.91908005773544,87.31675074202971,92.89952501041896,94.29980170494892,100.384023050158,107.69258374552928,109.36220376734633,110.77453747894701,112.18518448427305
74,2000,0.06297664977786012,-1.0996548177622665,-1.3151947762449798,-1.1239662647441482,-1.1012830411638794,-1.3395502820527252,-1.1118815502917885,-1.1084972125327686,-1.1795083532340325,-1.1120120541465806,-1.2126910583419628,61.155451812226886,23.76496198219192,1.3127334063018865,2.3684116046782755,7.268850180158413,5.366104847134359,4.349254851116289,8.351847046169148,1.3123979643077952,1.3125056905619377,61.155451812226886,84.9204137944188,86.2331472007207,88.60155880539897,95.87040898555738,101.23651383269174,105.58576868380803,113.93761572997718,115.25001369428497,116.56251938484691
74,3000,0.06297664977786012,-1.1119244872504006,-2.4942576806598806,-1.4874432424226387,-1.1220757251094238,-1.1282706632548014,-1.1163913636245493,-1.1067945841209332,-2.6438361670841974,-1.113918445333145,-1.708072409649299,71.08960160000498,12.349978384251592,1.3395508802081202,4.71385730429985,4.493518739383607,8.76152808828257,1.3143254873486554,5.249348895888815,3.5750741676005493,1.3149289583308068,71.08960160000498,83.43957998425657,84.77913086446469,89.49298816876454,93.98650690814814,102.74803499643072,104.06236048377937,109.31170937966819,112.88678354726873,114.20171250559955
74,4000,0.06297664977786012,-1.1265121154443225,-1.0982961506212745,-1.1092249602025066,-1.8593208013674865,-1.49781547083745,-1.1189896571256717,-1.1352675083962214,-1.2316055664431624,-1.1113267761369205,-1.1303634741470423,58.23543849328708,19.888600434542727,4.250351902917387,5.515444289125725,6.237027268069874,6.8218341793659665,4.254144582387115,1.9948154980694595,3.9071019033379137,1.36847531333397,58.23543849328708,78.1240389278298,82.37439083074719,87.88983511987291,94.1268623879428,100.94869656730876,105.20284114969587,107.19765664776533,111.10475855110325,112.47323386443722
74,6000,0.06297664977786012,-1.1437275873206048,-1.492936791461121,-1.2837758209024597,-3.135145866356549,-1.9306322933910995,-2.3115236190675823,-1.3275922166904919,-1.2549028087166172,-1.3587807747636589,-1.2771862058929289,70.15355838789645,6.3160192720101165,6.417645313043282,10.411823882773774,3.0997685685347944,1.4536532480027846,5.601225795903231,1.380522258852742,3.934951137393342,1.4843929967567693,70.15355838789645,76.46957765990658,82.88722297294986,93.29904685572363,96.39881542425843,97.85246867226121,103.45369446816444,104.83421672701718,108.76916786441052,110.25356086116729
74,8000,0.06297664977786012,-1.1143137946630817,-1.112789050623908,-9.32552827692524,-4.242562289466871,-2.6929918055107045,-18.353989424647665,-1.1076950268319035,-1.1096310111226995,-1.1076798172103528,-1.11523798784606,75.42103671314291,1.3319096573928286,6.989660977175271,8.710618165531784,1.3243245433434598,1.3222654398729485,3.051057452328271,4.192817631508151,4.146915347110985,1.357355567813621,75.42103671314291,76.75294637053574,83.74260734771102,92.4532255132428,93.77755005658626,95.09981549645921,98.15087294878748,102.34369058029563,106.49060592740662,107.84796149522025
75,250,0.03342326881267318,-1.1089830214977168,-3.1332481012530735,-1.1331735756827168,-1.5437052363252093,-1.0986564454395333,-1.1229436799136674,-1.1107417379267308,-1.1118177241141671,-21.82047833132073,-1.1129344987220673,66.32095679099825,6.140603125972845,3.448886707149043,15.548941627701481,6.809115985549422,1.320918977904146,6.361496332265148,3.9868669425580343,2.5485607203691174,1.3171153254708705,66.32095679099825,72.4615599169711,75.91044662412014,91.45938825182162,98.26850423737105,99.58942321527519,105.95091954754034,109.93778649009838,112.4863472104675,113.80346253593837
75,500,0.03342326881267318,-1.0999860842177371,-1.10507016919574,-2.434038374491693,-1.1094966528026045,-1.0992637209783451,-1.1038148695009178,-3.67078279880229,-1.4341234566883028,-1.100001127543647,-1.1068952176306786,61.67361681982109,13.127593877869362,1.3275641187767966,3.0407991747384306,10.66405256042719,10.349336018403147,1.3248266088301897,5.682004079160752,5.533460668494133,3.3700683379693963,61.67361681982109,74.80121069769045,76.12877481646724,79.16957399120567,89.83362655163286,100.18296257003601,101.5077891788662,107.18979325802695,112.72325392652108,116.09332226449048
75,750,0.03342326881267318,-7.045104330423957,-1.1056946381993016,-1.202470507012983,-1.1465333917265945,-4.085916106042131,-1.22060043146136,-3.3892062647783128,-2.2829312821462215,-1.254162578900408,-1.1726711102304566,52.713207727894996,19.707509389517952,1.4305073148292013,4.50007833872731,5.1812885698324145,11.92549218900615,4.896256957049978,8.494038457751987,1.448018179454376,1.32883008657319,52.713207727894996,72.42071711741295,73.85122443224215,78.35130277096945,83.53259134080187,95.45808352980802,100.354340486858,108.84837894460999,110.29639712406437,111.62522721063756
75,1000,0.03342326881267318,-1.128816702873607,-1.1075764708837132,-1.1267677509502736,-1.1182370076948134,-1.119397289705594,-1.1304454193850395,-1.1046984724660631,-1.1068209694441191,-1.1003555956561089,-1.1112081527481172,44.78537682705134,15.144785727033941,6.35611621773921,4.370419365693852,6.5369835562398215,10.44856277235652,6.415561255171436,4.981703380662093,5.810842997459492,5.510832794909431,44.78537682705134,59.93016255408528,66.28627877182448,70.65669813751833,77.19368169375815,87.64224446611468,94.05780572128612,99.03950910194821,104.8503520994077,110.36118489431713
75,1500,0.03342326881267318,-1.1629656204684284,-2.364088889214897,-1.1619448363416645,-1.1628648909451695,-5.254828895455027,-1.1597184442303043,-1.150291583277038,-1.1656927284617025,-1.1554471216550786,-1.1636569092976465,19.962514820484934,19.60815084296138,12.760377764528599,10.218564861187286,4.950901511658621,8.837461566717888,6.493620966039881,4.012849606154601,4.392717096833133,8.506097108266765,19.962514820484934,39.57066566344631,52.33104342797491,62.549608289162194,67.50050980082082,76.33797136753871,82.8315923335786,86.8444419397332,91.23715903656634,99.74325614483311
75,2000,0.03342326881267318,-1.1102223101635005,-1.5638744476276063,-1.114587619465687,-1.1128789358346358,-1.3844829930686702,-1.110449936789983,-1.1222308422929093,-1.1156969299004307,-1.1159281578684275,-1.117665693393712,11.948604890509557,30.187150216430616,9.449169060173332,14.135090820945983,5.014089165860954,1.3601157010103182,11.602667100795166,3.942793394903651,3.3015997625856386,7.47635487714482,11.948604890509557,42.135755106940174,51.584924167113506,65.72001498805949,70.73410415392044,72.09421985493076,83.69688695572592,87.63968035062956,90.9412801132152,98.41763499036001
75,3000,0.03342326881267318,-1.140488751499955,-1.769573289944967,-1.3802712314941825,-1.2118964778043528,-1.1158445412394524,-1.131542822134981,-1.1780560630913173,-2.9654795119007247,-1.1789485699220839,-1.1646586053181092,28.498775928068454,16.348267209038326,15.909144505316846,15.623441281881185,1.9447965063552672,4.795293830299919,4.713552595161746,8.75913429849787,7.468382434979638,1.7738584380652789,28.498775928068454,44.84704313710678,60.756187642423626,76.37962892430481,78.32442543066009,83.11971926096001,87.83327185612175,96.59240615461962,104.06078858959927,105.83464702766454
75,4000,0.03342326881267318,-1.1120467048694636,-1.1066831742312786,-1.1131848927971815,-1.6527294085669713,-1.8326664842171727,-1.1252244418053556,-1.1546319709648274,-1.1125125429235312,-1.1656785132372818,-1.1494119390842537,28.478369010734482,25.737931611181942,15.909586283146929,12.783809082993415,4.926429807341121,5.355644277156328,2.209343280499124,11.398815642395775,6.097436555745482,1.316624920430065,28.478369010734482,54.216300621916425,70.12588690506335,82.90969598805677,87.83612579539789,93.19177007255422,95.40111335305335,106.79992899544912,112.89736555119461,114.21399047162467
75,6000,0.03342326881267318,-1.122552860755059,-1.1418317200697055,-2.304919878846433,-6.417937200651732,-3.622370165021791,-6.031682172334616,-1.1232647696660893,-1.1256266338446825,-1.2070992591826832,-1.1887553126437695,24.899474407705704,45.19909226787303,4.343326049172445,12.152857705398848,7.72066910716031,2.3511500430676344,1.4104640506215755,4.891802503197292,3.3778304377018618,2.6139046831859165,24.899474407705704,70.09856667557872,74.44189272475117,86.59475043015001,94.31541953731032,96.66656958037795,98.07703363099952,102.96883613419682,106.34666657189868,108.9605712550846
75,8000,0.03342326881267318,-1.1230452495346044,-1.1169506832234828,-1.0988585500214816,-5.8332542970470485,-2.1263897283596247,-2.0605309568516033,-1.2884209926638928,-1.1018286918054132,-1.1123747181361088,-1.1058021750561426,57.70560616192151,28.76931522349959,13.648207165322656,8.209989607267683,1.3237030483099916,1.312785752720143,1.5022529064730468,1.3101675228046714,1.3110358263574824,1.336794759293682,57.70560616192151,86.4749213854211,100.12312855074376,108.33311815801144,109.65682120632144,110.96960695904158,112.47185986551463,113.7820273883193,115.09306321467679,116.42985797397047
76,250,0.08775895196186773,-1.098,-22.07,-1.098,-1.6627741104128493,-1.098,-1.098,-1.098,-1.098,-1.1529,-1.098,46.92385352469657,18.09724407191098,16.548602421194204,12.135037970456409,4.717577772825308,11.515532462670109,1.3100000000000023,2.732151776246411,1.3100000000000023,1.3100000000000023,46.92385352469657,65.02109759660755,81.56970001780175,93.70473798825816,98.42231576108347,109.93784822375358,111.24784822375358,113.97999999999999,115.28999999999999,116.6
76,500,0.08775895196186773,-1.1061940731632949,-1.1069410981336048,-1.9089893925005619,-1.1078912621051429,-1.108012989136697,-1.113796029187058,-8.46173692091092,-1.230122614283684,-1.1203488340047887,-1.281906306136674,61.17968172025974,5.6676042745810715,12.316574671138952,12.928282584519039,1.3389718860668607,11.733934058278123,4.84556941888836,1.311132381284894,1.3102764861781941,1.3106991227248233,61.17968172025974,66.8472859948408,79.16386066597975,92.0921432504988,93.43111513656565,105.16504919484377,110.01061861373213,111.32175099501703,112.63202748119522,113.94272660392005
76,750,0.08775895196186771,-7.114749993968161,-1.104653129174857,-1.1175476346971012,-1.1111264169524198,-2.7032501402126368,-1.1220955872176734,-8.530511181857609,-3.394135336813399,-1.7965233342360474,-1.1218351719932826,49.01133221891351,17.75324694130611,9.947014905094267,11.45861117182033,1.3528422612032527,13.569117463387535,4.114157799631197,1.3120938519663463,1.3129825020225239,1.311742085696959,49.01133221891351,66.76457916021963,76.71159406531389,88.17020523713421,89.52304749833746,103.09216496172499,107.20632276135619,108.51841661332254,109.83139911534506,111.14314120104203
76,1000,0.08775895196186773,-1.101137108980923,-1.10178110769328,-1.1059071621178247,-1.1041201753874859,-1.1085676615348627,-1.104701400221225,-1.102347911882768,-1.1033779815347433,-1.104755036169664,-1.1070850545682087,52.81127379295722,9.578026387904448,5.330352134365821,16.37163312696075,1.3200842316238113,16.611520690284173,5.1888946345420415,1.3115842770469923,1.3119226675520204,1.3118716828659145,52.81127379295722,62.38930018086167,67.71965231522749,84.09128544218824,85.41136967381205,102.02289036409621,107.21178499863825,108.52336927568524,109.83529194323727,111.14716362610318
76,1500,0.08775895196186773,-1.0986823408308721,-1.099829012379411,-1.1009268219068549,-1.0987219092687437,-4.661434552942179,-1.0993821189089403,-1.1052794473860823,-1.0993278271590885,-1.0987851657761567,-1.099293151586617,43.48126360725064,31.718619203873963,8.574985445076706,13.874217102951562,1.3167507430213399,9.850190839691543,1.3119301932155403,1.3121106786702894,1.311592357164316,1.3113397230626758,43.48126360725064,75.19988281112461,83.77486825620132,97.64908535915288,98.96583610217422,108.81602694186577,110.12795713508132,111.44006781375161,112.75166017091593,114.0629998939786
76,2000,0.08775895196186773,-1.0980000000000003,-3.220934725368634,-1.0980000000000003,-1.0980000000000003,-1.2071798434192362,-1.0980000000000003,-1.152899999999994,-1.0980000000000003,-1.0980000000000003,-22.07,45.22968991858215,31.535465979484464,10.604751445033813,5.708279491200018,1.3100000000000025,11.808348023064612,6.473465142634938,1.3100000000000025,1.3100000000000025,1.310000000000006,45.22968991858215,76.76515589806661,87.36990734310042,93.07818683430044,94.38818683430044,106.19653485736505,112.66999999999999,113.97999999999999,115.28999999999999,116.6
76,3000,0.08775895196186771,-1.3094278767332805,-4.0339722692384115,-1.670208351270575,-1.24725054578047,-1.109169492727664,-1.2179364768940308,-1.2260997921309058,-4.872901222040484,-1.2488728309955217,-1.248706787478325,42.3928521748707,32.806689536754405,9.182596013692589,7.751676107542028,3.827237323604937,5.145752893519067,1.7340957688022565,3.105926547299415,7.401427885558711,1.4123666791521208,42.3928521748707,75.1995417116251,84.38213772531769,92.13381383285972,95.96105115646465,101.10680404998371,102.84089981878597,105.94682636608539,113.34825425164411,114.76062093079622
76,4000,0.08775895196186773,-1.20985981119739,-1.1243365118962694,-1.1057422770195435,-1.7474984085103107,-1.3669908592578528,-1.1457279363544624,-1.149961034317077,-1.1563074749868845,-1.1439204993022027,-1.1416170884128132,73.1954246370257,15.78089372449594,5.084144825261292,6.8035339240147685,2.637530070267049,4.738305460665675,1.4375221080983889,1.3750802939925806,1.375073479912313,1.3393158472405253,73.1954246370257,88.97631836152163,94.06046318678293,100.8639971107977,103.50152718106474,108.23983264173042,109.67735474982881,111.05243504382139,112.4275085237337,113.76682437097423
76,6000,0.08775895196186771,-1.1961074000422944,-1.1910005454605699,-1.166206895028639,-1.5314991119829626,-1.2120230669014433,-1.677148286453848,-1.221607473659967,-1.2558964822035907,-1.37925843245743,-1.1793455269952453,78.837656475686,10.461150353727035,11.151875999907269,3.4317974601081414,1.430556640707346,1.4173418614786453,1.375187993894138,2.2305267792627053,1.464208590184123,1.851291374960173,78.837656475686,89.29880682941304,100.4506828293203,103.88248028942844,105.3130369301358,106.73037879161444,108.10556678550859,110.33609356477129,111.80030215495542,113.65159352991559
76,8000,0.08775895196186773,-1.104641737028392,-1.0993462137286705,-2.9141363633904795,-7.5608060484407495,-1.2422213848513026,-3.6636280859135955,-1.1027402225308358,-1.1002627931583695,-1.0989247363927963,-1.1007930888709656,84.20088532706845,1.7310017378181701,12.140299369273784,6.4739520111114235,1.3188187728376026,1.3116797384829764,1.310594451809278,1.312070705235017,1.3172527942896761,1.320665379767079,84.20088532706845,85.93188706488662,98.07218643416041,104.54613844527184,105.86495721810944,107.17663695659242,108.4872314084017,109.79930211363671,111.11655490792639,112.43722028769346
77,250,0.07693627884027202,-1.1121629097965342,-1.8625396259977371,-1.125576909043355,-1.424253997627015,-1.1156116825088844,-1.1150617118860229,-1.1025312754928542,-1.11254126630969,-1.0995942375098866,-1.104653496372272,44.61781545558219,23.697901390489598,5.377175206982235,1.9623565713421502,5.0130532407887145,12.612713574372204,5.230005246581296,1.6820481768954996,1.3286902999081587,7.691512808061093,44.61781545558219,68.31571684607178,73.69289205305401,75.65524862439617,80.66830186518487,93.28101543955708,98.51102068613838,100.19306886303389,101.52175916294205,109.21327197100314
77,500,0.07693627884027202,-1.1205398859173519,-1.1251369175255173,-1.2490100923095873,-1.1222215741883481,-1.124471448334158,-1.1222807708474214,-1.836415231540629,-1.1260512141734038,-1.1344607053560227,-1.2178588220349345,15.50837927304277,36.369480774200525,10.517931643169682,9.440415777284688,2.0967570977033114,21.10834996630635,1.3242827083115092,1.3487647557793778,2.8992625623057613,15.213285118930926,15.50837927304277,51.877860047243296,62.39579169041298,71.83620746769766,73.93296456540098,95.04131453170733,96.36559724001884,97.71436199579821,100.61362455810398,115.8269096770349
77,750,0.07693627884027202,-15.43533672986586,-1.17858547519646,-1.165660219430006,-1.1113860087265088,-2.424687680865076,-1.305277770894497,-1.140375478059954,-2.2584063614294827,-1.2073497975367036,-1.1343999293922962,35.34101090379906,20.642949927857856,16.18132102672709,14.191145413101296,4.108049834500552,8.548147230390278,1.9331200652821732,5.480357551502053,5.684115661769706,3.874007994337557,35.34101090379906,55.983960831656916,72.165281858384,86.3564272714853,90.46447710598585,99.01262433637612,100.94574440165829,106.42610195316034,112.11021761493005,115.98422560926761
77,1000,0.07693627884027202,-1.192488657473215,-3.219659300264538,-1.1957584146199922,-1.1631993601191908,-3.0185793922124704,-1.1850232275539985,-1.1881545210310396,-1.2009548598940776,-1.2115808940263693,-8.375537208047763,28.943685235968452,23.010301651078148,21.01566115424253,16.376717537491814,4.238968350382182,5.142960895840977,9.625209355991851,1.3895977970821085,2.010955442162172,4.773415560482297,28.943685235968452,51.9539868870466,72.96964804128913,89.34636557878095,93.58533392916313,98.7282948250041,108.35350418099596,109.74310197807806,111.75405742024023,116.52747298072252
77,1500,0.076936278840272,-1.1913733999954088,-1.185600993709222,-1.2064069779016258,-1.198814600525612,-1.71531189868651,-1.2146206758615272,-1.1607519876507175,-1.2322544157017186,-1.2518530570392232,-1.1863766600736487,24.171758354486997,29.620928741210975,9.8985814818922,18.285623150522497,6.6225934018306205,10.168000099185829,1.3717503275962635,4.06440088357056,5.396924598175728,5.927463723840461,24.171758354486997,53.79268709569797,63.69126857759017,81.97689172811266,88.59948512994328,98.76748522912911,100.13923555672537,104.20363644029592,109.60056103847165,115.52802476231211
77,2000,0.07693627884027202,-1.1889777866809026,-1.15982818973507,-1.1853019652844208,-1.1731827727282838,-1.185720666009292,-1.1726709884013236,-1.1501540585012617,-1.159573965553494,-1.1715758840279347,-1.171739197516998,11.07932268663761,45.83201595440353,12.834346552449333,8.970962484223627,1.3479549130484805,15.442021335853394,6.259051874790762,1.4067223057848803,2.5668827241259873,2.7202609564340072,11.07932268663761,56.91133864104114,69.74568519349047,78.71664767771409,80.06460259076258,95.50662392661597,101.76567580140673,103.17239810719161,105.7392808313176,108.4595417877516
77,3000,0.07693627884027202,-1.1331876019459095,-1.1075141859205662,-1.5405374576043656,-1.1918348300308845,-1.1719737348119366,-1.1603918480145725,-1.15369610362887,-2.981864980213774,-1.16000993594462,-1.327167465400073,48.256719312394665,6.415898339036769,16.00980093122499,13.19613608293107,2.8305379418623806,12.576728553259265,1.4299271443567712,2.8068050291956963,3.155571601737413,2.577768851992591,48.256719312394665,54.67261765143144,70.68241858265642,83.8785546655875,86.70909260744988,99.28582116070913,100.7157483050659,103.5225533342616,106.67812493599901,109.2558937879916
77,4000,0.07693627884027202,-1.1248215420916408,-1.123501251940858,-1.1241503087155023,-1.4662397630831236,-1.3442571626666249,-1.139542198435918,-1.124360578648262,-1.131855919286136,-1.1307530928280167,-1.1294728146920607,57.508246817385725,12.456906715160017,12.096725863173713,5.927666966178958,2.2576612161890015,10.391891787672726,6.290056216474003,3.111272793749518,4.103844766611715,2.061912717035728,57.508246817385725,69.96515353254574,82.06187939571946,87.98954636189842,90.24720757808743,100.63909936576016,106.92915558223416,110.04042837598368,114.1442731425954,116.20618585963112
77,6000,0.076936278840272,-1.1216059281179103,-1.1385340377997282,-1.23661716330462,-2.406827521339753,-1.3261257882036825,-1.7771368006794703,-1.1379510952469425,-1.1361851596269301,-1.8558456345117156,-1.1266864427420842,80.73758117248839,1.4088794752367786,9.324569099412704,6.093280173147327,1.3679675442311463,7.513170178445532,1.3808908688114496,2.443370610740494,3.9265825180475176,1.3667405192448618,80.73758117248839,82.14646064772516,91.47102974713786,97.56430992028518,98.93227746451633,106.44544764296187,107.82633851177332,110.2697091225138,114.19629164056133,115.56303215980618
77,8000,0.07693627884027202,-1.138305433949311,-1.1269968792524017,-12.403516961647775,-1.125638122961985,-5.6868132819587345,-12.052516907999426,-1.1428295518206903,-1.1297214321967313,-1.1065393738246265,-1.132048278614596,85.37374200245492,6.848665497212377,7.83028735622646,7.161671292734177,1.3687422319893594,1.3620909693034067,1.3948170987316901,1.3637735845143828,1.3618084314874643,1.3702665771480707,85.37374200245492,92.2224074996673,100.05269485589376,107.21436614862793,108.58310838061729,109.9451993499207,111.34001644865239,112.70379003316677,114.06559846465423,115.4358650418023
78,250,0.0849645684923969,-1.1098486566525803,-4.555007036990711,-1.1074416683039514,-1.1070268913486823,-1.0985569169781844,-1.111860349256809,-1.119094623131587,-1.111777407986629,-1.1041254325785452,-1.1043740776733335,46.3166449413048,9.78438121803254,23.013167853536498,13.453029471840692,13.802878841266853,1.6085548487645238,1.3147775445127097,1.3104627773430115,1.3251476089860916,1.332331360186566,46.3166449413048,56.10102615933734,79.11419401287384,92.56722348471453,106.37010232598138,107.9786571747459,109.29343471925861,110.60389749660162,111.9290451055877,113.26137646577428
78,500,0.0849645684923969,-1.1334412544403007,-1.1315297251458838,-2.3104066338573244,-1.108752079502218,-1.1064941832339175,-1.1291264272134276,-3.8338807112895594,-1.1578722799218841,-1.121035096798224,-1.3423931663353699,25.474953865726476,21.082720328906,25.570028487518982,16.422371801067005,7.092882967657836,3.568759013905721,7.837851254457405,2.8747125011268437,1.3670059816405193,1.3369036587915129,25.474953865726476,46.557674194632476,72.12770268215147,88.55007448321847,95.64295745087631,99.21171646478203,107.04956771923943,109.92428022036628,111.2912862020068,112.62818986079832
78,750,0.08496456849239689,-1.1165869605243843,-1.2646981363212673,-1.115992819953945,-1.1126676176227646,-3.089164275870635,-1.1516220367814451,-2.558081980097519,-1.8126258049796276,-1.8056379395302509,-1.1322480372100574,18.376240663605742,26.266200603140135,21.888801562651196,17.2965389751783,11.70560956113977,1.3401357351126912,5.943398289480019,3.555019995565675,4.248197565452962,1.3265255107868406,18.376240663605742,44.64244126674588,66.53124282939707,83.82778180457538,95.53339136571515,96.87352710082784,102.81692539030786,106.37194538587353,110.6201429513265,111.94666846211334
78,1000,0.0849645684923969,-1.098,-1.098,-1.098,-1.098,-1.1529,-22.07,-1.098,-1.098,-1.098,-1.098,15.415459885852819,39.056828735087315,12.306494602959688,15.722915532660991,12.342738510006583,1.3100000000000023,4.477026554352506,4.759411987809145,2.6300764557702934,8.579047735500652,15.415459885852819,54.472288620940134,66.77878322389982,82.50169875656081,94.8444372665674,96.1544372665674,100.6314638209199,105.39087580872905,108.02095226449934,116.6
78,1500,0.0849645684923969,-22.07,-1.0980000000000005,-1.0980000000000005,-1.0980000000000005,-5.6704619915774845,-1.0980000000000005,-1.0980000000000005,-1.0980000000000005,-1.0980000000000005,-1.0980000000000005,40.328563451166744,25.217899605848643,16.70332922636989,8.960181676651764,5.147562498669263,1.3100000000000032,6.201931441676312,1.3100000000000032,2.344165148395449,9.076366951221933,40.328563451166744,65.54646305701539,82.24979228338528,91.20997396003705,96.3575364587063,97.66753645870631,103.86946790038262,105.17946790038262,107.52363304877807,116.6
78,2000,0.0849645684923969,-1.1033006301323378,-2.7018637527390297,-1.1043934298440108,-1.1031557487423171,-1.4858583455948986,-1.103691438610484,-1.1044448753610796,-1.1038250108001477,-1.1066190658904307,-1.1028596338674146,83.02066339847542,4.652360343126277,12.905727697669171,1.31324254238057,1.3233150865845893,1.3101614955779566,1.3156805975125812,1.3102821557342201,1.3104007321124531,1.3104596099646662,83.02066339847542,87.6730237416017,100.57875143927086,101.89199398165142,103.21530906823601,104.52547056381397,105.84115116132655,107.15143331706076,108.46183404917322,109.77229365913789
78,3000,0.0849645684923969,-1.1909679552488344,-2.5069769933680304,-1.207327271039531,-1.2402635318137438,-1.103905820291795,-1.1085525471381978,-1.0990230659797389,-4.547254537665134,-1.100692576945697,-1.7532053434609698,82.29873225686066,10.663651310289815,7.184481866796144,7.470906150215894,1.3116990483687667,1.3122047362901408,2.387586641934517,1.3118806466894957,1.3117211170861487,1.3126941881824141,82.29873225686066,92.96238356715048,100.14686543394663,107.61777158416253,108.92947063253129,110.24167536882143,112.62926201075595,113.94114265744545,115.2528637745316,116.56555796271402
78,4000,0.0849645684923969,-1.098,-1.098,-1.1466186857700347,-2.109077006392818,-2.840875563882244,-1.098,-1.098,-1.098,-1.098,-1.098,46.55529033672582,33.50452485264569,17.978837877155783,2.814546385649507,3.501960347738489,1.3100000000000023,5.590276749219953,2.72456345086475,1.3100000000000023,1.3100000000000023,46.55529033672582,80.0598151893715,98.03865306652729,100.8531994521768,104.35515979991528,105.66515979991529,111.25543654913524,113.97999999999999,115.28999999999999,116.6
78,6000,0.08496456849239689,-1.104289188218758,-1.175051605969328,-1.9220759934256257,-2.9672106145340926,-1.9320745516033737,-4.361815466399589,-1.1088280143880618,-1.1146858560230894,-1.8794621636048845,-1.1003956208942363,20.91917853022781,33.00444467582565,19.960873307699295,11.62253069522766,7.6871229187674395,1.3283755588506927,8.36004194628762,4.976302710522491,4.757864176577144,3.930358132707651,20.91917853022781,53.92362320605346,73.88449651375277,85.50702720898042,93.19415012774786,94.52252568659856,102.88256763288618,107.85887034340867,112.61673451998581,116.54709265269346
78,8000,0.0849645684923969,-1.098,-1.098,-1.098,-19.09631079595996,-5.143261288615869,-22.07,-1.098,-1.098,-1.098,-1.098,54.48910580370817,12.09386024353806,3.1977270484487406,6.815026942298459,10.364824897471806,1.3100000000000023,1.3100000000000023,8.851259222183046,8.857602482911688,9.31059335944002,54.48910580370817,66.58296604724623,69.78069309569497,76.59572003799343,86.96054493546524,88.27054493546524,89.58054493546524,98.43180415764829,107.28940664055997,116.6
79,250,0.11118651973038447,-1.1459956230155859,-8.78460578095632,-1.1791345410329543,-1.1551439969941066,-1.1422371771138886,-1.1694591344713547,-1.130580291966162,-1.172412646596174,-1.1409458460428339,-1.192638646415951,48.857269239690766,1.3808015842326258,21.36587985824636,6.5548101084007655,6.640749907175518,7.949049288209725,7.344856640164828,7.758364940085933,2.6699806663654826,1.4024673742888485,48.857269239690766,50.238070823923394,71.60395068216975,78.15876079057051,84.79951069774603,92.74855998595575,100.09341662612059,107.85178156620651,110.521762232572,111.92422960686085
79,500,0.11118651973038447,-1.1073821334338985,-1.1294025665162306,-1.1211323071050159,-1.1161015425277312,-1.100637541636333,-1.1117149178072077,-14.693043536346966,-1.8225887947856023,-1.1492140599120884,-1.1004965604603147,1.7094559005890009,32.02983801455858,25.624091129938797,15.505099807451241,14.349442603786173,2.0271678885698474,7.1596140414880125,2.322202312694447,2.9199297794541135,4.275754546460977,1.7094559005890009,33.73929391514758,59.363385045086375,74.86848485253762,89.21792745632379,91.24509534489364,98.40470938638165,100.7269116990761,103.6468414785302,107.92259602499118
79,750,0.11118651973038449,-1.1057985074049776,-1.1035619411950481,-1.123312386077147,-1.3177477850842938,-4.264021737386948,-1.0991462218644519,-1.7113311563098677,-1.9625245217589464,-2.0603886126059523,-1.0989348553249059,-1.6554120806455312,33.272328422656926,23.52594597997497,19.831863786331226,10.611285220000205,3.8786549864603597,5.328295194205481,5.747563903635783,6.106005093046731,2.1435301442640347,-1.6554120806455312,31.616916342011393,55.142862321986364,74.97472610831758,85.5860113283178,89.46466631477816,94.79296150898364,100.54052541261942,106.64653050566615,108.79006064993018
79,1000,0.11118651973038447,-1.1027851938132747,-1.1094497946963657,-1.1045634135529623,-1.102147694327301,-22.01749916918436,-11.795974896013767,-1.1060623151181033,-1.1545346801094487,-1.10351776217027,-12.098944314826426,10.493953894359638,27.94325871659325,18.770704000759217,17.963936018256277,7.826412333164274,9.941163017472348,5.576059181635966,5.176176815791177,5.564793769231972,6.768496263974409,10.493953894359638,38.43721261095288,57.2079166117121,75.17185262996838,82.99826496313266,92.939427980605,98.51548716224097,103.69166397803215,109.25645774726412,116.02495401123853
79,1500,0.11118651973038449,-1.1785859177499183,-1.24622787833355,-1.1989369476024234,-13.665096594904512,-3.7405038203297725,-1.1620428789179478,-1.161671703261649,-1.1642040883445883,-1.1465007727050498,-1.1909898928857925,10.533998087826731,29.824223135465473,15.958823714887295,15.033042916059546,8.04802005412952,13.899995195709845,3.541293134589676,6.491232133142152,3.854543971859427,1.3464272955402423,10.533998087826731,40.358221223292205,56.3170449381795,71.35008785423905,79.39810790836857,93.29810310407842,96.8393962386681,103.33062837181025,107.18517234366968,108.53159963920992
79,2000,0.11118651973038447,-1.1820459120877613,-1.5515636311838752,-1.16773908441826,-1.1996001243044918,-1.2437225885142946,-1.1715879091290846,-1.1648034182850693,-1.1881475602779088,-1.163904380882351,-1.1770996756406236,29.348401208900256,20.513275875699414,6.977059099388992,11.797044373335964,7.98603612804909,17.787686835261063,3.341222429744576,2.3571071136133703,4.049316599426426,4.963625766677691,29.348401208900256,49.86167708459967,56.83873618398866,68.63578055732462,76.62181668537372,94.40950352063479,97.75072595037936,100.10783306399273,104.15714966341915,109.12077543009684
79,3000,0.11118651973038447,-1.1057120595289645,-1.5616416436571319,-1.1099355012355963,-1.0983170648747826,-1.102123138252077,-1.1035617583000281,-1.11513423118702,-1.1010081519179113,-1.1096403028127528,-2.132684727802629,29.663301726520544,37.22173904071491,2.972441634912821,7.541861892038728,7.25737868307767,12.881414854482074,1.3191768485930426,1.3225589362346564,2.873872929562598,9.64330301398893,29.663301726520544,66.88504076723545,69.85748240214828,77.399344294187,84.65672297726468,97.53813783174675,98.8573146803398,100.17987361657445,103.05374654613705,112.69704956012598
79,4000,0.11118651973038447,-1.1414941018986853,-1.133084880584864,-1.1577122943425993,-1.3677691542337702,-1.3306078219941417,-1.1291169856391705,-1.1087732213507073,-1.1431463158064514,-1.1600154334635744,-1.194290702535901,74.16740850140289,6.978214172730272,5.504678253312219,9.026252858412025,4.322707347682785,9.760772157403153,1.3850207699393495,1.4532902085054271,1.3855574517315241,1.3817483287121513,74.16740850140289,81.14562267413316,86.65030092744539,95.67655378585741,99.99926113354019,109.76003329094334,111.14505406088269,112.59834426938811,113.98390172111964,115.36565004983179
79,6000,0.11118651973038449,-1.4296357528599133,-1.8924978128857912,-1.6260413636748616,-7.398071982194615,-2.6360591114298337,-4.156451416360692,-1.345628262209817,-1.4313358985096167,-2.7786526297864214,-1.3995866094681766,59.670120860335714,11.468949675701616,2.869008187810268,12.393695873244837,14.832098852157742,1.4174341814783293,2.1083644380733704,4.751329413476119,4.430552653649599,1.8098729149462685,59.670120860335714,71.13907053603734,74.0080787238476,86.40177459709244,101.23387344925018,102.65130763072851,104.75967206880188,109.51100148227799,113.94155413592759,115.75142705087386
79,8000,0.11118651973038447,-1.1027833251225019,-1.1054640214031597,-1.1058452566150483,-22.04814803273934,-3.877693585067222,-1.1076439202046355,-1.1065522671723467,-1.1075099052928152,-1.1064483541908303,-1.1071946663568895,92.34190424482463,10.050885536746357,1.3255354759944864,1.3172181716635536,3.2383522531800537,1.3217171259847493,1.3199895352234718,1.3159795440259812,1.3157261041137622,1.3165791788488477,92.34190424482463,102.392789781571,103.71832525756548,105.03554342922904,108.27389568240909,109.59561280839384,110.91560234361731,112.23158188764329,113.54730799175705,114.86388717060589
80,250,0.057687007421012584,-1.119826822386547,-1.3915269607551117,-1.1129795284130073,-1.4111733936333555,-1.1224180925239646,-1.1919394537713246,-1.2083509719970094,-1.1727445019285478,-1.1281257879573654,-1.1571241097603808,57.86692841466865,14.027407094156153,1.333244721103334,17.56228011975628,1.6665529278432132,1.36643819794842,1.3330019556049644,7.094246019933639,2.2565487091261343,7.907785453072126,57.86692841466865,71.89433550882481,73.22758022992815,90.78986034968443,92.45641327752764,93.82285147547607,95.15585343108104,102.25009945101468,104.50664816014081,112.41443361321294
80,500,0.057687007421012584,-1.1060989807117974,-1.1008707591187736,-1.7461849380126324,-1.1131354927170816,-1.106312224027501,-1.103423056366366,-2.5344782404266457,-1.4069247859075347,-1.1123811849596899,-1.6589793782581364,50.71789721113056,23.25989535435042,8.160721555694657,5.635118721471603,1.330235731874787,3.599682245982616,4.5446886323274995,1.3164477630697413,1.3177561096332955,15.083502286244727,50.71789721113056,73.97779256548098,82.13851412117563,87.77363284264723,89.10386857452202,92.70355082050465,97.24823945283214,98.56468721590188,99.88244332553518,114.9659456117799
80,750,0.05768700742101258,-4.680143105540592,-1.1146366218695003,-1.110077448088021,-1.2690642334978413,-2.761339796954779,-1.1174547772893142,-3.1070253122372424,-1.8363400853453475,-1.2557553669950003,-1.2109391115560961,49.99238714991553,18.38850037316581,9.77828418298784,6.4358792944229215,1.3970949201499492,4.986264542953396,5.903096293328414,4.5951533718510635,7.570128468854623,1.9022142191314577,49.99238714991553,68.38088752308134,78.15917170606917,84.59505100049209,85.99214592064205,90.97841046359544,96.88150675692386,101.47666012877492,109.04678859762954,110.949002816761
80,1000,0.057687007421012584,-1.111645405626032,-1.1247157997453892,-1.120897280898141,-1.104961986899132,-1.1112124381985944,-1.1049728047865015,-1.1054428527333422,-1.1113879991633162,-1.1182865170170637,-4.367479256975804,44.560749465269396,24.7528608966428,11.987436734958393,3.9431984507999207,1.318292843521542,1.3268816716725484,11.629250390183735,6.134498522452574,3.161019666359273,1.3260743742890964,44.560749465269396,69.3136103619122,81.30104709687059,85.24424554767052,86.56253839119206,87.88942006286462,99.51867045304834,105.65316897550092,108.8141886418602,110.14026301614929
80,1500,0.05768700742101258,-18.24569262218374,-1.145730547049057,-1.1593611374012482,-1.1516509763860316,-5.163541296801485,-1.1559514091865877,-1.1516941136861134,-1.1610810677736456,-1.1632045247219684,-1.1528002942959952,43.981602524438216,25.972672933402144,17.03545430122663,4.968541566246605,1.3659624506786296,1.383111719696751,6.61881309393333,1.3845318795692783,1.3779560418890129,1.3843461170303217,43.981602524438216,69.95427545784037,86.98972975906699,91.95827132531359,93.32423377599221,94.70734549568897,101.3261585896223,102.71069046919158,104.08864651108058,105.4729926281109
80,2000,0.057687007421012584,-1.0980000000000003,-1.8629761800431153,-1.0980000000000003,-1.0980000000000003,-2.0626261715744785,-1.0980000000000003,-1.0980000000000003,-1.0980000000000003,-1.0980000000000003,-1.0980000000000003,39.115518661124284,33.516012447764055,4.974382549912649,15.96400773137896,1.4131213060861545,1.3100000000000027,6.598023620103321,5.338312829575118,6.68147325060337,1.6891476034520854,39.115518661124284,72.63153110888834,77.60591365880099,93.56992139017994,94.9830426962661,96.2930426962661,102.89106631636942,108.22937914594453,114.91085239654791,116.6
80,3000,0.05768700742101258,-1.1408906249999555,-2.0391126273091924,-1.1444259420744478,-1.0980000000000056,-1.0980000000000056,-1.0980000000000056,-1.1014312500000056,-3.417548224891167,-7.729842445869522,-1.0997156250000055,62.52871582093054,1.8483965780553384,17.583571088564046,9.311148141401308,4.034429615949171,1.310000000000009,1.310000000000009,10.223538013136855,7.140200741962712,1.310000000000009,62.52871582093054,64.37711239898589,81.96068348754993,91.27183162895123,95.3062612449004,96.6162612449004,97.9262612449004,108.14979925803726,115.28999999999998,116.59999999999998
80,4000,0.057687007421012584,-1.1851195828416703,-1.1024076787064385,-1.1159223345885332,-1.9672380324990932,-2.176002279285287,-1.118756112159403,-1.1064744509321405,-1.1194283574342578,-1.1046365223540913,-1.1029639690291835,73.51558413971003,7.223605595372618,8.048315195969739,14.712790872579333,3.1013766819543953,1.329325021727866,2.714887023285602,1.3722374358815408,1.36603139077419,1.3804998202707779,73.51558413971003,80.73918973508265,88.78750493105238,103.50029580363172,106.6016724855861,107.93099750731398,110.64588453059957,112.01812196648112,113.38415335725531,114.7646531775261
80,6000,0.05768700742101258,-1.117708656302593,-1.128876609662258,-1.1285303426300648,-3.2368584458889504,-2.2869181653340247,-4.74043890391426,-1.1412478453822663,-1.1288322301850031,-5.54111625546078,-1.1296281950337246,90.192771418897,12.10437026232994,1.337062932698668,1.3129934832593277,1.3102953744357126,1.3103007713494566,1.348085790950674,1.3104715827320255,1.3111246214311838,1.3101073914289953,90.192771418897,102.29714168122693,103.6342046139256,104.94719809718494,106.25749347162065,107.56779424297011,108.91588003392079,110.2263516166528,111.537476238084,112.847583629513
80,8000,0.057687007421012584,-1.1173585834806277,-1.1148656719750303,-4.02803841879253,-1.1127575426197254,-1.2906562286627001,-5.234020389239912,-1.1248233219934662,-1.1309951202621056,-1.1389486370502215,-1.142002283934557,95.50244451895179,1.4594143010809884,1.339787471072401,1.5752232202499536,1.3540414304805903,7.149590256949459,1.363338932823135,1.6753407312239572,1.8779605621675373,1.7892827068427,95.50244451895179,96.96185882003277,98.30164629110517,99.87686951135512,101.23091094183572,108.38050119878517,109.74384013160831,111.41918086283226,113.29714142499981,115.0864241318425
81,250,0.1320090122947332,-1.1040568449052497,-3.5861512708710617,-1.1158237184691555,-1.4335790017481544,-1.1009590572818881,-1.1053981003246114,-1.1580173729141148,-1.1375395010412297,-1.0986944156928136,-1.2011048211502198,-5.712666341422562,44.74176011994075,20.461096065849432,16.177950133737852,16.624550838028227,11.605644042273212,5.879010545672198,3.726953938833182,1.6031579780075003,1.3353011609045429,-5.712666341422562,39.02909377851819,59.49018984436762,75.66813997810547,92.2926908161337,103.89833485840691,109.77734540407911,113.50429934291229,115.10745732091979,116.44275848182434
81,500,0.1320090122947332,-1.1220463007465633,-1.124949445566854,-2.2426325642011875,-1.139556736384951,-1.7544966366965964,-1.1343628054802513,-2.2392269740392887,-2.0190779158849512,-1.1535136861795392,-3.218677278852402,-5.510183631656371,44.26904052818914,11.505450859913928,19.312093229426708,17.733594899367027,18.245995425985924,1.7851303432804828,1.3653390652149149,1.3657398326352999,1.3695533086267346,-5.510183631656371,38.75885689653276,50.26430775644669,69.57640098587339,87.30999588524043,105.55599131122635,107.34112165450684,108.70646071972175,110.07220055235705,111.44175386098378
81,750,0.1320090122947332,-1.0980000000000003,-1.0980000000000003,-1.0980000000000003,-1.262953701221484,-22.069999999999993,-1.152899999999999,-3.823181978867031,-3.87566090306123,-2.450247483252589,-1.0980000000000003,-5.819999999999993,36.55167204496151,17.38396524385226,19.008339942484987,17.102605736614592,14.840232831255463,11.39224020521246,2.356064161873448,2.4748798337451916,1.3100000000000023,-5.819999999999993,30.731672044961513,48.11563728881377,67.12397723129877,84.22658296791336,99.06681579916882,110.45905600438128,112.81512016625473,115.28999999999992,116.59999999999992
81,1000,0.1320090122947332,-1.098,-1.098,-1.098,-1.098,-1.098,-22.07,-1.098,-1.098,-1.098,-1.098,-5.82,43.20018309223762,17.117032219251634,18.373051009925035,13.781368799874343,4.99336256110432,13.141575279140337,2.5472955941172906,1.3100000000000023,1.792487090721096,-5.82,37.38018309223762,54.497215311489256,72.87026632141429,86.65163512128863,91.64499768239295,104.7865729615333,107.33386855565058,108.64386855565058,110.43635564637168
81,1500,0.1320090122947332,-1.17530258876547,-1.1517640186992701,-1.2474904775015085,-17.916936157716123,-2.292667750218767,-1.155600443441842,-8.730795447247218,-1.1178786672155359,-1.2278727613736242,-1.1187473523185214,-5.652550727784451,37.01741019478388,25.679965850589156,23.208970732978884,15.440720981276293,1.3983881301392502,1.8059563164002839,1.360875639035518,1.356010281047456,1.3579086757464607,-5.652550727784451,31.364859466999427,57.04482531758858,80.25379605056747,95.69451703184376,97.09290516198301,98.8988614783833,100.25973711741881,101.61574739846627,102.97365607421273
81,2000,0.1320090122947332,-1.1119031948496514,-1.9195341400700405,-1.1211940696195724,-1.151197359359641,-1.7153464001050276,-1.1158546168839019,-1.1125014788100769,-1.1153440836471917,-1.1140821219013377,-1.1328740786983755,-5.39377030433295,44.112619026540145,17.118707939580325,16.616390170679168,16.001569742487135,1.3308352578755134,11.711346876576307,1.3406326437578828,1.3296407207615792,9.768653097031695,-5.39377030433295,38.7188487222072,55.837556661787524,72.4539468324667,88.45551657495383,89.78635183282935,101.49769870940565,102.83833135316354,104.16797207392511,113.9366251709568
81,3000,0.1320090122947332,-2.163080116073737,-1.1977818754589409,-1.1130484892953774,-1.098,-1.098,-1.098,-1.098,-2.111335327841249,-6.157648502093684,-1.098,-5.82,46.1,16.714150187637657,14.054989730038528,15.998426160096713,1.3755000000000024,11.104534815043749,1.3669976937331825,1.5461459413423597,9.000025562352135,-5.82,40.28,56.99415018763766,71.04913991767619,87.0475660777729,88.4230660777729,99.52760089281665,100.89459858654983,102.44074452789219,111.44077009024433
81,4000,0.1320090122947332,-1.7257955965233212,-1.1124830450500367,-1.1459240252261913,-1.3915390929111893,-1.508692279590476,-1.1062620944348005,-1.1133446676604768,-1.1694594283817152,-1.1086260581233494,-1.634472822047416,22.93782159185249,42.956602957351464,1.7266434665805965,12.144311003773307,19.49958359877852,1.3180819612586667,8.531867842634771,4.1943625639448365,1.5899857036974425,1.3775061089009704,22.93782159185249,65.89442454920396,67.62106801578456,79.76537901955787,99.2649626183364,100.58304457959507,109.11491242222984,113.30927498617467,114.89926068987211,116.27676679877308
81,6000,0.1320090122947332,-1.7926436194559425,-1.0980000000000008,-1.5420690201227143,-2.7639685995588517,-1.9294371682029618,-2.349030430946809,-1.1117249999998011,-1.0980000000000008,-22.069999999999986,-1.269452388958233,9.150126665848937,38.4355809698002,15.126392650638254,18.21275540981412,11.27721973595883,2.2346674034200205,2.5386272115547133,4.435446215378792,5.905410194013971,9.28377354357217,9.150126665848937,47.585707635649136,62.71210028628739,80.9248556961015,92.20207543206033,94.43674283548035,96.97537004703506,101.41081626241385,107.31622645642781,116.59999999999998
81,8000,0.1320090122947332,-1.1044297887809726,-1.1168624481643379,-14.623149670793595,-22.016070131163005,-2.1035387037760698,-1.098778893855724,-1.1180753668785202,-1.1242591120242342,-1.1118833485019821,-1.1093006004142696,65.64862033882983,18.69956570520671,5.631236650787304,10.011403607599856,3.7511229771808763,6.640962510020547,1.3350416828640053,1.319270529661284,1.316846515462104,1.335441355602228,65.64862033882983,84.34818604403654,89.97942269482384,99.9908263024237,103.74194927960457,110.38291178962511,111.71795347248911,113.0372240021504,114.3540705176125,115.68951187321473
82,250,0.06659441433903462,-1.1134515486105165,-1.1200774843901935,-1.1334469370459335,-1.7285053885677075,-1.101603835934359,-1.173040816889893,-1.1207553592460022,-1.127014605146456,-1.1128813679202052,-1.109376061545185,49.59898152188286,17.631608412585678,1.3209279923424297,1.318668475241957,23.5764970432274,3.5508514642560414,1.3928704107551848,4.565633983982805,2.734382346438897,8.621375105317043,49.59898152188286,67.23058993446854,68.55151792681097,69.87018640205294,93.44668344528034,96.99753490953638,98.39040532029156,102.95603930427437,105.69042165071326,114.3117967560303
82,500,0.06659441433903462,-1.1541872870970158,-1.0980615028536258,-1.1295739996063041,-1.1100376387510758,-1.1233786161041897,-1.1748341925844454,-5.72304562039597,-1.2140166137990707,-1.1543064909689584,-2.6134025994977925,13.021393594172956,44.395008511834504,11.723364600135994,5.621674087903735,8.134215210119784,1.8236931329809227,8.03433662041499,1.3723344171642298,1.3192101047747773,12.936058199389905,13.021393594172956,57.41640210600746,69.13976670614346,74.76144079404719,82.89565600416697,84.71934913714789,92.75368575756288,94.1260201747271,95.44523027950189,108.38128847889179
82,750,0.06659441433903462,-3.922394643614852,-1.2582857610767992,-1.167708030987653,-1.27543083047085,-3.7077225131862193,-1.2833211719213042,-1.3100318841529934,-1.9694976060610583,-1.1580303928762103,-1.2509327371958712,11.393395199068735,35.56315959233071,15.474546280991259,7.87268280898838,7.353459278795745,6.292300731683303,1.4571850548512986,5.212465325015497,6.749544076267517,8.76557627068588,11.393395199068735,46.95655479139945,62.4311010723907,70.30378388137908,77.65724316017481,83.94954389185811,85.4067289467094,90.61919427172491,97.36873834799242,106.1343146186783
82,1000,0.06659441433903462,-20.84352925787082,-5.210746547719866,-1.1497234763782096,-1.1494180607310613,-1.1572169865776303,-13.572572122965127,-1.1569341366354333,-1.147807443587741,-7.984283586494062,-9.26736619834847,9.244418664946114,34.576369975387706,11.340483648253837,10.624974766291793,13.017421972753453,8.14511416090355,8.316055256032897,2.1169331500008646,2.3637810784244397,7.431268098679215,9.244418664946114,43.82078864033382,55.161272288587654,65.78624705487945,78.8036690276329,86.94878318853645,95.26483844456935,97.38177159457021,99.74555267299465,107.17682077167386
82,1500,0.06659441433903462,-1.205314683373624,-1.1252601633641661,-1.1096964839962857,-5.6786776201474165,-1.736280687541893,-1.1316221368593093,-1.168590138079801,-1.1501071474490705,-1.1791199041108036,-1.1856341952738298,14.326985966820367,12.653900762718123,11.779268974346309,18.281736421279817,10.055482737577556,15.355505812757109,6.486817426955557,4.530326209245999,1.8825349668991191,4.670946480504572,14.326985966820367,26.98088672953849,38.7601557038848,57.041892125164615,67.09737486274217,82.45288067549927,88.93969810245483,93.47002431170083,95.35255927859994,100.02350575910451
82,2000,0.06659441433903462,-1.3405606776320438,-1.7147247574151567,-1.1262492353194373,-1.1268645927735794,-1.2546444092412452,-1.123646905774248,-1.1173597473195374,-1.1240808688639756,-1.1401628311849352,-1.123963285770159,2.737496867486195,35.407411325433216,2.716749190040156,13.099305995346587,2.7688654615234167,18.57673605719537,6.0780586679089765,1.6466915396892579,2.945568791461276,7.718968422382542,2.737496867486195,38.14490819291941,40.861657382959564,53.96096337830615,56.729828839829565,75.30656489702494,81.38462356493392,83.03131510462318,85.97688389608444,93.69585231846699
82,3000,0.06659441433903462,-1.8165597297151042,-1.9066167346515703,-1.5102830413581607,-1.1006521604822104,-1.1117813302769424,-1.1104659108161203,-1.1052630474851801,-1.1058273404669103,-1.1112874840225508,-2.121947895840922,19.800632333678607,29.619606643946085,1.3144646491399445,7.727804477635349,5.201763539573056,19.010307424807948,4.772610597928832,4.574060399712343,4.305761265949181,5.368432432896235,19.800632333678607,49.42023897762469,50.734703626764635,58.46250810439999,63.664271643973045,82.67457906878099,87.44718966670982,92.02125006642216,96.32701133237134,101.69544376526758
82,4000,0.06659441433903462,-2.1156110045016048,-1.0985053638411872,-1.102112743871948,-2.7792935074087017,-1.1161669939000514,-1.1031498610039243,-1.1239279513690996,-1.1053731317250635,-1.1084977692389182,-1.107349122816529,32.65032626303777,29.171810732176993,3.481723283191232,1.347539953491379,10.165821505652222,13.621224810317845,4.071202782042468,4.843933981477424,7.106651624570876,5.506846413220016,32.65032626303777,61.82213699521476,65.30386027840599,66.65140023189737,76.81722173754959,90.43844654786743,94.50964932990989,99.35358331138731,106.46023493595818,111.9670813491782
82,6000,0.06659441433903462,-1.1005917308753808,-1.101657654323433,-1.6265979770141339,-3.7258727697893748,-1.1074610497590904,-1.2125319880996117,-1.1005818127106566,-1.1005298129044734,-2.2980402686332018,-1.4926082875168403,71.42692833737776,4.554076253240032,10.71980085389849,1.311774216508877,3.551128506276264,9.342266097095518,3.1726300316255927,1.8481301288854883,1.3145700339073072,1.3149908490666502,71.42692833737776,75.98100459061779,86.70080544451628,88.01257966102516,91.56370816730143,100.90597426439695,104.07860429602253,105.92673442490802,107.24130445881532,108.55629530788197
82,8000,0.06659441433903462,-1.114080907662196,-1.1563348006737417,-1.130474556254911,-1.1197907075040097,-1.1943863539443402,-1.1385772278478719,-1.116614958401977,-1.1249419434262231,-1.1094638111807948,-1.1390595054304047,77.39228337672256,8.596398853175437,1.348780078735631,1.3848845268848424,3.0576646504755685,10.684494135842304,4.474477726134329,2.5035267973162183,1.3131678352012872,1.3374983803209664,77.39228337672256,85.98868222989799,87.33746230863362,88.72234683551847,91.78001148599404,102.46450562183634,106.93898334797066,109.44251014528687,110.75567798048816,112.09317636080912
83,250,0.07195549378410164,-1.128791067938253,-3.2945282473343545,-1.1332624530353583,-1.2981821875833326,-1.1894393243046428,-1.1266537770377734,-1.1006432625414218,-1.1401487784727822,-1.182153801701923,-1.1817374794475897,51.312911039794,14.553880548336114,15.817063700066342,9.523356185804417,1.3212880507079205,4.823011695829196,3.046401436020303,4.328035869260599,2.5772788602992005,1.4969277146031068,51.312911039794,65.86679158813011,81.68385528819645,91.20721147400087,92.52849952470879,97.35151122053799,100.39791265655829,104.7259485258189,107.3032273861181,108.8001551007212
83,500,0.07195549378410164,-1.1477568261109994,-1.1267409703072904,-1.6509296478221653,-1.120817512948134,-1.1275634954984275,-1.1452282684169828,-2.2039937766948414,-2.0113001524258465,-1.1175717782685872,-1.1611400834849395,40.34737574763011,35.559219364803596,6.96815632177926,1.3428478795657277,5.236875072489317,1.9247951105900993,6.239875316456267,2.094003726848338,1.3657303821301188,1.3882312002419677,40.34737574763011,75.9065951124337,82.87475143421297,84.21759931377869,89.454474386268,91.3792694968581,97.61914481331436,99.7131485401627,101.07887892229283,102.46711012253479
83,750,0.07195549378410164,-1.1888100274283349,-1.195506301839517,-1.2035587972898059,-1.1898363734863464,-1.6351126512459793,-1.1989431491062987,-5.0955888715641215,-4.965537104384314,-5.828657722943113,-1.1895410590441968,48.80484528200088,28.47496591748269,1.444341556585008,1.4418900013635465,5.102422013386782,1.3625883444366274,7.618036242332458,4.796644170496206,8.441255495157598,4.307419927241048,48.80484528200088,77.27981119948358,78.72415275606858,80.16604275743212,85.26846477081891,86.63105311525554,94.24908935758799,99.0457335280842,107.48698902324179,111.79440895048283
83,1000,0.07195549378410164,-1.1114098079716133,-1.111200447620011,-1.112337596298704,-1.1114543246614534,-21.747222571406276,-1.1101664492845256,-1.1103185840289123,-1.1170071439265716,-1.112447410450001,-1.1144819335017084,56.6653228024279,18.480381249470334,1.3251590587340163,1.3251056895127136,7.219896484862044,1.3254935330825885,5.913166721761296,6.412611543483811,7.108644446511997,1.7685466617180547,56.6653228024279,75.14570405189824,76.47086311063225,77.79596880014496,85.01586528500701,86.3413588180896,92.2545255398509,98.66713708333471,105.77578152984671,107.54432819156476
83,1500,0.07195549378410164,-1.1535863679823168,-1.9420420547036978,-1.1517290176721944,-1.1549255315217595,-1.7152001243704453,-1.1373882807498545,-1.1387197336110595,-1.1432466303139783,-1.1670212949455654,-1.136173887071195,61.843333288403684,10.664524845065102,1.3572352487297237,3.3704023421737093,1.3621973536108736,4.357466433209918,7.254804062802334,8.622297939776178,7.467558684787093,1.3570286474272004,61.843333288403684,72.50785813346879,73.86509338219851,77.23549572437221,78.59769307798308,82.955159511193,90.20996357399534,98.83226151377151,106.2998201985586,107.6568488459858
83,2000,0.07195549378410164,-2.2789152935842463,-1.5064299194678892,-1.1271527482591113,-1.1219307539309122,-1.1047933356819488,-1.1059177479476716,-1.1222629679361718,-1.1260399418755163,-1.1288292573076744,-1.1372636408873245,55.029423539874045,14.572976178090329,1.330911836101318,1.3351560054476082,1.3461581586523206,7.796666645155604,6.328829417899573,11.839503797851798,5.327560549403792,1.3559434844747242,55.029423539874045,69.60239971796437,70.9333115540657,72.26846755951331,73.61462571816563,81.41129236332122,87.7401217812208,99.5796255790726,104.90718612847638,106.2631296129511
83,3000,0.07195549378410164,-1.1074583905987185,-1.139173933623303,-1.1063779897084856,-1.1068965301074973,-1.115028246312185,-1.1062812610921875,-1.1067548582013789,-2.4917035462594708,-1.1075456768937624,-1.265015869120231,65.96500511860924,3.6743876375213063,5.2795611643596185,3.322155234246459,1.6844888249333838,3.182345643388013,1.3533548127480746,11.072538066465967,10.109507079370267,1.325795525364101,65.96500511860924,69.63939275613055,74.91895392049017,78.24110915473662,79.92559797967,83.10794362305802,84.4612984358061,95.53383650227207,105.64334358164234,106.96913910700644
83,4000,0.07195549378410164,-1.162224973432949,-1.1219691358943575,-1.1606829865559045,-1.5192507996223283,-1.1300699731817496,-1.1835909728725778,-1.1538054732130232,-1.1294130036869818,-1.1629809531129411,-1.1825498602416773,42.11359557297246,27.13464552209848,8.983141826843955,1.7063693973729035,9.179025496145236,1.3559204858168221,1.3558271875573178,5.728127580283445,8.206338907766643,2.868743839005268,42.11359557297246,69.24824109507094,78.2313829219149,79.93775231928781,89.11677781543304,90.47269830124986,91.82852548880719,97.55665306909063,105.76299197685728,108.63173581586254
83,6000,0.07195549378410164,-1.424508321898136,-1.3244083246730556,-2.0919924163740564,-2.525351818607719,-1.1431178018287347,-3.20673804338432,-1.1589652910005532,-1.1565760944005814,-1.3195466232360813,-1.2996518702921565,62.74237062481751,11.775351231977567,10.4517890933211,1.4312846916059359,6.757144051137534,1.363680804746525,7.214380895142629,2.660177886098193,4.4148705670518495,1.3842570859062215,62.74237062481751,74.51772185679508,84.96951095011617,86.40079564172211,93.15793969285964,94.52162049760616,101.73600139274879,104.39617927884699,108.81104984589884,110.19530693180506
83,8000,0.07195549378410164,-1.0980000000000008,-1.0980000000000008,-2.0518941922473592,-2.566731986245179,-1.694953121294351,-1.6795932896525951,-1.0980000000000008,-1.0980000000000008,-1.0980000000000008,-1.1528999999996012,73.58981519872042,10.584215445961085,6.748342865645004,1.846128812716388,8.618273921861606,1.8062238756022717,1.3100000000000032,7.464547804360322,3.322452075132917,1.3100000000000032,73.58981519872042,84.1740306446815,90.9223735103265,92.76850232304288,101.38677624490448,103.19300012050675,104.50300012050675,111.96754792486708,115.28999999999999,116.6
84,250,0.09931202627733579,-1.1043019780301182,-2.231151391746435,-1.1070527517636353,-1.112148363796238,-1.1040128852542015,-1.1061119025013229,-1.1129168509136518,-1.1111340639343386,-4.45770214612182,-1.1167727590375884,40.564491270769736,27.718833475887195,1.3320105344498345,3.1292437501861423,15.451163589509818,9.537047164986152,6.9201485364476785,2.9865829720815054,3.4187106963621225,1.3174810062572386,40.564491270769736,68.28332474665693,69.61533528110677,72.74457903129291,88.19574262080273,97.73278978578888,104.65293832223657,107.63952129431807,111.0582319906802,112.37571299693744
84,500,0.09931202627733579,-1.1174973086076458,-1.128355691955052,-1.1667945434209517,-1.1222087219111945,-1.103579883517436,-1.1140928270783386,-2.951150752786962,-1.624665245458437,-1.1171399070390473,-1.153687290852424,31.06383410631743,10.373397727853025,19.807220958296554,11.461556235305835,15.386342234802747,1.3178554684450567,6.342460479921911,9.009282154259378,7.191316897270678,1.3170222161555802,31.06383410631743,41.437231834170454,61.24445279246701,72.70600902777284,88.09235126257559,89.41020673102065,95.75266721094256,104.76194936520194,111.95326626247262,113.2702884786282
84,750,0.0993120262773358,-5.035975024997377,-1.1570154151407261,-1.1009246683023368,-1.1519916641733845,-2.3641884420813453,-1.1371389003523165,-1.1579494902386682,-3.7496356375079003,-1.7635080851082767,-1.1346056864340461,40.859282191202524,5.0773502023880575,17.598611040794474,12.605667120452487,13.966437679550523,5.857706403284379,5.3819345457420145,5.5706136805078,2.91213867737489,1.3674196787614785,40.859282191202524,45.936632393590585,63.53524343438506,76.14091055483755,90.10734823438807,95.96505463767245,101.34698918341446,106.91760286392227,109.82974154129715,111.19716122005863
84,1000,0.09931202627733579,-1.1007393442060889,-3.457906967714761,-1.100980543036786,-1.0985574721856306,-7.436273637659557,-8.022001720658352,-1.1026174134011826,-1.0992943222788796,-1.1054988340974727,-1.0981801232042212,43.458275121961805,13.267167883527627,9.921713891190425,9.903500840431413,18.827904646751392,7.418809970703137,1.768768552596288,4.037494418421812,1.316637287009569,2.1594012498323307,43.458275121961805,56.72544300548943,66.64715689667986,76.55065773711127,95.37856238386266,102.7973723545658,104.56614090716208,108.6036353255839,109.92027261259346,112.07967386242579
84,1500,0.0993120262773358,-1.1591519804537107,-1.21053442928569,-1.2017199071742826,-1.2069952963616517,-5.157223589033579,-1.1890141427588725,-1.1796773865586037,-1.2112136211437168,-1.2103257519579822,-1.2530720416995127,54.38545497663736,9.613970678016269,1.4654471121681798,11.774507189531413,13.672841620444988,8.338718955252642,3.666905625302258,1.5601333285976553,2.3762063017868567,5.97808916767228,54.38545497663736,63.999425654653635,65.46487276682181,77.23937995635322,90.9122215767982,99.25094053205085,102.91784615735311,104.47797948595077,106.85418578773762,112.8322749554099
84,2000,0.09931202627733579,-1.111020121643313,-3.018071562749343,-1.1003435646013386,-1.101422856969414,-1.7790835046197744,-1.1046146230706815,-1.1027558970084597,-1.1063392624064092,-1.102934352288166,-1.116489564224016,53.85744460709361,9.98449863681477,5.336378664248855,7.912950704798849,12.280874926247044,7.068829684426511,5.120731403955107,1.3277688760000084,1.3365803094491997,6.878192033437589,53.85744460709361,63.84194324390838,69.17832190815724,77.09127261295609,89.37214753920313,96.44097722362963,101.56170862758474,102.88947750358474,104.22605781303395,111.10424984647153
84,3000,0.0993120262773358,-1.192606722415328,-2.4723113864452433,-1.4326169310005508,-1.112796293912826,-1.134459695934137,-1.1397435553320445,-1.1239768853111203,-1.1148362196982093,-1.1388610362182554,-1.4853528151249558,60.94732634425708,12.018453953871258,1.336772799895304,1.3586478540520437,12.501256009109177,9.939681747767995,5.0669195809223275,4.463108490296525,3.7732741906554743,3.7438350209942977,60.94732634425708,72.96578029812834,74.30255309802364,75.66120095207567,88.16245696118486,98.10213870895285,103.16905828987518,107.6321667801717,111.40544097082717,115.14927599182147
84,4000,0.09931202627733579,-1.0980739260938415,-1.1120896224078227,-1.0981948500466112,-2.1222906448618577,-1.427672680358163,-1.1404061708093072,-1.099139018007572,-1.1287992955079944,-1.1169668081219881,-1.115735983131359,61.1143598709678,16.16823408331053,2.2008349202440582,1.3103563503822566,8.388691810773302,11.59729015450467,3.843313083610023,9.354408130872908,1.310284710130592,1.3102652593280504,61.1143598709678,77.28259395427833,79.48342887452239,80.79378522490464,89.18247703567795,100.77976719018261,104.62308027379264,113.97748840466555,115.28777311479614,116.59803837412419
84,6000,0.0993120262773358,-1.5862533884540695,-1.9852966206728997,-1.3590184375144796,-2.4919975109189103,-2.154312646493265,-2.428397363845062,-1.098428906249977,-1.1134406250000017,-2.2631875641521715,-1.1027179687500017,70.7744323766791,1.3100000000000045,1.3100000000000036,1.3100000000000036,6.6124080861829775,8.099612023143234,1.4549017665001136,8.742641996502389,8.53945722392293,8.446546527069248,70.7744323766791,72.0844323766791,73.3944323766791,74.70443237667911,81.31684046286209,89.41645248600533,90.87135425250544,99.61399624900783,108.15345347293075,116.6
84,8000,0.09931202627733579,-1.098,-1.0980000000000998,-1.098,-22.07,-1.8251187508118185,-3.550306077812719,-1.098,-1.0980000000000998,-1.098,-1.098,75.62290201853894,2.632200823936074,7.195643188873291,1.3100000000000023,1.3100000000000023,11.138297022027515,4.979870389029571,5.327093707118536,4.890373622414003,2.1936192280620617,75.62290201853894,78.25510284247501,85.4507460313483,86.7607460313483,88.0707460313483,99.20904305337582,104.1889134424054,109.51600714952393,114.40638077193793,116.6
85,250,0.10827108429091402,-1.2241164675663825,-1.1560781716678115,-1.1420289888658632,-1.2659941853660825,-1.1150131363229785,-1.200576558431131,-1.1108704483916454,-1.1595631298250946,-8.837452768638572,-1.2632181340248252,41.4978315825133,9.239317634739862,17.017918534482874,9.020668923753897,8.173248262868636,18.96820143944717,1.4066525891842303,3.617034724292359,2.918662244095444,3.2711652197647814,41.4978315825133,50.73714921725316,67.75506775173604,76.77573667548994,84.94898493835858,103.91718637780575,105.32383896698998,108.94087369128233,111.85953593537778,115.13070115514256
85,500,0.10827108429091402,-1.1046430891229577,-1.1031061584678863,-1.2805759130620054,-1.100683546786441,-1.1000167374815026,-1.105567976172595,-21.88556862655178,-1.1239539945351114,-1.1005124283776215,-1.2496901050168976,48.814154412362996,25.47641452805459,1.3231673938674606,1.3962841615888668,11.751600985648807,1.3227399087385932,10.976698139874415,1.3179257284332602,1.6719288915224992,5.487719263168881,48.814154412362996,74.29056894041759,75.61373633428505,77.01002049587392,88.76162148152272,90.08436139026132,101.06105953013574,102.378985258569,104.0509141500915,109.53863341326038
85,750,0.10827108429091402,-3.0774898023764976,-1.1713976312124297,-1.168953713836252,-1.2381474206621546,-1.6946715028258152,-1.1579941361419204,-1.6084921740711469,-1.2778829898909772,-1.4670573235676203,-1.1833006690750731,39.809916668436614,29.895943534466582,9.171537383198281,11.831798334268349,2.999377887353454,1.5102329229869338,6.872809690762615,6.724561050126454,3.5571866950583235,2.723805676773887,39.809916668436614,69.7058602029032,78.87739758610148,90.70919592036984,93.7085738077233,95.21880673071023,102.09161642147285,108.8161774715993,112.37336416665762,115.09716984343152
85,1000,0.10827108429091402,-1.1002651830264116,-1.101435223597543,-1.098784363666141,-1.1070368704714606,-1.0995402898449018,-1.102238662182764,-1.1015166988814182,-1.1007634008847118,-21.990446604466662,-1.1000270784003932,55.77755815189479,13.147700474562022,6.614038027571929,7.671632610103372,7.826086992392242,1.3201528846723933,1.3124823622461106,7.363284386519693,7.05040864131519,8.170466993678264,55.77755815189479,68.92525862645681,75.53929665402873,83.2109292641321,91.03701625652435,92.35716914119675,93.66965150344286,101.03293588996256,108.08334453127775,116.253811524956
85,1500,0.10827108429091402,-1.2155178364264136,-1.8245490574402314,-1.2454262918973766,-1.6670413795466565,-2.9674111009851973,-1.2476716687553728,-1.2092169840032345,-1.2013849137640005,-1.2173038065925255,-1.224477484488924,27.47261891251526,28.064105841195072,11.612141273193714,13.636145710458415,8.481379176462692,1.4952189375525133,6.619317458325433,5.366288921954737,5.673401027079915,5.848023461615011,27.47261891251526,55.53672475371033,67.14886602690405,80.78501173736245,89.26639091382515,90.76160985137766,97.38092730970308,102.74721623165782,108.42061725873774,114.26864072035275
85,2000,0.10827108429091402,-1.1230871288915902,-3.702675262611085,-1.103260301513025,-1.116413499766816,-1.366832995913894,-1.1007813481624242,-1.1012738401980857,-1.1043321551464338,-1.102462295279036,-1.1170150888153265,33.53300567207987,31.63386824949653,8.987078519948419,5.8226563937269535,6.8344461234267335,1.358343629596698,5.871878774465781,6.346048669882169,6.78278111844342,9.428557240059654,33.53300567207987,65.1668739215764,74.15395244152481,79.97660883525177,86.8110549586785,88.1693985882752,94.04127736274098,100.38732603262315,107.17010715106657,116.59866439112622
85,3000,0.10827108429091402,-1.2664447255983449,-2.006085127351602,-1.5791819473536424,-1.2151839282314603,-1.2595899576750633,-1.12283344562911,-1.258641195719465,-2.361857136205181,-6.779586956388112,-1.1781706262460547,32.37663612146737,25.848003361737966,2.922327709249398,8.153728724334524,12.019044440572628,3.69353799804348,7.481917740836259,7.501246595390814,4.001131899791851,6.978984767495504,32.37663612146737,58.22463948320534,61.14696719245474,69.30069591678927,81.3197403573619,85.01327835540538,92.49519609624164,99.99644269163245,103.9975745914243,110.9765593589198
85,4000,0.10827108429091402,-2.086717388989425,-1.1017031784465212,-1.121892769325107,-1.4248165619710305,-1.186324765691817,-1.1105558000213964,-1.101528186146647,-1.1021024844729865,-1.0989859087167924,-1.1005316904683085,23.380111494605472,28.26671677776642,6.841022284485534,6.649502698410554,12.271315677479642,6.986174130726157,10.54087387662517,2.0609675183711316,3.9296899115595085,3.851005150064484,23.380111494605472,51.64682827237189,58.487850556857424,65.13735325526798,77.40866893274762,84.39484306347377,94.93571694009894,96.99668445847007,100.92637437002958,104.77737952009406
85,6000,0.10827108429091402,-1.2607819811438428,-1.2366148499450937,-1.9157001626345913,-1.8492101022395304,-1.240021588606441,-2.9558382876229032,-1.177854820261779,-1.1706418828815908,-2.468268865556259,-1.2228261023038027,40.96554299679573,9.594546217500707,18.950018000005954,8.71401099426323,14.820273728427495,4.67502228444839,3.601743058927304,2.4381474164092127,5.032265746441059,7.423797021500011,40.96554299679573,50.56008921429644,69.5101072143024,78.22411820856563,93.04439193699312,97.71941422144151,101.32115728036881,103.75930469677802,108.79157044321907,116.21536746471908
85,8000,0.10827108429091402,-1.107082867780023,-1.1103986179610819,-5.142527221244814,-20.523665473453022,-1.3998421333092006,-15.883613889149316,-1.1066119883395666,-1.1045585083404066,-1.1101750137889073,-1.110567240693816,49.7234696114142,13.695934555510973,1.3221625790820388,5.390751583186331,8.688689377742943,12.693973890730305,2.09884083120184,4.487195058736841,5.200152903502357,7.04597002394982,49.7234696114142,63.419404166925176,64.74156674600721,70.13231832919354,78.82100770693648,91.51498159766679,93.61382242886863,98.10101748760547,103.30117039110783,110.34714041505765
86,250,0.10708313748851704,-1.1013981227482006,-3.436523130541711,-1.0998347307812515,-2.8995254053327457,-1.1010700328746807,-1.1030535474494152,-1.1021647852353897,-1.113529442810722,-1.1038672765610387,-1.1005986340353853,64.43117734580642,15.882549422363255,1.310208775820068,1.312077571569973,17.815346482454245,1.3181888626629585,7.765120356534991,1.4957965812731038,1.3110391775757084,1.3105705988361112,64.43117734580642,80.31372676816967,81.62393554398975,82.93601311555972,100.75135959801396,102.06954846067693,109.83466881721192,111.33046539848502,112.64150457606073,113.95207517489683
86,500,0.10708313748851704,-6.2010253343702075,-1.1144651379240815,-1.988437898799031,-1.1050466027182142,-1.1088906164469527,-1.1061339592906618,-2.1473086466705116,-1.1075700660931744,-2.264274105914544,-1.1056336258854387,71.5517251576471,1.3263577533036988,1.337378218456629,6.070142478267179,1.9693889237120867,9.09471418978573,6.241804090029287,1.3261438818665838,2.1478809795323057,6.590480342312393,71.5517251576471,72.8780829109508,74.21546112940743,80.2856036076746,82.25499253138669,91.34970672117242,97.59151081120172,98.9176546930683,101.0655356726006,107.65601601491299
86,750,0.10708313748851704,-2.095205873888645,-1.2952489726641045,-1.2600120001652462,-1.2846845399570528,-1.1242541625671096,-7.4291160767897875,-1.2998289213900645,-1.2461057344087636,-1.2517208390751122,-1.2386261756865968,63.17302442938182,5.0225692366594625,2.707453315874978,5.3538947451783105,1.3188466120747928,9.062158037793253,8.943332281207041,6.580577845497907,5.7349216614230825,4.931559408739162,63.17302442938182,68.19559366604128,70.90304698191625,76.25694172709456,77.57578833916935,86.6379463769626,95.58127865816965,102.16185650366756,107.89677816509065,112.82833757382981
86,1000,0.10708313748851704,-1.1178537481179023,-2.2360128180334247,-1.1128380815730505,-1.1042069432509733,-2.884229383523624,-6.778872352534211,-1.1060643203336666,-1.1059241141024265,-1.1062027590770382,-3.022842164579181,48.524332971575205,8.153738856799633,10.82641380885783,4.715589237020518,1.335171166430177,14.354050039794618,13.516063063731583,5.571675587029693,4.041260506533214,5.330792300275402,48.524332971575205,56.67807182837484,67.50448563723268,72.2200748742532,73.55524604068337,87.90929608047799,101.42535914420957,106.99703473123925,111.03829523777247,116.36908753804788
86,1500,0.10708313748851704,-1.148350708145395,-1.1372620786298473,-1.141922276187647,-8.350216288549735,-2.201659955522569,-1.1355923640785939,-1.144347386288357,-1.143595204035074,-1.1493249347568169,-1.1643498775772616,39.2276534238824,10.264831086601394,16.59188981117923,6.948568052998219,6.376026262514436,11.47669738240051,5.432864841249957,6.076744888415636,3.903225349733594,7.990856086943584,39.2276534238824,49.49248451048379,66.08437432166302,73.03294237466125,79.40896863717569,90.8856660195762,96.31853086082616,102.39527574924179,106.29850109897538,114.28935718591896
86,2000,0.10708313748851704,-1.1181000969151027,-4.240411162177471,-1.099875269153249,-1.1229398030343214,-1.1553164734046648,-1.1009278073834476,-1.1190729379017865,-1.113556024010272,-1.1693131767922793,-1.1093113451775989,22.443812742984925,27.10299282043141,14.362192725606523,10.345115053827357,10.904632009041805,8.803742725431047,11.110041234224429,2.261577741710373,3.571532147420351,1.3346552080308025,22.443812742984925,49.546805563416335,63.90899828902286,74.25411334285022,85.15874535189202,93.96248807732307,105.0725293115475,107.33410705325787,110.90563920067822,112.24029440870902
86,3000,0.10708313748851704,-1.9955468246509418,-3.126014870447608,-1.2158231554851142,-1.170479038306373,-1.1685807540509272,-1.1489835325263806,-1.2171607963963438,-2.4088065492388115,-4.182235926358965,-20.969889622211028,31.531377207972938,14.97076261630175,14.187618658580682,15.151726395444776,12.64914482654361,6.723668317334086,5.851097238703897,2.136357396555523,2.250763954447571,1.385722536489049,31.531377207972938,46.502139824274686,60.68975848285537,75.84148487830015,88.49062970484376,95.21429802217784,101.06539526088174,103.20175265743727,105.45251661188485,106.8382391483739
86,4000,0.10708313748851704,-3.0264302160011756,-1.1753690482646553,-1.1604904624600985,-1.6261708054791901,-2.2669503210961084,-1.1495136390510026,-1.1547186583929854,-1.1685214117228804,-1.1702971637497526,-1.2541859709014997,20.679750119812198,22.539984767115968,14.822085089264043,22.061404037365023,11.468207234038083,5.155179839123839,3.2793814371034262,1.3538786987770584,1.478408525663621,1.4277440230882776,20.679750119812198,43.219734886928165,58.04181997619221,80.10322401355722,91.57143124759531,96.72661108671915,100.00599252382257,101.35987122259962,102.83827974826325,104.26602377135153
86,6000,0.10708313748851704,-1.1616268138136432,-1.1311618940542245,-1.5813209241498551,-4.237754186971507,-2.6791453691354317,-21.76553695002398,-1.123392890875496,-1.1176456031826443,-2.3789826155934,-1.358813253844318,56.793138429306254,13.244199153152842,12.74316878950966,7.08956977866578,8.76400412902953,6.334300752499885,1.3377157864610645,1.3378571413672686,2.5593504974412458,1.3423669341531212,56.793138429306254,70.03733758245909,82.78050637196876,89.87007615063453,98.63408027966406,104.96838103216395,106.30609681862501,107.64395395999227,110.20330445743352,111.54567139158664
86,8000,0.10708313748851704,-1.1503876994926503,-1.1493906786696253,-4.185228086153101,-6.4533964364288945,-1.769509275491549,-1.5683881810350395,-1.1858555737923746,-1.163594646761255,-1.121142551172721,-1.153159233014338,46.210753874031724,9.987770854758491,21.57229190911348,15.2458820772206,6.402317408969585,8.910077436015357,1.4085587816787388,1.3724018732246464,1.377355745025703,1.3548526872876367,46.210753874031724,56.19852472879022,77.77081663790369,93.01669871512429,99.41901612409387,108.32909356010923,109.73765234178796,111.11005421501261,112.48740996003832,113.84226264732595
87,250,0.06838894824312804,-1.1114846100914475,-1.1197495415568794,-1.113020805481895,-1.2978201521266826,-1.1130499875756334,-1.1081379784929135,-1.108497469067967,-21.228745030483807,-2.4465451046437066,-1.1229563212575093,67.43189427204572,1.3412561197751511,3.0991141002097446,1.3294417518887114,24.10968365388787,5.74039951365895,2.7759409277792457,4.225186110507902,1.3305030049648732,1.3309764680908716,67.43189427204572,68.77315039182088,71.87226449203062,73.20170624391933,97.3113898978072,103.05178941146616,105.8277303392454,110.05291644975331,111.38341945471818,112.71439592280905
87,500,0.06838894824312804,-1.1068655092665973,-1.1027265835032978,-1.4512997019693805,-1.102976856043735,-1.1042485564347584,-1.1036458765521702,-21.74141275226725,-2.7076063851014363,-1.1064779817769441,-1.1037842418516455,57.70649281952649,14.373353572509412,1.321808458810255,1.321883859020763,20.215043262107727,6.516157925504505,6.5607920854786865,2.236648445746245,1.3163366413363056,1.3166347526799473,57.70649281952649,72.0798463920359,73.40165485084616,74.72353870986692,94.93858197197464,101.45473989747914,108.01553198295782,110.25218042870407,111.56851707004037,112.88515182272032
87,750,0.06838894824312804,-3.2503572090429893,-1.1185491969826455,-1.141334171438121,-1.1303642387079584,-1.8836151103126189,-1.1296476429853568,-2.220492751624188,-1.4950898563402362,-1.23596367382406,-1.1218876611582718,54.047342924304274,18.942720016846526,1.3579311278019257,2.3114450654035275,17.603003820393777,4.708224415834531,5.439313570692448,2.864927643177564,3.2047727284942322,3.361467822543807,54.047342924304274,72.9900629411508,74.34799406895272,76.65943913435625,94.26244295475003,98.97066737058456,104.40998094127701,107.27490858445458,110.47968131294881,113.84114913549261
87,1000,0.06838894824312804,-1.1085200292650241,-1.1093073604610817,-1.1051438269185696,-1.106147465584785,-5.346526662447609,-1.106688814441846,-1.1212484442811461,-1.1088706126430106,-1.105651748620482,-1.1030085955026179,59.44576855018819,10.360185290657007,1.3244742274840213,7.497516642574142,9.316059278850268,8.69187553752532,5.9421881067276345,1.3210891156342512,2.1653488060064365,3.867714445493995,59.44576855018819,69.8059538408452,71.13042806832922,78.62794471090336,87.94400398975364,96.63587952727896,102.5780676340066,103.89915674964085,106.06450555564729,109.93222000114127
87,1500,0.06838894824312804,-4.744505375075347,-1.6227089333697835,-1.1068707999711784,-1.1055897135317636,-3.244579080217189,-1.1067556968417196,-1.1075337938860361,-1.1049404691061184,-1.1057159986949765,-1.105022819462913,65.27687741862002,9.552944430667143,1.3351328643375218,3.945501329009506,8.705025696043684,8.85832007285845,5.021793337721789,2.851137731106042,2.6211622812714914,6.812292446442996,65.27687741862002,74.82982184928716,76.16495471362468,80.11045604263418,88.81548173867787,97.67380181153632,102.69559514925811,105.54673288036415,108.16789516163564,114.98018760807864
87,2000,0.06838894824312804,-1.1210679368988163,-5.041231842947413,-1.1199138656337269,-1.1230855602952627,-1.4761932347674351,-1.1140380725719368,-1.1146090984406511,-1.116946582811961,-1.1167400892266528,-1.121610608202431,53.88590225314412,25.901934841293347,1.3537754074417188,1.3454408017038364,7.703411309707704,11.709403244048154,4.225148409567469,1.335781920620291,1.936322077643871,5.35703603133453,53.88590225314412,79.78783709443746,81.14161250187918,82.48705330358301,90.19046461329071,101.89986785733888,106.12501626690634,107.46079818752663,109.3971202651705,114.75415629650503
87,3000,0.06838894824312804,-1.1319391004592756,-2.166709687768405,-1.4214980078453392,-1.1276397472610635,-1.5812979033924979,-1.1275214705620789,-1.1222334689352622,-3.083956952334489,-4.6601952332892385,-2.3652709941167878,63.40795950078194,15.421758292862407,1.4001307119866584,3.372552547415806,1.3519745118241655,10.964618315991068,8.894716746675149,3.9885704141196188,2.3106535696280233,1.3554110186851376,63.40795950078194,78.82971779364435,80.22984850563101,83.60240105304682,84.95437556487099,95.91899388086205,104.81371062753719,108.80228104165681,111.11293461128483,112.46834562996996
87,4000,0.06838894824312804,-1.1085601915417422,-1.1116146459661183,-1.1253351751615388,-1.932734963794335,-3.981454779206544,-1.1126543549281047,-1.1528424574164058,-1.1056737548006135,-1.1305603951748417,-1.1171118319967972,65.64536217714351,12.627653626811853,2.747309682094449,1.330385895032649,2.505228205116901,8.65735459162697,10.284169648622058,6.1156349811151465,1.3376522584245327,1.3357329600974372,65.64536217714351,78.27301580395536,81.02032548604981,82.35071138108246,84.85593958619937,93.51329417782634,103.79746382644839,109.91309880756354,111.25075106598807,112.5864840260855
87,6000,0.06838894824312804,-1.2097982989920801,-1.4523182180148506,-1.5165580871744524,-2.8656628290862036,-1.9010541263437113,-4.838685847876876,-1.175596272115611,-1.218556476917931,-1.178353507812183,-1.1739523395718696,69.8588701855789,11.510360573425093,1.4463329910304425,1.4408579909282544,9.736671648696902,6.0502043678196635,5.511592461989423,1.4385283134208766,2.8268911796367266,5.19568351717942,69.8588701855789,81.36923075900398,82.81556375003443,84.25642174096268,93.99309338965958,100.04329775747924,105.55489021946866,106.99341853288954,109.82030971252627,115.01599322970569
87,8000,0.06838894824312804,-1.1303769347627295,-1.1264744140798237,-7.945039120438253,-1.1241260571633394,-8.163114373540541,-4.883349279547327,-1.1319772190435002,-1.1156264189219036,-1.127688456817305,-1.1257589482833548,81.1923015417685,4.953794350840944,3.7852413952538377,2.032602884956561,16.37120964319292,1.3607706108241908,2.237282391770173,1.3457724527640176,1.3460929949426155,1.3502224134606982,81.1923015417685,86.14609589260945,89.93133728786329,91.96394017281985,108.33514981601277,109.69592042683696,111.93320281860714,113.27897527137117,114.62506826631378,115.97529067977447
88,250,0.08784048390944936,-1.151081800868257,-2.6876104887575796,-1.1756541371769984,-1.8113930757799532,-1.157759334299683,-1.1939825906402826,-1.1622448108918046,-1.2364305451866753,-1.1875984313766876,-1.1697371903343914,11.847486187139111,45.693376781003806,2.828447119246852,7.447440149264008,5.95919894964176,11.583066486113289,4.628276647522561,6.713050552805001,4.390652932633934,8.11990671541972,11.847486187139111,57.54086296814292,60.36931008738977,67.81675023665377,73.77594918629553,85.35901567240882,89.98729231993138,96.70034287273639,101.09099580537031,109.21090252079003
88,500,0.08784048390944936,-1.1166519055157815,-1.1180728290332507,-1.9513277417961872,-1.1155841301832425,-1.1155644620020713,-1.1056603720704041,-4.62147104756917,-1.1121869201338876,-14.727029751448583,-1.4028675092697798,23.268671374193772,32.40621018390355,7.24773714195852,1.3301009793661875,9.311355116314203,13.064288140515856,6.126025651839056,2.1424062531729966,3.5446764978726844,1.3705266077260183,23.268671374193772,55.674881558097326,62.92261870005585,64.25271967942204,73.56407479573625,86.6283629362521,92.75438858809116,94.89679484126415,98.44147133913684,99.81199794686286
88,750,0.08784048390944935,-8.224948624560206,-1.2911314850343607,-1.3043070357365885,-1.233662397731818,-7.068891857668294,-1.2734980043069988,-6.606301360581689,-1.2836288141724594,-1.283467088190199,-1.2836489387511603,36.388080305196084,13.33772497678887,7.322328217231458,7.866177603314185,6.529883900237213,7.741970636655303,7.0335271396738275,5.090679880684965,5.190678036604943,1.4966444004120367,36.388080305196084,49.725805281984954,57.04813349921641,64.9143111025306,71.44419500276781,79.18616563942311,86.21969277909693,91.31037265978189,96.50105069638684,97.99769509679888
88,1000,0.08784048390944936,-1.1181305607785688,-21.56903559555367,-1.1090509911531528,-1.1005747211929413,-1.1034809141795936,-1.1182950743262383,-1.1037424164264684,-1.0997478739020892,-6.958740200817184,-3.976164134072433,31.621877515785272,17.56252314578633,1.314692901225067,9.883525176447435,1.3244106101601694,9.194959221086695,11.881807246917951,6.750128960992738,5.830492823732477,1.3142796513247337,31.621877515785272,49.1844006615716,50.499093562796666,60.3826187392441,61.70702934940427,70.90198857049097,82.78379581740893,89.53392477840167,95.36441760213415,96.67869725345889
88,1500,0.08784048390944935,-1.1330105389006921,-1.1288607744296049,-1.1331462171088078,-1.1315979775099074,-5.999078760417664,-1.131680882214913,-1.132373156307625,-1.1268180919056543,-1.1326593972596268,-1.1329496151422247,12.625562066506916,31.433739424970625,6.978961637495686,7.908266891446491,5.472806244440282,8.754526948579905,9.53987933090449,6.266780067453261,8.91906601375292,1.351463386539828,12.625562066506916,44.05930149147754,51.03826312897323,58.946530020419715,64.41933626486,73.1738632134399,82.7137425443444,88.98052261179765,97.89958862555058,99.25105201209041
88,2000,0.08784048390944936,-1.349229023397088,-4.194772524580994,-1.1350387297447777,-1.147723151950875,-1.3185065262755735,-1.1303212982282718,-1.140265030366331,-1.133182935093402,-1.1558647430222369,-1.145440388280074,-3.454501253201757,46.084562599048084,18.72122061356167,6.927200440585548,5.313591595820036,4.167418820491912,7.461014888112992,4.616927002590966,6.5178890962458755,5.541945895138152,-3.454501253201757,42.63006134584633,61.351281959408,68.27848239999355,73.59207399581359,77.75949281630551,85.22050770441851,89.83743470700948,96.35532380325536,101.89726969839352
88,3000,0.08784048390944936,-1.1510283953131966,-2.884255310899862,-1.3711064933889392,-1.1235037406269432,-1.116676454620257,-1.1108320042217539,-1.1098521478923078,-5.082097529457101,-1.1174541868249794,-1.1460991462205703,51.498801584040876,9.131222525585375,6.9929320727225885,1.446028619632052,7.698572266431446,7.014339991286425,5.998579882953164,5.540543375268468,8.244648522391149,8.385759634572452,51.498801584040876,60.63002410962625,67.62295618234884,69.06898480198089,76.76755706841233,83.78189705969875,89.78047694265192,95.32102031792039,103.56566884031153,111.95142847488398
88,4000,0.08784048390944936,-1.2024894055733304,-1.1680056545121587,-1.231999626951584,-2.233878630114053,-1.113947368743395,-1.1699102182017964,-6.803859687665266,-1.2385464610886294,-1.1525237386666913,-1.2327745219732353,51.62190543164405,20.551019728419725,1.9050599704083204,1.4120180619036935,6.293690214806887,13.157327009865028,5.176321658820047,2.3537894583588983,2.3863402707235393,10.378027636112154,51.62190543164405,72.17292516006378,74.0779851304721,75.4900031923758,81.78369340718268,94.94102041704771,100.11734207586775,102.47113153422666,104.8574718049502,115.23549944106234
88,6000,0.08784048390944936,-1.1123093274549438,-1.099505620404635,-1.1009061369073656,-1.4237071369737837,-1.121276182650368,-1.2844364544929219,-1.114105988269122,-1.106670092310659,-1.8662483811794166,-1.1167843219393312,36.100249559329455,39.673701663711924,8.104687706551942,2.2655696201957882,1.4089168698333916,11.98673522156379,1.3131090806613348,2.289751142178292,2.408195071181641,5.105260407929565,36.100249559329455,75.77395122304138,83.87863892959332,86.14420854978911,87.5531254196225,99.5398606411863,100.85296972184763,103.14272086402592,105.55091593520756,110.65617634313712
88,8000,0.08784048390944936,-1.115778949826089,-1.1086492106315413,-20.788078326103708,-7.398675299470716,-2.8509955667732747,-8.128736102796573,-1.115169500927459,-1.1155920484055746,-1.1150540491283416,-1.1152308405970368,47.47824554364149,21.80643193729881,13.708851792162836,7.95604661560596,1.3261150086463727,13.469270838824208,3.467986582568291,3.2045156453102006,1.3252059984831397,1.3299254309670552,47.47824554364149,69.2846774809403,82.99352927310314,90.94957588870909,92.27569089735546,105.74496173617968,109.21294831874796,112.41746396405816,113.7426699625413,115.07259539350835
89,250,0.09406517215161253,-1.1137197891529875,-20.546549780793754,-1.1372521825546307,-1.2930776174917558,-1.116424474241139,-1.114071262869448,-1.1179406476595615,-1.1240925688986403,-1.0984231537970253,-1.127243793662298,48.704865007853755,10.975105984796727,16.38998860520997,18.38562419932255,7.597691961489929,4.931749754847479,5.544548141615326,1.3575853936136326,1.363401324468338,1.3256971257892278,48.704865007853755,59.67997099265048,76.06995959786045,94.455583797183,102.05327575867292,106.9850255135204,112.52957365513572,113.88715904874935,115.2505603732177,116.57625749900693
89,500,0.09406517215161253,-1.102548799158165,-1.108582130905437,-1.4415081088331885,-1.0996414697980899,-1.121729210356873,-1.1151634407340012,-4.397399976001196,-2.0433877192609167,-1.1016862250422994,-2.124415100798581,30.849810818612063,36.560759022326835,13.017087735695974,11.294164161392835,12.347106426837438,5.081029515363708,1.3177073532027892,1.3147352849071856,1.314904863552461,1.3130219076709988,30.849810818612063,67.4105698409389,80.42765757663489,91.72182173802773,104.06892816486517,109.14995768022888,110.46766503343167,111.78240031833886,113.09730518189131,114.41032708956232
89,750,0.09406517215161252,-5.8612212640972485,-1.1423909814251334,-1.1326022572349725,-1.2075234784074185,-1.931681488734182,-1.185563852507444,-7.386607177935947,-2.6673241713801303,-1.140243822632881,-1.1370748814472973,32.370169504069246,28.33957390094376,16.575485618793557,10.949259164075844,9.876793997263698,7.481181390225819,1.3498108074838453,2.7788373692853336,1.3632307314029712,1.3725801302272227,32.370169504069246,60.709743405013,77.28522902380655,88.23448818788239,98.1112821851461,105.59246357537191,106.94227438285576,109.72111175214108,111.08434248354405,112.45692261377127
89,1000,0.09406517215161253,-1.098,-1.098,-1.098,-1.098,-22.07,-22.07,-1.0980000000015977,-1.098,-1.098,-1.098,33.78807791898842,24.201480067876886,14.473944033234758,13.909212247000283,12.520387325981005,1.5597988245358465,3.027564475217474,1.3100000000000023,2.7046639986838983,9.104871108481419,33.78807791898842,57.98955798686531,72.46350202010007,86.37271426710035,98.89310159308135,100.4529004176172,103.48046489283468,104.79046489283468,107.49512889151858,116.6
89,1500,0.09406517215161252,-1.1830534142832358,-1.141106772162484,-1.1915290500008453,-1.2306193206089384,-2.5840372859881526,-1.1814012396833196,-1.140859288858087,-1.1051649048995391,-1.1777211068825522,-1.1211790452429247,36.79940653033428,27.37363389083344,11.42883136424443,11.528576643266522,8.89366559858921,2.997292376359633,3.5133877695488556,3.365784229700693,4.13554531796807,4.211501123721433,36.79940653033428,64.17304042116771,75.60187178541214,87.13044842867866,96.02411402726787,99.02140640362751,102.53479417317637,105.90057840287706,110.03612372084513,114.24762484456656
89,2000,0.09406517215161253,-1.3158760680780661,-2.300362061847884,-1.1239125712980167,-1.1151730178636798,-1.1121161020036205,-1.1199438136943658,-1.1492946495741974,-1.126223961526085,-1.1124283690769898,-1.1295129897979415,29.762702031832447,45.95355470818305,4.149813362704073,10.969042938051032,2.3696809306973767,3.437162951971704,5.248670560653206,3.7004901192275117,5.073131174497579,2.231057127876257,29.762702031832447,75.7162567400155,79.86607010271956,90.8351130407706,93.20479397146796,96.64195692343966,101.89062748409287,105.59111760332038,110.66424877781796,112.89530590569422
89,3000,0.09406517215161253,-1.2919649691987192,-1.4321187159446929,-1.1331132896534108,-1.1243837844522084,-1.1097699542549617,-1.1619231693243157,-1.1445556948927504,-2.5707567216711986,-4.42659340489276,-2.7654625594962248,42.52026703259196,29.055153392739044,5.701381649514886,7.934056270408291,8.422733290793122,1.38266309557332,1.4173811987017508,5.930779584168562,7.949237294369574,4.601333665562466,42.52026703259196,71.575420425331,77.27680207484589,85.21085834525418,93.6335916360473,95.01625473162062,96.43363593032237,102.36441551449093,110.3136528088605,114.91498647442296
89,4000,0.09406517215161253,-1.1006908673300895,-1.098,-1.098,-2.3529685763620076,-1.7482396269466869,-1.1529,-1.098,-1.098,-1.098,-1.098,50.01252443916325,28.501473579111185,7.522809103901977,10.540702022586245,9.560101930611268,3.3269925177608286,3.2053964068652334,1.3100000000000023,1.3100000000000023,1.3100000000000023,50.01252443916325,78.51399801827444,86.03680712217641,96.57750914476266,106.13761107537393,109.46460359313475,112.66999999999999,113.97999999999999,115.28999999999999,116.6
89,6000,0.09406517215161252,-1.2124441238453456,-1.3595817139027266,-1.331448229262357,-3.3820012965573243,-1.4103352041048653,-3.5842237565694735,-1.3081128462541378,-1.212941026172777,-12.240697224806219,-1.183715437781832,68.37294958326413,14.593417361409621,11.50993237227119,1.6909812453883077,8.511052017418308,1.3511513333036067,3.0018897139646494,1.3517784837324047,1.4838530402631909,1.3628228999597587,68.37294958326413,82.96636694467375,94.47629931694495,96.16728056233325,104.67833257975155,106.02948391305516,109.0313736270198,110.3831521107522,111.86700515101539,113.22982805097514
89,8000,0.09406517215161253,-1.0992401604403588,-1.1161471821439033,-2.556805892119444,-1.0984270441449602,-1.7179612541870264,-6.572335978539179,-1.1086654786511203,-1.1088026844626042,-1.1058260555331811,-1.1029427436750083,87.0026699566393,1.3294530332953634,9.03840474725586,3.2251577043648503,1.3134940295665296,1.3154574258692588,1.3248499370314732,1.3147306039169728,1.3145564615929004,1.3160590514308952,87.0026699566393,88.33212298993466,97.37052773719051,100.59568544155536,101.90917947112189,103.22463689699114,104.54948683402262,105.86421743793959,107.17877389953249,108.49483295096339
90,250,0.09406517215161253,-1.1147309354330264,-19.74795011747407,-1.099999480220986,-1.2471400336548126,-1.1015796186310238,-1.1075032838397645,-1.3514781457777825,-1.1236161316345674,-1.1227614203109106,-1.112091146185524,45.99207497468511,14.094739019880716,14.731753436899098,16.554738984452317,8.507393859024983,5.701008274093667,4.272726072240076,1.3354747510793765,1.312580631841716,1.3166183441141035,45.99207497468511,60.08681399456583,74.81856743146493,91.37330641591724,99.88070027494223,105.5817085490359,109.85443462127597,111.18990937235534,112.50249000419706,113.81910834831116
90,500,0.09406517215161253,-1.1239974977379479,-1.1571143284053647,-1.4144715327416302,-1.1329437601402215,-1.1140093019084132,-1.109844132493102,-4.316379740269923,-2.0683571428133103,-1.1112389650178796,-2.125188213507644,30.972979494940418,25.173940554947094,13.530576305124526,11.797637507423907,14.126454149318846,5.133394846514518,1.3293778886930188,1.346524678836702,1.346378033906066,1.3596430601632443,30.972979494940418,56.14692004988751,69.67749635501204,81.47513386243594,95.60158801175479,100.7349828582693,102.06436074696232,103.41088542579902,104.75726345970509,106.11690651986834
90,750,0.09406517215161252,-5.675147008740915,-1.1162072444651012,-1.1193092179651383,-1.1187934255041223,-1.9589208094070298,-1.124259012735786,-7.698645802456472,-2.6869606422039833,-1.176019719167892,-1.1299027576688019,25.67439404479657,26.822197102334187,16.597754435049474,11.10868301105845,12.180650173758647,8.206711171768912,1.3489142082230314,2.8864301612602485,1.3437461455724273,1.3420527858359748,25.67439404479657,52.49659114713076,69.09434558218024,80.20302859323868,92.38367876699733,100.59038993876625,101.93930414698929,104.82573430824954,106.16948045382196,107.51153323965794
90,1000,0.09406517215161253,-1.098,-1.098,-1.098,-1.098,-22.07,-22.07,-1.098,-1.1529,-1.098,-1.098,33.78807791898842,24.201480067876886,14.473944033234758,13.909212247000283,12.520387325981005,1.5597988245358465,3.027564475217474,1.3100000000000023,2.7046639986838983,9.104871108481419,33.78807791898842,57.98955798686531,72.46350202010007,86.37271426710035,98.89310159308135,100.4529004176172,103.48046489283468,104.79046489283468,107.49512889151858,116.6
90,1500,0.09406517215161252,-1.1527643184090994,-1.1677468699576172,-1.1571892843175662,-1.1654647450095599,-2.6826469624373157,-1.1566366632935101,-1.1604051314606636,-1.14599627017062,-1.1575716819379545,-1.158408223126255,33.298000008873245,31.64135686766484,9.906735458802604,8.91456131814616,7.155789676377655,4.349921590480314,3.941527946342065,3.0108775805520693,4.151117863939113,5.231343150314606,33.298000008873245,64.93935687653808,74.84609233534069,83.76065365348684,90.91644332986449,95.26636492034481,99.20789286668688,102.21877044723894,106.36988831117804,111.60123146149265
90,2000,0.09406517215161253,-1.5110290391622376,-2.1243978882834975,-1.0987936380988348,-1.0990160131776863,-1.121999072147997,-1.1000268005395526,-1.0993386956968174,-1.1019226272347389,-1.0987341071715653,-1.120907869378314,28.0796676886319,42.68831248970713,4.479448574654924,8.878184643093512,2.9489215029309843,3.3659553931060273,5.1140502590295895,4.516909394773013,5.095803508101742,2.184692595721569,28.0796676886319,70.76798017833903,75.24742875299395,84.12561339608746,87.07453489901845,90.44049029212448,95.55454055115408,100.07144994592709,105.16725345402882,107.3519460497504
90,3000,0.09406517215161253,-1.591028162127615,-1.4951919277334058,-1.1314745726866415,-1.1391260321133627,-1.1563709240839892,-1.1409411706197696,-1.2035153916127248,-1.13502615625075,-5.263741099355,-3.282137711776615,35.683599112116895,31.923745634733493,10.127215655980816,7.584299072395311,10.412320437036723,1.4827442330255316,1.3948257784930078,4.19128313762438,8.306732702603458,2.7275286236708283,35.683599112116895,67.60734474685039,77.7345604028312,85.31885947522652,95.73117991226324,97.21392414528877,98.60874992378177,102.80003306140615,111.10676576400961,113.83429438768044
90,4000,0.09406517215161253,-1.1001558512644882,-1.0986243094293773,-1.1031672558912584,-2.3858661133879036,-1.7199895195385988,-1.0993837078572768,-1.113852899065483,-1.10311893263613,-1.0988456820425268,-1.1036902394393908,49.209634979563546,26.137528307477808,7.903892211704436,10.651130118428629,9.696918960458067,3.3594619533827856,3.2649046317994888,1.3157265830082139,1.313116693639412,1.3136069804712975,49.209634979563546,75.34716328704135,83.25105549874579,93.90218561717441,103.59910457763247,106.95856653101526,110.22347116281475,111.53919774582296,112.85231443946238,114.16592141993367
90,6000,0.09406517215161252,-1.2074227701778764,-1.4986958355934181,-1.3769193931270642,-3.2016086148728284,-1.412008229983046,-5.079854574940235,-1.2260334529880286,-1.2192977176658992,-2.283060486461629,-1.2503052345975463,63.321726285449785,13.821234640394408,8.298546658035601,12.40165018894458,9.035619846273132,1.3223583891878543,2.720669105322223,1.318807552215401,1.4773810666930567,1.3153457598598535,63.321726285449785,77.14296092584419,85.4415075838798,97.84315777282438,106.87877761909752,108.20113600828537,110.9218051136076,112.24061266582301,113.71799373251606,115.03333949237592
90,8000,0.09406517215161253,-1.098,-1.098,-2.5387332300408807,-1.098,-1.7079797296373773,-6.6059576064071175,-1.098,-1.098,-1.098,-1.098,95.36525065940668,1.3100000000000023,8.850779172123055,3.2139701684702544,1.3100000000000023,1.3100000000000023,1.309999999999988,1.3100000000000023,1.3100000000000023,1.3100000000000023,95.36525065940668,96.67525065940669,105.52602983152974,108.74,110.05,111.36,112.66999999999999,113.97999999999999,115.28999999999999,116.6
91,250,0.07779037151968209,-1.1027234897112046,-1.1060165894535587,-1.110590632544962,-1.1239805519886543,-1.1218680370768652,-1.1015725198521156,-1.105558181133203,-1.1019798408462125,-1.1065672134007558,-1.1215161266732097,26.685082758667242,27.54701454317606,11.532808698558657,16.11303319103309,1.3895558908110093,15.441149752663408,1.310932770379814,10.685795034698685,2.466488291588542,1.3118038947759003,26.685082758667242,54.232097301843304,65.76490600040196,81.87793919143505,83.26749508224606,98.70864483490946,100.01957760528927,110.70537263998796,113.1718609315765,114.48366482635241
91,500,0.07779037151968209,-1.1146559397431601,-1.112988725759871,-2.101017375104954,-1.1100418918314032,-1.1344769284801166,-1.125637683400913,-4.160265876600693,-2.2422429893677314,-1.1220842403526117,-1.660421486850196,19.453735509478527,28.332548109357887,15.451028552760327,12.436914719375014,7.2023110735267455,1.4723619417415612,15.105143464407837,11.034685773163663,2.397219284265977,1.3194920157514132,19.453735509478527,47.786283618836414,63.23731217159674,75.67422689097175,82.8765379644985,84.34889990624006,99.4540433706479,110.48872914381155,112.88594842807753,114.20544044382893
91,750,0.07779037151968209,-1.189447969103722,-1.1755731756758951,-1.1457442204810762,-1.181630691425843,-2.098679733319818,-1.1809654156782274,-3.357151704054136,-3.9475287005389177,-2.7456451113723075,-1.2303554880619,2.343275553299195,44.24939280806956,19.208459057201132,11.053020550260761,9.34347408373797,3.272763613867273,10.638156285995759,7.24250961793711,3.628988385476333,1.4090769248248454,2.343275553299195,46.59266836136875,65.80112741856988,76.85414796883063,86.1976220525686,89.47038566643587,100.10854195243164,107.35105157036875,110.98003995584509,112.38911688066993
91,1000,0.07779037151968209,-1.134631759411631,-4.265388293234064,-1.1382564171321468,-1.1393639491944736,-10.212478947487035,-19.14376944701567,-1.1304236078695178,-1.1737345936424868,-1.127576976690563,-1.1611931566840696,-2.4313610430210923,46.04041958593331,18.077004944746548,17.988563766163935,10.209846827388514,4.130255775442436,6.699420063044247,6.211144905852153,4.5434104641747695,3.5707355327365837,-2.4313610430210923,43.609058542912216,61.686063487658764,79.6746272538227,89.88447408121122,94.01472985665366,100.7141499196979,106.92529482555005,111.46870528972482,115.0394408224614
91,1500,0.07779037151968209,-1.117621442689678,-1.1036988218014572,-1.1232446204456359,-1.114684128007025,-1.6557136119765454,-1.114936910399984,-1.1250064066941556,-1.1328517439763175,-1.121892962058995,-1.107637881458749,6.97872356565723,42.28631880548595,10.25427427037614,18.127901254586057,8.371720617929299,12.69374608317273,5.765764299441962,5.238229715665806,3.6649537295386008,2.439624359897519,6.97872356565723,49.26504237114318,59.519316641519325,77.64721789610539,86.01893851403469,98.71268459720741,104.47844889664938,109.71667861231519,113.38163234185379,115.82125670175131
91,2000,0.07779037151968209,-1.1310655251646975,-3.2837595531291583,-1.1725448421683402,-1.228097832165437,-1.1221338662043148,-1.1816952977354096,-1.1847049915160515,-1.1651530483002275,-1.1911000630430686,-1.1502919040129544,20.245182410332568,36.18781208650333,17.28875893276698,2.4473276300560878,6.266555170281219,17.138328694447978,1.3821416692097266,4.227215323837964,3.2439392382763472,7.2467225254655165,20.245182410332568,56.432994496835896,73.72175342960287,76.16908105965896,82.43563622994019,99.57396492438816,100.9561065935979,105.18332191743586,108.42726115571222,115.67398368117773
91,3000,0.07779037151968209,-1.1998256733232395,-1.5129630558724427,-1.1888758944460878,-1.246589569118636,-1.198190110559064,-1.2097135698225299,-1.1907491952148836,-14.111408288322725,-1.1875547621253228,-4.510666598695469,38.49726783679216,30.3170143563498,14.587821301796843,5.487864849772105,1.4308300882881322,5.778383223814412,6.041883721534365,4.620518643399851,4.393384477733308,4.438879816026729,38.49726783679216,68.81428219314196,83.40210349493881,88.88996834471092,90.32079843299906,96.09918165681347,102.14106537834783,106.76158402174768,111.15496849948099,115.59384831550771
91,4000,0.07779037151968209,-1.105532839075427,-1.1116544013611183,-1.106179514162927,-1.9566332025521183,-1.346842775803811,-1.11293310413649,-1.1073580709287456,-1.128453804713518,-1.1046948013479123,-1.3051931988696657,45.804694672796,26.456501257213247,12.659297457159603,6.940689866116896,1.3323349598188634,10.982715037712563,2.579410265958125,3.240862338893863,1.3470294169693369,1.315353383757317,45.804694672796,72.26119593000925,84.92049338716885,91.86118325328574,93.19351821310461,104.17623325081718,106.75564351677531,109.99650585566917,111.3435352726385,112.65888865639582
91,6000,0.07779037151968209,-1.219585645312979,-1.1489210345753644,-1.1940890628391294,-1.512849421776874,-1.1371538552587688,-1.4451325091991034,-1.146330507704588,-1.1578067797597624,-2.2691902047209567,-1.1732481859516168,54.016751997743526,23.164651002896868,14.797941359379376,2.976782274737012,1.3621435154984933,8.655843926115843,1.6400803173128349,3.194533153036339,3.508016739362155,1.3955014302490891,54.016751997743526,77.18140300064039,91.97934436001977,94.95612663475677,96.31827015025526,104.97411407637111,106.61419439368395,109.80872754672029,113.31674428608244,114.71224571633152
91,8000,0.07779037151968209,-1.1117391624217308,-1.1036773522370735,-4.374362274128762,-19.337980292758765,-1.7829451174543922,-1.103582828971387,-1.1154074492553328,-1.105741526612261,-1.103010935177573,-1.103681527144425,81.6290163902583,1.334203562100802,2.053095841406254,6.228216094309309,7.526885323046008,9.268887933167889,4.605822569684474,1.3183426551681854,1.3151830142600347,1.3116162113766614,81.6290163902583,82.9632199523591,85.01631579376536,91.24453188807466,98.77141721112066,108.04030514428855,112.64612771397303,113.96447036914121,115.27965338340124,116.5912695947779
92,250,0.14335045187422885,-1.098,-4.670936239422605,-1.098,-1.098,-1.098,-1.098,-1.415945520521665,-1.098,-8.733390132523756,-1.098,46.270062146971654,22.851598200604798,9.78155832760865,7.5574007052260015,1.3100000000000023,13.45424427030197,1.3100000000000023,6.185395710781208,5.490678614447077,2.3890620240586316,46.270062146971654,69.12166034757645,78.9032186751851,86.4606193804111,87.7706193804111,101.22486365071308,102.53486365071308,108.72025936149429,114.21093797594136,116.6
92,500,0.14335045187422885,-1.0980000000000003,-1.0980000000000003,-5.540868986832125,-1.0980000000000003,-1.2345183966205293,-1.0980000000000003,-22.07,-1.4350284216172358,-1.0980000000000003,-1.0980000000000003,73.1493067186338,19.46090436759617,6.372713118408015,2.7025659968449958,1.3100000000000023,4.407289040263024,5.26722075825397,1.3100000000000023,1.3100000000000023,1.3100000000000023,73.1493067186338,92.61021108622997,98.98292420463798,101.68549020148298,102.99549020148298,107.402779241746,112.66999999999997,113.97999999999998,115.28999999999998,116.59999999999998
92,750,0.14335045187422882,-1.1022543452875389,-1.1889361110510537,-1.192406121312279,-1.1111383922517168,-4.135181346646599,-1.1981855602338238,-1.137985615646794,-3.5854218777702584,-1.4785571558089874,-1.1167533314736002,66.57519977635036,31.82760998869952,3.743579767001723,5.203931048566359,1.3654380577782455,1.3774539478711034,1.3256766291359012,1.3108750607602095,1.3116909595015094,1.3106964844455824,66.57519977635036,98.40280976504988,102.1463895320516,107.35032058061796,108.71575863839621,110.09321258626731,111.41888921540321,112.72976427616342,114.04145523566493,115.35215172011051
92,1000,0.14335045187422885,-1.1077173077466407,-1.8500101261042983,-1.1094975928754014,-1.1071473841480923,-1.1106892184643873,-1.1087859524264676,-1.110041472762508,-1.1109893262260022,-9.151794252771346,-1.9406725130880957,58.62152260493485,27.772389800020434,8.15958031398953,6.04526825691851,4.798078331096859,1.32721286887499,3.56328636343631,1.4796452818743147,1.3234273848940346,3.3986964016484906,58.62152260493485,86.39391240495529,94.55349271894482,100.59876097586333,105.39683930696019,106.72405217583518,110.28733853927149,111.7669838211458,113.09041120603983,116.48910760768833
92,1500,0.14335045187422882,-2.589254691195622,-1.1369861595372672,-1.1704747123438417,-3.150839985183941,-2.3379914700244804,-1.1711137983169975,-1.1685985371434335,-1.1484179366390648,-1.1561494217861568,-1.9534488687788922,70.29480740505966,16.489989891660827,8.55644171621526,7.553346581783835,1.369638798547122,2.7294917125349105,1.339589118579494,1.8083857743021934,1.3495279978888726,4.539938210339258,70.29480740505966,86.78479729672048,95.34123901293574,102.89458559471959,104.26422439326672,106.99371610580162,108.33330522438112,110.14169099868332,111.49121899657219,116.03115720691144
92,2000,0.14335045187422885,-1.1107460347962639,-3.7648068706412383,-1.1004230840332507,-1.1096504070057644,-1.104112597019498,-1.0983015668327447,-1.1004774659847198,-1.1453903134268386,-1.1063106788607175,-1.1033702440092323,75.71936015968183,14.520904600628338,5.5926528980556185,6.923074643539701,1.3173876700023797,3.1510703330103986,4.283198675527058,1.3207894726054157,1.3177456644541885,1.351419742630079,75.71936015968183,90.24026476031017,95.83291765836579,102.7559923019055,104.07337997190787,107.22445030491826,111.50764898044532,112.82843845305074,114.14618411750493,115.49760386013502
92,3000,0.14335045187422882,-1.098,-2.3096114704302932,-1.3769588833526376,-1.152899999999975,-1.098,-1.098,-1.098,-2.753301695247347,-10.64506031817422,-2.022673824955029,76.14219844424858,14.93788586510955,1.456005940350522,3.7797496256614522,1.3100000000000023,8.463573026347547,2.611148750360769,2.591425690161401,1.3100000000000023,3.998012657760171,76.14219844424858,91.08008430935813,92.53609024970865,96.3158398753701,97.6258398753701,106.08941290171765,108.70056165207842,111.29198734223982,112.60198734223982,116.6
92,4000,0.14335045187422885,-1.098,-1.098,-1.1529,-3.4161775156390894,-2.1030649924542826,-1.098,-1.098,-1.098,-1.098,-1.098,66.70914655693517,26.558702359082233,4.132753387681575,3.686032412840646,1.3100000000000023,6.900893042983924,3.3724722404764407,1.3100000000000023,1.3100000000000023,1.3100000000000023,66.70914655693517,93.2678489160174,97.40060230369897,101.08663471653962,102.39663471653962,109.29752775952355,112.66999999999999,113.97999999999999,115.28999999999999,116.6
92,6000,0.14335045187422882,-1.1609444659485084,-1.1632530670216732,-1.449070564010154,-1.296957179598318,-1.6379865798705322,-2.494072972366263,-1.2228371250189083,-1.1815403692518869,-1.3714669441307992,-1.154021420419336,46.537538150550034,32.467619158061765,16.053987394440384,8.940730275942457,1.369526845334895,3.4028128951011603,1.3670106452760473,2.474391258967615,1.3605463870300976,1.36155127274308,46.537538150550034,79.0051573086118,95.05914470305218,103.99987497899464,105.36940182432953,108.77221471943069,110.13922536470675,112.61361662367436,113.97416301070446,115.33571428344754
92,8000,0.14335045187422885,-1.1049239363960393,-1.1003128220071483,-9.06671618348441,-1.1003895538056994,-2.7287454907484614,-2.3388412621095087,-1.1041076140696786,-1.1100012272792004,-1.1091395367568073,-1.1083726978094024,85.21771681824055,1.310972788112244,1.3182313989656032,14.382148839576399,1.314283101200747,7.8070026040505205,1.3134184452552038,1.3109290403183134,1.3129116838968997,1.3105714548396858,85.21771681824055,86.52868960635278,87.84692100531839,102.2290698448948,103.54335294609554,111.35035555014606,112.66377399540127,113.97470303571959,115.28761471961649,116.59818617445617
93,250,0.06297664977786012,-1.1202120189976985,-21.60289777343087,-1.1158295808977146,-1.4079165565054246,-1.1212270296051945,-1.1176472600005911,-1.1103750256997693,-1.1211491955075212,-1.1282498859394954,-1.1207661386652674,44.958791290459715,15.007578967696048,5.648755560272091,13.468188546627978,6.7029170730314185,7.69959457316952,10.54710109001968,3.614330820530256,3.2897730179913864,1.4091641191659594,44.958791290459715,59.96637025815576,65.61512581842786,79.08331436505583,85.78623143808724,93.48582601125676,104.03292710127644,107.6472579218067,110.93703093979809,112.34619505896406
93,500,0.06297664977786012,-1.1108738337866573,-1.1301863610000282,-1.2551078517047376,-1.1150804555734597,-1.1125996030687806,-1.1675267123584168,-1.4751791486518293,-1.137370454485008,-5.551605300760498,-1.1932574334491606,57.881121012152164,11.217032345114688,1.3354343190003242,5.5759232811761965,1.3582292183576805,19.97371574054055,3.3747253513781317,7.678697547302901,2.126790163423337,1.31427170003888,57.881121012152164,69.09815335726685,70.43358767626718,76.00951095744338,77.36774017580106,97.3414559163416,100.71618126771973,108.39487881502264,110.52166897844597,111.83594067848486
93,750,0.06297664977786012,-1.5766052078924089,-1.2353089219851898,-1.2239475063837988,-1.1262808913715467,-3.0117041204667174,-1.2566010555504041,-4.653703477579596,-2.065638171639767,-1.1095792680932481,-1.225321039375225,53.82898154751581,13.50205250081737,4.732616622023436,10.74022649377872,1.4994004130990204,13.23475577237015,1.8530077615638945,4.89432048660284,1.3801843512261547,1.3809666193505015,53.82898154751581,67.33103404833318,72.06365067035662,82.80387716413534,84.30327757723437,97.53803334960452,99.39104111116842,104.28536159777126,105.6655459489974,107.04651256834791
93,1000,0.06297664977786012,-1.103661160400251,-1.1054610890696837,-1.1081712605231622,-1.1134601236981427,-13.443195386658019,-15.797305113971362,-1.1177018426978753,-1.1101338944790875,-7.135031246693337,-1.1068299585788233,59.35401677550949,14.043589291144574,1.326447040047415,4.20954262403081,1.32231071125163,10.300574659022708,7.653887562846249,4.874689990973604,1.7653522836732245,1.3212218851071391,59.35401677550949,73.39760606665406,74.72405310670148,78.93359573073229,80.25590644198392,90.55648110100663,98.21036866385288,103.08505865482648,104.8504109384997,106.17163282360684
93,1500,0.06297664977786012,-1.112735801896565,-1.1193491551210495,-1.1163770497161822,-1.1236892526303928,-8.568160541369092,-1.1224540413629311,-1.11339229635843,-1.109797792988989,-1.1177021712831068,-1.1191873641913803,49.306257945442496,29.917917064334944,1.3705241928407812,5.812641202432943,1.3338281742095477,8.74940053707779,8.664368213524714,2.0391142629546177,1.3273805162834975,1.3287612146409393,49.306257945442496,79.22417500977744,80.59469920261822,86.40734040505116,87.7411685792607,96.49056911633849,105.1549373298632,107.19405159281781,108.52143210910131,109.85019332374225
93,2000,0.06297664977786012,-1.1006101407941822,-1.3527750684690227,-1.1915376144166183,-1.103221073167604,-1.2922937739890257,-1.0989133479220623,-1.1031099698342848,-1.0988238024600583,-1.1665616692984075,-1.1334198552168093,61.16786976521428,23.769793815206782,1.315384229629755,2.366957347106182,7.271421731441976,5.365893740854542,4.3528832727905,8.361708478053842,1.3123681586849467,1.3130574599847282,61.16786976521428,84.93766358042106,86.25304781005082,88.620005157157,95.89142688859897,101.25732062945352,105.61020390224402,113.97191238029787,115.28428053898281,116.59733799896755
93,3000,0.06297664977786012,-1.1451576500368938,-2.342669004628447,-1.4871696191673305,-1.1366870781994214,-1.2127314190483247,-1.14026428483661,-1.204599965296885,-1.1017106831416061,-1.1549563717133249,-1.6025072412868369,71.72289650498976,11.615491012356912,1.313819775772767,4.736438501308749,3.811282826797239,10.446181785435094,1.4007397327011377,6.021942651768871,4.044521195339456,1.328813165090558,71.72289650498976,83.33838751734667,84.65220729311945,89.3886457944282,93.19992862122544,103.64611040666054,105.04685013936168,111.06879279113055,115.11331398647,116.44212715156056
93,4000,0.06297664977786012,-1.102631607447993,-1.1012371759176163,-1.1170441076543978,-2.2644810018863213,-1.5878747220353677,-1.107519633512331,-1.1279095473478007,-1.1003583390693747,-1.1031115334254644,-1.1059654591236692,61.569181692522704,18.421254250442097,3.663007564798316,3.564695354070162,6.160762349489641,10.546152693940453,3.9652964939268234,2.4162397886269904,4.364716014451915,1.311128805744767,61.569181692522704,79.99043594296481,83.65344350776313,87.2181388618333,93.37890121132294,103.9250539052634,107.89035039919023,110.30659018781722,114.67130620226914,115.98243500801391
93,6000,0.06297664977786012,-1.1571309463366148,-1.3520123669693431,-1.2206275597101355,-3.041850023423873,-2.337205956270801,-3.2999367237005224,-1.1627599610659547,-1.1404122094015494,-4.354814609220314,-1.157823261342641,71.39523155907352,6.529902474384016,6.4259095409654705,9.365001664405277,3.5357656832722704,1.422507785101323,7.711144542478785,1.4137524994874466,2.0935187691778507,1.3827366413010536,71.39523155907352,77.92513403345754,84.35104357442302,93.71604523882829,97.25181092210056,98.67431870720188,106.38546324968067,107.79921574916811,109.89273451834596,111.27547115964701
93,8000,0.06297664977786012,-1.1042896287111,-1.0980362181422731,-9.872650127194056,-4.424700172462996,-2.7115266151958046,-16.901339275651466,-1.09877653012651,-1.098892584675339,-1.0986492111890578,-1.0980029810434193,75.864421040494,1.3175321125439754,7.790474877985632,10.426794945103559,1.3127882233761239,1.3155776765250675,3.140290362104026,3.431403247032361,3.9003962582649523,1.4398046142467433,75.864421040494,77.18195315303797,84.9724280310236,95.39922297612716,96.71201119950328,98.02758887602835,101.16787923813237,104.59928248516474,108.49967874342968,109.93948335767642
94,250,0.10827108429091402,-1.1773286100492335,-1.1619272404872292,-1.2178191858205127,-1.6915436637574732,-1.219672035748577,-1.2047174276533275,-1.1890580303689884,-1.1393858826073724,-11.816121843942547,-1.1653394326784112,59.838209324984575,10.885098542452138,5.79464964630224,6.053065664420412,5.259939735578987,14.993229444724602,1.3636323981233316,4.445927801508336,3.606791766727982,3.844496444108179,59.838209324984575,70.72330786743672,76.51795751373896,82.57102317815938,87.83096291373836,102.82419235846297,104.1878247565863,108.63375255809463,112.24054432482261,116.08504076893078
94,500,0.10827108429091402,-1.133482307041917,-1.112423391733555,-1.175188524445966,-1.1510982401156935,-1.1285152325492378,-1.1181619310322117,-18.77149721541561,-1.1632834637946892,-1.1462502061419761,-1.1291209859892324,55.54251992973012,20.398539445344177,1.3344862258345285,1.5110010561953229,10.868493958774058,1.3713934285819631,11.427084247325837,1.3460838910404296,1.366910813281053,6.93244322143475,55.54251992973012,75.9410593750743,77.27554560090883,78.78654665710415,89.6550406158782,91.02643404446017,102.45351829178601,103.79960218282645,105.1665129961075,112.09895621754225
94,750,0.10827108429091402,-2.7275490080814038,-1.2357889368730635,-1.2246455507767822,-1.3099419862792323,-1.7908336613698737,-1.3323092411238142,-1.623215602283783,-1.1285423670942967,-1.962416317758212,-1.1606879419127516,55.73021798844513,8.487240044199723,7.924098884719491,7.403619746901125,2.3413924392470475,1.6596741837565476,6.233679864495233,8.957352777666088,6.021151501425837,3.4986212492116273,55.73021798844513,64.21745803264486,72.14155691736434,79.54517666426547,81.88656910351251,83.54624328726906,89.7799231517643,98.73727592943038,104.75842743085622,108.25704868006784
94,1000,0.10827108429091402,-1.1356983561126475,-1.1080275573879765,-1.1212825517805411,-1.123089610580109,-1.1137314139235794,-1.1526795367249987,-1.1142611005648186,-1.1238410122720053,-21.413614454529323,-1.107194044140094,52.84171645934862,11.200747570477795,2.932784615238166,8.702449400276741,7.345842138398552,1.363585765640579,1.3735195215190679,8.457927320878468,8.602934666514951,12.119714609254501,52.84171645934862,64.04246402982642,66.97524864506458,75.67769804534132,83.02354018373987,84.38712594938045,85.76064547089952,94.21857279177799,102.82150745829294,114.94122206754744
94,1500,0.10827108429091402,-1.3553358694038442,-2.1138034918180484,-1.4221674476922117,-1.3749284745835197,-2.7901500197076503,-1.318430590915141,-1.3567771403388806,-1.3914119198663673,-1.342867678785667,-1.453219931477926,23.208485121484046,21.917018693197107,9.731176234404419,12.925122758262773,10.808807358585291,1.5735342998483688,5.368501483952395,7.234070443824852,5.7218557057318415,3.6816636363397475,23.208485121484046,45.12550381468115,54.85668004908557,67.78180280734834,78.59061016593364,80.16414446578202,85.53264594973442,92.76671639355926,98.4885720992911,102.17023573563085
94,2000,0.10827108429091402,-1.1058236425015235,-3.6389193402444047,-1.1057041151600364,-1.1118947212898505,-1.3215342802878185,-1.1238619046547345,-1.1227652193619364,-1.1113412644046292,-1.107675385050468,-1.1315898688404817,29.687746980912976,20.84304025800904,9.66397125508329,6.0776054535584585,7.543913545664541,1.3783737883712721,6.104039449650095,6.692520933142626,7.282361876455553,9.881248476433427,29.687746980912976,50.53078723892202,60.194758494005306,66.27236394756376,73.8162774932283,75.19465128159958,81.29869073124968,87.99121166439231,95.27357354084786,105.15482201728129
94,3000,0.10827108429091402,-1.1579669726639361,-2.1256683034541455,-1.5700809655537928,-1.1529945706875968,-1.1439532166490318,-1.1381940731964861,-1.1334988768929475,-1.9181978300130247,-16.14935729163853,-1.2064482090873012,32.56295244949146,27.980661015073963,2.9300132054843866,8.686168680032615,5.139806398707567,3.5098331146531248,6.035663717780887,5.957914859682155,15.042865513035117,8.441737634709192,32.56295244949146,60.543613464565425,63.47362667004981,72.15979535008242,77.29960174878998,80.8094348634431,86.845098581224,92.80301344090614,107.84587895394125,116.28761658865045
94,4000,0.10827108429091402,-2.1016667280379,-1.148834062100463,-1.1319734208455232,-1.4195433691271715,-1.2533101851199677,-1.1466372672629541,-1.178761833909947,-1.1340370514302842,-1.1283400752981092,-1.1795854821837897,25.195081992328326,21.934557430599526,6.701409168154552,6.413272457513809,11.685103809102106,7.027900169373957,8.14387789120498,2.0661804344674453,3.938361216395812,3.988461190707474,25.195081992328326,47.12963942292785,53.83104859108241,60.24432104859622,71.92942485769832,78.95732502707227,87.10120291827725,89.1673833527447,93.10574456914051,97.09420575984798
94,6000,0.10827108429091402,-1.261939715516533,-1.167474969674927,-1.826727695247253,-2.8353749550027167,-1.4436827595819244,-2.757884048334563,-1.283491816056468,-1.221857484109254,-2.014002552535416,-1.2685343120895198,29.759434664289564,13.795394180211034,12.648616987370545,8.50477583060227,12.788585417987242,4.6032334398158685,3.6722548425702524,2.4581306837029917,5.9694443597656885,6.9421791597112446,29.759434664289564,43.5548288445006,56.20344583187114,64.70822166247342,77.49680708046066,82.10004052027652,85.77229536284678,88.23042604654977,94.19987040631545,101.1420495660267
94,8000,0.10827108429091402,-1.1116573691615805,-1.1122542233560342,-5.20475106724135,-21.25141931745099,-1.4424954004248147,-16.178866516350958,-1.115561756814253,-1.1160161165332458,-1.1122506959294087,-1.1121100572940676,42.7502617852692,14.039170772906584,1.3317109510634624,5.381583567734724,8.324410107141052,13.146344534272536,2.111077334776776,4.365365573616426,5.187803629209727,6.921192629654229,42.7502617852692,56.78943255817579,58.12114350923925,63.502727076973976,71.82713718411503,84.97348171838757,87.08455905316436,91.44992462678078,96.63772825599051,103.55892088564474
95,250,0.05362147446895178,-1.148715216790642,-10.60029441600419,-1.1544058811696232,-1.7750121962504863,-1.1758518329048022,-1.1409821524575232,-1.1396598810048957,-1.1415261276795508,-1.151173806238857,-1.1416243626249059,72.89275483125947,18.041870804397306,1.3843353611914728,1.389869059541558,1.383521400807998,12.890379281505968,1.313726131287401,1.390049322078279,1.3662153066752203,4.420491221902938,72.89275483125947,90.93462563565677,92.31896099684825,93.7088300563898,95.0923514571978,107.98273073870376,109.29645686999116,110.68650619206944,112.05272149874466,116.4732127206476
95,500,0.05362147446895178,-1.1001125679078945,-1.108109419319388,-1.6877649740572958,-1.11045857381399,-1.107409514558975,-1.1051655393574338,-2.3618519327819745,-1.1091189471727665,-1.7445087842760416,-1.1353235886902318,63.67017071013393,13.773699996524714,10.584036287558433,12.98618909045257,1.3485339633370668,1.3109167757609512,1.31759792520891,6.6952375312738,2.3493874466934517,1.3170996234374774,63.67017071013393,77.44387070665864,88.02790699421708,101.01409608466965,102.36263004800671,103.67354682376765,104.99114474897657,111.68638228025037,114.03576972694383,115.3528693503813
95,750,0.053621474468951776,-2.6488654225881296,-1.157067720428825,-1.1485039270353221,-1.1508696342946787,-1.99550197271311,-1.1331601579339945,-2.2756078806308127,-1.4753531976719652,-1.1596044173827171,-1.1521093533354367,54.168682721007855,21.483775432752097,13.198860316503566,12.002145868792802,1.4055492489129255,1.3356209492627222,2.4212564195794357,1.3349794239396013,1.335810708079043,1.334215941213595,54.168682721007855,75.65245815375995,88.85131847026352,100.85346433905633,102.25901358796925,103.59463453723197,106.0158909568114,107.350870380751,108.68668108883004,110.02089703004364
95,1000,0.05362147446895178,-1.1048291203764355,-3.8246324991117975,-1.1066116102956536,-1.1251169913757084,-1.1346629878075025,-1.1386557471305587,-1.1741520374852996,-1.1417041441226572,-1.150480802454822,-21.265906353758155,42.517545318641766,34.66843229444791,10.29710942273,8.080146119104468,1.3361773978826772,7.3612939989054595,1.7426662175642038,4.199660277883289,3.107309742702987,1.7645979233538363,42.517545318641766,77.18597761308968,87.48308703581968,95.56323315492415,96.89941055280683,104.26070455171228,106.00337076927649,110.20303104715978,113.31034078986276,115.0749387132166
95,1500,0.05362147446895178,-1.1009367520063278,-1.1003602242609567,-1.1031314725008379,-1.1011922305795188,-1.835070434502247,-1.1028701593049224,-1.0980459330264138,-1.126676086856372,-1.1065919102231252,-1.1054860942709865,31.39002579965306,25.14431456683444,15.56165892447327,17.45682481337124,2.1342280884498965,17.033493742741335,2.626329491733114,2.58798628123927,1.3148579715465325,1.3164542157907122,31.39002579965306,56.5343403664875,72.09599929096078,89.55282410433202,91.68705219278192,108.72054593552326,111.34687542725638,113.93486170849565,115.24971968004218,116.56617389583289
95,2000,0.05362147446895178,-1.109689069042111,-2.2200114212789233,-1.111463094072688,-1.111996608277134,-1.197319144346363,-1.1080442071859684,-1.1112368756512985,-1.1169244241286562,-1.1221811234012709,-1.1100904793123942,28.90219401582901,24.04386257300444,13.17437786773937,25.106943128332233,1.336913586675447,13.07316401337567,6.044355178289814,1.3244430119773933,1.3217697434642517,1.3394345849678877,28.90219401582901,52.94605658883345,66.12043445657282,91.22737758490506,92.5642911715805,105.63745518495618,111.681810363246,113.0062533752234,114.32802311868764,115.66745770365553
95,3000,0.053621474468951776,-1.8476047344491762,-2.546736967156961,-1.3691808785373456,-1.098,-1.098,-1.098,-1.098,-6.460379033789083,-1.1048624999999994,-2.3410048512961974,-5.819999999999999,39.502532922855245,24.114961427234853,18.253455013624148,8.581750582186785,8.453525149082155,1.9413608215023856,8.671545012000792,10.008933275033744,2.891935796479899,-5.819999999999999,33.682532922855245,57.7974943500901,76.05094936371424,84.63269994590102,93.08622509498318,95.02758591648556,103.69913092848635,113.7080642035201,116.6
95,4000,0.05362147446895178,-22.07,-1.5679257357231395,-1.098,-2.522335346085581,-2.096147536567958,-1.098,-1.098,-1.098,-1.098,-1.4000163993089223,-5.82,46.1,17.179166376711553,16.325844915232366,4.227981489428686,8.81643326592689,6.467330377239961,8.62074370315591,7.925938851860039,1.3100000000000023,-5.82,40.28,57.45916637671155,73.78501129194392,78.0129927813726,86.82942604729949,93.29675642453945,101.91750012769536,109.8434389795554,111.1534389795554
95,6000,0.053621474468951776,-1.7426231712430624,-1.1657121419127838,-1.8408158700295028,-2.373945634152755,-1.5343493053052568,-1.8979264291672964,-1.1575717485131003,-1.1505607097010104,-1.980483484852451,-2.854025922744907,21.588625527725668,35.57744070488455,18.068895633743296,11.945455467719441,1.4715338374363038,4.367805512727951,4.012667280483875,3.178589918449582,2.1900622715149822,1.325101304105782,21.588625527725668,57.16606623261022,75.23496186635352,87.18041733407296,88.65195117150925,93.01975668423721,97.03242396472109,100.21101388317066,102.40107615468565,103.72617745879144
95,8000,0.05362147446895178,-1.208677883970637,-1.171449604544664,-1.1931697610083463,-18.750790085995376,-4.987740492791659,-1.172756221141686,-1.1857854600843947,-1.1948675350846334,-1.168060453263453,-1.177711472324757,39.241872884543554,40.0596468212982,12.72039268412134,6.184466067165044,1.4401476424829864,2.6544579608350665,6.119384675623349,2.558221761817146,2.663809950225005,1.4025636621647335,39.241872884543554,79.30151970584176,92.02191238996309,98.20637845712814,99.64652609961112,102.30098406044618,108.42036873606953,110.97859049788669,113.64240044811169,115.04496411027642
96,250,0.14335045187422885,-1.1112971419521482,-4.564490284106279,-1.1064120198070615,-1.102823747330222,-1.116943897129277,-1.112182957095278,-1.366330121055089,-1.1165727901010154,-8.441770311920461,-1.1130870888587356,45.87969179058197,22.052001243559765,11.549159729198642,8.93056824504604,1.3598832674193249,13.317244247887945,1.3184849769766096,5.5316734086105175,3.3602206662230625,2.8520286241726467,45.87969179058197,67.93169303414174,79.48085276334038,88.41142100838641,89.77130427580573,103.08854852369367,104.40703350067028,109.9387069092808,113.29892757550385,116.1509561996765
96,500,0.14335045187422885,-1.098,-1.098,-5.540868986832125,-1.098,-1.1757318063052666,-1.098,-22.07,-1.4350284216172358,-1.098,-1.1529,73.14930671863381,19.46090436759617,6.372713118408015,2.7025659968449958,1.3100000000000023,4.407289040263024,5.26722075825397,1.3100000000000023,1.3100000000000023,1.3100000000000023,73.14930671863381,92.61021108622998,98.982924204638,101.68549020148299,102.995490201483,107.40277924174602,112.66999999999999,113.97999999999999,115.28999999999999,116.6
96,750,0.14335045187422882,-1.152429689477398,-1.1430202304764991,-1.3413787807537654,-1.2249212994096523,-3.110591831541239,-1.128074621524271,-1.1617851304289917,-3.8021335708088966,-1.3522616236535745,-1.1389289507247966,66.3272563370692,32.5688537296745,3.6514466779211663,5.053500482134586,1.3810791442115908,1.4225790427821106,1.367953546065717,1.3148919030726889,1.3139727384707234,1.3147001397632225,66.3272563370692,98.8961100667437,102.54755674466487,107.60105722679945,108.98213637101105,110.40471541379316,111.77266895985888,113.08756086293157,114.40153360140229,115.71623374116551
96,1000,0.14335045187422885,-1.1277397434498306,-1.8681119255473502,-1.1235940075161648,-1.1184369626115145,-1.1180966768304934,-1.126091785803275,-1.1282545853509296,-1.1238480570072555,-9.42415594935575,-1.8618207997922687,60.050791372804554,27.097061126800313,7.75548273425424,6.174398639670304,4.644284380610911,1.3520832575483337,3.5861499027028216,1.4397254269640465,1.34287662717928,3.133326276519745,60.050791372804554,87.14785249960487,94.90333523385911,101.07773387352941,105.72201825414032,107.07410151168865,110.66025141439147,112.09997684135551,113.44285346853479,116.57617974505453
96,1500,0.14335045187422882,-2.0757415112636783,-1.1371693635061124,-1.1309627763525443,-4.655716015427464,-2.094291179216281,-1.1421800070186507,-1.1437847495001714,-1.1219717075248954,-1.1424051854083244,-16.46105101839239,59.5196778066512,20.526872747313234,9.269053221515083,9.4687955113723,1.3627335607015851,3.1298467529255483,1.3587523175461245,1.5310964407423473,1.3664051773683328,3.7005128162603143,59.5196778066512,80.04655055396444,89.31560377547952,98.78439928685182,100.14713284755341,103.27697960047895,104.63573191802507,106.16682835876742,107.53323353613575,111.23374635239607
96,2000,0.14335045187422885,-1.1065057121923254,-3.9161521798173617,-1.1055724014118615,-1.098100026853523,-1.1228868012248894,-1.106144498425588,-1.1046626296763407,-1.1069323474966324,-1.1057918029769234,-1.1067115880566767,63.40864125862322,17.038796007718325,5.697917107588293,6.6466918138386175,1.3238458854749218,3.1990333349116287,4.22105331332868,1.3240302035347438,1.3349451469989937,1.324127374343702,63.40864125862322,80.44743726634155,86.14535437392985,92.79204618776846,94.11589207324339,97.31492540815502,101.5359787214837,102.86000892501845,104.19495407201744,105.51908144636114
96,3000,0.14335045187422882,-1.1980273097622822,-2.3901398602142985,-1.381912587710568,-1.200315847470605,-1.1954624408683503,-1.1951288343414,-1.104483964286111,-2.909284176719721,-7.804345074372101,-2.3661731302929683,66.80179688281584,18.888337733598654,1.6907555168575978,3.3442932937840304,1.3173519134943312,6.616394111795266,2.3970267664411615,2.538325304755241,1.431111831964718,3.202559248234337,66.80179688281584,85.6901346164145,87.38089013327209,90.72518342705612,92.04253534055046,98.65892945234572,101.05595621878687,103.59428152354212,105.02539335550684,108.22795260374117
96,4000,0.14335045187422885,-1.0986882278655132,-1.1159064145433852,-1.114043491907995,-3.5819803924039633,-2.135555078672602,-1.1153418166967421,-1.1154553144279906,-1.1118067763841624,-1.1199386124622217,-1.1133944618600737,59.842405681542175,28.87108528952959,3.955997558138103,3.689786714566524,1.3309457519307313,5.768705531512815,3.34371600544406,1.3455162222485502,1.346149878275555,1.3461780629178106,59.842405681542175,88.71349097107176,92.66948852920987,96.3592752437764,97.69022099570712,103.45892652721994,106.80264253266401,108.14815875491256,109.49430863318811,110.84048669610593
96,6000,0.14335045187422882,-1.101214990520261,-1.1037629603493424,-1.3167683875029415,-1.1289031085979344,-1.5995495228499257,-7.616494634369719,-1.1339099376189266,-1.1910061591045618,-1.2379856658305624,-1.1223926120253784,57.25797254196439,20.678372425966487,15.07032679463611,8.79396713479295,1.363817479770221,3.168878097736833,1.369575014791355,2.807338641805009,1.35192094761375,1.334663438169263,57.25797254196439,77.93634496793088,93.00667176256698,101.80063889735993,103.16445637713015,106.33333447486699,107.70290948965834,110.51024813146334,111.86216907907709,113.19683251724635
96,8000,0.14335045187422885,-1.1095452832306667,-1.1094036054573073,-9.297869631667119,-1.1090825482280238,-2.882671461128563,-2.3125297308823747,-1.1092273279969826,-1.112266035262226,-1.1114629252167791,-1.1113312114048526,85.2310936711948,1.325243020319066,1.326908103848944,12.205116837267923,1.325717889479297,7.766343588808432,1.3241444018993667,1.3253373118236533,1.3252433254210771,1.3253996329141495,85.2310936711948,86.55633669151386,87.88324479536281,100.08836163263074,101.41407952211003,109.18042311091847,110.50456751281783,111.82990482464149,113.15514815006256,114.48054778297671
97,250,0.12229063585653537,-1.136540911305921,-3.5243314112032778,-1.1326175909508733,-1.7229684131278802,-1.1282686068902588,-1.121742629056782,-1.1264940358091096,-1.1266058881903045,-1.1181549834897755,-1.125922957339034,58.242978495189845,10.052014969966763,3.4889468529453884,6.68224366281299,20.087140945830086,1.3738494565397463,3.406932318594368,2.883687079382181,2.263735797872818,1.3568479724421687,58.242978495189845,68.29499346515661,71.783940318102,78.46618398091499,98.55332492674508,99.92717438328482,103.3341067018792,106.21779378126138,108.48152957913419,109.83837755157636
97,500,0.12229063585653537,-1.156523870025946,-1.1521238048050075,-1.4185279018735732,-1.1488337747771686,-1.3068608633315275,-1.131840597537703,-2.423406902300421,-1.1014079326314579,-19.69584739249037,-1.1477969187352235,58.045026147642176,7.449755365397289,7.462373485718566,4.171484671940776,17.00332228969931,10.008447369062097,1.3930951580717847,1.3921895924488399,1.3136649211462923,3.6523961559640674,58.045026147642176,65.49478151303947,72.95715499875804,77.12863967069882,94.13196196039813,104.14040932946023,105.53350448753201,106.92569407998086,108.23935900112716,111.89175515709123
97,750,0.12229063585653537,-4.607402014676671,-1.2455177786777316,-1.2207329752636307,-1.2029883262249879,-2.8778376586049674,-1.2483850909863117,-4.748004370699794,-4.52820992805367,-2.6465884123940313,-1.246217288488498,56.6324723472987,14.121117768227364,12.215178910851762,2.5073783931387483,8.035173458568593,7.978724264087525,1.4594439597228233,4.0965735719209135,3.394757717497865,1.3681725908302043,56.6324723472987,70.75359011552607,82.96876902637783,85.47614741951658,93.51132087808517,101.4900451421727,102.94948910189552,107.04606267381644,110.4408203913143,111.8089929821445
97,1000,0.12229063585653537,-1.1340618183697226,-1.1107570556921265,-1.1349560275205741,-1.1785016388396259,-1.1395538230512452,-2.7990973387726745,-1.1805916869326665,-1.1905539014180717,-1.1161535395392375,-2.255607085421607,48.745659015777335,20.42655678373417,9.800267351733588,4.225858396567656,12.50827626224536,7.543334559835461,1.5182394332844922,4.785941120393801,2.442410525895852,4.111035467869213,48.745659015777335,69.1722157995115,78.97248315124509,83.19834154781275,95.7066178100581,103.24995236989356,104.76819180317806,109.55413292357186,111.99654344946771,116.10757891733692
97,1500,0.12229063585653537,-1.1946362148819465,-2.0776414134043453,-1.1572005530418532,-1.6585662135889114,-2.53338354609021,-1.3285814038230157,-1.111895971901546,-1.2036679741946816,-1.2182585648179098,-1.10585610958195,40.343584757227404,22.1000545096459,11.37144104014602,10.602605950888297,8.783728617472832,9.283455953770748,4.508828867673497,3.558594526598723,3.091474820767634,1.426982720601448,40.343584757227404,62.443639266873305,73.81508030701933,84.41768625790763,93.20141487538046,102.48487082915122,106.99369969682472,110.55229422342344,113.64376904419107,115.07075176479252
97,2000,0.12229063585653537,-1.1278949364158164,-2.263330463729556,-1.1161287705597736,-1.1196624156501542,-1.4710720525601202,-1.1253020456110212,-1.1224646883623,-1.1434691539802269,-1.1264351975389797,-1.135283400905144,49.82513632332312,26.219080332825207,1.6281564070268595,10.895972862358917,6.9180246783542145,3.319136590453934,6.598288225053018,1.8721383578653619,2.9907263931637225,5.806213555875537,49.82513632332312,76.04421665614834,77.6723730631752,88.56834592553412,95.48637060388833,98.80550719434227,105.4037954193953,107.27593377726066,110.26666017042439,116.07287372629992
97,3000,0.12229063585653537,-1.1028225364413369,-2.140121235996758,-2.061471725672755,-1.111732539369275,-1.102222123794998,-1.0980000000000012,-1.1349453368357185,-4.4291532330156596,-6.744272246555017,-3.4494421203229626,60.655856938201964,18.68567476488628,1.310000000000004,5.941950777008692,5.582328616388018,4.083628120528095,1.310000000000004,8.955650937542753,8.764909845444201,1.310000000000004,60.655856938201964,79.34153170308824,80.65153170308824,86.59348248009692,92.17581109648495,96.25943921701304,97.56943921701304,106.5250901545558,115.28999999999999,116.6
97,4000,0.12229063585653537,-1.184238599389826,-1.1329310334061176,-1.1064617482374652,-1.511679780144961,-1.111198993262498,-1.1126455376975057,-1.1474259853090953,-1.1286130283116167,-1.1170605735980663,-1.127511836640274,75.99841346205451,3.6774205032401106,1.3117908632616215,12.519584160093935,6.282906669413832,3.4598414699794517,3.513868996365881,1.4819089889391845,1.3364211558455592,1.3318234925639323,75.99841346205451,79.67583396529463,80.98762482855625,93.50720898865018,99.79011565806401,103.24995712804346,106.76382612440935,108.24573511334853,109.58215626919409,110.91397976175801
97,6000,0.12229063585653537,-1.3626858203610634,-1.3341043134119883,-1.2816696485352823,-3.0161851358037985,-1.2030164087340012,-4.937666628554442,-1.189244532054607,-1.1839640473711945,-2.7932240243619724,-1.3189883782037999,71.99825693998471,12.11814050289415,5.288036166862344,7.629063701086334,6.439084591433055,1.4161410237495495,2.1027473881776597,1.4325244712024805,2.3195797032481966,4.923026076703936,71.99825693998471,84.11639744287886,89.4044336097412,97.03349731082754,103.4725819022606,104.88872292601015,106.99147031418781,108.42399478539029,110.74357448863849,115.66660056534242
97,8000,0.12229063585653537,-1.0980000000003942,-1.0980000000000005,-12.411354272707914,-3.5214344262653023,-1.4285352919930443,-22.07,-1.0980000000000005,-1.152899999999602,-1.0980000000000005,-1.0980000000000005,84.16413832236671,5.739467197599314,1.3100000000000032,10.068987395287081,1.3100000000000032,5.030587018993177,1.3100000000000032,5.0468200657536535,1.3100000000000032,1.3100000000000032,84.16413832236671,89.90360551996602,91.21360551996602,101.2825929152531,102.5925929152531,107.62317993424628,108.93317993424628,113.97999999999993,115.28999999999994,116.59999999999994
98,250,0.10840566841235302,-1.1136188728185599,-20.71015132350984,-1.112055127843067,-1.1140232889976258,-1.1133236960725355,-1.2087990006885851,-2.0850979761784085,-1.1130311367978414,-1.128311032050786,-1.1139380407608206,60.91037402810818,18.90227964670745,1.3225278123152862,8.084573112108302,1.323551890222114,9.873693969541527,6.9292934229176755,1.3236956253320913,1.3351609919261396,1.3258917610071377,60.91037402810818,79.81265367481564,81.13518148713092,89.21975459923922,90.54330648946134,100.41700045900288,107.34629388192056,108.66998950725265,110.0051504991788,111.33104226018594
98,500,0.10840566841235302,-1.1029845628241413,-1.101788138130508,-1.1267429387990133,-1.1110605566482246,-1.099247552968949,-1.1003215377439157,-2.459360386086777,-1.2506093313263666,-1.111313460930647,-5.279810806105818,51.792181161221436,30.662334076710096,8.231864703168032,3.1217685916537103,1.3219576860570719,12.104098413211346,1.324177476444357,4.436902952141503,1.3163085847129459,1.3162785142472995,51.792181161221436,82.45451523793153,90.68637994109956,93.80814853275326,95.13010621881034,107.23420463202169,108.55838210846605,112.99528506060756,114.3115936453205,115.6278721595678
98,750,0.10840566841235302,-5.814696715150854,-1.2933138747455635,-1.2572743999717857,-1.4525681022628487,-21.90569082961369,-1.1033433234692467,-1.1511791632182256,-5.08638855927653,-1.4541112229182813,-1.1086965281773686,45.37263101181367,36.90456187389752,8.931858715719073,9.317769540461324,1.3129745889007411,4.059631697432874,1.3130620439625864,5.756553153404319,1.314947752429402,1.3182355927348577,45.37263101181367,82.27719288571119,91.20905160143026,100.52682114189159,101.83979573079233,105.89942742822521,107.2124894721878,112.96904262559212,114.28399037802153,115.60222597075638
98,1000,0.10840566841235302,-5.509691260092768,-8.478739226270429,-1.098,-1.1381002343416218,-1.098,-1.098,-1.098,-1.098,-4.023695857090958,-1.2890168239240878,73.80906423841529,19.411974040170662,1.3100000000000023,1.3100000000000023,1.3100000000000023,1.3100000000000023,6.127414877634195,6.667609123279007,4.03393772050083,1.3100000000000023,73.80906423841529,93.22103827858595,94.53103827858595,95.84103827858596,97.15103827858596,98.46103827858596,104.58845315622015,111.25606227949916,115.28999999999999,116.6
98,1500,0.10840566841235301,-15.618602349798344,-1.1335303465713111,-1.1290308969614715,-1.109650664623116,-1.1223485119877377,-1.1493273553327223,-1.1435961274023385,-1.1609296220796534,-1.125247566833854,-1.1184930719088624,50.170687431236544,43.36161314146577,2.020023658165086,4.382857293603598,1.328425577505966,2.030575738742848,5.883727109569504,4.482942696405139,1.3311033785552286,1.3495660001526542,50.170687431236544,93.53230057270231,95.5523242308674,99.93518152447099,101.26360710197696,103.29418284071981,109.17790995028932,113.66085264669445,114.99195602524968,116.34152202540233
98,2000,0.10840566841235302,-1.10632179175966,-1.1537962080269688,-1.09906654142388,-1.1745326508229543,-1.441207132502945,-1.1577217580024581,-1.0997741202512978,-1.1630356821605443,-1.1064717539401006,-1.1083412884492039,54.6098348715162,39.50900861220637,1.310800456857705,9.114830865810173,1.3108189920520474,2.490603653063908,4.28944963490733,1.315289674206729,1.3107659580422406,1.3107468166749179,54.6098348715162,94.11884348372257,95.42964394058028,104.54447480639045,105.8552937984425,108.34589745150642,112.63534708641374,113.95063676062047,115.26140271866271,116.57214953533763
98,3000,0.10840566841235301,-1.120745519944908,-3.0274790499922712,-2.0587713858699637,-1.116308306803444,-1.1125038245755223,-1.185090274192861,-2.548224052232416,-1.1228028151578195,-1.1226009606862193,-1.1168143684057346,84.575927490872,10.19495319355319,1.3510313953122126,1.3447553211861352,1.3447778975421127,4.280208964330715,1.344869898809066,4.0842321020956085,4.026321528569635,1.3685310660860401,84.575927490872,94.7708806844252,96.12191207973741,97.46666740092355,98.81144529846567,103.09165426279638,104.43652416160545,108.52075626370106,112.5470777922707,113.91560885835673
98,4000,0.10840566841235302,-1.1053223059734423,-1.1058357442270732,-1.1058037706965167,-4.568952101158143,-4.938794912229776,-1.1056062447652297,-1.1068518775190408,-1.1052328605166384,-1.1065205016215813,-1.1064714675210445,89.87396462262694,5.350265805225128,1.3209852458190867,1.32019557978404,1.321642743554583,1.3202920689722002,1.3200504259638168,1.3201820132208848,1.3201783882018,1.3202154428944763,89.87396462262694,95.22423042785206,96.54521567367115,97.86541125345519,99.18705399700977,100.50734606598196,101.82739649194578,103.14757850516666,104.46775689336846,105.78797233626294
98,6000,0.10840566841235301,-1.1155213558027022,-1.7483178686920193,-1.5530035064762786,-1.1155907530842177,-2.0926245247929183,-1.7854028816015153,-1.113250649052116,-1.1112190532541684,-1.158891057138964,-1.1081973473498228,91.13890888758507,10.885521180841824,4.230265124987438,1.325242568331075,1.7811585377472898,1.3323265366572388,1.320777297237711,1.3193247832756292,1.3192075701390484,1.318942536532116,91.13890888758507,102.0244300684269,106.25469519341434,107.57993776174541,109.3610962994927,110.69342283614994,112.01420013338765,113.33352491666328,114.65273248680232,115.97167502333444
98,8000,0.10840566841235302,-1.0992789452270164,-1.0999780956782765,-1.1000172829682535,-1.1008238221978486,-9.364901010165767,-5.832223512880311,-1.1000687223343113,-1.1009413072038292,-1.1005608513703806,-21.811678793492373,114.29943870801657,1.3121863743927604,1.3125780808053327,1.3130033664992418,1.3128483440909833,1.3126908499836916,1.3189561018675173,1.3124612431204847,1.3121766418712293,1.3131845413232432,114.29943870801657,115.61162508240933,116.92420316321467,118.23720652971392,119.5500548738049,120.86274572378859,122.1817018256561,123.49416306877659,124.80633971064782,126.11952425197106
99,250,0.0561909181048004,-1.112347898255058,-3.539843184338623,-1.134119265607826,-1.722354162583307,-1.1206452633496982,-1.114542029030746,-1.1192071721003107,-1.1357134619447593,-1.1225767448138773,-1.1339991919033752,53.74144635395936,6.56229916742679,5.64560041168394,1.3545670919953934,1.3566598284274556,3.704022520848623,3.7100083556261048,10.68416198467726,7.524073054635842,1.3558130599480456,53.74144635395936,60.30374552138615,65.94934593307009,67.30391302506548,68.66057285349294,72.36459537434156,76.07460372996766,86.75876571464492,94.28283876928077,95.63865182922882
99,500,0.0561909181048004,-1.142994322888958,-1.1219902761242784,-1.1113211889724521,-1.1751959298348735,-1.1104786960167221,-1.1267530370219867,-3.9313840636296797,-1.1415857049758245,-1.1138172034998886,-1.2389813197034116,28.421832301714872,27.800257405117975,1.4405824582631777,4.328304375784112,1.3220832273928251,7.05501214166569,11.964524427761624,10.216955722648354,10.222478380536813,1.3280569465697676,28.421832301714872,56.22208970683285,57.662672165096026,61.99097654088014,63.313059768272964,70.36807190993865,82.33259633770027,92.54955206034862,102.77203044088543,104.1000873874552
99,750,0.05619091810480038,-10.892270373230367,-1.3074011724719772,-1.2536058499930816,-1.295074083373979,-2.881113099836373,-1.291762733886967,-2.545475580011617,-2.39006916085731,-3.2726337628150404,-1.2542446050672966,19.080035292152814,9.162791608402845,12.182578218608924,11.392011675056338,10.156239758112847,8.330167792744085,11.919490761947031,9.124875405659715,10.280729620503767,1.8128761079626514,19.080035292152814,28.24282690055566,40.42540511916458,51.81741679422092,61.973656552333765,70.30382434507786,82.22331510702489,91.3481905126846,101.62892013318836,103.44179624115101
99,1000,0.0561909181048004,-1.1404891423108419,-6.597504594370594,-1.137491229979608,-1.156312194823239,-1.1465150724919924,-6.587784480713786,-1.13142157536885,-1.1113040504301046,-1.196834390197834,-1.1652845154225555,25.23418955181028,22.814010520963457,3.8650020844680872,4.870000152942964,2.6857147677818594,10.836958504364745,5.241953969009689,11.648051297544392,9.369376411258266,6.360827385423761,25.23418955181028,48.04820007277374,51.91320215724183,56.78320231018479,59.46891707796665,70.3058755823314,75.54782955134108,87.19588084888548,96.56525726014374,102.9260846455675
99,1500,0.0561909181048004,-1.185105019206496,-1.2435362427148395,-1.2000133124188341,-1.1872934347320054,-1.9272899871010685,-1.199435523870788,-1.187907772063053,-1.1884938812014623,-1.2181177662704141,-1.2221643888314788,42.10644021590312,23.5677407774227,4.915949558441346,11.845889613702795,2.1517673221701887,9.091521377423447,1.6212632119735044,6.183966767439138,7.435901003365629,4.103732687002717,42.10644021590312,65.67418099332582,70.59013055176716,82.43602016546996,84.58778748764014,93.67930886506359,95.30057207703709,101.48453884447622,108.92043984784185,113.02417253484457
99,2000,0.0561909181048004,-1.1140936142916726,-1.7357691702073645,-1.1102895910973967,-1.1168674719857283,-1.4646910530520056,-1.1109285410953298,-1.1076659269894034,-1.107896530906344,-1.1107954727333071,-1.110732131192334,45.16550566229469,13.261823063851367,1.3213190597992668,12.48541583106968,2.874472494598888,12.284724011586707,1.3231909822866124,1.3200670065944213,3.0847159545557528,7.478298703427972,45.16550566229469,58.42732872614606,59.74864778594532,72.23406361701501,75.1085361116139,87.3932601232006,88.71645110548722,90.03651811208165,93.1212340666374,100.59953277006537
99,3000,0.0561909181048004,-1.1075748010521456,-2.0896805829474836,-1.1021797817524592,-1.1018607125201285,-1.1033220532563037,-1.125574864151289,-1.153854474400469,-21.714407024478575,-1.1091518488859542,-1.10958937546786,68.12757463643666,12.499525117301378,2.608625627334317,10.014261877003229,3.3566275980601574,3.3577509115410553,1.394575891710291,1.3215954160198238,1.3271541533675926,6.422817695954844,68.12757463643666,80.62709975373804,83.23572538107236,93.24998725807558,96.60661485613574,99.9643657676768,101.35894165938709,102.6805370754069,104.00769122877449,110.43050892472934
99,4000,0.0561909181048004,-1.099365076220623,-1.1047703323898976,-1.1062519559837738,-1.1936452286147703,-1.2617224003670149,-1.1066852323256327,-1.0996819370122013,-1.1079478658595918,-1.1089884959543792,-1.107731960564604,74.25904790689677,1.3328141273003618,4.263370082627262,10.31128157269325,2.394898842657829,5.772680844387708,1.3284744127504462,1.338665303330637,1.4868449113444573,6.568771302184585,74.25904790689677,75.59186203419713,79.8552321168244,90.16651368951764,92.56141253217547,98.33409337656317,99.66256778931363,101.00123309264427,102.48807800398873,109.05684930617332
99,6000,0.05619091810480038,-1.2671787256788445,-2.911570287469735,-2.1789401788481766,-2.81498577966582,-2.3625565253239613,-4.7193208491595815,-1.1168620439181207,-1.1108603394907866,-2.287102325464796,-1.4676008324761327,67.44695710494523,1.3384586074257632,11.414734782311154,7.931834942714515,1.319351763082862,6.861967351976157,1.319757450822073,1.3190844931636612,3.280665250118658,11.091170632112568,67.44695710494523,68.78541571237099,80.20015049468215,88.13198543739666,89.45133720047953,96.31330455245569,97.63306200327776,98.95214649644142,102.23281174656007,113.32398237867264
99,8000,0.0561909181048004,-1.1128533152321527,-1.112599612733975,-1.1108448024964135,-14.964255502589744,-2.2445237746962174,-1.11284387060061,-1.1285031817731075,-1.113634201649095,-1.1118930595733465,-1.1123421823474744,58.694271747624214,15.076833004048822,3.9887631129286945,3.938417140290724,1.3506321584618264,16.377825147834937,1.3165092865923498,1.3432122893455736,1.3285378831472499,12.484640551178849,58.694271747624214,73.77110475167304,77.75986786460173,81.69828500489245,83.04891716335428,99.42674231118922,100.74325159778157,102.08646388712714,103.41500177027439,115.89964232145323
100,250,0.04184529194228736,-1.1096639019928243,-1.1205658609523028,-1.1136227014299052,-2.6475016133899247,-1.1149352282355816,-1.1238077907473736,-1.362259991966957,-1.1197630964728584,-1.1145677093121154,-1.1227023687620346,44.70752539358028,10.442504849288511,5.638881987212159,6.839372911857211,1.3276672449751818,9.235780576850207,7.8862372707310335,2.882980708571079,2.0483903294598633,12.538555260834315,44.70752539358028,55.150030242868795,60.78891223008095,67.62828514193816,68.95595238691335,78.19173296376356,86.07797023449459,88.96095094306567,91.00934127252553,103.54789653335985
100,500,0.04184529194228736,-1.1348664018936483,-1.125079523558885,-1.5400983473833612,-1.1244085051991752,-1.1368133567266843,-1.122922542401127,-21.60706998072996,-1.1978966541849774,-1.1378721966335728,-1.1294259164253106,49.4788084260249,14.93978002348328,5.353116981459706,8.095547904614662,1.3435306856222073,9.42017198547893,1.356759870908454,1.4961975980416593,1.3577897276638415,13.692039780806539,49.4788084260249,64.41858844950818,69.77170543096788,77.86725333558255,79.21078402120476,88.63095600668369,89.98771587759214,91.4839134756338,92.84170320329764,106.53374298410418
100,750,0.04184529194228736,-3.258123223236341,-1.3763473320220672,-1.328982012828837,-1.2935105333436678,-2.2308303881706224,-1.3641855945237564,-2.8248682741473052,-1.5223822497532735,-1.4365734827824803,-1.3825592283822534,56.70181302825816,11.174892672416089,5.35996213503333,6.854742021891969,5.612071595571415,5.89264223298982,1.4321729029784573,2.0373914106510504,1.4268617254261633,14.083818962660192,56.70181302825816,67.87670570067425,73.23666783570758,80.09140985759954,85.70348145317095,91.59612368616077,93.02829658913922,95.06568799979027,96.49254972521643,110.57636868787662
100,1000,0.04184529194228736,-1.1000036138265434,-21.941183564648085,-1.099529568392546,-1.0983738425907905,-1.1041589763343351,-1.1106990831934507,-1.1041836178391367,-1.1130720503750382,-1.0980219675993679,-4.884099421231188,52.39502804991932,19.061667180237798,11.50719366138754,3.0382434538956717,1.3246250557642147,7.981693583897856,2.324290926116233,1.3113405516386538,1.3100586139716888,9.526526467079826,52.39502804991932,71.45669523015712,82.96388889154466,86.00213234544033,87.32675740120455,95.3084509851024,97.63274191121863,98.94408246285728,100.25414107682897,109.7806675439088
100,1500,0.04184529194228736,-1.1048760695041726,-1.1290876549770057,-1.1119872802397777,-1.1191090434901563,-2.553207693261105,-1.1350345175036978,-1.107370644371671,-1.1090523555054843,-1.1101557222912737,-1.1191924246915126,36.4687116134254,27.83507401797653,11.33670123090743,6.471227883208602,1.3440715402495265,7.523262087902793,1.3985283163327806,3.0464094200178335,4.139473853069234,4.716028666324723,36.4687116134254,64.30378563140192,75.64048686230936,82.11171474551796,83.45578628576749,90.97904837367028,92.37757669000307,95.4239861100209,99.56345996309014,104.27948862941486
100,2000,0.04184529194228736,-1.1103644332360174,-2.2132034932619833,-1.1145939825926128,-1.115146736963283,-1.1590405935347992,-1.1134834741048203,-1.1175013374807903,-1.1163907172941459,-1.1139628556878192,-1.1189742695610518,51.686668323084206,15.039493040340766,1.6474039029495033,6.886918671222901,2.987954735671316,4.600441272050883,2.9580355885184417,4.530204890782997,5.351220616899884,4.805187269481355,51.686668323084206,66.72616136342498,68.37356526637448,75.26048393759739,78.24843867326871,82.8488799453196,85.80691553383804,90.33712042462103,95.68834104152091,100.49352831100227
100,3000,0.04184529194228736,-1.2691675319506244,-2.8359216819060826,-1.6081303008768768,-1.2433442741228076,-1.1102837046301546,-1.184233120222426,-1.180187874134071,-2.6136614390621133,-1.1009228098429027,-1.3149032295443268,58.04895164865327,17.308890152295668,1.7295392378463346,6.930917911295795,1.4262301549951522,2.193245998615101,1.327503975557279,8.431111042048968,11.744803089062422,1.4405708413147886,58.04895164865327,75.35784180094893,77.08738103879527,84.01829895009107,85.44452910508622,87.63777510370132,88.9652790792586,97.39639012130756,109.14119321036998,110.58176405168477
100,4000,0.04184529194228736,-1.142622368810788,-1.192242882862545,-1.1785726796333666,-2.459667163335247,-3.50098667020348,-1.1424986722780712,-1.1568784073825336,-1.1578810302796931,-1.166778643863283,-1.1566799209649103,63.990024379124655,10.790290455625142,10.889209612395382,3.6331557817269546,3.5680210111352255,4.826082018958131,4.623112978385345,5.6900561252068655,2.0611286997838243,1.3687263604598698,63.990024379124655,74.7803148347498,85.66952444714518,89.30268022887213,92.87070124000736,97.6967832589655,102.31989623735085,108.00995236255771,110.07108106234153,111.43980742280141
100,6000,0.04184529194228736,-1.1684376857618908,-1.6846784160751933,-1.2452777392451768,-7.556619836117639,-2.2000726825749632,-3.307774916923793,-1.1075888064784163,-1.1106681372724072,-1.9399933563216587,-1.159541188896339,58.520771259766974,6.841828334584626,10.248675377021495,12.79608188770786,1.347380454678743,3.390774218571967,1.8303583880794392,1.3434602524655763,2.3888914301626274,1.3510184218617964,58.520771259766974,65.3625995943516,75.61127497137309,88.40735685908095,89.75473731375969,93.14551153233165,94.9758699204111,96.31933017287668,98.7082216030393,100.0592400249011
100,8000,0.04184529194228736,-1.1117964505852629,-1.122079360057707,-3.6601708658659735,-1.1162533544908617,-5.555603333800647,-1.1133734697384208,-1.1146592391980796,-1.1184325270168616,-1.1148815138137635,-1.1222341035224832,56.195884389327645,3.205259287019662,6.612010323881812,4.243983946544887,2.092810688394634,6.041113338002826,1.3416471155132097,1.3280770542812765,1.3286339932616782,1.338330506171071,56.195884389327645,59.40114367634731,66.01315400022912,70.25713794677401,72.34994863516864,78.39106197317147,79.73270908868469,81.06078614296597,82.38942013622764,83.72775064239872
101,250,0.10163216329901022,-1.1194574061304197,-17.892402904710572,-1.1227457849245481,-1.8035005266291884,-1.1212149961631637,-1.1140451345558553,-1.1422345571958687,-1.1043394106833975,-1.1054963316246336,-1.1061263138988573,48.743157589328604,15.345558043859885,1.3401104556420274,4.38110158144023,11.116923621266722,19.825536584953305,2.587048620144931,5.589548862339047,4.17400077140395,1.311047564690616,48.743157589328604,64.08871563318849,65.42882608883052,69.80992767027075,80.92685129153747,100.75238787649079,103.33943649663571,108.92898535897476,113.10298613037871,114.41403369506932
101,500,0.10163216329901022,-1.1007226612230632,-1.1246858298702587,-1.1013206956543282,-1.1199112033573093,-1.1086873890127933,-1.1169335186583482,-10.29269623544501,-1.339759302809199,-1.1286669495591841,-1.1109398147763647,36.384532189467166,14.71768952877646,13.99085684940821,10.673220719792663,1.4991524268284189,7.714639550987741,5.763074001299286,6.531783106569659,5.309676096157348,4.3373552963923085,36.384532189467166,51.10222171824363,65.09307856765184,75.76629928744451,77.26545171427293,84.98009126526067,90.74316526655996,97.27494837312962,102.58462446928696,106.92197976567927
101,750,0.10163216329901023,-8.649059591462704,-1.3387335434165155,-1.2521933160895113,-1.2853448167701254,-1.7361953503363328,-1.451577495738207,-3.374249066655202,-3.100844272788958,-2.6330512579672463,-1.3080243730068146,24.581709390615142,24.616376786236525,15.288892767341242,10.742846685661892,1.5830481141632111,5.616082655108732,6.314138499181752,6.445232868521941,8.485256556176864,2.6122162445411448,24.581709390615142,49.19808617685167,64.48697894419291,75.2298256298548,76.812873744018,82.42895639912673,88.74309489830848,95.18832776683043,103.67358432300729,106.28580056754843
101,1000,0.10163216329901022,-1.1024798071946669,-6.407567836430278,-1.1071823553410356,-1.1012649071750102,-14.7288364242985,-7.065533444541451,-1.1039643773606205,-1.0988381850419895,-1.09971882036887,-15.36562963753071,23.436003208634418,23.925961594375693,17.965427437317736,9.037692557018236,5.135275519405507,4.2068803675909,5.196426121525343,9.85625338654187,6.2319788943828165,8.801297831368938,23.436003208634418,47.36196480301011,65.32739224032784,74.36508479734607,79.50036031675158,83.70724068434248,88.90366680586783,98.7599201924097,104.99189908679251,113.79319691816146
101,1500,0.10163216329901022,-1.1290585711710541,-1.1465916515900179,-1.1527003573893233,-16.05305039679625,-1.454551321943867,-1.1326992530199695,-1.1392333470715363,-1.1448559667152982,-1.1518784377793803,-1.1248667029320236,26.3021040420157,24.40292418516499,10.719284075305787,18.458799467453808,1.6172130520471608,7.9790588866083745,5.356265915008107,8.386438769375637,5.013731124365595,6.0410923702547805,26.3021040420157,50.70502822718069,61.42431230248648,79.88311176994029,81.50032482198745,89.47938370859582,94.83564962360393,103.22208839297957,108.23581951734516,114.27691188759994
101,2000,0.10163216329901022,-1.155640082621654,-2.0105084175949237,-1.21682696924627,-1.138274909269147,-1.7634645003699987,-1.2107818465084943,-1.2146308780314934,-1.2252458750168778,-1.2135130715881628,-1.102699923300273,37.2529629666914,25.55522241203841,3.4629493345905757,9.15087570030585,5.95482040936637,4.33520233924607,4.480617560391197,3.2294703323844427,5.020263767882955,4.758770860500331,37.2529629666914,62.80818537872981,66.27113471332038,75.42201041362623,81.37683082299259,85.71203316223865,90.19265072262985,93.42212105501429,98.44238482289724,103.20115568339757
101,3000,0.10163216329901023,-1.1296864525023267,-1.4677903043906664,-1.1544514640460046,-1.1522339628236522,-1.1700704113333615,-1.172707079611849,-1.1538141715969918,-3.2157959464260966,-1.1482526541577052,-1.1451867767134876,32.79234890407662,28.46909304412833,10.430448928701022,6.039529570551103,8.777306415884034,5.393754286459693,1.3685515020118801,7.018596945736629,7.127178276715949,3.3918157146983967,32.79234890407662,61.26144194820495,71.69189087690597,77.73142044745708,86.50872686334111,91.9024811498008,93.27103265181269,100.28962959754932,107.41680787426527,110.80862358896367
101,4000,0.10163216329901022,-1.411246490169261,-1.1376757983914807,-1.2477768424046785,-2.597526992319996,-1.2148282816939635,-1.4661044344642793,-1.2476547675732648,-1.2364511643241287,-1.284602430785438,-1.3593587395494815,39.22212167737263,36.428464590527625,5.850164592345543,2.1316808580933255,3.35811678263374,9.548658084877694,2.7650907716167126,3.243713166559832,4.537201155368503,8.165848454530632,39.22212167737263,75.65058626790025,81.5007508602458,83.63243171833912,86.99054850097286,96.53920658585056,99.30429735746728,102.5480105240271,107.08521167939561,115.25106013392625
101,6000,0.10163216329901023,-1.1853252190054233,-1.2423190547959084,-2.5683827013225002,-6.615658900456015,-2.306926123803261,-2.423843414076326,-1.1877456022215247,-1.1860014768272067,-2.0574837790933334,-1.2213771234924033,60.541702089953006,4.483811610228793,16.12687192075081,7.46078717488286,1.4800411464773253,5.684122409926381,4.115281455952395,3.9453053525035138,5.001472545983226,6.568864686648574,60.541702089953006,65.0255137001818,81.15238562093262,88.61317279581547,90.09321394229279,95.77733635221918,99.89261780817158,103.83792316067509,108.83939570665831,115.40826039330688
101,8000,0.10163216329901022,-1.1177947910555415,-1.1292919732200066,-4.369906606693938,-15.700074040377231,-3.384288724905801,-1.1095342108841755,-1.11541386533899,-1.1002531709425472,-1.1017488512162403,-1.1038009205918873,65.3592723957484,14.181662120036272,1.390709633408881,6.94546306489033,1.3651238558388257,7.31458623487292,2.1046457859404164,6.453831718912372,6.403176148557137,1.5446819049965823,65.3592723957484,79.54093451578467,80.93164414919354,87.87710721408388,89.24223106992271,96.55681730479563,98.66146309073605,105.11529480964842,111.51847095820555,113.06315286320213
102,250,0.06297664977786012,-1.100706676493278,-21.501286507303007,-1.1148429966425786,-1.4600244910362399,-1.119750493766995,-1.108431674613969,-1.1093104341420839,-1.1081322763305614,-1.1184559677412373,-1.1172797816559115,45.053312714776126,17.73916419725994,5.58574983721682,13.29039557725552,6.271926167518165,7.092141370612303,10.639253527360765,4.46331161812784,3.039302296095948,1.3338149075739025,45.053312714776126,62.792476912036065,68.37822674925289,81.66862232650841,87.94054849402657,95.03268986463888,105.67194339199965,110.13525501012748,113.17455730622343,114.50837221379734
102,500,0.06297664977786012,-1.1077119162701767,-1.1208497994784827,-1.3283999895396845,-1.1145312298825876,-1.1309151952862302,-1.115847053705235,-1.8649361763767094,-1.1433094211806143,-7.309673091831147,-1.141600627070635,74.84650947710671,8.973380611148805,1.3332652098451518,5.113847725020197,1.3845267189547634,12.828467305444185,3.0719259259488245,5.577926586009735,1.8007695667995076,1.359649237930653,74.84650947710671,83.8198900882555,85.15315529810066,90.26700302312085,91.65152974207561,104.47999704751979,107.5519229734686,113.12984955947834,114.93061912627785,116.2902683642085
102,750,0.06297664977786012,-1.4860992775254198,-1.1216009409544836,-1.166637062181779,-1.1016092170604361,-2.823328651807321,-1.3079423829940193,-4.620346061059873,-1.9934602256504599,-1.2126279449560986,-1.1759329050275302,62.98465408531189,15.473273319348884,6.408070137215859,4.101391206842443,1.3291461724449913,14.371113744710705,2.1285060350307337,5.2015057884294915,1.3190888754117291,1.3145696187719027,62.98465408531189,78.45792740466078,84.86599754187664,88.96738874871909,90.29653492116408,104.6676486658748,106.79615470090553,111.99766048933502,113.31674936474674,114.63131898351864
102,1000,0.06297664977786012,-1.102939283357789,-1.099762197018511,-1.1009933782193762,-1.0998501670544036,-13.430830495532565,-15.852964992229769,-1.1001286041481886,-1.1079245449919068,-7.053546609600174,-1.100577958270959,71.13369267103639,10.358180071208299,1.3485029871020173,4.19027171200791,1.3251311009554678,10.431840171739044,7.584140231403655,5.2361528056019395,1.8276339030493531,1.3259423474491805,71.13369267103639,81.49187274224468,82.8403757293467,87.03064744135462,88.35577854231009,98.78761871404913,106.37175894545278,111.60791175105473,113.43554565410409,114.76148800155327
102,1500,0.06297664977786012,-1.1380672640111884,-1.1365339275806612,-1.1418673654368825,-1.1449809975530783,-8.165595673171076,-1.1840344333883603,-1.130946870951155,-1.1227609761890731,-1.111678021269003,-1.1492929104376315,61.959883622687244,19.69532142884654,1.4077632113167002,5.2448580088163155,1.3726809839743037,8.766630944580683,9.093038955178073,1.6988805603225003,1.3918855855968397,1.3867044884294533,61.959883622687244,81.65520505153378,83.06296826285049,88.30782627166681,89.68050725564112,98.4471382002218,107.54017715539987,109.23905771572237,110.6309433013192,112.01764778974866
102,2000,0.06297664977786012,-1.1081708685344744,-1.4714826441854925,-1.1385319952869195,-1.1080716693366934,-1.3494522559766127,-1.1075644962666478,-1.105239259914235,-1.1062634118925243,-1.1128092215052323,-1.1089667240886474,66.15464894321605,15.56562023404694,1.3819089129048039,2.5109979300218876,7.600549223686116,5.4382648142827765,4.340871895249396,7.930792928416537,1.321778816769712,1.3317525998474173,66.15464894321605,81.72026917726299,83.1021780901678,85.61317602018968,93.2137252438758,98.65199005815857,102.99286195340797,110.9236548818245,112.24543369859421,113.57718629844163
102,3000,0.06297664977786012,-1.1068804846340785,-2.5746868240330842,-1.448538543190959,-1.105010075165635,-1.1110492365559757,-1.1026629358830986,-1.0998287871096317,-3.279217028622745,-1.1143148053521434,-1.515715976599055,67.88009588508302,11.88533357743405,1.3233876741313773,5.148686835890976,3.9287968543177776,8.25975941479268,1.311926513130615,6.030641629998055,3.9953856280574245,1.3110714390482392,67.88009588508302,79.76542946251708,81.08881713664846,86.23750397253943,90.16630082685721,98.42606024164989,99.73798675478051,105.76862838477857,109.76401401283599,111.07508545188422
102,4000,0.06297664977786012,-1.1105162835410693,-1.1105617821156897,-1.1188599744427963,-1.9920116424273804,-1.6894259586826248,-1.1120738059601125,-1.1214901419660022,-1.114059093991921,-1.1088494737854035,-1.1091989632849515,65.01695969772959,5.964178494916503,4.451420038633957,3.949920844810938,8.837174285732544,9.139424352799033,4.431103414360448,2.7467158801639346,4.02192550055789,1.3724045398631262,65.01695969772959,70.98113819264609,75.43255823128004,79.38247907609097,88.21965336182352,97.35907771462254,101.790181128983,104.53689700914693,108.55882250970481,109.93122704956794
102,6000,0.06297664977786012,-1.1779244818359906,-1.2329423201295788,-1.198863844242131,-3.40458124876068,-1.9260642270771915,-3.320981605496093,-1.1736749850298045,-1.1955206347456064,-1.156110226095993,-1.2563753972438736,67.34910170824688,7.171836665519095,6.9819526689280735,7.158392428420655,4.092773991309642,1.3377830902566172,9.09463698104986,1.495292591193203,2.613697525950448,1.4682543542344169,67.34910170824688,74.52093837376597,81.50289104269405,88.6612834711147,92.75405746242434,94.09184055268096,103.18647753373082,104.68177012492403,107.29546765087447,108.76372200510889
102,8000,0.06297664977786012,-1.113054463781101,-1.1034442759573575,-9.149769067710494,-4.357784891313591,-2.6849349740925765,-16.995721208174402,-1.1050744894505375,-1.1048614955638674,-1.1088274549575785,-1.1084110566094099,76.68776081763406,1.329655329458875,7.884749025610528,9.365156300910645,1.3293358898298715,1.32890292214308,3.2828961562136145,3.6355305602848738,4.008264512939756,1.3729810937490243,76.68776081763406,78.01741614709293,85.90216517270346,95.2673214736141,96.59665736344398,97.92556028558707,101.20845644180068,104.84398700208556,108.85225151502532,110.22523260877433
103,250,0.1205124813580848,-1.1512223124808991,-2.32091563665709,-1.1456256604103143,-1.544076538912626,-1.1252195036401669,-1.1426301729664097,-2.131425980487787,-1.1514016924888995,-1.1379767531102445,-1.1339243972420663,28.565749961967562,36.84673772369642,3.121705209261238,11.080953496379866,5.018690778033548,14.043047104235725,2.640671906979218,4.998458044461543,1.3220596616376783,1.7588764132825236,28.565749961967562,65.41248768566399,68.53419289492523,79.61514639130509,84.63383716933863,98.67688427357436,101.31755618055358,106.31601422501512,107.6380738866528,109.39695029993533
103,500,0.1205124813580848,-1.117775130800863,-1.1345856273392845,-1.789387998998233,-1.1262260758724927,-1.107948191119465,-1.1343991614824191,-1.9094148495887033,-1.1068265028882642,-3.599114522407712,-1.1280892167107015,29.54195455291326,22.358821421990406,1.972180810873775,1.3197898350026729,29.454646069739127,14.598585872662788,1.3384586240596703,3.8689038994545797,3.28829829162913,4.463769891742846,29.54195455291326,51.90077597490367,53.87295678577744,55.19274662078011,84.64739269051924,99.24597856318204,100.5844371872417,104.45334108669628,107.74163937832542,112.20540927006826
103,750,0.1205124813580848,-1.1432915202941072,-1.161434443841596,-1.1320219953617483,-1.1352378575549416,-19.924146487922737,-1.138511021060166,-2.322485912083917,-1.393508451945995,-1.1611435334746465,-1.1421720237628314,34.79818122986106,32.13814287475235,4.674938996960439,1.8187747173689388,16.687091902107554,6.187045762811648,1.7386249028632554,6.940041691301778,6.752272110719664,4.470275076912859,34.79818122986106,66.9363241046134,71.61126310157384,73.43003781894278,90.11712972105033,96.30417548386198,98.04280038672523,104.982842078027,111.73511418874666,116.20538926565952
103,1000,0.1205124813580848,-1.1162985837232702,-5.5581361367790105,-1.1362806510651389,-1.123739117830199,-1.1245525987392875,-1.1241499781581492,-1.1268608549468038,-1.1465622357615768,-1.1573631214546074,-1.1197377245292284,5.366476838211042,44.82685519725044,12.566276546562044,5.956853973862785,12.700009879141533,1.3279303190512701,6.796331635688869,5.470619743499903,3.1050635060203504,10.033644043285303,5.366476838211042,50.19333203546148,62.759608582023525,68.71646255588631,81.41647243502784,82.74440275407912,89.54073438976799,95.0113541332679,98.11641763928824,108.15006168257355
103,1500,0.1205124813580848,-12.081228002408611,-1.5212590130711634,-1.3454050085568983,-1.3129541217428602,-3.502716043945055,-1.338802240149413,-4.039118705225356,-1.2536308670141492,-1.192804275061742,-1.2826465893893508,22.570797003231895,19.69020484287413,14.974803981102916,11.91285910161298,7.231403866304131,4.597430418313786,5.840567392689444,5.298691372315883,3.71331580873915,12.102343103089957,22.570797003231895,42.261001846106026,57.23580582720894,69.14866492882192,76.38006879512605,80.97749921343984,86.81806660612929,92.11675797844518,95.83007378718433,107.93241689027428
103,2000,0.1205124813580848,-1.3656049459678838,-4.075627152441514,-1.1027493927896725,-1.1001361000874996,-2.9662358513584444,-1.099374907046418,-1.1185272346583557,-1.098627163069,-1.1050573158201313,-1.107857789993214,34.8330162604057,17.993974637360125,9.470309316097204,15.722715910067919,5.210396348721309,1.3171922874060766,10.027508724494808,3.011055542216992,3.9155908524139758,5.692463921008542,34.8330162604057,52.826990897765825,62.297300213863025,78.02001612393094,83.23041247265225,84.54760476005832,94.57511348455313,97.58616902677012,101.50175987918409,107.19422380019263
103,3000,0.1205124813580848,-1.2102633370309692,-2.1045561435338174,-1.1353423363709876,-1.128987733956194,-1.1503640096417898,-1.098041371986635,-1.2343495728816056,-2.125310168054251,-4.874039558322254,-1.332741684319383,51.029066577960805,1.34704833375655,13.502085856705776,14.398555171343077,6.835861402850469,1.3684594684358746,7.434335672405204,5.99549021371503,5.739996415529161,1.322364441115849,51.029066577960805,52.37611491171735,65.87820076842313,80.2767559397662,87.11261734261667,88.48107681105255,95.91541248345774,101.91090269717277,107.65089911270194,108.97326355381779
103,4000,0.1205124813580848,-1.25950171755004,-1.1409068790129493,-1.1863403382405608,-1.6560807514284748,-2.234156540355409,-1.1491428479475698,-1.1335398218245025,-1.1565579067656246,-1.175829428041443,-1.1393728928010032,57.79924384126451,13.764822785296182,6.910661278385206,6.574365652149094,6.05091431061112,4.202467281538798,10.953901807352217,1.3891112443635398,1.4203438313835255,1.3667876041516749,57.79924384126451,71.5640666265607,78.47472790494591,85.049093557095,91.10000786770613,95.30247514924493,106.25637695659714,107.64548820096067,109.06583203234419,110.43261963649587
103,6000,0.1205124813580848,-1.1247009510249213,-1.1096189796146105,-1.1600093617272664,-2.0448584202792572,-1.2902813312999255,-6.996004498485448,-1.1089533469079758,-1.1110383937399546,-1.5037643485564407,-1.110537263718722,78.78518652973489,9.75128764097838,1.335770140020637,1.320445388336059,3.926380006917808,7.1070660031474,1.3218661425193587,1.3105389866693882,1.3100543702584557,1.3100806328345465,78.78518652973489,88.53647417071326,89.8722443107339,91.19268969906996,95.11906970598777,102.22613570913516,103.54800185165452,104.8585408383239,106.16859520858236,107.4786758414169
103,8000,0.1205124813580848,-1.1228878892925866,-1.1459812144351629,-2.6041802203306155,-20.82935736890075,-5.047195225567721,-3.645226188947994,-1.1343059711969676,-1.140809115454895,-1.1542983083701315,-1.1706918554930157,61.42272081876945,12.270106654353263,1.431885760070136,1.4623789049703397,6.134497549416437,17.189207687015376,1.4153476415962567,5.6005916578114,6.3944832206383,2.1426330304021155,61.42272081876945,73.69282747312272,75.12471323319285,76.58709213816319,82.72158968757962,99.910797374595,101.32614501619126,106.92673667400265,113.32121989464096,115.46385292504307
104,250,0.12168765973463136,-1.1329667856665662,-1.1043882545080086,-1.105700036982555,-1.278727813915281,-1.1041858900576957,-1.0982901814992583,-1.1015587266404192,-1.1305718690327269,-4.598195621512719,-1.1000765350903774,50.68058387551993,15.584656354863743,1.4518391652458469,2.576344200896065,1.340517630422942,7.682784008032243,7.140969695838676,3.8441170953916624,3.167156705276307,20.399678502735775,50.68058387551993,66.26524023038367,67.71707939562951,70.29342359652557,71.63394122694851,79.31672523498075,86.45769493081943,90.3018120262111,93.46896873148741,113.86864723422318
104,500,0.12168765973463136,-1.1169605197685573,-1.1169544250902863,-1.7358367539072388,-1.1097675651805945,-1.1095559405651474,-1.109754758173739,-12.479962347497793,-1.1124902062513224,-3.129977556780072,-1.1203925085260305,57.102112831365304,1.323134062202231,1.3231713349325993,1.3216594497235459,1.329296379817336,11.292954672964939,6.383220692651179,5.1712663814286515,5.097472350217279,4.736530984862863,57.102112831365304,58.42524689356753,59.74841822850013,61.070077678223676,62.39937405804101,73.69232873100594,80.07554942365712,85.24681580508577,90.34428815530305,95.08081914016591
104,750,0.12168765973463136,-2.513359336876669,-1.4762037480745214,-1.4571213704518948,-1.4696515381456559,-2.4463739331420804,-1.5973189073400964,-2.540749932988353,-1.3881213684803706,-1.2080352626639153,-1.598653498805918,57.01416673229568,4.167265754055279,2.532431937020731,3.0126262687344836,6.121619629850878,5.804305220594824,4.036554378267784,5.340640058551132,4.318273230411611,4.1217868697239695,57.01416673229568,61.18143248635096,63.71386442337169,66.72649069210617,72.84811032195705,78.65241554255188,82.68896992081966,88.02960997937079,92.3478832097824,96.46967007950636
104,1000,0.12168765973463136,-9.197782305270945,-1.1042787930631968,-1.1022770966945181,-1.1039036991053788,-1.1191110721727635,-21.867853452657855,-1.0998097237329887,-1.1023936787503175,-13.783001374173182,-22.0602032432719,62.783861352252075,6.728902670926836,1.3353913235353718,1.3166799198902757,10.117596371645273,1.3298210108577742,4.331412686717469,2.612259764200463,4.429668038307264,5.909555207226383,62.783861352252075,69.5127640231789,70.84815534671428,72.16483526660456,82.28243163824983,83.6122526491076,87.94366533582507,90.55592510002553,94.9855931383328,100.89514834555919
104,1500,0.12168765973463136,-3.869492079325834,-1.1998897358878788,-1.3962988978669508,-17.88267818978214,-3.0390668520724144,-1.3653769256346893,-1.3068150653158366,-1.302068461692556,-1.2948926483270484,-1.355433687598266,53.90926775353,9.234921396413345,7.290095369618264,6.405247372366464,3.614481867803308,1.6250807313309386,5.549099586445799,2.552412243588046,3.1942685877013943,5.456811944333083,53.90926775353,63.144189149943344,70.4342845195616,76.83953189192806,80.45401375973137,82.0790944910623,87.62819407750811,90.18060632109616,93.37487490879755,98.83168685313063
104,2000,0.12168765973463136,-1.184712883747309,-2.3253961862595345,-1.2464433147433638,-1.2719486367493698,-1.1049457134652843,-1.202724966663768,-1.1484593639155716,-1.1746050528436303,-1.1485652912108897,-3.0487450702035157,42.83989839144152,22.765570377055052,3.840628966876256,7.173153401591255,2.5144166410775313,1.4671753116269377,3.580250514959398,2.9564342474057224,4.9567212517331924,6.878445937628058,42.83989839144152,65.60546876849658,69.44609773537283,76.61925113696408,79.13366777804161,80.60084308966854,84.18109360462795,87.13752785203367,92.09424910376686,98.97269504139491
104,3000,0.12168765973463136,-1.106171581995516,-1.622520737225745,-1.111817993138891,-1.1150116468268738,-1.1378038569046538,-1.1640918585177933,-1.1423216068578617,-1.6070416126673823,-1.2907708092112502,-1.1416067426591439,53.291907280003585,17.82079550757183,1.653708830766174,1.3216744059314216,7.036328224626718,1.3402572487546447,1.792477745791011,8.515281074586412,8.850889104757506,6.477244460209118,53.291907280003585,71.11270278757542,72.76641161834159,74.08808602427301,81.12441424889973,82.46467149765436,84.25714924344538,92.7724303180318,101.62331942278931,108.10056388299843
104,4000,0.12168765973463136,-1.0980000000000008,-1.0980000000000008,-1.0980000000000072,-1.563946513340953,-1.4339150252826638,-1.0980000000000008,-1.0980000000000008,-1.0980000000000008,-1.152899999999988,-1.0980000000000008,57.430753019792036,17.4181838196092,1.3100000000000032,1.3100000000000032,7.111350960105514,7.285577305481393,1.8807386383718108,9.748228307625844,9.57339460996321,3.531773339051002,57.430753019792036,74.84893683940123,76.15893683940124,77.46893683940124,84.58028779950675,91.86586510498815,93.74660374335996,103.49483205098579,113.068226660949,116.6
104,6000,0.12168765973463136,-1.1491789267456087,-1.1037294998624585,-2.049475035260051,-2.5073530997464104,-1.2894389244459452,-6.798907526259121,-1.1362476485235273,-1.1620865764101191,-2.600790308085255,-1.1432663250510737,76.58016777376056,3.758045227099725,1.441866194115331,1.5177708893111945,1.4657333680119526,12.28118477414931,2.014746139385101,5.990652413270089,4.956026351476176,5.9186999779213405,76.58016777376056,80.33821300086029,81.78007919497563,83.29785008428682,84.76358345229878,97.04476822644808,99.05951436583318,105.05016677910326,110.00619313057945,115.92489310850078
104,8000,0.12168765973463136,-1.1168880581024925,-1.1213977471535812,-6.5986025026734865,-7.99346183131323,-3.2593223060373617,-19.71532448580605,-1.1175709001531908,-1.1156785155788778,-1.1168047256669604,-1.117636504621819,83.17164519984735,1.3350520504347272,1.3228725947762037,1.3235117965116237,1.3233384639570946,11.993442688711148,4.812089493762269,4.869074070885542,1.3244509719407134,1.3246515243010926,83.17164519984735,84.50669725028207,85.82956984505827,87.1530816415699,88.476420105527,100.46986279423814,105.28195228800041,110.15102635888596,111.47547733082666,112.80012885512775
105,250,0.11118651973038447,-1.1086291837768218,-8.836626654072465,-1.1059696119111067,-1.155086224549963,-1.1102701814777207,-1.1077756637695275,-1.107364403908556,-1.1100187924876908,-1.1077601525489547,-1.1072200209813055,49.08592548149238,1.3321455421157729,14.669668539158316,12.990350780504272,7.48751921006982,9.33871447925824,7.482607337546888,7.121737708621005,2.61714344401915,1.3260617127360623,49.08592548149238,50.41807102360816,65.08773956276647,78.07809034327074,85.56560955334056,94.90432403259881,102.3869313701457,109.5086690787667,112.12581252278585,113.45187423552191
105,500,0.11118651973038447,-1.1061574761825677,-1.1087079192878577,-1.1079120204005983,-1.1056051029883616,-1.1117547195200812,-1.100456513630495,-12.876884818149506,-1.6482051268271882,-1.104922510813632,-1.2626791041082615,1.6981454383881824,36.929602904343696,16.45862802253388,14.417262297701892,15.601203018834344,2.021931725817579,7.119438031198623,6.303434570674424,2.7041585979295784,3.9675108654269176,1.6981454383881824,38.62774834273188,55.08637636526576,69.50363866296765,85.10484168180199,87.12677340761957,94.2462114388182,100.54964600949262,103.2538046074222,107.22131547284911
105,750,0.11118651973038449,-1.2053943368158522,-1.1974847111431526,-1.2141534324270005,-1.2235306061710804,-5.672177444865229,-1.2281050990417754,-1.4639577729188331,-1.8051056609609106,-1.927232907908485,-1.234267678340123,-1.6405257086124028,39.99194604862374,19.974848873972455,15.715478224414223,9.949324607222334,3.92908254389273,5.64451396884737,5.849615890485385,5.418508513248163,2.0493312346290917,-1.6405257086124028,38.35142034001134,58.32626921398379,74.04174743839802,83.99107204562036,87.92015458951309,93.56466855836047,99.41428444884585,104.832792962094,106.8821241967231
105,1000,0.11118651973038447,-1.1569446211060808,-1.192504581998201,-1.1504877068873969,-1.152621766949543,-18.75486496192586,-12.285952577309825,-1.0989611080019568,-1.1560591368588164,-1.156457068776868,-12.996351316677607,11.990929151885952,27.134560367390566,22.254788250842378,14.135157518307583,7.438629016099172,7.688181244564486,4.916430205445625,5.69567916909372,5.596381848316187,6.039753140265837,11.990929151885952,39.12548951927652,61.380277770118894,75.51543528842647,82.95406430452564,90.64224554909013,95.55867575453576,101.25435492362948,106.85073677194566,112.8904899122115
105,1500,0.11118651973038447,-1.1310725434249242,-1.2164568720507019,-1.1030158678225275,-22.03930007073103,-2.9032867359638694,-1.1159304398926677,-1.1138042246940074,-1.144719591432589,-1.1231141816775887,-1.1221775805985135,9.952468991056215,30.464769236001853,18.831279369419335,16.346667484992906,9.564283360255978,14.421856149545057,3.5582536748649307,5.340207297729895,3.7946260799964238,1.3132895332598742,9.952468991056215,40.417238227058064,59.2485175964774,75.5951850814703,85.15946844172629,99.58132459127134,103.13957826613627,108.47978556386616,112.27441164386258,113.58770117712245
105,2000,0.11118651973038447,-1.098,-1.667716799555778,-1.098,-1.098,-1.3711063080557426,-1.098,-1.098,-1.098,-1.098,-1.1529,24.542461597556496,33.34889993081163,7.589661151281852,11.922536889742673,8.073695779487522,15.325752552218148,3.406785113070967,2.3922029660012214,4.675407267395883,5.322596752433597,24.542461597556496,57.89136152836813,65.48102267964998,77.40355956939266,85.47725534888018,100.80300790109833,104.20979301416929,106.60199598017051,111.2774032475664,116.6
105,3000,0.11118651973038447,-1.140485108098749,-1.37624226229598,-1.124459331251277,-1.1248303616536797,-1.1343353774873735,-1.1337938271790113,-1.1289999334114262,-1.1308953967606716,-1.1417540759975369,-1.8498477868206695,35.05853482647109,38.867173376882135,2.088782694876844,10.131770556131187,7.893216071191691,9.275793297205269,1.3874706732466393,1.3850815868109514,2.9887509454357417,6.822988181681069,35.05853482647109,73.92570820335322,76.01449089823006,86.14626145436125,94.03947752555294,103.31527082275821,104.70274149600485,106.0878230828158,109.07657402825154,115.89956220993261
105,4000,0.11118651973038447,-1.1193936987239996,-1.1168040571149218,-1.1212795706399068,-1.2030518128828973,-1.4264823119645138,-1.100221622151568,-1.1186580846850247,-1.1010771416731395,-1.0988182508580238,-1.1004097109542483,69.2773096573894,13.395211452255396,6.219602459173528,9.025520122242522,4.5153124558704505,8.714194107627236,1.3345330091440686,1.3144829645413765,1.319852459993756,1.311901074722564,69.2773096573894,82.67252110964479,88.89212356881832,97.91764369106085,102.4329561469313,111.14715025455854,112.4816832637026,113.79616622824398,115.11601868823773,116.4279197629603
105,6000,0.11118651973038449,-1.1548080646065553,-1.671276071377124,-1.83066716620458,-9.189058553875597,-3.896038631563708,-4.804564107477967,-1.222721674896973,-1.231408176352414,-4.49127948047916,-1.1623548273130222,56.27688117916716,23.662899330941237,1.8839087230944407,11.269474305292828,8.94672420236001,2.557149734534887,1.3648580144495646,4.206241592525691,1.6957141015967938,2.7525654807343507,56.27688117916716,79.93978051010839,81.82368923320283,93.09316353849566,102.03988774085568,104.59703747539056,105.96189548984013,110.16813708236582,111.86385118396261,114.61641666469696
105,8000,0.11118651973038447,-1.1100091383736248,-1.123208061524017,-1.1241752355371002,-15.02505018174076,-3.135758214884243,-1.1253959131547013,-1.1005035007431854,-1.1571898554270392,-1.106417899308676,-1.14296897672026,91.09395416659498,13.087369838174926,1.5608072436686973,1.3127584829803123,2.776457286931393,1.3352321528545632,1.3306320477805835,1.3136199883630941,1.3397864623410736,1.3129221697957982,91.09395416659498,104.1813240047699,105.7421312484386,107.05488973141891,109.8313470183503,111.16657917120486,112.49721121898544,113.81083120734854,115.15061766968961,116.4635398394854
106,250,0.027352606170804736,-1.1019334452374938,-8.508780328426816,-1.1074288392165386,-1.115572642061451,-1.1075258418161629,-1.1219608420851626,-1.1017850770666415,-1.1450635231042932,-9.962590877726974,-1.099725886099297,43.812085963849995,22.11407942119247,1.317501312696142,2.013652862271904,20.75750969505461,13.786836929559513,1.3624372103699054,2.3565677499500257,1.3130661728703936,1.3116764932276421,43.812085963849995,65.92616538504247,67.2436666977386,69.2573195600105,90.01482925506511,103.80166618462462,105.16410339499453,107.52067114494456,108.83373731781495,110.14541381104259
106,500,0.027352606170804736,-1.159285908052028,-1.1761688900766525,-1.1409959183234455,-1.1491589283785295,-1.1651210848765126,-1.1613585017788366,-4.540459744296648,-1.398732093875478,-1.1315479205246533,-1.1424617708240152,34.816433382671704,22.326095823903955,11.346046665252153,12.413220415484957,15.394841892215247,3.708639605148072,1.4044059700585514,2.6254287491212605,2.0320252515395776,1.3816601679017415,34.816433382671704,57.14252920657566,68.4885758718278,80.90179628731276,96.296638179528,100.00527778467608,101.40968375473463,104.03511250385588,106.06713775539546,107.4487979232972
106,750,0.027352606170804736,-1.2682819493942934,-1.286557228278106,-1.3539578535098058,-1.2500861539466332,-3.4524353594151993,-1.2955693577222593,-1.730666397942941,-1.8652206084685137,-2.0505996786778535,-1.2546439685973994,24.119830705367384,22.34162330850573,19.2638768274331,16.389498652267235,6.404220199002037,4.824267683736922,3.7242332508558196,2.8092097425939677,3.927454376664775,5.1050214027028495,24.119830705367384,46.461454013873116,65.72533084130622,82.11482949357345,88.51904969257549,93.34331737631241,97.06755062716823,99.8767603697622,103.80421474642696,108.90923614912981
106,1000,0.027352606170804736,-1.1072476501680746,-1.1082464864727193,-1.1004491592592802,-1.100325846084456,-1.1112125207079644,-1.1083900483362035,-1.1015560881901942,-1.1076834122597123,-1.1103145407900987,-1.111022329054391,21.162109377039975,21.20014092128133,15.665875019098557,20.483185907701987,2.677493809788972,5.681909558527195,10.256632652746298,3.7477752069969306,1.3112418285058518,1.3422938714011883,21.162109377039975,42.36225029832131,58.028125317419864,78.51131122512186,81.18880503491083,86.87071459343802,97.12734724618431,100.87512245318125,102.1863642816871,103.52865815308829
106,1500,0.027352606170804736,-1.1721327995186188,-1.618667812093256,-1.19178026155675,-1.2113236303647095,-2.502239264613346,-1.2013124057782902,-1.1914807721377128,-1.2192062098204008,-1.1969505773335642,-1.1883132872591595,20.587973809050084,21.047107791578135,17.811653681726156,22.96297964957479,6.411896471977064,1.9606226005747471,6.5788354329807515,3.4871877263931434,3.7764029104349923,1.4050606905622773,20.587973809050084,41.63508160062822,59.446735282354375,82.40971493192916,88.82161140390622,90.78223400448097,97.36106943746172,100.84825716385487,104.62466007428986,106.02972076485214
106,2000,0.027352606170804736,-1.1252101759872146,-2.2868984262006373,-1.111920609258001,-1.1258762883156972,-1.118113658945886,-1.1175199327774357,-1.106588846920106,-1.1257702624723347,-1.1156970566103075,-1.1136305105054751,26.723337801701454,14.997148661963735,17.96072875895557,30.389445173963814,5.265195201578058,2.7347970788444944,2.540021858942684,3.676700170318691,1.8648470773192942,2.6711465983987894,26.723337801701454,41.72048646366519,59.681215222620764,90.07066039658457,95.33585559816262,98.07065267700712,100.6106745359498,104.2873747062685,106.15222178358779,108.82336838198658
106,3000,0.027352606170804736,-1.164477576600008,-2.5119642834528113,-1.6631487911826133,-1.2930831571815897,-1.6682248366702197,-1.7100250816935203,-1.8107855775139368,-1.1554228680979293,-1.2505687068218867,-6.5986217943937255,-5.414345221342293,45.789397171003145,24.36926675276142,17.369583182184897,9.223375993378081,1.4224320843665232,4.607459263898795,6.116057171786721,5.504941169990051,1.4325169819695809,-5.414345221342293,40.37505194966085,64.74431870242228,82.11390188460717,91.33727787798526,92.75970996235178,97.36716922625057,103.48322639803729,108.98816756802734,110.42068454999692
106,4000,0.027352606170804736,-1.14782804834987,-1.1307408637011025,-1.141490763382547,-2.7059275093928763,-3.0507189290285073,-1.132173700323587,-1.159543849096408,-1.1617818884271536,-1.15030178453996,-1.267097506649236,12.104037321012406,34.1864459804508,18.109573199953118,15.75133879754651,8.48561706052445,2.814537180724276,5.691732063689585,6.495822349254265,3.8690987692800896,1.3865950527701347,12.104037321012406,46.290483301463205,64.40005650141632,80.15139529896283,88.63701235948727,91.45154954021154,97.14328160390113,103.6391039531554,107.50820272243548,108.89479777520562
106,6000,0.027352606170804736,-1.9649260568624838,-1.132754697648695,-1.1118674003440177,-2.141723138039783,-1.809238331499122,-1.6814290250418487,-1.1167239443140935,-1.100926940184283,-1.688543145985268,-1.442183560438595,42.341694363668886,34.42974269612624,4.14180451327949,9.93427139911777,1.335263220301293,10.31397324439606,1.85408656068482,1.3642051593345976,3.030824113448114,1.3166543505060782,42.341694363668886,76.77143705979512,80.91324157307461,90.84751297219239,92.18277619249369,102.49674943688976,104.35083599757458,105.71504115690918,108.7458652703573,110.06251962086338
106,8000,0.027352606170804736,-1.1077747638401463,-1.105754540189035,-5.0061487871690336,-1.1124437563092702,-8.07753890215643,-1.1154429423974346,-1.1253052373112604,-1.1353077042619857,-1.1376391373726742,-1.1827237140817237,41.36250600525379,22.303035057591316,14.25138419751007,6.576187039901537,10.544305436901062,12.025152471153291,1.3293820875769669,1.3567282232846853,1.3510289789618168,1.3625299047247381,41.36250600525379,63.66554106284511,77.91692526035519,84.49311230025673,95.0374177371578,107.06257020831109,108.39195229588805,109.74868051917274,111.09970949813456,112.4622394028593
107,250,0.1,-1.1435304759738245,-1.1863385125713242,-1.1162693857052721,-1.3215734321646515,-1.1522734385332276,-1.298222735492073,-1.2925526902508455,-1.10331779275488,-1.1020504098391197,-2.133454300124896,52.73958803704227,6.796448675152369,6.941205652236409,8.013004510845628,8.452636747522263,5.888866865100422,5.844212530143913,6.031305610854869,4.032405209205429,7.664994302722702,52.73958803704227,59.53603671219464,66.47724236443105,74.49024687527668,82.94288362279894,88.83175048789937,94.67596301804329,100.70726862889816,104.73967383810358,112.40466814082629
107,500,0.05660377358490566,-1.2152722495701567,-1.110757173382504,-1.2791097140052434,-1.5799562296456724,-1.1736362285193336,-1.2862275457609342,-1.6614144325484816,-2.239755777193016,-3.029577884201829,-1.108439594241135,50.32152252706784,10.20918923255503,5.422297305453185,7.375208955922236,9.367743271226498,6.410004871617721,4.033212199536414,1.5047456807594228,3.9762690254266353,10.519959771633182,50.32152252706784,60.530711759622875,65.95300906507606,73.32821802099829,82.6959612922248,89.10596616384251,93.13917836337892,94.64392404413834,98.62019306956498,109.14015284119816
107,750,0.08663760968056433,-1.2087418709142277,-2.4854921630085247,-1.6871198739766964,-1.4441304618490145,-1.6366862162310751,-1.3223962210473976,-2.6959256679939343,-2.9633551953534347,-2.7088814296416075,-3.2436342537810106,53.90955665386062,10.383293763650105,6.4456119968252,6.127030519183255,6.088975907662901,5.971326001771384,3.345046107730709,3.814115962023214,4.47872940083399,9.61562294801918,53.90955665386062,64.29285041751072,70.73846241433591,76.86549293351916,82.95446884118206,88.92579484295345,92.27084095068416,96.08495691270737,100.56368631354135,110.17930926156053
107,1000,0.1,-1.1893800107044763,-1.4184097536001796,-1.9551470595985314,-1.5847173973996795,-1.748601899421873,-1.1160239637118643,-1.2864908652959386,-1.2901083624350433,-1.5239108088275581,-1.540770744987718,57.77376276830924,13.60051724454402,2.0693120055099055,5.825760956283075,4.1695937375346475,5.0909126706067145,3.4690754170184483,3.896330093808465,4.6502965971004215,10.838978513682758,57.77376276830924,71.37428001285326,73.44359201836316,79.26935297464624,83.4389467121809,88.5298593827876,91.99893479980605,95.89526489361451,100.54556149071493,111.38454000439769
107,1500,0.08663760968056433,-1.120079968168135,-2.3624998648135564,-1.8481352575995422,-1.4820797116978437,-1.2631168230105316,-1.2267207142505576,-1.2438948873330224,-1.2296965202423467,-1.2548233762650212,-1.1798010217136716,62.28706027379805,8.53727404483616,5.519957148925398,5.556658001695769,4.541424646410831,2.828691883706496,3.793948527062664,3.875839893179781,3.917207930769024,9.625039506299625,62.28706027379805,70.82433431863421,76.34429146755961,81.90094946925538,86.44237411566621,89.27106599937271,93.06501452643538,96.94085441961516,100.85806235038419,110.48310185668382
107,2000,0.0425531914893617,-1.1267846139028994,-1.9803718623853572,-2.1341418487063035,-1.1930224641390001,-1.2143722199355633,-1.4175450855415828,-1.4490115987732228,-1.2540637793928326,-1.1258740238748568,-1.12736825894308,65.9840778400664,9.097451897332025,4.070819975422807,5.452765659429794,4.826722210996188,3.391229515703803,1.992755855581164,3.0596020558688695,3.063970156282859,10.348783510575707,65.9840778400664,75.08152973739843,79.15234971282123,84.60511537225102,89.43183758324722,92.82306709895101,94.81582295453218,97.87542501040105,100.93939516668391,111.28817867725962
107,3000,0.08663760968056433,-1.103643226640345,-2.3734591094065864,-1.748190268184267,-1.164048772489763,-1.5010090338745972,-1.285884202124374,-1.4386067376202525,-1.2541237180804201,-1.2473954405012446,-1.1233419682596892,71.0826145930123,9.521010497965932,5.795025771582702,5.852974465976484,3.331432241975726,2.811175448366626,2.161007399370204,2.6997812466879467,2.6522572687110033,6.801822365221385,71.0826145930123,80.60362509097823,86.39865086256093,92.25162532853741,95.58305757051315,98.39423301887977,100.55524041824998,103.25502166493793,105.90727893364893,112.70910129887031
107,4000,0.10638297872340426,-1.1337413550296758,-1.1484348586067048,-1.1938363181353844,-1.1000696750020151,-1.590079478226941,-1.298634264100829,-1.4007715075748681,-1.2967331897528231,-1.3135167428202674,-1.2046083243564911,78.58707625182149,6.860768292330908,5.848371901559658,7.686272211863803,3.1016384996855173,1.9132317969725847,2.2588634709270656,2.5449458020315507,2.1199183326254034,4.724056485584805,78.58707625182149,85.44784454415239,91.29621644571205,98.98248865757586,102.08412715726138,103.99735895423396,106.25622242516103,108.80116822719258,110.92108655981798,115.64514304540279
107,6000,0.08663760968056433,-1.1339563778442296,-2.0878689108218094,-1.674973381305465,-1.1693131719276453,-1.5407369849056858,-1.932667730660187,-1.2867696888550384,-1.4583049308741263,-1.34709332027247,-1.3202433052839897,81.70999485064394,8.699746168562886,6.301688296204825,5.827349316553718,3.3825399946890267,1.3921355363673227,1.7425429896301337,1.6002243828252078,1.7575168516044446,4.171375941719301,81.70999485064394,90.40974101920682,96.71142931541165,102.53877863196537,105.9213186266544,107.31345416302172,109.05599715265186,110.65622153547706,112.41373838708151,116.58511432880081
107,8000,0.11428571428571428,-1.426072569651101,-1.471229671318972,-1.188858056692415,-1.1327470336755288,-1.5623447355569766,-1.3183781640330436,-1.38328849711045,-1.5431186874628713,-1.1155862168623032,-1.1016329296083183,90.84230233079,7.02793931841164,4.292904927364873,4.070639305644143,2.2699458000993102,1.3268390534310148,1.360518908911609,1.7422822491210734,1.3141328311836236,5.688603821400779,90.84230233079,97.87024164920165,102.16314657656652,106.23378588221067,108.50373168230998,109.83057073574099,111.1910896446526,112.93337189377368,114.24750472495731,119.93610854635808
108,250,0.04548372606016888,-1.1071315521591956,-6.13557596921877,-1.102870717802726,-1.381011974063819,-1.1090439024650562,-1.1591439914478507,-1.1119557232204689,-1.111696999541464,-1.1163465699889188,-1.110477992690988,10.767811936526549,42.51650674806467,10.953387718224203,17.870873814218193,1.386154109484802,11.723494783931628,9.751843204311982,1.3636149244984574,1.3696697511282556,1.3716150023915263,10.767811936526549,53.28431868459122,64.23770640281542,82.10858021703362,83.49473432651843,95.21822911045005,104.97007231476204,106.3336872392605,107.70335699038876,109.07497199278028
108,500,0.04548372606016888,-1.124568560596014,-1.1322719604526084,-1.9329270861217287,-1.1150557528085314,-1.1380193387158895,-1.1395609219874445,-2.0628559402941944,-1.1230729364558134,-1.1497326794364797,-1.1364878503141531,42.66034725605988,19.222409065545968,2.8047583131439424,11.539139965452108,3.913521434512356,8.821078568377875,8.909958762089477,3.7549672101743887,1.3559109038606767,1.349403768582929,42.66034725605988,61.88275632160585,64.68751463474979,76.2266546002019,80.14017603471426,88.96125460309213,97.8712133651816,101.62618057535599,102.98209147921666,104.3314952477996
108,750,0.04548372606016888,-7.860009647637767,-1.302703840080032,-1.242272348092882,-1.3735598861396179,-1.276569340123971,-1.2186779569916895,-2.171694466559119,-2.9284957988167486,-2.1722209009564812,-1.233161589857565,28.23746105440631,23.06375350170795,11.256652787658126,10.944007431658179,8.138246352174335,5.456769211672663,9.634685567100949,3.8484557478754464,3.315931323013194,1.8050770580748607,28.23746105440631,51.30121455611426,62.55786734377239,73.50187477543057,81.6401211276049,87.09689033927756,96.73157590637851,100.58003165425396,103.89596297726715,105.701040035342
108,1000,0.04548372606016888,-1.1211681780771505,-1.1450245941285426,-1.152285624206295,-1.1466656425862043,-14.175376306002342,-7.924252253728076,-1.1366236907741147,-1.1428503150472076,-1.1205894248345711,-20.728601919677537,27.410277002883785,32.32282420347879,1.346415112142231,10.75487447797351,11.935879588543282,1.3780360705465853,11.968641375340752,5.892920897008312,1.9727989799425325,1.3483214679442606,27.410277002883785,59.733101206362576,61.07951631850481,71.83439079647832,83.7702703850216,85.14830645556819,97.11694783090894,103.00986872791725,104.98266770785979,106.33098917580405
108,1500,0.04548372606016888,-1.2135934699595943,-1.1811159267949858,-1.2198462075946535,-10.174124937462874,-2.327528328389798,-1.225680606996551,-10.731512046936768,-1.1813127189015251,-1.1952675005812945,-1.2120386739222555,32.40518646482953,6.60451287255828,17.619878886660604,17.92258226722127,10.727046438969609,4.7561005276679795,8.272309034667238,7.011692058220829,3.3588042410534853,1.4427901743533098,32.40518646482953,39.00969933738781,56.629578224048416,74.55216049126969,85.2792069302393,90.03530745790728,98.30761649257451,105.31930855079534,108.67811279184883,110.12090296620214
108,2000,0.04548372606016888,-1.2005113542812116,-2.5187928813030025,-1.1783898560793697,-1.1843421311873428,-1.160601939650037,-1.1893413134946749,-1.1887829989813783,-1.180995168361965,-1.1841717003414005,-1.1645730346478733,35.62291904190954,13.130536684167211,16.95276080287247,14.63504405638929,7.4163476480015795,2.902607749078669,9.450218862366551,7.488274136003675,2.1586160413719035,1.4272308626018608,35.62291904190954,48.75345572607675,65.70621652894923,80.34126058533852,87.7576082333401,90.66021598241876,100.11043484478532,107.59870898078898,109.75732502216088,111.18455588476274
108,3000,0.04548372606016888,-1.1838855639715606,-2.117283358080204,-1.3422509006630636,-1.2728993442712797,-1.2423603734469668,-1.2420027510150362,-1.3297191856631652,-3.1384787544803157,-1.3018822299685495,-4.494670513772455,42.9665266453605,17.207472570931493,7.350239577785066,11.007868165794058,3.898876695956867,6.622865639326237,6.843968139311151,6.484950992516065,4.598305402619218,1.4226304812600121,42.9665266453605,60.173999216291996,67.52423879407706,78.53210695987113,82.430983655828,89.05384929515424,95.8978174344654,102.38276842698146,106.98107382960067,108.40370431086069
108,4000,0.04548372606016888,-1.6554539704629443,-1.4837759372289216,-1.1644265333394674,-1.3766428217785878,-1.4408932679756523,-1.304721475271422,-1.2316913824514657,-1.2245304069167808,-1.2635235089257209,-1.9569774676218028,24.165237490402973,30.670056874501398,4.018827637629029,16.573515816629737,5.4727866163921455,7.163970862072198,5.747871644832852,5.523720851514108,6.895381081385121,4.3638678335411285,24.165237490402973,54.83529436490437,58.8541220025334,75.42763781916314,80.90042443555528,88.06439529762747,93.81226694246033,99.33598779397444,106.23136887535956,110.5952367089007
108,6000,0.04548372606016888,-1.171803091256988,-1.174843616734726,-1.208905685711978,-1.9994641929883947,-1.3192984051271321,-2.085022235884953,-1.208903316657922,-1.2009399652692228,-3.797971924031982,-1.2455934739389272,40.19291256534824,17.32048817035554,8.998112298047324,10.573411583372,1.4239225136555937,7.432727709322325,7.33516893562199,6.381880676532411,6.3539167583501275,3.2891661509304626,40.19291256534824,57.513400735703776,66.5115130337511,77.08492461712311,78.5088471307787,85.94157484010103,93.27674377572302,99.65862445225542,106.01254121060555,109.30170736153602
108,8000,0.04548372606016888,-1.1075382532837779,-1.1068547156316861,-1.9336029455592225,-4.380193072123266,-1.4159461088930554,-21.760207271689858,-1.115408551760622,-1.1094591649494276,-1.1290907659806022,-1.1179331993601238,56.10512774039583,8.750978350519137,8.259126625337899,7.707800234024445,1.359963723860115,2.451862747470477,8.353763284355885,6.656411850797996,7.1806395841589215,9.556756854712646,56.10512774039583,64.85610609091496,73.11523271625286,80.82303295027731,82.18299667413743,84.6348594216079,92.98862270596379,99.64503455676179,106.82567414092071,116.38243099563336
109,250,0.06887083555737854,-1.1670388700689744,-6.53753536522976,-1.1231860448236204,-1.1042899589974322,-1.1012921451042155,-1.1278002495881236,-2.0328723176665435,-1.1183608076876994,-1.1189149002244227,-1.1190897625324316,32.59620593071854,31.775433107405327,3.602137691161453,7.049094684258209,4.70590879025117,3.8915555940701596,6.6005408927567615,7.516717627183988,4.286730137294868,11.994674928898746,32.59620593071854,64.37163903812387,67.97377672928533,75.02287141354354,79.72878020379471,83.62033579786487,90.22087669062162,97.73759431780562,102.02432445510048,114.01899938399923
109,500,0.06887083555737854,-1.1080660054726112,-1.1002748988367008,-1.1197974919215925,-1.115057606773589,-1.107074151888384,-1.1003294042069456,-8.32733234733973,-1.1035361563682295,-1.1000433454699219,-1.099712405525604,24.55086861749497,43.09446741007952,9.914622229887566,12.63061806091438,6.803518517494176,1.3163590136807044,1.3119207742060182,2.4219367120880406,4.630557099511805,9.82665819462498,24.55086861749497,67.64533602757449,77.55995825746206,90.19057631837643,96.99409483587061,98.31045384955132,99.62237462375734,102.04431133584538,106.67486843535718,116.50152662998217
109,750,0.06887083555737854,-3.45223402200795,-1.1045586302866375,-1.1391562472088883,-1.128599115889978,-6.8604760049268165,-1.1007733151649015,-2.367532536492238,-1.3165859334742143,-1.1102274921809308,-1.1309468396839062,36.61807502526605,31.687873935834673,13.75592627598374,7.670898241821643,2.1222806522460758,6.355224639894665,4.006290107405356,4.412272161459162,3.655908814279652,1.3171813616269987,36.61807502526605,68.30594896110073,82.06187523708446,89.73277347890611,91.85505413115219,98.21027877104686,102.21656887845222,106.62884103991138,110.28474985419103,111.60193121581803
109,1000,0.06887083555737854,-1.107479441446472,-21.197301155981094,-1.1078840816101234,-1.1000191272509334,-1.0995795428679527,-1.1079494175545879,-1.10685985923647,-1.1002320872292812,-1.0983690930154486,-1.1109595354363178,27.65457839038742,34.985563987141035,16.806651602752794,10.50746831147887,1.3221893769969317,10.337491934554265,2.5083622074540637,5.2643872369933735,2.3103171313832807,1.3187849997300947,27.65457839038742,62.640142377528456,79.44679398028126,89.95426229176013,91.27645166875706,101.61394360331133,104.1223058107654,109.38669304775877,111.69701017914205,113.01579517887215
109,1500,0.06887083555737854,-7.4491286854619645,-1.3328088984997235,-1.1719313923148555,-17.265675739299937,-2.060353461000309,-1.1641887820684897,-1.1597883746997684,-1.180267719544755,-1.1470988985016066,-1.1778025818859987,25.332397381701284,41.919864017696625,13.657857744556338,9.103275706189763,1.3821977582431106,9.142003606296132,1.9959788844955115,5.829620885400669,2.984397538859799,1.3511815894594355,25.332397381701284,67.25226139939791,80.91011914395425,90.01339485014401,91.39559260838712,100.53759621468325,102.53357509917876,108.36319598457943,111.34759352343923,112.69877511289866
109,2000,0.06887083555737854,-1.13829321881913,-2.4917751122358505,-1.1012455522275335,-1.1278461202680794,-1.1193861052702156,-1.107030975516901,-1.1122805570880554,-1.1144703100351379,-1.1172780760642635,-1.1171129708407825,41.58597619838723,21.131309244833098,9.279701924470558,20.526038609024383,1.3284818995049394,8.183313378581268,1.6055861424921236,4.242903668216471,2.9793449282504874,1.334297705998789,41.58597619838723,62.71728544322033,71.99698736769088,92.52302597671526,93.8515078762202,102.03482125480147,103.6404073972936,107.88331106551007,110.86265599376055,112.19695369975935
109,3000,0.06887083555737854,-1.194028884253635,-3.143919530894914,-1.1850987507609583,-1.1989702636540254,-1.1804824183898912,-1.168169308137705,-1.1959687807704293,-7.858397571182671,-1.1803534871079355,-1.2868306263481402,46.016904626140274,26.468310944949124,6.233134556262286,6.55568510487743,6.28924063613734,10.491463033438507,3.724843929662077,1.9822535859726766,2.176538469850829,2.351364193776517,46.016904626140274,72.4852155710894,78.71835012735168,85.27403523222911,91.56327586836645,102.05473890180495,105.77958283146702,107.7618364174397,109.93837488729052,112.28973908106704
109,4000,0.06887083555737854,-1.0990448070045296,-1.102997582919547,-1.1043266012086619,-1.9917065375309702,-1.2417840921420351,-1.1007235617271922,-1.1056312044409018,-1.1245647601491946,-1.1001217193779593,-1.147468539290312,51.17019855698246,25.928161875498795,6.793718469144961,1.3543526216415829,6.01863496532781,13.49932171417759,3.2088318626008556,1.584521075453475,1.3881260139890692,1.3122130389311621,51.17019855698246,77.09836043248126,83.89207890162622,85.2464315232678,91.26506648859561,104.7643882027732,107.97322006537406,109.55774114082755,110.94586715481661,112.25808019374777
109,6000,0.06887083555737854,-1.1046448584190962,-1.1045906459094512,-1.2629717758807626,-3.637611472664428,-1.373564811478868,-5.192915526382524,-1.1129287196741098,-1.1052623728141966,-16.482898740032454,-1.3155713812014938,68.88520661214415,20.07257349418871,2.356326349584168,3.605389436049819,6.840048559884586,5.873112443764175,1.3311019276483167,1.3162767569270089,1.7752863616508154,1.3165324160772087,68.88520661214415,88.95778010633285,91.31410645591701,94.91949589196683,101.75954445185141,107.63265689561558,108.9637588232639,110.28003558019091,112.05532194184173,113.37185435791893
109,8000,0.06887083555737854,-1.1422184809205937,-1.1146073929211884,-16.150589281030605,-1.119824900749236,-4.454305251812919,-20.930366506541155,-1.1186521861115741,-1.105212103244991,-1.1058541052927144,-1.1246277955312793,67.14492843869547,22.848846174220533,6.202332944119199,4.675928897538082,3.5510170297243606,1.3861173570452299,4.845882576203492,1.3487075437169027,1.348242242202279,1.347803342738037,67.14492843869547,89.99377461291601,96.19610755703522,100.8720364545733,104.42305348429767,105.8091708413429,110.6550534175464,112.0037609612633,113.35200320346557,114.6998065462036
110,250,0.06470896515270728,-1.1308159275493246,-2.3966696859983907,-1.1298225799149,-1.1338753330078752,-1.1210120436833275,-1.111471315705479,-1.1175448069403622,-1.1227421315578847,-1.118215386132785,-1.1425387778698815,40.167820926020894,19.77152762169439,12.272887463145661,3.199601493188659,5.256430683511088,20.29143333601707,1.3363171555484676,3.2704115376481404,2.3667566276586696,1.3213680324669967,40.167820926020894,59.939348547715284,72.21223601086095,75.4118375040496,80.66826818756068,100.95970152357776,102.29601867912623,105.56643021677438,107.93318684443305,109.25455487690004
110,500,0.06470896515270728,-1.1169282925198236,-1.1172793975790598,-1.1167399729170993,-1.1243216730113654,-1.1073967743798394,-1.1380582707712974,-2.564025992452823,-1.326029960552626,-1.1210785363015976,-1.1544006915882457,5.498346572941317,45.95597073433241,23.204185467423116,10.969075158732124,6.976099892743031,1.3694650512312938,6.0365281411986516,8.582229568366468,4.326572929433196,1.3460156596668913,5.498346572941317,51.454317307273726,74.65850277469684,85.62757793342897,92.603677826172,93.97314287740329,100.00967101860195,108.59190058696842,112.91847351640162,114.26448917606851
110,750,0.06470896515270728,-1.098,-1.098,-1.098,-1.112484232428292,-11.978984296693353,-1.12545,-7.100293203416804,-3.1603698731452954,-2.0493087342571683,-1.11515625,-5.82,46.1,28.435891158005347,13.36098760940888,5.287973954236733,1.3100000000000023,4.892965067040436,9.455915826846649,10.328091502771358,3.2481748816905878,-5.82,40.28,68.71589115800535,82.07687876741423,87.36485272165096,88.67485272165096,93.5678177886914,103.02373361553805,113.3518251183094,116.6
110,1000,0.06470896515270728,-1.105903546179865,-4.790063198858373,-1.1020965884270475,-1.1027618611927599,-1.1154157390014618,-1.1122881561438298,-1.116481203306094,-1.1132691155669203,-1.1044175438921093,-8.379263134406322,15.872490731700196,40.20046214089267,24.007051784805014,8.644936497353225,1.3459430795398868,6.499248573232354,1.3470716849021818,12.027664553937441,4.113608298761349,1.3882598090700657,15.872490731700196,56.072952872592865,80.08000465739788,88.72494115475111,90.070884234291,96.57013280752335,97.91720449242553,109.94486904636297,114.05847734512432,115.44673715419438
110,1500,0.06470896515270728,-10.970163376903052,-1.6131822315583473,-1.0985765849385696,-1.1027015909521003,-1.9212190768662554,-1.1163998299047115,-1.1163998299047115,-1.1163998299047115,-1.1163998299047115,-1.1163998299047115,28.55524998137586,39.44204100051563,19.49974789244053,13.498806308569883,1.3107439863661017,7.979554937052846,2.3734076442489576,1.3107205037079344,1.3107288790988676,1.3107367193124975,28.55524998137586,67.9972909818915,87.49703887433202,100.9958451829019,102.30658916926801,110.28614410632085,112.6595517505698,113.97027225427775,115.2810011333766,116.5917378526891
110,2000,0.06470896515270728,-1.1221920776306478,-2.548493283963208,-1.1210678211661214,-1.0995681507496178,-1.2213872039757026,-1.1417649957297535,-1.126357368145893,-1.1404332510344242,-1.1172151852340715,-1.1675856875511537,53.26554807493639,19.630312335151707,9.487904342179831,14.393661959315075,1.3194060951162463,5.50388827192517,5.034292791339267,3.6288528362560424,1.5110674865873093,1.3540055404178197,53.26554807493639,72.89586041008809,82.38376475226792,96.77742671158299,98.09683280669924,103.60072107862442,108.63501386996369,112.26386670621973,113.77493419280704,115.12893973322485
110,3000,0.06470896515270728,-1.3510503364499806,-1.824899875717339,-1.100254423901184,-1.2902243446338675,-1.2733571899598681,-1.24131516487272,-1.27551472557922,-2.9667001589383872,-4.4979638842806295,-1.291285147403519,48.11206073865685,42.83087574872408,6.1592920048730875,4.258756934108472,1.333896051757952,1.341361559485886,1.3332654786021871,6.415272195154557,3.0226354905434114,1.325392811107844,48.11206073865685,90.94293648738093,97.10222849225403,101.3609854263625,102.69488147812045,104.03624303760634,105.36950851620853,111.78478071136308,114.80741620190649,116.13280901301434
110,4000,0.06470896515270728,-1.0990015921374088,-1.1006897273534078,-1.1004521288396818,-2.1921937732420544,-1.3377987702196554,-1.0987414129288462,-1.0983005639994534,-1.099126850203184,-1.0982056218763052,-1.0984140234671553,65.99034109072764,36.5637569808498,4.725133617879392,1.3142064338045247,1.3127996575999195,1.310911280372753,1.3102129223852683,1.3111047631813957,1.3118832009633719,1.3111611210656733,65.99034109072764,102.55409807157744,107.27923168945684,108.59343812326136,109.90623778086129,111.21714906123404,112.5273619836193,113.83846674680069,115.15034994776406,116.46151106882974
110,6000,0.06470896515270728,-1.7147550484197955,-1.104366703105129,-1.3789761938465128,-1.1160611071598927,-1.6141565702941039,-8.719601587076767,-1.1170861994206298,-1.1172287351098582,-2.3715879509132183,-1.113317157267851,88.40048798896936,17.588733806555474,1.3160642997855985,1.3156947940195138,1.318482738489648,1.3181713131709443,1.3305392718224303,1.3165307764032081,1.31730406230038,1.3168094369405638,88.40048798896936,105.98922179552483,107.30528609531042,108.62098088932993,109.93946362781958,111.25763494099053,112.58817421281296,113.90470498921617,115.22200905151655,116.53881848845711
110,8000,0.06470896515270728,-1.098,-1.098,-1.098,-1.098,-4.052503855777633,-1.098,-1.098,-1.098,-1.098,-1.098,81.00130527844955,22.0811295727478,2.8802771014764943,2.264366762414383,1.8229212849117715,1.3100000000000023,1.309999999999988,1.3100000000000023,1.3100000000000023,1.3100000000000023,81.00130527844955,103.08243485119735,105.96271195267384,108.22707871508823,110.05,111.36,112.66999999999999,113.97999999999999,115.28999999999999,116.6
111,250,0.07097603254872804,-1.1099676681174353,-8.019299555014985,-1.1278855592161556,-1.8366780125643434,-1.1086081854873164,-1.1212802378050366,-1.1091805857625823,-1.1041609979298022,-1.1145996522419566,-1.1282610996206168,44.86926390266707,2.590100378418672,9.675416278446814,19.59201641993461,6.605827177263077,10.467073036417492,1.3277250737046282,6.275215734820987,5.0302816792043465,9.938465829888429,44.86926390266707,47.45936428108574,57.13478055953256,76.72679697946717,83.33262415673025,93.79969719314774,95.12742226685236,101.40263800167335,106.4329196808777,116.37138551076613
111,500,0.07097603254872804,-1.0990376254437857,-1.1016784222490075,-1.1453125728155102,-1.1013279322067135,-1.099388040116886,-1.102758591799872,-3.3862057900849143,-1.1003275868897529,-4.512884185342376,-1.5411835756134367,40.05909639994542,28.068043902681012,6.6847806798402765,7.4448042444456455,5.280270767152199,5.390163894977787,2.061607725219826,6.10635623282235,5.67713628041723,1.31713237051954,40.05909639994542,68.12714030262643,74.8119209824667,82.25672522691235,87.53699599406455,92.92715988904234,94.98876761426217,101.09512384708452,106.77226012750175,108.0893924980213
111,750,0.07097603254872804,-8.373932267717759,-1.2200629522907143,-1.2856332237209158,-1.1990267702215789,-2.323438703739452,-1.233516260091835,-1.357223385781979,-1.689234252538494,-2.426728407720214,-1.466675042443124,35.67572906875719,23.746522600866754,14.335173392014163,8.541469890023265,6.870000942038253,1.4587086253783403,3.5951112583873277,9.546812658873048,6.637179142773181,1.3110472538743267,35.67572906875719,59.42225166962395,73.75742506163812,82.29889495166138,89.16889589369964,90.62760451907798,94.22271577746531,103.76952843633836,110.40670757911154,111.71775483298586
111,1000,0.07097603254872804,-1.098,-1.0980000000000998,-1.098,-1.098,-22.07,-6.527470812905192,-1.098,-1.098,-1.098,-1.1528999999999003,21.69256277156226,34.38522293330223,10.697621275355871,17.542003337857096,6.865927047128409,1.3100000000000023,6.233061608685659,6.7097103536860345,4.297492063578375,6.866398608844051,21.69256277156226,56.077785704864496,66.77540698022037,84.31741031807746,91.18333736520587,92.49333736520587,98.72639897389153,105.43610932757757,109.73360139115594,116.6
111,1500,0.07097603254872804,-1.1164669280992596,-1.108168048876638,-1.1127333900562855,-12.756431585888969,-2.2023753989306947,-1.1161451210636324,-1.1023237815300084,-1.1023833450731146,-1.1143508240883389,-1.111288397370676,33.453769745118095,40.690963029495336,6.201495585884224,8.626812437096362,9.672190942553964,1.3541235880006552,1.3386896071883903,4.479276375743014,4.7835588016589465,5.990979392569816,33.453769745118095,74.14473277461343,80.34622836049766,88.97304079759402,98.64523174014799,99.99935532814865,101.33804493533704,105.81732131108005,110.60088011273899,116.5918595053088
111,2000,0.07097603254872804,-1.0992087649547302,-2.7935083142480863,-1.1100570387959854,-1.1059402181615212,-1.5264955805221994,-1.1182280059302325,-1.1016642320621406,-1.1040342236464946,-1.1065704900143696,-1.111992017402252,35.24475299129985,30.7975133324677,10.447343064856675,1.3254546785917554,13.213241908910938,5.348856733901508,1.3203720325299622,1.3201734549524944,4.957219472940281,12.111348190757809,35.24475299129985,66.04226632376755,76.48960938862422,77.81506406721597,91.02830597612692,96.37716271002843,97.69753474255839,99.01770819751088,103.97492767045117,116.08627586120897
111,3000,0.07097603254872804,-1.3336182947276178,-2.0543200037992193,-1.5120555984791793,-1.3688209526537851,-1.355826360948249,-1.2799611701430438,-1.2852949801887297,-2.5211292623244006,-6.15880737100899,-1.119269800125084,28.278962657134173,38.65873398988329,6.739414339929301,7.047796573447528,8.330178048246232,1.5793198324177702,7.249405433355733,1.6636183355514227,1.3569255638315383,5.644365413393295,28.278962657134173,66.93769664701746,73.67711098694676,80.72490756039429,89.05508560864052,90.63440544105829,97.88381087441402,99.54742920996544,100.90435477379698,106.54872018719027
111,4000,0.07097603254872804,-1.6233152768695192,-1.1274629226891197,-1.1130619953213086,-1.6048234049209582,-1.488715781127722,-1.1420672287221185,-1.1088704920133292,-1.1283114982836389,-1.1611916449394704,-1.1341988603971354,22.4026380210071,40.439752773195934,10.405943875721988,9.747144215972725,5.417399858614912,1.6529899789991758,1.3731928864397505,8.66679381436467,5.618000620273193,7.490162613378843,22.4026380210071,62.842390794203034,73.24833466992501,82.99547888589774,88.41287874451265,90.06586872351183,91.43906160995158,100.10585542431625,105.72385604458944,113.21401865796828
111,6000,0.07097603254872804,-1.1552711311654154,-1.18660487058711,-1.169954393763815,-2.2587964212458136,-1.217970411866732,-1.6460591751015556,-1.1878129607540355,-1.182841810702869,-1.4108170522888717,-1.20554950187287,32.84653885290231,15.254398509559593,12.680483844226785,24.84060588771777,5.228149643894088,2.292063497068991,1.4321902256972034,2.336564107632271,3.0970664498082012,7.12881767905062,32.84653885290231,48.100937362461906,60.78142120668869,85.62202709440646,90.85017673830055,93.14224023536954,94.57443046106674,96.91099456869901,100.0080610185072,107.13687869755782
111,8000,0.07097603254872804,-1.1170101908631787,-1.120694624042467,-2.3727335863841574,-1.1019346673220993,-2.996430973449538,-19.258923982577706,-1.1032107267120161,-1.0984647410936814,-1.1025019108712613,-1.1361494061039346,52.918071022597076,3.5056237914411454,1.6584053941592751,6.152671676461267,12.677485823471635,11.057155160770783,5.336186088426556,1.3623865041056922,1.3343184857695771,9.51721505221871,52.918071022597076,56.42369481403822,58.082100208197495,64.23477188465876,76.9122577081304,87.96941286890117,93.30559895732773,94.66798546143342,96.00230394720299,105.5195189994217
112,250,0.08686796731755715,-1.09800000000005,-1.098,-1.098,-2.2075582131211418,-1.098,-1.15289999999995,-1.098,-1.098,-22.07,-1.098,73.2346173235155,1.3100000000000023,4.235637332215674,17.229826241043128,9.813849101487534,1.3100000000000023,5.536070001738153,1.3100000000000023,1.3100000000000023,1.3100000000000023,73.2346173235155,74.5446173235155,78.78025465573117,96.0100808967743,105.82392999826183,107.13392999826183,112.66999999999999,113.97999999999999,115.28999999999999,116.6
112,500,0.08686796731755715,-1.098,-1.1528999999999994,-1.5643666864683448,-1.098,-1.0980000000000008,-1.098,-1.8556093182673024,-22.07,-1.098,-1.3638049031187192,75.0068357219845,4.812335630173649,7.797123474482447,4.863828035107048,1.3100000000000023,8.907316564033877,4.683271377729554,1.3100000000000023,1.3100000000000023,6.599289196488911,75.0068357219845,79.81917135215815,87.6162948266406,92.48012286174765,93.79012286174765,102.69743942578152,107.38071080351108,108.69071080351108,110.00071080351108,116.6
112,750,0.08686796731755717,-3.9058043021194706,-1.1799758296051759,-1.5188155202119864,-1.1694850412544788,-6.262477520934432,-1.1764782457073921,-1.162602935392993,-1.174175811189814,-6.102312130865528,-1.1463681026312127,71.02999261152792,6.731801948106302,9.020914513635134,1.424160671289763,5.721780883136351,9.562330513042696,3.4434261340609105,2.07437048010265,1.905648362903701,1.3909485434420121,71.02999261152792,77.76179455963421,86.78270907326934,88.20686974455911,93.92865062769546,103.49098114073816,106.93440727479907,109.00877775490171,110.91442611780542,112.30537466124743
112,1000,0.08686796731755715,-1.0997077946000218,-1.1004930255615877,-1.1020112333461252,-1.1002604684667476,-10.306135258779438,-3.660805041953447,-1.099108493118767,-1.1020334940401613,-21.906578665408034,-1.1037663979405061,60.88071905148041,20.42739624710208,1.3155159322321524,2.19483813681187,12.038844389350437,5.8792591411633595,2.7160639732371905,1.3140155755243286,2.2839948769423613,7.438706025792639,60.88071905148041,81.30811529858249,82.62363123081465,84.81846936762652,96.85731375697696,102.73657289814032,105.4526368713775,106.76665244690183,109.05064732384419,116.48935334963683
112,1500,0.08686796731755717,-1.148349019757216,-1.1067985482804827,-1.1736652616718635,-1.9085796873778778,-3.4135751279211277,-1.180808049235063,-14.42759590010283,-1.15664761653448,-1.1458458554613546,-1.2247035446806271,63.28533017098579,22.917460534323766,1.3743798543792014,2.167092120970854,4.154459782369374,3.143858753440485,4.319703432521088,5.40646541765819,3.1696793918444026,6.255591773626115,63.28533017098579,86.20279070530955,87.57717055968875,89.7442626806596,93.89872246302897,97.04258121646946,101.36228464899054,106.76875006664872,109.93842945849312,116.19402123211924
112,2000,0.08686796731755715,-1.0980592471881527,-3.548413955700951,-1.1181587695752717,-1.1108072913197793,-1.3682943720759009,-1.1067805624428502,-1.1042374185565103,-1.114974079046061,-1.108250468212125,-1.1060601792629732,59.421897222393056,24.017983763276952,11.015034779497327,3.575791562671231,3.7044963041576864,1.311446511970898,7.710372906184296,2.9899853033650974,1.3138242532709448,1.3135192189517468,59.421897222393056,83.43988098567002,94.45491576516734,98.03070732783857,101.73520363199626,103.04665014396716,110.75702305015145,113.74700835351655,115.0608326067875,116.37435182573924
112,3000,0.08686796731755717,-1.1176465496685992,-2.075433626285405,-1.190831862318114,-1.1868719508583867,-1.2027810573124338,-1.1964116497925241,-1.1582224631470113,-2.3471132447702123,-5.122481633255401,-1.3729614384223594,91.3861532883868,1.3963696922023145,2.566147673601563,9.529806116306307,1.3588809862219557,1.3128008863220773,1.4324692853609498,1.3116151527333475,1.311325988286451,1.3128394240380152,91.3861532883868,92.7825229805891,95.34867065419067,104.87847677049697,106.23735775671894,107.55015864304102,108.98262792840197,110.29424308113532,111.60556906942178,112.9184084934598
112,4000,0.08686796731755715,-1.1528999999999971,-1.0980000000000003,-1.0980000000000003,-1.6427933689469234,-4.013103888968123,-1.0980000000000003,-1.0980000000000003,-1.0980000000000003,-1.0980000000000003,-1.0980000000000003,75.5425273880162,6.105033058246933,8.537678372099652,9.419521585284425,5.108870465111638,1.9730423978183473,5.983326733422797,1.3100000000000025,1.3100000000000025,1.3100000000000025,75.5425273880162,81.64756044626313,90.18523881836278,99.6047604036472,104.71363086875884,106.68667326657719,112.66999999999999,113.97999999999999,115.28999999999999,116.6
112,6000,0.08686796731755715,-1.1023999957915152,-1.1193079004056745,-1.1307938073554746,-18.658420205245392,-1.1329619431102205,-3.023215280588902,-1.13333779790413,-1.1362818292531505,-2.880765032957468,-1.1253652031127972,86.24660187683594,1.3506134696649945,2.2220794208575754,6.45375250918428,6.0313280864387195,1.734434472981901,7.055195065156028,1.327690014936421,2.27579747627117,1.3336862633613453,86.24660187683594,87.59721534650093,89.81929476735851,96.2730472765428,102.30437536298152,104.03880983596342,111.09400490111945,112.42169491605587,114.69749239232704,116.03117865568838
112,8000,0.08686796731755715,-1.0980000000000252,-1.0980000000003496,-2.536794223543982,-1.098,-2.240504947484629,-1.6152419584917934,-1.098,-1.098,-1.098,-22.07,98.01134203338735,5.83992176437242,1.3100000000000023,1.3100000000000023,1.3100000000000023,1.7131879368260314,1.3100000000000023,1.3100000000000023,1.3100000000000023,3.1755482654141787,98.01134203338735,103.85126379775977,105.16126379775977,106.47126379775978,107.78126379775978,109.49445173458581,110.80445173458581,112.11445173458581,113.42445173458582,116.6
113,250,0.09350159114019671,-1.1055102616361605,-6.822420261161536,-1.1227410763814705,-3.0449520097233815,-1.1181923016965851,-1.11638203097636,-1.10535817490288,-1.1045166630598082,-1.1082941180255341,-1.1205513457386505,47.20555552955912,29.144662456766554,2.7384624100874913,2.687249505258512,1.3169613485094391,6.575566580245535,10.226875527551329,4.1186039415762785,2.9416471420627346,1.3344119287685023,47.20555552955912,76.35021798632567,79.08868039641317,81.77592990167167,83.09289125018111,89.66845783042665,99.89533335797798,104.01393729955426,106.95558444161699,108.2899963703855
113,500,0.09350159114019671,-1.1162723471286138,-1.1114715079402342,-1.5546082671723553,-1.1261363900481514,-1.111070105427789,-1.1308152856267029,-12.257256797203986,-1.1104843251762593,-4.0936447087113805,-1.1019763016353274,17.39948976421922,45.5312994110909,6.913809952393226,3.320626355120016,16.621642877322316,1.336745126233053,2.8823733171651726,6.184790874984184,6.81885755379799,1.3395664546479384,17.39948976421922,62.93078917531012,69.84459912770335,73.16522548282336,89.78686836014568,91.12361348637873,94.0059868035439,100.1907776785281,107.00963523232608,108.34920168697401
113,750,0.09350159114019672,-2.0143397782071695,-1.3274876562414368,-1.2826955546446972,-1.2678116875154277,-1.3879900607653504,-1.291905062688826,-1.3970549087783537,-1.3287426033275644,-1.2975719640212184,-1.2740179422008437,37.67217581744289,30.315202223263583,3.7202871716371355,7.356018054678536,9.74208314257531,1.5236934772682043,2.4718073740306927,6.629186058904629,6.3265050689199,2.476056686838519,37.67217581744289,67.98737804070647,71.70766521234361,79.06368326702216,88.80576640959747,90.32945988686568,92.80126726089637,99.43045331980099,105.75695838872089,108.23301507555941
113,1000,0.09350159114019671,-8.225298389173666,-1.107527484965328,-1.1134777354950463,-1.100451036194333,-1.112435742784446,-1.1038594144662541,-1.11770131447954,-1.11393314970364,-1.1130996507734796,-4.631935936461639,36.50982544701239,38.950916654464905,1.3483637727892246,1.9510609168271094,9.5976980907405,2.7206627577699987,3.9288138255302165,3.7364456429653643,4.134887391857301,13.551782680367097,36.50982544701239,75.4607421014773,76.80910587426652,78.76016679109362,88.35786488183413,91.07852763960413,95.00734146513435,98.74378710809971,102.87867449995701,116.43045718032411
113,1500,0.09350159114019671,-1.118943665594069,-1.1102247727643086,-1.1062765537115578,-1.1009083505636839,-8.548511053267756,-1.1050045122604644,-1.1134300837917546,-1.1135749096386887,-1.1158670675303943,-1.124218404070409,24.82334569531561,43.49961556883905,6.824052631132647,5.665542148362862,7.160783825708865,7.744521533935107,4.546575574921974,1.5570620968289006,1.3177352435635172,8.692776610208064,24.82334569531561,68.32296126415466,75.1470138952873,80.81255604365016,87.97333986935902,95.71786140329414,100.26443697821611,101.82149907504501,103.13923431860853,111.8320109288166
113,2000,0.09350159114019671,-1.110503366016069,-4.823905327909211,-1.1042659305236615,-1.103766868564409,-1.459823463458573,-1.1052480813492176,-1.1142732794283225,-1.103176306543174,-1.1073798128090582,-1.113262384394738,29.421714798382368,35.72007958973458,6.27777541114056,11.953901599298817,6.554329583977257,1.3315427528738772,4.313357796918268,1.9255791848506174,4.879635809665199,7.757439846306241,29.421714798382368,65.14179438811695,71.41956979925752,83.37347139855633,89.9278009825336,91.25934373540747,95.57270153232574,97.49828071717636,102.37791652684156,110.1353563731478
113,3000,0.09350159114019672,-1.4585202276874711,-1.1722442571804954,-1.4361916525684035,-1.287396463491507,-1.2253240384725832,-1.1481091213002055,-1.188674746291576,-1.2275016574812443,-1.1910347755150215,-1.429205716906159,42.841386908963436,36.41845830543192,4.142945354673044,2.4653823596998734,8.186066693320992,1.4066372059415913,2.5363198387053405,3.3959079190479944,4.0264990237964415,10.422428896207848,42.841386908963436,79.25984521439536,83.4027905690684,85.86817292876827,94.05423962208927,95.46087682803086,97.9971966667362,101.3931045857842,105.41960360958065,115.8420325057885
113,4000,0.09350159114019671,-1.098,-1.098,-1.098,-1.8893234063992268,-1.667318526389888,-1.098,-1.098,-1.1529,-1.098,-1.098,72.41322220099569,12.650342896243487,9.98274208974587,4.0415663767437735,8.848588589094291,1.3100000000000023,3.423537847176874,1.3100000000000023,1.3100000000000023,1.3100000000000023,72.41322220099569,85.06356509723918,95.04630718698505,99.08787356372882,107.93646215282311,109.24646215282311,112.66999999999999,113.97999999999999,115.28999999999999,116.6
113,6000,0.09350159114019671,-1.098,-1.3244871422388336,-1.4214127290683498,-1.214148597366427,-1.380890843238623,-1.2211671515211482,-1.098,-1.098,-2.822638606552127,-1.098,89.01682732509856,7.028417732045554,5.166752643997796,1.7021179414929009,2.8824494272448646,1.3100000000000023,1.3100000000000023,1.3100000000000023,1.3100000000000023,5.563434930120309,89.01682732509856,96.04524505714411,101.21199770114191,102.91411564263481,105.79656506987968,107.10656506987968,108.41656506987968,109.72656506987968,111.03656506987969,116.6
113,8000,0.09350159114019671,-1.110725200355652,-1.115093072651105,-18.174240328514685,-1.1049073059152636,-2.0722566641822313,-9.121345212367551,-1.1090213970885676,-1.1074045481857828,-1.1074557235151716,-1.1076008660119445,97.66459563493873,2.2317633635720027,5.089891972177277,1.321928879133575,1.320513034701801,2.7037921138334013,1.3228512492771087,1.3166886109808549,1.3166031239010767,1.3165562310849617,97.66459563493873,99.89635899851073,104.98625097068802,106.3081798498216,107.6286928845234,110.3324849983568,111.65533624763391,112.97202485861477,114.28862798251585,115.60518421360081
114,250,0.06838894824312804,-1.0994691811589594,-1.1004875319721972,-1.0995551884189538,-1.3205612923053736,-1.1048509459165003,-1.1073270105109887,-1.0986074429699375,-21.278996005091763,-2.4654428902640806,-1.1037535571804062,60.780473020198166,1.3113121094088718,3.0078400052827403,1.3116817336178386,28.6251470520101,6.064262350764658,2.7868765886636244,4.252384271353524,1.3110783741072738,1.310425463614349,60.780473020198166,62.09178512960704,65.09962513488978,66.41130686850761,95.03645392051772,101.10071627128238,103.88759285994601,108.13997713129953,109.4510555054068,110.76148096902115
114,500,0.06838894824312804,-1.0997677265205463,-1.1020307984034918,-1.3209859245952544,-1.103013278621078,-1.1006095897392218,-1.0991481409341897,-21.937772664838505,-2.7524230861715013,-1.0996199896119023,-1.101564253621222,56.75943908419066,15.125729767133148,1.3116267089249498,1.3214035302255076,19.04652725531833,6.750491117007211,7.328567597369348,2.169846959905721,1.315748493260494,1.3114870236738962,56.75943908419066,71.88516885132381,73.19679556024876,74.51819909047427,93.5647263457926,100.31521746279981,107.64378506016915,109.81363202007488,111.12938051333538,112.44086753700927
114,750,0.06838894824312804,-3.2338966016681745,-1.1305306648415305,-1.1184702533732263,-1.138681292609517,-1.6810224983040203,-1.1387575271900203,-2.7012340199111984,-1.5789914702695955,-1.3027237283486004,-1.120542168370232,54.22526858170845,22.26397419027244,1.3552006503651515,2.0478612959521145,14.796542705886385,4.806796942603009,4.920839864535476,2.8016553351494977,3.330375332774357,3.1404967403537447,54.22526858170845,76.48924277198088,77.84444342234603,79.89230471829815,94.68884742418453,99.49564436678754,104.41648423132303,107.21813956647253,110.54851489924688,113.68901163960062
114,1000,0.06838894824312804,-1.106912939184176,-1.1016395424332335,-1.10566522711063,-1.1024805041025498,-5.21359767909474,-1.1060111762395977,-1.1061616170220625,-1.0988251191223348,-1.1065480413427138,-1.1082066433460387,61.936614928191744,9.831953276167035,1.3200575644426178,7.02530838560466,9.95312039979116,8.505100508091669,5.293005051433468,1.3280009256323049,2.052493957911654,3.7512371389040835,61.936614928191744,71.76856820435879,73.0886257688014,80.11393415440607,90.06705455419723,98.5721550622889,103.86516011372237,105.19316103935468,107.24565499726633,110.99689213617042
114,1500,0.06838894824312804,-2.3480399286630735,-2.5885386393301717,-1.1892131952427554,-1.1777219221308632,-3.243424144666352,-1.1949981315681737,-1.177973232032115,-1.1880116012316084,-1.1992854648156457,-1.1829022956520467,63.32084329219275,8.534423447970788,1.4165557086239167,4.166131810613834,8.650921185035823,8.504110087153812,3.942531595047509,2.1725484015923753,2.1988836756411025,7.297355936327232,63.32084329219275,71.85526674016353,73.27182244878745,77.43795425940128,86.08887544443711,94.59298553159093,98.53551712663844,100.70806552823082,102.90694920387192,110.20430514019915
114,2000,0.06838894824312804,-1.106872044237826,-4.794345560628955,-1.1106360710852998,-1.1169337167759137,-1.2485576116835189,-1.1085713600906115,-1.1113117398779937,-1.1082155612644935,-1.1164941175621284,-1.1024456158793932,50.91452597192978,21.23379741509965,1.3248814508609943,1.310220816920546,7.772159187748564,10.90748555135405,4.673189910264552,1.456967739259568,2.3349656129962675,6.2068949479023185,50.91452597192978,72.14832338702942,73.47320483789042,74.78342565481097,82.55558484255954,93.4630703939136,98.13626030417815,99.59322804343772,101.92819365643399,108.1350886043363
114,3000,0.06838894824312804,-1.183327662911973,-2.3419658755029946,-1.127968607692659,-1.1909917788047548,-1.6254456278856853,-1.1699038014098853,-1.1750099078332306,-2.7003627535723638,-4.049653038394096,-1.2860985781157739,55.92472651619612,19.225106983442252,1.3918926227523247,3.99032677434362,1.3818081746747324,12.194114245534522,6.948462609975767,3.3260394572452023,4.838739585974109,1.4331274528820925,55.92472651619612,75.14983349963836,76.54172612239068,80.5320528967343,81.91386107140903,94.10797531694355,101.05643792691932,104.38247738416452,109.22121697013863,110.65434442302072
114,4000,0.06838894824312804,-1.1099943618826869,-1.1136712087537641,-1.1012460461388374,-1.7188343551864964,-3.9681200192864328,-1.105308745798132,-1.1184166721097024,-1.1096546009092512,-1.1067477578370388,-1.137242903841297,65.32487783638081,11.570884476582961,2.5686387947536273,1.3712878596769738,2.456483735382424,14.62510704535384,10.930130703789246,5.088751671789156,1.326319484991692,1.3169859026647828,65.32487783638081,76.89576231296377,79.46440110771739,80.83568896739436,83.29217270277678,97.91727974813062,108.84741045191987,113.93616212370902,115.26248160870071,116.5794675113655
114,6000,0.06838894824312804,-1.1446348756487001,-1.971652924103815,-1.2411681706123812,-2.769281989044427,-1.9938925258619329,-4.046279931157825,-1.1531072820688633,-1.147367846724694,-1.1182820753540899,-1.1504475183885825,74.73513421824148,7.6974090424752255,1.3610315668328417,1.3598526728629667,8.359643047464825,7.991299314430659,5.108231991967163,1.3544622501402688,2.9424371581085333,5.0738471760631185,74.73513421824148,82.43254326071671,83.79357482754955,85.15342750041252,93.51307054787735,101.50436986230801,106.61260185427517,107.96706410441544,110.90950126252397,115.98334843858709
114,8000,0.06838894824312804,-1.1296429554995528,-1.1529446556946832,-7.4807747759374905,-1.1390286288772042,-7.972108989869014,-5.000394099515839,-1.1279496478501683,-1.1427112853075454,-1.1580216957495066,-1.124787100303787,79.75074575517229,6.949154497047363,3.5119345396807953,1.8283539749134077,11.610484088349114,1.3625367863792976,2.354017279679714,1.3327651647471028,1.3338789855277566,1.3321527654060379,79.75074575517229,86.69990025221965,90.21183479190044,92.04018876681386,103.65067285516297,105.01320964154226,107.36722692122197,108.69999208596907,110.03387107149683,111.36602383690287
115,250,0.1377034710556809,-1.1160540324484662,-4.018660393993602,-1.1111477658059539,-1.2747963560348592,-1.1134767422552092,-1.1092689794282649,-1.11605242613799,-1.1138162823546185,-1.111980924918446,-1.1178151951441124,35.205430874047316,14.713891193208648,11.454271028315386,9.949026750832445,8.931330857959964,23.50521204630789,3.840975326394168,1.3351025129348297,1.3377933371640807,5.939178073643881,35.205430874047316,49.91932206725596,61.37359309557135,71.3226198464038,80.25395070436376,103.75916275067165,107.60013807706582,108.93524059000065,110.27303392716473,116.21221200080862
115,500,0.1377034710556809,-1.112287392554434,-1.1084636368780716,-1.105159176125282,-1.1210143102466112,-1.1049298070726703,-1.108055685612452,-2.2256073034686006,-1.441677891390205,-1.1080367956548827,-1.8193381353597262,8.391176574431299,45.51545850651456,1.317786629275023,11.536675090269135,24.20438227751721,5.7602458226950475,2.953263082488358,7.389409621000169,7.102909443216559,2.1333465269967924,8.391176574431299,53.90663508094586,55.22442171022088,66.76109680049001,90.96547907800722,96.72572490070226,99.67898798319062,107.06839760419079,114.17130704740735,116.30465357440414
115,750,0.1377034710556809,-22.07,-1.10143125,-1.1700982630705674,-1.274904780365099,-22.07,-1.1014312499999939,-5.346438303667262,-22.07,-5.283896051074528,-1.1460375,40.185100996834514,11.929781218120269,11.179015992457444,12.136453988880305,9.093738741414512,7.03766855031644,2.161113532695211,9.882083162590618,7.923620233686748,5.071423583003934,40.185100996834514,52.11488221495478,63.29389820741223,75.43035219629253,84.52409093770704,91.56175948802348,93.7228730207187,103.60495618330931,111.52857641699606,116.6
115,1000,0.1377034710556809,-1.1528999999999976,-22.07,-1.0980000000000003,-1.0980000000000003,-1.0980000000000003,-1.0980000000000003,-1.0980000000000003,-1.0980000000000003,-1.0980000000000003,-22.07,34.10051495888173,11.334407116048448,12.268731622662507,13.521413303990022,9.980692383385847,8.476675422405581,3.2599684808757146,9.767277438823871,5.2665685766036905,8.62375069632252,34.10051495888173,45.43492207493018,57.703653697592685,71.2250670015827,81.20575938496854,89.68243480737412,92.94240328824984,102.7096807270737,107.97624930367739,116.59999999999991
115,1500,0.1377034710556809,-5.082510374673511,-1.257235939376633,-1.1704611944555996,-9.31861345383134,-2.0695711090980655,-1.1218916678663273,-1.105651981524728,-1.1229517853367081,-1.1183782613095197,-1.1530758717949157,48.722616659964004,8.43055770546528,11.07061238726103,10.783628660904174,6.981400152304797,6.265958887177831,8.909247307146597,5.671855495297791,1.371574573766857,1.4660757949560024,48.722616659964004,57.15317436542928,68.2237867526903,79.00741541359447,85.98881556589927,92.2547744530771,101.1640217602237,106.8358772555215,108.20745182928835,109.67352762424434
115,2000,0.1377034710556809,-1.099707452128134,-1.5034625855476484,-1.1082614385075868,-1.1113484749550322,-1.5683590771853222,-1.114744620031415,-1.1001264024658473,-1.1145582787537314,-1.1031371624860151,-1.1385269174151675,61.640798206635,9.505575284264168,7.540864018753865,1.3206790152834986,7.147006514175597,10.794486896111188,9.090713378951094,3.7262326928445546,3.8988726541774152,1.3119900721329292,61.640798206635,71.14637349089917,78.68723750965303,80.00791652493653,87.15492303911213,97.94940993522331,107.04012331417441,110.76635600701897,114.66522866119638,115.97721873332931
115,3000,0.1377034710556809,-1.1076039257727688,-1.424312054626793,-1.1387090828559203,-1.1230899369569824,-1.1211803276531818,-1.1458997901131358,-1.162586070492984,-3.273980442109317,-8.92968175014537,-1.1933051542677022,67.52819833924065,11.06728019471809,6.303939083281875,5.316523157364074,5.253034247325722,3.540500538692351,8.791027287433678,2.5122189080789568,1.35862414413682,1.3867753276728028,67.52819833924065,78.59547853395874,84.89941761724062,90.21594077460469,95.46897502193042,99.00947556062277,107.80050284805645,110.3127217561354,111.67134590027223,113.05812122794504
115,4000,0.1377034710556809,-1.098,-1.106578125,-1.098,-2.015034622203904,-1.1443218750000002,-1.098,-1.098,-1.098,-1.098,-1.098,62.304470817416316,32.632175142335285,1.3100000000000023,7.9820120606546965,5.821341979593697,1.3100000000000023,1.309999999999988,1.3100000000000023,1.3100000000000023,1.3100000000000023,62.304470817416316,94.9366459597516,96.2466459597516,104.2286580204063,110.05,111.36,112.66999999999999,113.97999999999999,115.28999999999999,116.6
115,6000,0.1377034710556809,-1.9383133996970647,-2.4893092473610174,-1.667580277991576,-1.1522021515938898,-2.6927230724084525,-1.1522267117021534,-1.1100540596459356,-1.1194841710954782,-1.1371171038131593,-1.4934629713796101,72.35138689005589,23.00880464870579,6.207461565324095,5.950926924144833,1.7431472488477522,1.368844522417028,1.339144748528228,1.3657929558493,1.3275892345291318,1.3272585760360411,72.35138689005589,95.36019153876168,101.56765310408578,107.51858002823062,109.26172727707836,110.63057179949539,111.96971654802361,113.33550950387291,114.66309873840204,115.99035731443809
115,8000,0.1377034710556809,-1.105588841372417,-1.1055557766418427,-2.931043039992705,-1.1108120738939329,-2.7741423074980407,-1.1065091165761607,-1.1065245612122148,-1.1057906753534454,-1.1063929934403651,-1.1053000370187336,103.03033342249995,1.319695379090064,1.3188686455470666,1.318587463017335,1.3187613890704157,1.3181592285919645,1.326570791616918,1.3190690478497142,1.3191984583395975,1.3198586049482084,103.03033342249995,104.35002880159001,105.66889744713708,106.98748491015442,108.30624629922484,109.6244055278168,110.95097631943372,112.27004536728343,113.58924382562303,114.90910243057124
116,250,0.1103840342501631,-1.1036179285280023,-2.5270632812627634,-1.106951017399302,-1.88328356171826,-1.11847959215341,-1.1199474653712707,-2.520687622310925,-1.098794804411979,-1.1095495665624857,-1.1215384320356798,51.98960727043601,12.242690750507315,14.892890841334761,10.322924212951797,4.831849276372985,7.331177871822762,1.3274064100947323,3.195449672935748,1.6311936648594605,2.3956198884839806,51.98960727043601,64.23229802094332,79.12518886227808,89.44811307522988,94.27996235160288,101.61114022342564,102.93854663352037,106.13399630645613,107.76518997131559,110.16080985979957
116,500,0.1103840342501631,-1.1324752389029586,-1.1266805719481878,-1.1806542185708229,-1.1186456747757325,-1.1665842050518718,-1.120115674230171,-2.561319597674033,-1.1215508340764413,-3.9910068643750023,-1.1784205270525145,43.96519812741033,20.135609472665706,19.731030630174892,10.923847474324027,1.3766867963642313,3.948685035187655,9.835747020232919,1.3506616220651124,1.3640374260375316,1.980477585939842,43.96519812741033,64.10080760007604,83.83183823025092,94.75568570457494,96.13237250093917,100.08105753612682,109.91680455635974,111.26746617842485,112.63150360446238,114.61198119040222
116,750,0.11038403425016309,-11.691688509159173,-1.126700327945323,-1.1093954857567248,-1.1160091933542073,-2.652000560582155,-1.0991048592687251,-1.1049040244736206,-6.921389050908738,-2.365053827283359,-1.1293974418782313,54.13408906867313,16.65936087335251,12.68776974847211,13.274643868474747,1.3543397972265718,4.822946808926531,4.314195013826666,1.317020411052059,1.3178158107832985,1.318100227039185,54.13408906867313,70.79344994202563,83.48121969049774,96.7558635589725,98.11020335619907,102.9331501651256,107.24734517895226,108.56436559000431,109.88218140078762,111.2002816278268
116,1000,0.1103840342501631,-1.1099211290164428,-21.99210746362909,-1.1014193840086313,-1.1040965243339906,-1.103555750448815,-1.10424938246743,-1.1048335641913596,-1.1020076566479395,-1.1042901200688322,-6.814006386156043,52.865127704228996,22.076185223628695,8.390557819961483,10.571457085754332,5.960180629621004,1.3178328302024682,4.38198164474811,1.3194852332044749,1.356831544696076,5.247769427863671,52.865127704228996,74.9413129278577,83.33187074781918,93.90332783357351,99.86350846319452,101.18134129339698,105.56332293814509,106.88280817134957,108.23963971604564,113.48740914390932
116,1500,0.11038403425016309,-6.899714904793921,-1.1337402715510247,-1.1227666686997195,-9.329569991547906,-6.255315946991004,-1.1303492319666542,-1.117292388290465,-1.1756019975318974,-1.111200901865045,-1.1131996320669582,29.655241345808385,28.760660634572396,11.749926628962495,20.725596676219496,3.4121283323679137,3.436530848743974,3.330723162578477,1.349140062930525,1.3463572234600125,1.311769585920839,29.655241345808385,58.41590198038078,70.16582860934328,90.89142528556278,94.30355361793069,97.74008446667466,101.07080762925314,102.41994769218367,103.76630491564369,105.07807450156453
116,2000,0.1103840342501631,-1.1339940636430303,-2.0038416984334573,-1.121612035498314,-1.1479330412017794,-1.2741819945637878,-1.112626806198802,-1.1303276538132705,-1.1175853802952003,-1.115772121792435,-1.1202610460872222,26.25264817374078,38.354986750969886,10.832377730135995,10.947735778437945,1.3743543725295875,1.353082457418794,7.332485547054061,1.3392801143703252,5.333281742316608,6.517401235530729,26.25264817374078,64.60763492471067,75.44001265484667,86.38774843328461,87.7621028058142,89.11518526323299,96.44767081028705,97.78695092465738,103.12023266697398,109.6376339025047
116,3000,0.11038403425016309,-1.480223578439666,-3.0580590029821515,-1.458486945369652,-1.1486806352541814,-1.1448121659583346,-1.1463486626091761,-1.115831174551992,-1.126071266132846,-1.1687222669369586,-1.2665139453560332,43.2944871450828,17.37962833138083,16.70580554239838,6.715871956253796,6.56606993329644,1.6926465990021216,1.7302164743720287,3.515351747093108,4.668574906559183,6.064621183591623,43.2944871450828,60.674115476463626,77.379921018862,84.0957929751158,90.66186290841225,92.35450950741436,94.08472598178639,97.6000777288795,102.26865263543868,108.33327381903031
116,4000,0.1103840342501631,-1.4900040424379872,-1.1265756492049057,-1.125573175796628,-1.5958096364572043,-1.1467720345232846,-1.101824852521891,-1.1495038978369676,-1.1191286374544012,-1.1220296635046743,-1.144806053431095,29.657072859856697,43.386613474984955,5.059229741665021,1.3840030046803347,13.47076368542853,1.3187631806251066,1.3181375653557232,10.48742196526435,5.856876526351204,1.3110045943253006,29.657072859856697,73.04368633484165,78.10291607650667,79.48691908118701,92.95768276661553,94.27644594724065,95.59458351259637,106.08200547786072,111.93888200421192,113.24988659853722
116,6000,0.11038403425016309,-1.1814264052635313,-1.317786896055917,-1.496324920402615,-1.9058094027567245,-1.2622670475658961,-1.7853991774545248,-1.1612477220837083,-1.2196281705559047,-3.5514610230030534,-1.1149268732379753,46.167657768096404,26.240612221907824,14.299304475110269,9.830115487713833,1.8050139957138427,1.4436880359144348,1.3869231488764324,3.4121228805997337,6.240695431500775,5.6250931343679085,46.167657768096404,72.40826999000423,86.7075744651145,96.53768995282834,98.34270394854218,99.78639198445661,101.17331513333305,104.58543801393279,110.82613344543356,116.45122657980147
116,8000,0.1103840342501631,-1.1068537803388652,-1.1088165802803363,-4.653132744589581,-3.897634535982629,-1.288788159641679,-3.4288911547066454,-1.1074376217961084,-1.1080485762034833,-1.1093494064583906,-1.0987257388335574,79.54152853998721,10.407165609352628,5.323958629681151,6.470064767255106,1.3288955160002436,2.5815848011811404,1.331270592374109,1.3307046991569458,1.3307402764399463,4.6150396421651045,79.54152853998721,89.94869414933984,95.272652779021,101.74271754627611,103.07161306227636,105.65319786345749,106.9844684558316,108.31517315498854,109.64591343142848,114.26095307359358
117,250,0.06297664977786012,-1.1072203386464499,-21.83044463872656,-1.1068121078728015,-1.5785568959602152,-1.1082389065190168,-1.1135206575158536,-1.106506318049461,-1.109623451296966,-1.1093754630028831,-1.1236509856681205,46.18567062198008,17.496257133683926,7.219335733256678,13.090659000122564,6.107834899094254,5.501436555592903,8.85043662679368,4.289018055382037,3.2670055120342667,1.3171946852756635,46.18567062198008,63.681927755664006,70.90126348892068,83.99192248904325,90.0997573881375,95.60119394373041,104.45163057052409,108.74064862590612,112.00765413794039,113.32484882321606
117,500,0.06297664977786012,-1.1183700417131637,-1.1288633476970062,-1.1245987071493646,-1.1233921468776145,-1.1296328663750508,-1.1338243149485492,-1.4860700267247435,-1.1294803364929948,-7.274914583250236,-1.14573709903169,63.836603986401656,6.980176090485367,1.3502463611103899,4.663014667021454,1.3495776526889838,23.653243002648978,3.8286252722085017,7.22241208958615,2.1315338917679565,1.5742011634426256,63.836603986401656,70.81678007688703,72.16702643799742,76.83004110501888,78.17961875770786,101.83286176035683,105.66148703256533,112.88389912215149,115.01543301391945,116.58963417736207
117,750,0.06297664977786012,-1.6448279516852082,-1.1137898540699576,-1.1280005432155966,-1.1382056309465387,-2.9613913912809355,-1.1149240458793672,-4.975309667001092,-2.1421336249655596,-1.3403766126045702,-1.191265109964856,64.15642504987647,13.742194839747327,5.495014828123725,4.092748354528034,1.422923228345538,13.893568224415446,2.267030699731688,5.387017694532599,1.3511329852541465,1.3525756170003191,64.15642504987647,77.8986198896238,83.39363471774753,87.48638307227557,88.90930630062111,102.80287452503656,105.06990522476825,110.45692291930085,111.808055904555,113.16063152155533
117,1000,0.06297664977786012,-1.0990100628662565,-1.1166048911786421,-1.1401401641580393,-1.1262699327377104,-13.710394815659939,-15.581000569574314,-1.1110236799065754,-1.1645073271212882,-6.361607825506319,-1.150371069303639,67.2536161301573,16.331836680666136,1.3236971948656988,4.027259517839038,1.31559283454119,9.37361306945466,7.051644880090956,4.555748491042078,1.6719964923113628,1.314868277803443,67.2536161301573,83.58545281082343,84.90915000568913,88.93640952352817,90.25200235806936,99.62561542752402,106.67726030761499,111.23300879865707,112.90500529096843,114.21987356877187
117,1500,0.06297664977786012,-1.1281025060938221,-1.1512640081904437,-1.1384744924288226,-1.1422689189696542,-6.544818035625866,-1.1277738748675965,-1.1546181250553702,-1.098333129575098,-1.1249360948976084,-1.1305125667472922,57.1947706533324,26.44183252859689,1.334923921702733,5.389811637071613,1.3153350109090782,8.44674321085741,10.811444871756375,1.8374313790454586,1.3164650615069062,1.3178650973801367,57.1947706533324,83.63660318192929,84.97152710363203,90.36133874070364,91.67667375161273,100.12341696247013,110.93486183422651,112.77229321327196,114.08875827477887,115.406623372159
117,2000,0.06297664977786012,-1.1186760703386978,-1.3440059442898966,-1.120889720327936,-1.1204075255858337,-1.1005239813619183,-1.1186029324065885,-1.1062097731740188,-1.1377111810446237,-1.1305664935270912,-1.1094931627143172,61.262822874311155,22.368525214411136,1.310595580125001,2.4891953846938657,8.4067752431826,5.312452429989962,4.324947664810475,8.3254031394086,1.3112562188110468,1.3856814984464068,61.262822874311155,83.63134808872229,84.94194366884729,87.43113905354116,95.83791429672377,101.15036672671373,105.47531439152421,113.80071753093281,115.11197374974387,116.49765524819027
117,3000,0.06297664977786012,-1.1032662173991095,-2.4994689647661996,-1.4512974839102672,-1.1034592108364043,-1.1124659286891756,-1.099361296441804,-1.109222811453571,-3.1514794252547587,-1.1017813838022672,-1.5930341611036685,71.06231544132024,12.510902828372544,1.3275169391217605,4.849761435291683,3.914464069843323,8.390646692246484,1.3125669217301748,5.963487082399437,3.8672400671402363,1.3125510750029052,71.06231544132024,83.57321826969277,84.90073520881454,89.75049664410622,93.66496071394954,102.05560740619603,103.36817432792621,109.33166141032565,113.19890147746588,114.51145255246878
117,4000,0.06297664977786012,-1.1004745966335672,-1.107349558240784,-1.1046043275745783,-2.1778210578581616,-1.7776508617691422,-1.1007611067823722,-1.1022359196801577,-1.1083141739856566,-1.1118876874019268,-1.110792326231317,65.1364012825243,11.26371396137965,3.3594758381783008,3.7756500333521252,8.49099467041193,10.440380942291018,3.9973830437752405,2.3726891657869533,4.25644526388318,1.3862843291803726,65.1364012825243,76.40011524390395,79.75959108208225,83.53524111543437,92.0262357858463,102.46661672813731,106.46399977191255,108.8366889376995,113.09313420158269,114.47941853076306
117,6000,0.06297664977786012,-1.118989451474866,-1.3918857949164942,-1.1846662155056245,-3.757469893063318,-1.9487857400479363,-3.2685700211139723,-1.1157350618748252,-1.1212193443488427,-4.574867362839001,-1.1162587937064163,74.54043581860535,5.93373412964921,6.250477581258092,10.3823626240025,3.2697426163567425,1.3383808551582081,6.606512002632552,1.3472376600936915,3.151806843695267,1.3440194522049271,74.54043581860535,80.47416994825456,86.72464752951265,97.10701015351515,100.37675276987189,101.71513362503009,108.32164562766265,109.66888328775634,112.82069013145161,114.16470958365655
117,8000,0.06297664977786012,-1.1197607534557457,-1.104910612153394,-10.04380544061528,-4.537411838400681,-2.5958962624182034,-16.81651900589734,-1.1045968597936358,-1.1057423170525444,-1.1047790138724678,-1.10546985809922,83.66517236216018,1.3337613087957472,7.842620880013364,9.388171293745955,1.3270525551805292,1.3248938775150605,3.048853435257487,3.2270096272516637,4.005326238959734,1.4168543487212792,83.66517236216018,84.99893367095592,92.84155455096928,102.22972584471523,103.55677839989576,104.88167227741083,107.93052571266831,111.15753533991997,115.16286157887971,116.57971592760099
118,250,0.10345190179299925,-1.1205354589283094,-1.102202524664107,-1.1036383609927678,-1.264983313022658,-1.1051962410205265,-1.1030716292063172,-1.3558950087726802,-1.1019058290028338,-9.194167289857056,-1.1205298025611818,2.45766834660031,45.6566319652934,12.963835501908335,15.719417593950041,8.282149159370057,13.748510724424534,9.319788126141745,1.401364993492506,1.3136992968082217,3.1946659582957224,2.45766834660031,48.11430031189371,61.07813581380204,76.79755340775208,85.07970256712213,98.82821329154666,108.1480014176884,109.54936641118091,110.86306570798914,114.05773166628487
118,500,0.10345190179299925,-1.1181198318525145,-1.1127794350163382,-1.2675771358779504,-1.112831332534979,-1.121018679236391,-1.1155713642507292,-13.300883771606308,-1.4170230142494278,-1.1119456002262913,-2.472207354762605,23.804771985188665,21.348131849566535,7.485036642022051,14.782976097955647,17.125801057275694,11.344381963085816,11.892318009065502,1.7917535732040064,1.3202972386361913,1.3303335261121685,23.804771985188665,45.1529038347552,52.63794047677725,67.4209165747329,84.5467176320086,95.8910995950944,107.78341760415991,109.57517117736391,110.8954684160001,112.22580194211227
118,750,0.10345190179299925,-7.158285592449484,-1.205452260054615,-1.186135892466964,-1.1973711080220824,-1.59598584449936,-1.2044486380007342,-1.6568770790746958,-1.4434162425334782,-1.1890572834111097,-1.197219078399928,4.408785595908533,23.4565422519874,16.27300227325511,15.530375659497235,17.535024892204817,16.27220208617505,7.512234643192613,5.7353144621706065,3.520657744089216,1.4017958805804271,4.408785595908533,27.865327847895934,44.13833012115104,59.66870578064828,77.2037306728531,93.47593275902815,100.98816740222077,106.72348186439137,110.2441396084806,111.64593548906102
118,1000,0.10345190179299925,-1.1355081884630094,-1.129061184992361,-1.1179340721479591,-1.161954772955581,-1.1250616933549602,-1.13523893783564,-1.154662165884908,-1.1807267892243538,-1.1267400455716445,-1.1716165935306875,12.47393694450966,12.286440144635684,6.923300313735481,21.9940539770825,14.08040237439051,27.565794386767294,6.675764398362489,2.4347104105117783,4.754192850677592,1.3932330313407193,12.47393694450966,24.760377089145344,31.683677402880825,53.677731379963326,67.75813375435384,95.32392814112113,101.99969253948362,104.4344029499954,109.188595800673,110.58182883201371
118,1500,0.10345190179299925,-1.1042803054288473,-1.518241649010566,-1.2025840964084327,-3.468791298203147,-1.8769317735199893,-1.176094653871071,-1.1277434354780564,-1.16731930049436,-1.1797253103750234,-1.2652754964251627,14.812008991962148,9.28579686505483,11.952411758617323,17.246186371852673,17.9955367868165,18.05545217357961,13.562346552617257,1.4069027667477187,1.415068778408414,1.3548329404312156,14.812008991962148,24.09780585701698,36.0502176156343,53.296403987486975,71.29194077430347,89.34739294788308,102.90973950050034,104.31664226724806,105.73171104565647,107.08654398608769
118,2000,0.10345190179299925,-1.3790992076008397,-2.6208570226102568,-1.1449171639975342,-1.1181602165774405,-1.4313983148810538,-1.121801088368707,-1.1096197646304438,-1.1645169764482937,-1.1290867441660377,-1.1224687821120973,2.0951301446188744,32.196157160060565,5.238472010495908,20.941638597379402,18.19881216426115,11.829246896082495,5.85896963885946,7.686302482286623,3.60678704430614,1.3184536008954106,2.0951301446188744,34.29128730467944,39.529759315175355,60.47139791255476,78.6702100768159,90.4994569728984,96.35842661175786,104.04472909404448,107.65151613835063,108.96996973924604
118,3000,0.10345190179299925,-1.20378117964452,-1.1419953818194815,-1.2222343957147608,-1.1802449339183196,-1.1837763455014927,-1.2319724542046586,-1.323720994906115,-2.9545265015181936,-1.1848231666800588,-1.6474926585862777,42.6302965543955,10.990094988458303,7.066779553169667,15.53269429190835,8.840751915412742,4.1899916493420335,9.226927044897508,8.953413403820623,4.436693285092616,1.4756896774012338,42.6302965543955,53.6203915428538,60.68717109602347,76.21986538793182,85.06061730334456,89.25060895268659,98.4775359975841,107.43094940140472,111.86764268649733,113.34333236389857
118,4000,0.10345190179299925,-1.1292253790245894,-1.1152718820809029,-1.1917867018143191,-1.1510249516324715,-1.4895628464635453,-1.1522318608733206,-1.118272323449097,-1.1393279650278223,-1.1573692097401542,-1.21315760714623,53.119300756012535,11.213955365873169,1.995164083055779,16.267422139038928,13.013938727627256,7.215479840896585,1.3877341253143571,1.4152341255934884,1.3628598198181532,1.374962321327465,53.119300756012535,64.33325612188571,66.3284202049415,82.59584234398042,95.60978107160767,102.82526091250426,104.21299503781862,105.6282291634121,106.99108898323026,108.36605130455771
118,6000,0.10345190179299925,-2.4960847583807624,-1.2002913381136269,-1.833058775447562,-2.8601158101406066,-2.340262344827728,-7.683416476650152,-1.272882732226063,-1.180005119675298,-1.2618367697942463,-1.7698642334034327,59.81029076531618,13.07549048524342,1.4355175935747564,7.900406497846053,9.533338635088185,6.958936128063428,5.645323841252615,1.4413830432564536,1.8991062403874017,1.471945694653784,59.81029076531618,72.8857812505596,74.32129884413436,82.22170534198041,91.7550439770686,98.71398010513202,104.35930394638464,105.8006869896411,107.69979323002849,109.17173892468227
118,8000,0.10345190179299925,-1.1183854286661732,-1.1112643394334634,-2.6143318040440784,-1.1072754796135955,-1.2338773967345706,-4.694688712668789,-1.1029058413392008,-1.1044807631335152,-1.1124720420269205,-1.1089409799760386,53.23007413626755,12.940949303542055,6.683816692378162,1.3420911256984227,16.82911316079688,11.926516359719429,1.3293918576646457,2.2157764481153004,2.5307442573271297,7.517980892989037,53.23007413626755,66.1710234398096,72.85484013218776,74.19693125788618,91.02604441868306,102.95256077840249,104.28195263606713,106.49772908418244,109.02847334150957,116.54645423449861
119,250,0.08788440991007077,-1.1041409447904065,-21.824939245632482,-1.1048816741508904,-1.1050544406049825,-1.1011588744757885,-1.1050637089795161,-2.006662235154652,-1.1023514102752137,-1.1059898488510047,-1.1033762879235367,36.030899108928764,14.005761093840311,14.597385253281871,11.846169913994999,1.3267485842108724,13.112460528823018,6.413901433082284,4.417306690721725,4.696354559020354,9.652479301235882,36.030899108928764,50.03666020276908,64.63404545605096,76.48021537004595,77.80696395425683,90.91942448307985,97.33332591616214,101.75063260688387,106.44698716590422,116.0994664671401
119,500,0.08788440991007077,-1.1054059269290555,-1.10305876334332,-1.0992973084217166,-1.121225423392791,-1.227486039075219,-1.1193492972567713,-5.677461826360034,-1.116482840794514,-2.9613634451389164,-1.1085238154828563,35.662804923751736,18.72952427333358,18.221137023530197,12.319461509347839,1.3529814584018616,1.6683946726558894,4.734530962257326,15.159435375830263,5.961743454426962,1.3125242183995143,35.662804923751736,54.39232919708532,72.61346622061552,84.93292772996335,86.28590918836521,87.9543038610211,92.68883482327843,107.8482701991087,113.81001365353566,115.12253787193518
119,750,0.08788440991007075,-1.1079890919678284,-1.109466702743096,-1.1002530951277745,-1.2966650159309827,-2.8138624278126025,-1.1059209729303876,-3.7906444107067685,-1.882442429264978,-1.556878470431259,-1.1006020886181553,32.157914761542976,27.30686592573278,12.277671850808229,10.94027997398852,1.3125761739470474,2.3364963301301582,11.40414486496817,6.394684771510914,7.112241128328765,1.3203783517846688,32.157914761542976,59.464780687275756,71.74245253808398,82.6827325120725,83.99530868601956,86.33180501614972,97.73594988111789,104.1306346526288,111.24287578095756,112.56325413274223
119,1000,0.08788440991007077,-1.1108879321403267,-16.292881937170044,-1.1069444436211637,-1.105096246797601,-1.1061931033614565,-1.099099367286902,-1.1021852285626106,-1.1037680248790185,-7.784704818581755,-1.1042428611583643,44.343641529788584,20.719503055577427,3.979158881257586,11.329224682887656,3.801722885451146,4.226450815595699,5.249899028314331,6.4107880918426545,3.144409509348632,11.375085785038799,44.343641529788584,65.06314458536602,69.04230346662361,80.37152814951126,84.1732510349624,88.3997018505581,93.64960087887243,100.06038897071508,103.20479848006372,114.57988426510252
119,1500,0.08788440991007077,-9.69691445423921,-1.0980000000000012,-1.0980000000000012,-12.175374527825596,-9.406581398409505,-1.0980000000000012,-1.0980000000000012,-1.152899999999995,-1.0980000000000012,-1.0980000000000012,36.54900077367717,31.936976979229136,12.367921469825653,12.027471871544831,9.411887180605666,1.310000000000003,1.6204433795193285,6.167329049697796,3.8989692959003697,1.310000000000003,36.54900077367717,68.48597775290631,80.85389922273197,92.8813710942768,102.29325827488246,103.60325827488246,105.2237016544018,111.39103070409959,115.28999999999996,116.59999999999997
119,2000,0.08788440991007077,-1.110392788890155,-1.5334221112361717,-1.11390648196206,-1.1259769377005702,-2.325610524214749,-1.1042259103620724,-1.1124259996994486,-1.118452034732413,-1.1227048968383864,-1.1197502013682108,56.23438648210637,17.31282310779209,12.153962821302358,11.381600100506553,6.551961391688824,1.3561358518252522,1.3282283756860895,1.3468390444218854,1.3507725623158198,1.3431141059618241,56.23438648210637,73.54720958989847,85.70117241120083,97.08277251170739,103.63473390339621,104.99086975522147,106.31909813090756,107.66593717532945,109.01670973764527,110.3598238436071
119,3000,0.08788440991007077,-1.5562117254556602,-1.290006147345422,-1.9972583705617213,-1.2064993009864775,-1.1071397525428424,-1.157118197324798,-1.1373455774292767,-18.303538456346757,-1.163342827735827,-1.170345136875007,41.488102295090826,31.72819949687394,10.61753254003633,2.0926510971373062,9.160194487683764,3.6575350346867594,4.050076987090586,5.2920631559939935,5.6583185672748755,1.3717978911476516,41.488102295090826,73.21630179196477,83.83383433200109,85.9264854291384,95.08667991682216,98.74421495150892,102.79429193859951,108.0863550945935,113.74467366186838,115.11647155301603
119,4000,0.08788440991007077,-1.1133893938289328,-1.114810384840701,-1.099113912660262,-3.126157178495623,-1.723347225819393,-1.1103871162964425,-1.110520707329504,-1.1246839771424169,-1.1192688817057515,-1.1120879189936135,53.72752279315813,29.0798114161681,15.53891871962604,1.3238714484624667,6.524570924491156,1.6107638038222607,1.3131218057031298,1.3333933144103867,1.3206621189149632,1.3345691709190182,53.72752279315813,82.80733420932623,98.34625292895227,99.67012437741474,106.1946953019059,107.80545910572816,109.1185809114313,110.45197422584168,111.77263634475665,113.10720551567567
119,6000,0.08788440991007077,-1.143592921945813,-1.5999214756938338,-5.98306979631294,-5.784103988710253,-2.971323539251175,-8.859999738575851,-1.2422874812020006,-1.235002056572236,-2.8599380090864432,-1.766114177243277,37.69351914930965,23.99995394742531,10.878130740241595,17.338151143442367,3.5780956643529116,3.96463236070565,1.5050935009063036,6.46159044289076,5.6271489620000175,3.0631052114942303,37.69351914930965,61.69347309673496,72.57160383697655,89.90975498041891,93.48785064477183,97.45248300547748,98.95757650638377,105.41916694927454,111.04631591127456,114.1094211227688
119,8000,0.08788440991007077,-1.1093597603101042,-1.1079773065581002,-1.109026590186751,-1.105130512085561,-1.1095966435503568,-1.1068974913574507,-1.1115364654135345,-1.1094515272540035,-1.1126023397053997,-1.1033181020989624,42.58829109558859,26.715538691546357,7.468146040653622,13.435282925737184,4.919749715957867,2.1320104329329865,1.32643493791632,1.7903000433933016,3.185713320838982,11.269210513004197,42.58829109558859,69.30382978713494,76.77197582778857,90.20725875352575,95.12700846948361,97.2590189024166,98.58545384033292,100.37575388372622,103.5614672045652,114.8306777175694
120,250,0.1377034710556809,-1.1080076137719046,-4.223191379878605,-1.107580661199001,-1.2189403597178816,-1.102110662124367,-1.1074197077279844,-1.1033105925344766,-1.1132549106795877,-1.1067231991473006,-1.1125033865912974,33.05800440075406,14.589801104477395,12.890415242758571,11.211833556082333,8.896410994026546,22.27681236884733,4.259461711141265,1.3257113210650924,1.319370713683651,5.2983714707380685,33.05800440075406,47.64780550523145,60.538220747990025,71.75005430407236,80.64646529809892,102.92327766694625,107.18273937808752,108.5084506991526,109.82782141283626,115.12619288357433
120,500,0.1377034710556809,-1.1326987284015528,-1.1182313202377459,-1.1250181874255376,-1.0983565787420564,-1.1130323317977258,-1.122636940952841,-2.1251617033771844,-1.4705717256250876,-1.1016248712435175,-1.9347061239088088,7.79045067067959,45.89297433855657,1.313839464533424,12.51327822090343,22.675540099933173,5.637995053448808,2.8690561698110084,8.666817660051358,6.954664066456139,1.912483027125158,7.79045067067959,53.68342500923616,54.99726447376958,67.510542694673,90.18608279460618,95.82407784805498,98.69313401786599,107.35995167791734,114.31461574437347,116.22709877149863
120,750,0.1377034710556809,-22.07,-1.0980000000000005,-1.1700982630705683,-1.2749047803650917,-22.07,-1.0980000000000005,-5.34643830366726,-22.07,-5.2838960510745245,-1.152899999999995,40.185100996834294,11.929781218120276,11.17901599245744,12.136453988880312,9.09373874141452,7.037668550316445,2.1611135326952127,9.882083162590625,7.923620233686748,5.071423583003938,40.185100996834294,52.11488221495457,63.29389820741201,75.43035219629232,84.52409093770683,91.56175948802327,93.72287302071848,103.6049561833091,111.52857641699585,116.59999999999978
120,1000,0.1377034710556809,-1.0980000000000005,-22.07,-1.0980000000000005,-1.0980000000000005,-1.0980000000000005,-1.152899999999995,-1.0980000000000005,-1.0980000000000005,-1.0980000000000005,-22.07,34.10051495888186,11.334407116048457,12.268731622662507,13.52141330398994,9.98069238338585,8.476675422405584,3.259968480875716,9.767277438823875,5.266568576603692,8.623750696322524,34.10051495888186,45.43492207493031,57.70365369759282,71.22506700158276,81.20575938496862,89.6824348073742,92.9424032882499,102.70968072707379,107.97624930367748,116.6
120,1500,0.1377034710556809,-5.184271504702805,-1.2651862282110997,-1.1108168894906685,-10.039372226329597,-2.092034377387942,-1.1160658885026122,-1.1058684366378229,-1.105395137224642,-1.1140369564130554,-1.107590447848104,47.63718638409691,8.911767816416056,12.045027079725038,11.466414958506718,7.199505381857021,5.939141671166777,8.850579090715087,5.648151282785982,1.3230791240999116,1.327946577178468,47.63718638409691,56.548954200512966,68.59398128023801,80.06039623874473,87.25990162060175,93.19904329176853,102.04962238248362,107.69777366526961,109.02085278936951,110.34879936654798
120,2000,0.1377034710556809,-1.1243843818613588,-2.017299349651071,-1.1167811610557163,-1.106602260994521,-1.6757643094437011,-1.1016357114393334,-1.1158418848385474,-1.119623430959492,-1.122236144494761,-1.1276565151065359,62.1886882764347,12.548650255408164,8.134570652668746,1.3559453888984805,6.074283423714804,5.016918467387885,7.9549450706609335,4.561507826606453,3.5551360155531224,1.3280441315868952,62.1886882764347,74.73733853184287,82.87190918451161,84.22785457341008,90.30213799712489,95.31905646451277,103.27400153517371,107.83550936178017,111.39064537733329,112.71868950892018
120,3000,0.1377034710556809,-1.152899999999601,-1.9494421669043018,-1.0980000000000008,-1.0980000000000008,-1.0980000000000008,-1.0980000000000008,-1.0980000000003938,-3.515074853367425,-7.687504687210142,-1.0980000000000008,71.1216736130091,9.291444863139752,5.823494444653381,4.717410819456337,5.954690523142165,3.3573900709153737,10.654498744772054,3.0593969209118494,1.3100000000000027,1.3100000000000027,71.1216736130091,80.41311847614884,86.23661292080222,90.95402374025855,96.90871426340071,100.26610433431608,110.92060307908814,113.97999999999999,115.28999999999999,116.6
120,4000,0.1377034710556809,-1.098,-1.1529,-1.098,-2.015034622203904,-1.098,-1.098,-1.098,-1.098,-1.098,-1.098,62.304470817416316,32.632175142335285,1.3100000000000023,7.9820120606546965,5.821341979593697,1.3100000000000023,1.309999999999988,1.3100000000000023,1.3100000000000023,1.3100000000000023,62.304470817416316,94.9366459597516,96.2466459597516,104.2286580204063,110.05,111.36,112.66999999999999,113.97999999999999,115.28999999999999,116.6
120,6000,0.1377034710556809,-1.9665403284209901,-2.59749585201499,-1.6316024691660813,-1.1528999869108199,-2.834870799034107,-1.098,-1.098,-1.098,-1.098,-1.5553651372332877,70.83547573033718,24.25254171134742,7.159773186861301,6.124514074926935,1.6776957187394856,1.3100000000000023,1.3100000078081966,1.3100000000000023,1.3100000000000023,1.3100000000000023,70.83547573033718,95.0880174416846,102.2477906285459,108.37230470347284,110.05000042221232,111.36000042221232,112.67000043002052,113.98000043002052,115.29000043002053,116.60000043002053
120,8000,0.1377034710556809,-1.1039305005175253,-1.102967274577442,-2.9735814109535053,-1.10269095760486,-2.6535774312905804,-1.1029823394373297,-1.1039088126574275,-1.1039460502005825,-1.104508760674181,-1.1029184993711765,104.66730251584694,1.3604472767997042,1.3165500925827838,1.3155674386339817,1.3158783052136662,1.3168322557022898,1.3569024811231984,1.317318970978821,1.317656744982549,1.3153330492981532,104.66730251584694,106.02774979264665,107.34429988522943,108.65986732386341,109.97574562907708,111.29257788477938,112.64948036590258,113.9667993368814,115.28445608186394,116.59978913116208
121,250,0.06659441433903462,-1.1065207876161463,-1.1060858609329798,-1.106282123297345,-1.8325344333618947,-1.1075353187491226,-1.1035836925445879,-1.2258438450558016,-1.1188953258962022,-1.1077721228663657,-1.1191545847813908,53.51057051707298,17.44753303361982,1.3394499708201142,1.3437240024772636,21.72119673344713,3.4373015773263083,1.312084195235402,4.228050428665771,2.653589574062692,9.29436315402451,53.51057051707298,70.9581035506928,72.29755352151291,73.64127752399017,95.3624742574373,98.79977583476361,100.11186002999901,104.33991045866478,106.99350003272747,116.28786318675198
121,500,0.06659441433903462,-1.1444547568721277,-1.1479794556239473,-1.4278273461987885,-1.136441195960065,-1.153266686056985,-1.137634267589931,-4.1378064080987915,-1.1346654437692436,-1.136417242144387,-2.6782434574372003,14.76605916546469,41.907722641988386,9.265690978289605,4.508125788061916,18.232563048137457,1.407849598846299,7.688787373785969,1.4160637497033974,1.3717880360065777,12.11690452762626,14.76605916546469,56.673781807453075,65.93947278574268,70.4475985738046,88.68016162194206,90.08801122078836,97.77679859457433,99.19286234427773,100.5646503802843,112.68155490791057
121,750,0.06659441433903462,-5.104190609597003,-1.1587538779533477,-1.105591622998863,-1.6345611001352882,-3.0873692187507253,-1.128008645296864,-1.1625663995885005,-1.5332560691370651,-1.1060212358095756,-1.2211516098570865,16.25656728573486,33.71415911176708,14.352441316130307,11.78985017197547,13.555640412017228,4.738496924626153,1.4392538775798225,4.1083558296397396,5.653851455083446,8.333526193050103,16.25656728573486,49.97072639750194,64.32316771363224,76.11301788560772,89.66865829762494,94.40715522225109,95.84640909983091,99.95476492947064,105.60861638455408,113.94214257760419
121,1000,0.06659441433903462,-19.34998255302331,-5.626452721379696,-1.1738569322605823,-1.197840415906831,-1.16864826006671,-13.135866646811031,-1.1710513457283644,-1.1856504916689738,-7.567758350931502,-9.12256704290052,10.753500749887912,32.56244404338487,10.772890415224047,9.87843908610035,21.450381333956912,7.5728619450874035,6.477797837188572,1.9783837912585875,2.320271371896581,7.551560293111169,10.753500749887912,43.315944793272784,54.08883520849683,63.96727429459718,85.41765562855409,92.99051757364148,99.46831541083006,101.44669920208865,103.76697057398523,111.3185308670964
121,1500,0.06659441433903462,-1.1355885040259142,-1.136538907759045,-1.1408303921484526,-5.387839746782014,-1.7373628896476543,-1.1282345846836686,-1.1119017376094895,-1.1405218940309414,-1.1098606442975143,-1.1132912880848043,16.997907558931338,28.81762169156748,10.249079148123126,16.150290998623454,11.296895034782136,11.502738803350471,7.029591661369597,4.546031888901714,1.829577238140272,4.0837626214292335,16.997907558931338,45.81552925049882,56.06460839862194,72.2148993972454,83.51179443202754,95.01453323537801,102.0441248967476,106.59015678564931,108.41973402378959,112.50349664521882
121,2000,0.06659441433903462,-1.2321599878703502,-1.518609844725447,-1.191550556571218,-1.1350539749611994,-1.269450511569242,-1.121574563578982,-1.2084563258672762,-1.1964394002559517,-1.1601950076860539,-1.153056420768059,2.767879357590311,45.99023125834596,1.6918510764103942,18.7843438170368,2.0799728691039583,28.01999350165468,6.246996941198397,1.3113120727094634,2.791389650886803,6.5141628696361344,2.767879357590311,48.75811061593627,50.44996169234666,69.23430550938346,71.31427837848742,99.3342718801421,105.5812688213405,106.89258089404997,109.68397054493677,116.19813341457291
121,3000,0.06659441433903462,-1.4366665837632722,-1.9820428892179351,-1.5484927768480312,-1.1329859007311258,-1.1364197142278134,-1.119235440986511,-1.1436631021413386,-1.1295647050838262,-1.1651224629297778,-1.8332598183930027,19.257801934258033,39.58226007780449,1.3954399700335922,7.946357192049909,7.985470036268833,16.71779013615393,3.619472090530137,3.3909563768454305,4.140482659448432,4.67545476499885,19.257801934258033,58.840062012062525,60.23550198209612,68.18185917414603,76.16732921041486,92.88511934656879,96.50459143709892,99.89554781394435,104.03603047339278,108.71148523839163
121,4000,0.06659441433903462,-1.990760803444683,-1.1303820958938386,-1.1166146677589683,-2.846492970950628,-1.1309719674744558,-1.1687027080818004,-1.1543607812919627,-1.1356593606761458,-1.1433688378829179,-1.1418350732704061,38.128963589223886,32.44744297296744,3.3466925920105766,1.403218119164669,10.450717594781494,6.637389727528753,6.40896646955137,4.457655455092791,5.167110521288452,4.942540339438569,38.128963589223886,70.57640656219132,73.9230991542019,75.32631727336657,85.77703486814806,92.41442459567682,98.8233910652282,103.28104652032098,108.44815704160943,113.390697381048
121,6000,0.06659441433903462,-1.1529,-1.098,-1.6111035338466202,-3.640385425525627,-1.1015469768896489,-1.2109200265170637,-1.098,-1.098,-2.2901896265598136,-1.4845802549975116,79.96222651912369,4.342409437809621,10.360392382369312,1.3100000000000023,3.6239036670168048,9.393571948190427,3.161561515604504,1.8259345298856289,1.3100000000000023,1.3100000000000023,79.96222651912369,84.30463595693331,94.66502833930262,95.97502833930263,99.59893200631943,108.99250395450986,112.15406547011436,113.97999999999999,115.28999999999999,116.6
121,8000,0.06659441433903462,-1.11341680607066,-1.1173610945873214,-1.1196724991912195,-1.1253596468944393,-1.6409523614887163,-1.1195143213001328,-1.1174933882311753,-1.1145017853003374,-1.098024061638211,-1.1063607212960465,81.9632627308809,9.199167943739301,1.3102156779594294,1.3217653205363709,3.254057137242187,7.600493443940046,3.0099661907664075,3.035050020675725,1.679522278159188,1.3189302449222287,81.9632627308809,91.1624306746202,92.47264635257963,93.794411673116,97.04846881035819,104.64896225429823,107.65892844506463,110.69397846574036,112.37350074389954,113.69243098882177
122,250,0.1,-1.3075674889026956,-1.5299724211053418,-1.2222102825095122,-1.098,-1.3273080786990814,-1.098,-1.2587141921650793,-1.4091697325370656,-1.4719620922165886,-1.098,93.94714939888092,6.165460635846955,2.8822513123869413,2.704004510050524,4.351134142834624,1.3100000000000023,1.3100000000000023,1.3100000000000023,1.3100000000000023,1.3100000000000023,93.94714939888092,100.11261003472788,102.99486134711482,105.69886585716534,110.04999999999997,111.35999999999997,112.66999999999997,113.97999999999998,115.28999999999998,116.59999999999998
122,500,0.1,-1.7651717283548927,-1.3821024305567744,-1.1408336029092982,-1.0987019722646174,-1.098,-1.1529,-1.1870044016459085,-1.2520867136786404,-1.098,-1.4569030919085832,96.5005542656082,4.957180742297865,2.4262157598978717,2.3914670858635674,2.902156407221568,1.3100000000000023,1.3100000000000023,1.7471410797348028,1.7452846593761109,1.3100000000000023,96.5005542656082,101.45773500790607,103.88395076780394,106.2754178536675,109.17757426088907,110.48757426088908,111.79757426088908,113.54471534062388,115.28999999999999,116.6
122,750,0.038461538461538464,-1.1197369930655539,-1.2248562991867378,-1.7034292767800447,-1.1328034503521622,-1.098,-1.098,-2.5063372058728417,-7.007726832128691,-11.5051995389447,-2.0957234723981992,96.54723309107857,3.860140288082519,1.6841745890335886,2.1062057053668894,2.220330650017374,1.8277897627821602,1.3100000000000023,1.7601109534657837,1.7629712716163226,3.521043688556773,96.54723309107857,100.40737337916109,102.09154796819467,104.19775367356156,106.41808432357894,108.2458740863611,109.5558740863611,111.31598503982688,113.0789563114432,116.59999999999998
122,1000,0.1,-1.2196465434114865,-1.7663929216739493,-1.1659780651630256,-1.1095319572058502,-1.2977598586961245,-1.228935542308795,-1.2505470130188252,-1.3304930376737167,-1.1449307686524492,-1.5288081195007628,96.5511669404633,2.3305072025337337,1.3110693334981507,2.1568339073799,1.3381604192051952,2.8153861230273343,1.31118700113616,1.7648272706520771,1.7643700344658866,5.2322027880696105,96.5511669404633,98.88167414299704,100.1927434764952,102.3495773838751,103.6877378030803,106.50312392610763,107.8143109272438,109.57913819789587,111.34350823236176,116.57571102043137
122,1500,0.02857142857142857,-1.2270397164944393,-1.105684069051446,-1.0989365013118322,-1.121810261170861,-1.548972813980606,-1.9684150080725233,-1.8332870314706415,-1.4235494274184153,-1.1786881802953402,-1.410161467277606,92.58426222766803,1.3107708377339238,3.0447710109461728,3.1165089665707715,1.3110481035245094,4.260008887520362,1.3109064484123638,2.6249284817219163,2.619145199313518,4.400526693795307,92.58426222766803,93.89503306540196,96.93980407634814,100.05631304291892,101.36736114644343,105.62737003396379,106.93827648237615,109.56320496409808,112.1823501634116,116.58287685720691
122,2000,0.01,-1.1043051651355742,-1.105841848369712,-3.0014397039665415,-2.1334260073659976,-1.6108614192166915,-1.5149445290060006,-1.1773492344488856,-1.1922211866237906,-1.1560302594415086,-1.2330087885165084,84.74449585890983,3.7818711533638467,6.168274585375983,4.939443361517739,1.3326160694978286,3.2525390993993,1.3121641227886487,4.3275916207397405,4.322150282651522,2.247644039775669,84.74449585890983,88.52636701227368,94.69464159764966,99.63408495916741,100.96670102866524,104.21924012806454,105.53140425085319,109.85899587159292,114.18114615424444,116.42879019402011
122,3000,0.1,-1.6333925835419856,-1.142706517747506,-1.86112256691701,-1.1623612386957611,-1.6092023368558377,-1.7318758162936558,-1.9248165460603304,-1.8028335921338663,-1.1055959958558559,-1.1098768014690674,75.98959584759785,12.485077078146514,1.320796076725122,5.448749670468468,1.7534107490975912,1.3766431162705157,3.0592540663357957,3.9534126365819304,4.708272101723349,1.3850116414379798,75.98959584759785,88.47467292574437,89.79546900246949,95.24421867293796,96.99762942203556,98.37427253830607,101.43352660464187,105.3869392412238,110.09521134294715,111.48022298438514
122,4000,0.02127659574468085,-1.2608210324573836,-1.7465079151171672,-3.054715742432159,-2.2478830557230935,-5.119116272307693,-1.3348024016215185,-1.7828193860331565,-1.1007611385626797,-1.2311194012419058,-1.3406102450690025,59.30359477839588,19.753036140111007,4.443313710386633,8.135259348245715,3.00992142963029,2.6388249433008113,1.5143967367331168,4.813260039533683,4.374262544145404,1.5625649540838893,59.30359477839588,79.0566309185069,83.49994462889353,91.63520397713924,94.64512540676954,97.28395035007034,98.79834708680346,103.61160712633715,107.98586967048256,109.54843462456645
122,6000,0.06647884030862755,-1.26680975562543,-2.802809843986659,-3.4416783209757833,-4.910984829872611,-5.37526722976175,-1.743040616899337,-5.552358158046376,-6.468911033956337,-4.464314980713278,-1.4406785416235648,65.10329038261642,19.65715809745482,4.762052712510764,5.464587177263805,3.9057639336601397,3.477432685150255,3.66407044855022,1.9324335155142172,1.7947448493402893,1.7626073184940894,65.10329038261642,84.76044848007123,89.522501192582,94.98708836984581,98.89285230350595,102.37028498865621,106.03435543720643,107.96678895272065,109.76153380206094,111.52414112055503
122,8000,0.1,-1.4483159321063135,-1.1554541825779316,-1.1488293036501669,-2.1526047103001638,-1.61734681630971,-1.1016931070912284,-1.1461878567064123,-1.145069376730171,-1.150929546548174,-1.1847182089128392,71.60112407480594,22.9310322165599,1.4006026980543531,1.3906921699822128,5.303477978516476,5.363318178265425,4.298754418283945,1.3897949179050992,1.315288650105197,1.3413019182882704,71.60112407480594,94.53215629136584,95.9327589894202,97.32345115940241,102.62692913791889,107.99024731618432,112.28900173446827,113.67879665237336,114.99408530247857,116.33538722076683
123,250,0.0857259401502183,-1.0980000000000145,-1.0980000000000145,-1.0980000000000145,-1.2861299519902643,-1.0980000000000145,-1.0980000000000145,-1.199374258147551,-1.1528999999999145,-1.0980000000000145,-1.0980000000000145,41.55093973162562,18.67247955937301,11.825692487061259,16.69013085690496,1.3100000000000098,12.064408749902073,1.310000000000009,6.798242636694262,4.39941743089247,1.9786885475463314,41.55093973162562,60.22341929099863,72.04911177805988,88.73924263496484,90.04924263496486,102.11365138486693,103.42365138486693,110.22189402156118,114.62131145245365,116.59999999999998
123,500,0.0857259401502183,-1.1296923350477244,-1.1621863604448401,-1.1379699824689762,-1.1140173931111355,-1.1299643700928026,-1.1347459684030599,-3.160934925795318,-1.3018802211520366,-1.194787761969877,-1.1703986578479026,45.271410397487315,9.41454100862104,11.949317164379703,3.4995806895261925,12.539811797404433,17.84335307373989,4.468836756740139,3.6761339070199144,1.6733932799218403,1.3961377425704034,45.271410397487315,54.68595140610836,66.63526857048807,70.13484926001426,82.67466105741869,100.51801413115858,104.98685088789873,108.66298479491864,110.33637807484048,111.73251581741089
123,750,0.0857259401502183,-4.119758891112619,-1.099929141430723,-1.1050668467065874,-1.098883416060803,-1.872328256586222,-1.1008620434963592,-4.889373103952861,-4.397413585561422,-3.7937424332192755,-1.1058290953493892,14.617986669660638,33.57480844317388,20.25698261948984,14.336991610410127,6.698575646940707,10.492518538566685,7.087174705049682,3.3500966516068047,1.3303581085841056,1.3434257494369621,14.617986669660638,48.19279511283452,68.44977773232435,82.78676934273447,89.48534498967518,99.97786352824187,107.06503823329155,110.41513488489835,111.74549299348246,113.08891874291942
123,1000,0.0857259401502183,-13.804794729482474,-10.807812728052724,-1.1202487193492288,-1.1233257597470603,-5.996350900393249,-19.267946373549236,-1.1179406320550513,-1.1057371077548153,-1.1208310060474873,-2.440241347343864,32.1029239928785,25.812416747280167,14.206069503805843,12.901664051144884,8.917771600372433,8.648921620539728,1.3738177850797637,4.172761580025426,3.411324144846171,4.366412610543897,32.1029239928785,57.91534074015867,72.1214102439645,85.02307429510938,93.94084589548181,102.58976751602154,103.9635853011013,108.13634688112673,111.5476710259729,115.9140836365168
123,1500,0.0857259401502183,-1.0980000000000005,-1.0980000000000005,-1.0980000000000005,-22.07,-1.1858161065402657,-22.07,-1.0980000000000005,-1.0980000000000005,-1.152899999999995,-1.0980000000000005,29.1178373926144,25.085796842102887,14.947185810469627,16.688011438765564,11.416717413986795,9.281960244558555,1.3100000000000032,5.3992428289077345,2.043248028594336,1.3100000000000032,29.1178373926144,54.203634234717285,69.15082004518692,85.83883148395248,97.25554889793926,106.53750914249781,107.84750914249781,113.24675197140554,115.28999999999988,116.59999999999988
123,2000,0.0857259401502183,-1.1159555942843409,-1.7743115755981171,-1.1294699910639276,-1.1149545094547024,-1.118328096092477,-1.1190413773607704,-1.1205323641882456,-1.1275442001751772,-1.1253477699507966,-1.1337041090989222,46.01144772107425,1.9010937661714125,16.81341141142601,18.526184770926502,4.210359212908754,8.876508135491495,1.3381534728947366,2.083672772620582,4.513767976851494,2.791162105124969,46.01144772107425,47.91254148724566,64.72595289867166,83.25213766959817,87.46249688250693,96.33900501799842,97.67715849089315,99.76083126351374,104.27459924036523,107.0657613454902
123,3000,0.0857259401502183,-1.842554713019529,-1.6576672302137068,-1.1052122868727432,-1.1008527200480511,-1.1180770130085302,-1.2304103768669923,-1.4641161745882036,-1.110784449469294,-1.1110288655270573,-1.9862186549118759,37.10435322977119,17.246483797841577,16.89975065869141,16.78583561560218,1.3172991377309131,9.107825074180933,1.3164412235315792,1.3190410557278245,1.3181984859029638,3.6875912699020432,37.10435322977119,54.35083702761277,71.25058768630419,88.03642330190637,89.35372243963728,98.46154751381822,99.7779887373498,101.09702979307762,102.41522827898059,106.10281954888264
123,4000,0.0857259401502183,-1.5960615171902166,-1.1442657319068417,-1.151538647461102,-2.4253637947453583,-1.9380647258004462,-1.1058578439867786,-1.1279301295649278,-1.1664390328748873,-1.1588471244734513,-1.1709007090753487,26.55450575178652,24.010609473308378,16.853063127484575,15.690050452363067,1.4045994479303312,6.352305516103929,8.557294297659332,3.1296461002801337,1.3645869009270353,1.3724459464518164,26.55450575178652,50.5651152250949,67.41817835257947,83.10822880494254,84.51282825287288,90.8651337689768,99.42242806663614,102.55207416691627,103.91666106784331,105.28910701429513
123,6000,0.0857259401502183,-1.244541875284896,-1.1974792257377094,-1.3255542637583755,-1.6064214506653864,-1.8137647135432888,-2.002110346730018,-1.273636340921819,-1.2697691052379358,-2.7404268881941025,-1.2931935894008353,49.82395361630513,24.255854614040558,13.259994562431356,10.86793390363863,1.5465927033122262,5.646991950960347,4.568553335937015,1.5911302440376933,2.6538232759210434,1.9265795558120105,49.82395361630513,74.07980823034569,87.33980279277705,98.20773669641568,99.75432939972791,105.40132135068825,109.96987468662526,111.56100493066296,114.214828206584,116.14140776239601
123,8000,0.0857259401502183,-1.1175782932395613,-1.1115699765268143,-4.547751518215167,-1.1090054592963328,-4.4511075367797055,-9.534357588787039,-1.109380400740121,-1.1195034049424648,-1.115759503335543,-1.1131515122767162,45.046603769860305,22.46132529479968,10.457825773740387,8.916601094556036,1.3119957602062462,16.54244410765652,2.5066696618997826,1.3323568646085473,1.3286099082645912,2.14093790438406,45.046603769860305,67.50792906465998,77.96575483840036,86.88235593295639,88.19435169316263,104.73679580081915,107.24346546271893,108.57582232732747,109.90443223559207,112.04537013997613
124,250,0.06794997367253167,-1.1474660505418712,-1.1528902273450936,-1.1898989441693328,-1.5652206704148655,-1.1746061855558279,-1.1374896276351136,-1.101300879374027,-1.1629238859733926,-1.1484482211290694,-1.1486818393708615,56.01297082143036,8.490374746691451,4.48350557025959,6.71017205189451,1.3630416427736556,6.0424087124391015,6.4497665043373225,8.495150759712622,5.740852531305512,10.402023757876101,56.01297082143036,64.5033455681218,68.9868511383814,75.6970231902759,77.06006483304955,83.10247354548865,89.55224004982597,98.0473908095386,103.7882433408441,114.1902670987202
124,500,0.06794997367253167,-1.1048888322389403,-1.1002564322226367,-1.4589536831838474,-1.1017474017724131,-1.1103884901566832,-1.110924379948393,-2.502425235093712,-1.1117503313203887,-1.1041487327011539,-1.2083324933128545,49.895836783126185,20.089643426945607,3.9427200356070458,4.724350523516435,3.826036429873387,2.0154289623180217,10.776616592269427,8.861572567990713,7.076555386375027,3.5888230164844757,49.895836783126185,69.98548021007178,73.92820024567882,78.65255076919526,82.47858719906864,84.49401616138667,95.27063275365609,104.13220532164681,111.20876070802183,114.7975837245063
124,750,0.06794997367253167,-6.659614451320511,-1.148379022484142,-1.1194285399330477,-1.1108700314006952,-3.731417359366212,-1.0985695600278689,-3.032695548411459,-1.7179106482169741,-1.9826249592776342,-1.1231987377761712,35.985754347830834,29.595672918010052,3.8080256881754107,1.3279122477884817,9.081163031306538,1.6727204483442657,13.46434240930612,9.05509112552431,8.704311440480328,1.3415513976268354,35.985754347830834,65.58142726584089,69.38945295401629,70.71736520180477,79.79852823311131,81.47124868145558,94.9355910907617,103.99068221628602,112.69499365676634,114.03654505439317
124,1000,0.06794997367253167,-1.1394352570349673,-4.010929404799481,-1.1619423617592872,-1.1193592062509317,-1.139344969968159,-1.1806977017937617,-1.1218475626518631,-1.221186059282084,-1.1383657427026104,-1.1548960008247064,42.3972828451917,27.589853728676175,3.012628876460627,1.42138643328361,4.986862198551009,3.9239647681140486,11.500558042132411,5.224180922818103,4.070532755812515,3.2216848786253287,42.3972828451917,69.98713657386787,72.9997654503285,74.42115188361211,79.40801408216312,83.33197885027717,94.83253689240958,100.05671781522769,104.12725057104021,107.34893544966553
124,1500,0.06794997367253167,-1.0988554109526678,-1.187246583271171,-1.1019506966028376,-21.996718612406028,-5.741350347997535,-1.103508956657412,-1.1032938825392504,-1.10151658971304,-1.1001211764481242,-1.1037215578423951,57.39195428961489,12.425288023442349,6.99721220484567,1.3154167752492438,6.969426338524524,8.203437226856941,4.816980279678097,5.296315603527221,3.5264239134797695,8.327055186960663,57.39195428961489,69.81724231305724,76.8144545179029,78.12987129315215,85.09929763167668,93.30273485853363,98.11971513821172,103.41603074173894,106.94245465521871,115.26950984217937
124,2000,0.06794997367253167,-1.1260171773074839,-2.9137739272046845,-1.124585654399663,-1.116670402503304,-1.5036483323046235,-1.1402644155708201,-1.1258403878560688,-1.1127030832547644,-1.110164585124425,-1.1119017337858015,51.4690213497531,21.844135569295908,7.429512936800027,1.3425952405782278,3.7146001283572905,6.4239968117193795,8.047283083412617,1.3140399510043903,3.5978151414355164,3.3464226154162615,51.4690213497531,73.313156919049,80.74266985584903,82.08526509642726,85.79986522478455,92.22386203650393,100.27114511991655,101.58518507092094,105.18300021235646,108.52942282777272
124,3000,0.06794997367253167,-1.1061679105392885,-6.192365443229988,-1.113238162830664,-1.1091657596639801,-1.1112213766530794,-1.1056314874088158,-1.1051155944599995,-1.1108114105988118,-1.108873389537595,-2.2042899459464653,52.452309553369844,18.73150379279462,1.4645017023392173,6.7550429867422,1.316469144103893,8.07242606021794,8.236137042666059,3.123760840022115,1.7261225640994278,1.3255544887956923,52.452309553369844,71.18381334616447,72.64831504850369,79.40335803524589,80.71982717934978,88.79225323956771,97.02839028223377,100.15215112225589,101.87827368635531,103.203828175151
124,4000,0.06794997367253167,-1.0980000000000025,-1.0980000000000025,-1.1528999999999776,-1.7544686053105143,-1.7438855253751946,-1.0980000000000025,-1.0980000000000025,-1.0980000000000025,-1.0980000000000025,-1.0980000000000025,58.160809178896926,14.753310148498825,7.920602299765651,1.7364714920916993,10.150698841325433,7.1172615629965765,8.791735331428148,5.349111144996739,1.3100000000000054,1.3100000000000054,58.160809178896926,72.91411932739575,80.8347216271614,82.5711931192531,92.72189196057853,99.8391535235751,108.63088885500325,113.97999999999999,115.28999999999999,116.6
124,6000,0.06794997367253167,-1.1292439425503011,-1.1218939209572203,-1.4875104255852611,-2.7434098932282778,-1.1490898111944121,-1.9857489503062755,-1.1212834141924533,-1.1246399234374613,-2.3683523509589515,-1.1426399830736846,61.04902088426573,8.146571085911525,9.406504722851107,1.3543426512895769,1.3649062208012963,9.242572070586018,5.952052876260094,6.7468831522821375,6.915756457596242,1.3528281092652823,61.04902088426573,69.19559197017725,78.60209669302836,79.95643934431793,81.32134556511923,90.56391763570525,96.51597051196535,103.26285366424749,110.17861012184373,111.53143823110902
124,8000,0.06794997367253167,-1.1251333225831806,-1.1336651462365785,-5.310985073535697,-7.01627328204629,-2.9060782793749613,-11.889267506080685,-1.1306999696909896,-1.1646540887011967,-1.129163179135816,-1.1527078475302694,51.313097008930384,20.125354709887063,1.350104445118483,1.3227185000227681,7.179946139869653,13.728348943955417,1.4277230547956012,7.358809131093093,5.708793112869646,1.3742979120622234,51.313097008930384,71.43845171881745,72.78855616393594,74.11127466395871,81.29122080382837,95.01956974778378,96.44729280257938,103.80610193367248,109.51489504654212,110.88919295860434
125,250,0.12418220200117708,-1.1155176807318514,-7.834029100733346,-1.1033732424350502,-1.2875191257502525,-1.117019720329946,-1.1015505709056668,-2.025379439575212,-1.124575509787964,-1.121290559481337,-1.1164693186848056,54.08790894961379,1.3175088958550312,16.5765502243029,17.300973880025538,12.423603810832716,8.972342508148145,1.315719304653118,1.3165117545656986,1.3208418267257227,1.7694431002699709,54.08790894961379,55.40541784546882,71.98196806977171,89.28294194979725,101.70654576062996,110.67888826877811,111.99460757343122,113.31111932799692,114.63196115472265,116.40140425499261
125,500,0.12418220200117708,-1.098,-1.098,-1.2127131327021305,-1.098,-1.1315579349517826,-1.1193420650482175,-4.069593103104335,-1.2317236116238899,-22.07,-1.098,39.75263800633224,20.829227426689904,6.4042644928924375,7.07898600962578,16.567210426816658,13.943375698095139,4.089864239603173,1.3100000000000023,1.3100000000000023,5.314433699944658,39.75263800633224,60.581865433022145,66.98612992591458,74.06511593554036,90.63232636235702,104.57570206045216,108.66556630005533,109.97556630005533,111.28556630005534,116.6
125,750,0.12418220200117708,-2.7627984086474395,-1.1012118443767225,-1.1041204054518947,-1.1027089144638405,-3.3469771000373036,-1.1035224708046973,-2.9394424389768723,-1.2846790930900074,-1.102034364339632,-1.1029370067777329,42.08467472146971,22.02779296400844,10.020616141164528,7.896874315409427,13.323319930827765,5.963478268799754,3.614992028566869,5.53690557056904,1.3205798726428375,1.375579498504882,42.08467472146971,64.11246768547815,74.13308382664268,82.0299581420521,95.35327807287986,101.31675634167962,104.9317483702465,110.46865394081553,111.78923381345837,113.16481331196324
125,1000,0.12418220200117708,-1.1024581132649542,-1.1090014787203186,-1.1181377297946415,-1.11651669109692,-8.603170276849621,-1.1120310888078149,-1.1093030546423832,-1.106115753507702,-1.1135855925821971,-4.923413406256822,46.572775745161096,5.305474776982766,14.362915673863824,10.305701217833946,14.517847940002088,6.242280727159612,8.304763332413849,4.14121555583319,3.0963519483356956,1.4040339678969316,46.572775745161096,51.87825052214386,66.24116619600768,76.54686741384162,91.06471535384371,97.30699608100332,105.61175941341716,109.75297496925035,112.84932691758604,114.25336088548298
125,1500,0.12418220200117708,-1.1015556252947727,-1.4241181501393063,-1.1068783585027844,-15.678769844094088,-2.2209627455481504,-1.1082273507248588,-1.108715177357389,-1.1061852989187515,-1.1058991266158804,-1.1058145512090833,4.680269556456393,40.61631687749387,14.679848532946934,18.01454862988178,13.760621660658824,8.92739747210183,8.598287821308801,1.3428762492509323,1.3210972973626998,1.3223248908363492,4.680269556456393,45.29658643395027,59.9764349668972,77.99098359677899,91.75160525743782,100.67900272953965,109.27729055084845,110.62016680009938,111.94126409746208,113.26358898829844
125,2000,0.12418220200117708,-1.514314489514427,-2.0717716134542346,-1.1232688427439,-1.1085632651811097,-1.0980713540481102,-1.1007569091503426,-1.1265834371008037,-1.1136895356528222,-1.1204867825112779,-1.1352484919996986,5.963896022393625,46.03318726846293,9.278636600297798,13.560329407761495,12.155822698795184,5.580410846141758,11.349860892985163,3.137010259063259,4.681965808260722,3.21254100932611,5.963896022393625,51.99708329085656,61.27571989115435,74.83604929891585,86.99187199771103,92.57228284385279,103.92214373683795,107.05915399590121,111.74111980416194,114.95366081348806
125,3000,0.12418220200117708,-1.1162790892476102,-2.9469618158722604,-1.1018777134137956,-1.1069005016248745,-1.1032174484574058,-1.142226100083933,-1.120535530318532,-3.1538923756165254,-4.552138067242483,-1.2231318149944794,11.857791154084424,30.682139142722484,8.864230959757027,18.9645226252892,21.28347569821333,5.069872242937455,9.132749503972455,4.318736383895253,4.537132719747312,1.3349298961840899,11.857791154084424,42.53993029680691,51.40416125656394,70.36868388185314,91.65215958006647,96.72203182300392,105.85478132697637,110.17351771087162,114.71065043061893,116.04558032680302
125,4000,0.12418220200117708,-1.1001199848471694,-1.3636100215025784,-1.1041736527310437,-1.2185608550177691,-1.1820962052856445,-1.0993797516327497,-1.1039573295876752,-1.1168422714981077,-1.1410480651718413,-1.1332227396165226,24.038151542124496,35.5280325987118,11.771032402743565,9.571440406626017,14.525291453280879,9.206919221733479,6.336089250838931,1.9553628552860154,1.394541002265167,1.3452640081877068,24.038151542124496,59.5661841408363,71.33721654357987,80.90865695020588,95.43394840348677,104.64086762522024,110.97695687605918,112.93231973134519,114.32686073361036,115.67212474179807
125,6000,0.12418220200117708,-1.4352995795642958,-1.1285626425653064,-1.4285633397668334,-5.733710970921635,-1.79320851882294,-1.1307522684337483,-1.1397051178764448,-1.1384455576185553,-7.258328217832515,-1.149708527842889,38.105621521397495,37.64350084021817,11.206944917650056,8.118111344781912,1.7626908109755366,9.709855741566482,1.359692597720203,3.4033574518762117,3.868957081723222,1.3381367679874345,38.105621521397495,75.74912236161566,86.95606727926571,95.07417862404762,96.83686943502316,106.54672517658965,107.90641777430984,111.30977522618606,115.17873230790929,116.51686907589672
125,8000,0.12418220200117708,-1.202607175017934,-1.2716291609676391,-4.639686722614517,-3.0248154475326388,-4.912083560921534,-1.1931342969001113,-1.2018941559200695,-1.1640020373743085,-1.2105516929272655,-1.2440666911326095,71.37437715072554,14.524765322175938,8.706650863626816,3.2483380416843133,1.4063390625868992,9.169089533048947,1.314450302264638,1.367659593216156,1.3651691101752892,1.3644637272408513,71.37437715072554,85.89914247290147,94.6057933365283,97.8541313782126,99.2604704407995,108.42955997384844,109.74401027611307,111.11166986932923,112.47683897950452,113.84130270674537
126,250,0.08775895196186773,-1.098,-22.07,-1.098,-1.6627741104128493,-1.098,-1.098,-1.098,-1.1529,-1.098,-1.098,46.92385352469657,18.09724407191098,16.548602421194204,12.135037970456409,4.717577772825308,11.515532462670109,1.3100000000000023,2.732151776246411,1.3100000000000023,1.3100000000000023,46.92385352469657,65.02109759660755,81.56970001780175,93.70473798825816,98.42231576108347,109.93784822375358,111.24784822375358,113.97999999999999,115.28999999999999,116.6
126,500,0.08775895196186773,-1.1525950568506018,-1.154452212621286,-1.8900189167880308,-1.1357848121974916,-1.099394685309346,-1.1044782046851722,-8.663469374032562,-1.1008116490354212,-1.1627497368563802,-1.2830401453065523,64.34676705638066,5.859288273517507,12.619737222555447,13.108321017540419,1.313988978598534,10.60572114026051,4.763501642821383,1.314149699775792,1.3145126370423088,1.3146905387971817,64.34676705638066,70.20605532989816,82.8257925524536,95.93411356999403,97.24810254859256,107.85382368885307,112.61732533167445,113.93147503145025,115.24598766849256,116.56067820728974
126,750,0.08775895196186773,-7.281287594707974,-1.0985395724857727,-1.0983232119045514,-1.0991525532869435,-2.7116548628476504,-1.0982475588495237,-9.39034134977338,-3.5194832898477184,-1.7001356218706043,-1.1023597707907555,53.415956971647034,19.54698275196929,9.862382653719475,10.93833063512999,1.3326255654530619,13.644330964732426,3.5671101087671886,1.3165614575605726,1.3142781505446703,1.3151061522324983,53.415956971647034,72.96293972361633,82.82532237733581,93.7636530124658,95.09627857791885,108.74060954265127,112.30771965141847,113.62428110897903,114.9385592595237,116.2536654117562
126,1000,0.08775895196186773,-1.1299994287544268,-1.1237002110141296,-1.1425628530044456,-1.1302292361940798,-1.143120305437658,-1.1716547408206317,-1.1284733269941682,-1.1260199471856067,-1.1433061933927688,-1.129204644241748,62.946722053071525,10.274122588620703,5.236525463726155,14.140330405814648,1.3789597096308102,9.73993194771349,5.097910993558012,1.3760401211234923,1.3781851747122036,1.3723517417602586,62.946722053071525,73.22084464169222,78.45737010541838,92.59770051123303,93.97666022086383,103.71659216857732,108.81450316213534,110.19054328325883,111.56872845797103,112.94108019973129
126,1500,0.08775895196186773,-1.1278375886557042,-1.1155323764111258,-1.1101301854187633,-1.1302107402385069,-4.08963622262759,-1.1158209828132644,-1.1237566020530538,-1.1683727399632877,-1.1527642485506977,-1.1339407058178468,47.66026316111095,32.3994901461017,8.641660099617596,10.414910416838595,1.3764280639936803,8.685114304032968,1.3700362726917605,1.3420883253314786,1.3425368794960377,1.3559567457017385,47.66026316111095,80.05975330721265,88.70141340683024,99.11632382366884,100.49275188766252,109.17786619169549,110.54790246438725,111.88999078971872,113.23252766921476,114.5884844149165
126,2000,0.08775895196186773,-1.098,-3.2209347253686325,-1.098,-1.098,-1.2071798434192358,-1.098,-1.098,-1.098,-1.1529,-22.07,45.229689918582146,31.535465979484464,10.604751445033813,5.708279491200017,1.3100000000000023,11.80834802306461,6.473465142634936,1.3100000000000023,1.3100000000000023,1.3100000000000023,45.229689918582146,76.76515589806661,87.36990734310042,93.07818683430044,94.38818683430044,106.19653485736505,112.66999999999999,113.97999999999999,115.28999999999999,116.6
126,3000,0.08775895196186773,-1.0980000000000008,-4.247564410075301,-1.9457692708225895,-1.0980000000000008,-1.1230269222862848,-1.0980000000000008,-1.0980000000000008,-3.6993885129261046,-1.0980000000000008,-1.0980000000000008,37.979633618342405,30.059150695035523,7.109633318352639,6.87468018541718,3.8101722067107198,6.2555886282362,1.6707147052337357,13.307977628838977,8.222449013832627,1.3100000000000027,37.979633618342405,68.03878431337793,75.14841763173057,82.02309781714774,85.83327002385846,92.08885865209466,93.75957335732839,107.06755098616736,115.28999999999999,116.6
126,4000,0.08775895196186773,-1.104219789624631,-1.102974134950709,-1.102809559996874,-1.7733278671987698,-1.3708671025686683,-1.1001958105714857,-1.1046530334531512,-1.0999160704452264,-1.1001919531971454,-1.1017902079247994,65.17933989487426,17.261915827204575,4.788794663509606,5.563563447743508,10.760193719932552,4.77478848409376,1.312834936359709,1.311241397388649,1.3117048899599575,1.3161985269733614,65.17933989487426,82.44125572207884,87.23005038558844,92.79361383333195,103.5538075532645,108.32859603735827,109.64143097371797,110.95267237110662,112.26437726106657,113.58057578803994
126,6000,0.08775895196186773,-1.098,-1.098,-1.098,-1.5443337738818241,-1.1529,-1.9150120076606232,-1.098,-1.098,-1.622375904382891,-1.098,79.76122620207353,11.935876601239102,10.442548815876549,2.6747581617280645,1.3100000000000023,1.3100000000000023,1.4193498182777518,2.1859365922376526,3.6946114610795178,1.8656923474878226,79.76122620207353,91.69710280331263,102.13965161918918,104.81440978091725,106.12440978091725,107.43440978091725,108.853759599195,111.03969619143265,114.73430765251217,116.6
126,8000,0.08775895196186773,-1.1529,-1.098,-2.896834149194199,-7.6595573312058605,-1.2406511077925102,-3.6627511175173724,-1.098,-1.098,-1.098,-1.098,88.87928111762193,1.7320377699370084,11.859582422407101,6.263497617302008,1.3156010727319511,1.3100000000000023,1.309999999999988,1.3100000000000023,1.3100000000000023,1.3100000000000023,88.87928111762193,90.61131888755894,102.47090130996604,108.73439892726805,110.05,111.36,112.66999999999999,113.97999999999999,115.28999999999999,116.6
127,250,0.06026876143441395,-1.1028064361877177,-6.100752654310092,-1.116519614632812,-1.1966794936687108,-1.114952103808979,-1.1212081019405522,-1.0999747078346354,-1.1224428790050442,-1.11409442172392,-1.1124824572924688,86.31531996627393,10.347278373050479,1.3327584420857699,1.3123280670367397,1.3407703809078448,7.794388659164657,1.3198564288010086,1.3132477894490782,1.3120749462474022,1.3120494357548518,86.31531996627393,96.6625983393244,97.99535678141018,99.30768484844693,100.64845522935477,108.44284388851942,109.76270031732042,111.0759481067695,112.38802305301691,113.70007248877177
127,500,0.06026876143441395,-11.641939621214291,-1.1145824189561395,-2.3175839520895343,-1.114139160356575,-1.2014490758526892,-1.1072049947999933,-1.1068702898665785,-1.5957184390846355,-1.1055722298308654,-1.1082295350421618,63.11632689540053,28.748368493634587,1.3111202785169538,1.3111470817516295,1.3167710249519233,8.484152665644764,1.319743346851189,1.3225051114175757,1.320136966905884,1.3229121643375246,63.11632689540053,91.86469538903512,93.17581566755207,94.4869627493037,95.80373377425562,104.28788643990038,105.60762978675156,106.93013489816913,108.250271865075,109.57318402941253
127,750,0.06026876143441395,-1.3843955964382353,-1.1101558872690003,-1.0986247230851713,-1.145923720762816,-3.503822442523049,-1.1251315396019241,-3.828816949799931,-1.7361430503623607,-1.103576867546352,-1.1122998518379448,61.20957179027606,23.788500343847815,1.3168810672354763,1.3171716285313249,2.153994096406132,13.94286444967031,8.898538405073339,1.3167869221187205,1.3166001742555,1.316850905205515,61.20957179027606,84.99807213412387,86.31495320135934,87.63212482989067,89.78611892629681,103.72898337596712,112.62752178104046,113.94430870315918,115.26090887741468,116.57775978262019
127,1000,0.06026876143441395,-3.6278200570467227,-1.098,-1.098,-1.098,-1.0980000000003995,-13.35330132877939,-1.098,-1.098,-22.07,-2.556780570647797,66.09222262664721,20.5469189826795,1.3100000000000023,1.3100000000000023,1.3100000000000023,13.238055049667182,8.862803341006085,1.3100000000000023,1.3100000000000023,1.3100000000000023,66.09222262664721,86.63914160932671,87.94914160932672,89.25914160932672,90.56914160932672,103.8071966589939,112.66999999999999,113.97999999999999,115.28999999999999,116.6
127,1500,0.06026876143441395,-1.916738959050476,-1.1118283612816242,-1.111948337184133,-1.109458786484828,-20.68287637879161,-1.1120973643096144,-1.111690463453094,-1.1104943672183287,-1.1140949184665532,-1.1124502755245897,70.59157041370037,24.509484017039597,1.3211913886045163,2.262665327492863,1.320782836032382,6.133293779418189,4.321685088897155,1.3254942765496982,1.3322756300584917,1.318920082308379,70.59157041370037,95.10105443073996,96.42224581934448,98.68491114683735,100.00569398286973,106.13898776228791,110.46067285118507,111.78616712773477,113.11844275779326,114.43736284010164
127,2000,0.06026876143441395,-1.1033518082439047,-2.9508275836605655,-1.0980987584717101,-1.0992446170892438,-2.4821850886693557,-1.1007534085721573,-1.1076430919221938,-1.0985249218714157,-1.1035690745330953,-1.1000958693068443,55.683477457288234,36.19212137567794,1.323839053572213,5.5889437205986905,1.3219743668099206,6.634831453861008,1.3196643790719271,1.3369238375181203,1.3367671391634186,1.33725154459107,55.683477457288234,91.87559883296618,93.19943788653839,98.78838160713708,100.11035597394701,106.74518742780802,108.06485180687994,109.40177564439806,110.73854278356147,112.07579432815254
127,3000,0.06026876143441395,-1.1114122220021985,-1.736027702692251,-1.3882417578609996,-1.1149983330371835,-1.1462372271735157,-1.1176432552649715,-1.127454075274203,-2.074253193941386,-3.8159266828006224,-1.121924950806239,64.85002487540524,34.306784507478056,1.313124488967075,1.3283265914991342,1.31312656360079,1.3106688825768398,2.5595113533971077,2.0872070738383783,1.3106697435851924,1.3109460271121423,64.85002487540524,99.1568093828833,100.46993387185037,101.79826046334951,103.1113870269503,104.42205590952713,106.98156726292424,109.06877433676263,110.37944408034782,111.69039010745996
127,4000,0.06026876143441395,-1.1005394156638695,-1.2885443769428373,-1.1010261283157114,-2.9024726058784704,-2.089559916508988,-1.106453759595058,-1.1075792046091895,-1.1079124360320582,-1.1052356737185063,-1.1056264844242234,79.7316174895322,25.556110099601426,1.318327220616346,1.3102277594023461,1.3105220647924352,1.3102375634808525,1.3185701242948862,1.3104083575781837,1.310359505847614,1.31112658028055,79.7316174895322,105.28772758913362,106.60605480974996,107.91628256915232,109.22680463394475,110.5370421974256,111.85561232172049,113.16602067929867,114.47638018514628,115.78750676542683
127,6000,0.06026876143441395,-1.1102866980252406,-2.2876276464285707,-1.7996658806216077,-2.838722420196082,-2.034432661287834,-2.2779409486046704,-1.109484194559374,-1.10607245204152,-1.942617653050461,-1.1020181372511546,85.84947232291688,19.314297022326272,1.3102574946002554,1.3100782752772235,1.3106205165059475,1.3101126423850817,1.320691675139221,1.3102052325529163,1.3125180261219094,1.3114802174309492,85.84947232291688,105.16376934524315,106.4740268398434,107.78410511512062,109.09472563162657,110.40483827401165,111.72552994915087,113.03573518170379,114.34825320782569,115.65973342525665
127,8000,0.06026876143441395,-1.149122618165391,-1.1330609796005708,-1.1447947904060598,-14.220722268241246,-9.812280501484132,-4.142060225039534,-1.135958761248177,-1.1263717393330466,-1.112110107556755,-1.124597626061668,96.33857073525724,8.606998851895398,1.33101480892027,1.4082363463304137,1.3455522965772655,1.3452354938901738,1.3144945558400547,1.3440351951064002,1.3421316659467424,1.342729464903334,96.33857073525724,104.94556958715263,106.2765843960729,107.68482074240332,109.03037303898058,110.37560853287076,111.69010308871081,113.03413828381721,114.37626994976395,115.71899941466728
128,250,0.08784048390944936,-1.1134444048691892,-2.97758308953272,-1.1210914038796949,-1.591832690223299,-1.1227528032436598,-1.113434000521604,-1.1041772328180444,-1.1245242804190672,-1.1236869794841193,-1.1420114118384617,15.30347597499079,45.32471343301819,2.4185537891988496,12.929492422689428,6.372299251895814,7.8920436059796835,4.385894333257877,6.723916865061952,5.708276360195256,7.756247151054303,15.30347597499079,60.62818940800898,63.04674319720783,75.97623561989727,82.34853487179308,90.24057847777276,94.62647281103064,101.35038967609259,107.05866603628785,114.81491318734214
128,500,0.08784048390944936,-1.178459224583214,-1.1636381441362942,-1.717136501537884,-1.2128272664853053,-1.1717299427907277,-1.1598265960940293,-3.8906990704373037,-1.1810446640725363,-12.850790750797982,-1.558512772405944,25.00800055907616,38.37471275066021,1.4444725997313332,1.465003612121053,9.25960511457922,14.637110235279604,7.272022780198499,2.553181173161334,2.6845174996911476,1.5393917238347679,25.00800055907616,63.38271330973637,64.8271859094677,66.29218952158875,75.55179463616797,90.18890487144758,97.46092765164607,100.01410882480741,102.69862632449856,104.23801804833333
128,750,0.08784048390944936,-10.204167970627083,-1.1577158687971107,-1.1090812013041313,-1.1196767761757966,-7.13958339240248,-1.1218337669966814,-7.1008048043170895,-1.3169875906214354,-1.1750196047440147,-1.1232545719567466,30.282118648323433,31.363225811023128,6.611198943899186,9.47991705709612,6.936317176965687,9.823494879412252,2.700144753685098,5.596773379157593,6.463981979375907,1.3211286266047484,30.282118648323433,61.64534445934656,68.25654340324574,77.73646046034186,84.67277763730755,94.4962725167198,97.1964172704049,102.79319064956249,109.25717262893839,110.57830125554314
128,1000,0.08784048390944936,-1.1089032956153542,-21.623463479085146,-1.102108468687514,-1.11261264090589,-1.1039746725087034,-1.1043229515210986,-1.1161296878436988,-1.1005340830442485,-6.602305671944691,-4.032130056566118,29.223362446143327,30.842352702859813,1.31455647840954,10.667617732027189,1.319623338001855,8.630680480802816,9.970407808713816,6.517277657899738,5.797839967478582,1.3226286776919678,29.223362446143327,60.06571514900314,61.38027162741268,72.04788935943986,73.36751269744173,81.99819317824455,91.96860098695836,98.4858786448581,104.28371861233668,105.60634729002865
128,1500,0.08784048390944936,-1.130365302182025,-1.142381410699116,-1.1301382994735922,-1.1314629873947948,-11.384095034891196,-1.133253016944546,-1.1296455393961482,-1.141683308148329,-1.1514315815665581,-1.1377691565001653,10.896410613266536,28.892883820565785,6.4711115209876695,8.219844943283608,5.451351114029999,9.54251656105026,9.549114671602876,5.6726483412402295,7.523483158131551,1.34638168095639,10.896410613266536,39.789294433832325,46.260405954819994,54.480250898103606,59.9316020121336,69.47411857318386,79.02323324478674,84.69588158602697,92.21936474415853,93.56574642511491
128,2000,0.08784048390944936,-1.1694952401937342,-3.108972451502778,-1.139424708161207,-1.2221434413222698,-1.7286586470901972,-1.1465154631985808,-1.1451381329073298,-1.237443467366245,-1.1174807072436366,-1.193928291489085,-0.8310872734699792,34.300749523731355,21.024591915590214,6.711921091305278,7.40678792484653,11.906249820131624,2.29296417147183,5.881902805403513,6.35049093166665,5.221528338401782,-0.8310872734699792,33.46966225026138,54.49425416585159,61.20617525715687,68.6129631820034,80.51921300213502,82.81217717360684,88.69407997901035,95.04457091067701,100.26609924907879
128,3000,0.08784048390944936,-1.106268813540375,-3.2234446241194874,-1.3245685088227148,-1.1037066484562161,-1.1139389074794077,-1.1032967697204379,-1.107556213135092,-6.078639116264675,-1.1047466996909048,-1.1072205703759601,47.71283617865518,9.770748763784482,6.687101501437773,1.4938085921769035,7.14825537496716,7.83624797452179,3.7240313837400727,6.0583093983394605,8.376669266465395,9.471833459954734,47.71283617865518,57.48358494243966,64.17068644387743,65.66449503605433,72.8127504110215,80.64899838554328,84.37302976928335,90.43133916762281,98.80800843408821,108.27984189404295
128,4000,0.08784048390944936,-1.1052675578917386,-1.1036178071855023,-1.118228009486138,-1.685582283288384,-1.458754454338275,-1.1118815354878322,-10.363384792028196,-1.1071375657524103,-1.1006677179147903,-1.12310897536468,44.89717794767722,20.126258725440056,15.798266192384457,1.3576048052468517,6.171881679287509,9.485344491172363,4.795941400692714,2.402489180810071,2.1841925815505783,8.993498464708583,44.89717794767722,65.02343667311727,80.82170286550173,82.17930767074859,88.3511893500361,97.83653384120845,102.63247524190116,105.03496442271123,107.2191570042618,116.21265546897038
128,6000,0.08784048390944936,-1.1031631305054224,-1.130008486792546,-1.1029667705771469,-1.3620209016918414,-1.1239487950866032,-1.376550617437732,-1.1321906364868983,-1.1138290889278712,-1.9125475748558465,-1.1143290754963648,42.15625375411413,31.815268297567044,8.765881955854766,2.013034288524718,1.5166475623260594,13.307092043971025,1.3619098514097727,1.8957527442077193,1.909852976283501,5.021621130643922,42.15625375411413,73.97152205168118,82.73740400753594,84.75043829606066,86.26708585838672,99.57417790235775,100.93608775376752,102.83184049797524,104.74169347425874,109.76331460490266
128,8000,0.08784048390944936,-1.1271170810317255,-1.1290719004091758,-20.876837953878095,-7.140662027754615,-2.8402995626888927,-8.400569534678752,-1.1125439098652747,-1.1319635479770138,-1.1183619007025456,-1.1294159924578353,45.25102877000025,21.48732998455354,13.60501692179389,8.029352797175978,1.3235650529688954,13.223788835445447,3.4476074001630908,3.1801939239654837,1.3428719220336265,1.3559595221452492,45.25102877000025,66.73835875455379,80.34337567634768,88.37272847352365,89.69629352649255,102.920082361938,106.3676897621011,109.54788368606658,110.8907556081002,112.24671513024546
129,250,0.08784048390944936,-1.1370497496542682,-2.2921518105695142,-1.1576757446477877,-1.9128318899800596,-1.1307349996901337,-1.1200440685145776,-1.1371400391558666,-1.1367302844810472,-1.1260059536604605,-1.156631227428249,15.896935108427481,45.96510289697855,2.2695226466952496,12.14748446204343,7.498655060370297,10.145810454810821,3.676450780730292,6.170716234825726,4.613349657265708,8.004464087792691,15.896935108427481,61.862038005406035,64.13156065210129,76.27904511414471,83.777700174515,93.92351062932582,97.59996141005611,103.77067764488183,108.38402730214753,116.38849138994021
129,500,0.08784048390944936,-1.10285850542741,-1.1071853417665314,-2.052709540174834,-1.1043977351103944,-1.1039302980591859,-1.1013234549766304,-4.50404005297794,-1.103481591120159,-13.162489250422365,-1.396322149129559,24.979789033745575,35.788601051342326,7.765282013268784,1.3138218803123975,9.48064998685227,12.30368179223693,6.011290379709568,2.1569604907577693,3.2688182035031623,1.3959013510300853,24.979789033745575,60.7683900850879,68.53367209835669,69.84749397866909,79.32814396552136,91.63182575775829,97.64311613746786,99.80007662822563,103.06889483172878,104.46479618275887
129,750,0.08784048390944936,-12.015788396396719,-1.1358458592684975,-1.1366253748669948,-1.1286340428268082,-6.830079235367478,-1.1340548036268858,-8.24337917960058,-1.2772913698704969,-1.131200165339906,-1.1441862583763678,27.20017555505075,26.874663641089768,7.493386550339043,7.79964088584655,6.166497508041461,7.452803710820421,7.297115761658205,5.485945020138752,6.461795951077056,1.3772720775015896,27.20017555505075,54.074839196140516,61.568225746479555,69.3678666323261,75.53436414036756,82.98716785118798,90.28428361284618,95.77022863298494,102.23202458406199,103.60929666156358
129,1000,0.08784048390944936,-1.1342272668981774,-21.01346397058135,-1.1574714915979438,-1.128381711431814,-1.1166017374799355,-1.126885462491809,-1.2195583651612036,-1.1061273843669346,-5.293634719816598,-5.526579387398673,16.942000370950225,43.28742598510749,1.3582990203968972,6.954986846586706,1.3604565232306465,4.698445328084269,13.886685876630096,6.83777528196487,5.5531032404428196,1.3990881156858759,16.942000370950225,60.229426356057715,61.587725376454614,68.54271222304132,69.90316874627197,74.60161407435623,88.48829995098633,95.3260752329512,100.87917847339402,102.27826658907989
129,1500,0.08784048390944936,-1.106272085094799,-1.1072779592293265,-1.111213567869501,-1.106812348802062,-10.708232544249888,-1.1083367756707783,-1.1054825690237675,-1.1011126035719832,-1.1052833899013557,-1.10141368168689,10.453583939473607,44.25672853769109,5.980393129934805,8.677605192850685,5.639674547248298,9.141984320456338,10.045034415487809,5.488448103603602,7.595459811709745,1.318982290867702,10.453583939473607,54.71031247716469,60.690705607099495,69.36831079995018,75.00798534719848,84.14996966765483,94.19500408314263,99.68345218674624,107.27891199845598,108.59789428932369
129,2000,0.08784048390944936,-1.4190862340850572,-3.465164774475136,-1.3062699490582377,-1.2329224879561909,-1.786124113886573,-1.2127853844687095,-1.1890629599423823,-1.2824335926712198,-1.2828907794156583,-1.3619157509908533,-3.001978994396703,41.37648312566918,20.96614514280313,6.281697000622199,4.562592535473758,3.0241444038627954,4.769558074310616,4.035618379436274,4.229890295604537,6.263660589836718,-3.001978994396703,38.37450413127248,59.34064927407561,65.6223462746978,70.18493881017156,73.20908321403435,77.97864128834496,82.01425966778123,86.24414996338577,92.50781055322248
129,3000,0.08784048390944936,-1.1229944889741739,-2.8758447093305497,-1.3256400071566077,-1.100473620903311,-1.130033298248657,-1.11874411675936,-1.1288732401178634,-6.793483664162089,-1.1078252666363912,-1.1654607787351914,45.99963755090667,11.836552473670032,7.478109573886922,1.4345941299436502,8.272092815581157,7.359877790978329,3.5459861941096236,5.035875611558199,7.244682611436414,8.64783248392046,45.99963755090667,57.8361900245767,65.31429959846362,66.74889372840727,75.02098654398843,82.38086433496676,85.92685052907638,90.96272614063457,98.20740875207099,106.85524123599146
129,4000,0.08784048390944936,-1.1467718047970576,-1.1297878191654074,-1.1293081445548712,-1.8254426682931353,-1.606716663358048,-1.1146991530058559,-10.645249585506306,-1.138919863263292,-1.1320937071890649,-1.1468723022658622,43.08425776831727,18.230664395110274,11.623355502184218,1.3749324207610956,6.600989445236804,6.887799375071872,5.153144574921955,2.5362579942875394,2.387015481007438,9.441376654145223,43.08425776831727,61.314922163427546,72.93827766561176,74.31321008637286,80.91419953160967,87.80199890668155,92.9551434816035,95.49140147589104,97.87841695689848,107.3197936110437
129,6000,0.08784048390944936,-1.100118970090747,-1.1058387885771073,-1.110826820738647,-1.370281564011223,-1.100534659514917,-1.1156847592528105,-1.11353927942855,-1.0989713462269561,-1.6780799587157267,-1.1127624405938383,37.88342091486396,34.44573846681587,9.93593951686443,2.6174824770497143,1.371353026006794,10.915511428537165,1.3230234030037096,1.790699333045977,3.8072705864665606,4.778150677523573,37.88342091486396,72.32915938167983,82.26509889854427,84.88258137559399,86.25393440160079,97.16944583013796,98.49246923314166,100.28316856618764,104.0904391526542,108.86858983017777
129,8000,0.08784048390944936,-1.098,-1.098,-22.07,-7.320375956159168,-2.8475134842234047,-7.998003973280628,-1.1528999999999874,-1.098,-1.098,-1.098,48.38799118130813,22.130827597693504,13.992633305652916,8.108319086828828,1.3100000000000023,13.396416738733365,3.467332425320464,3.18647966446278,1.3100000000000023,1.3100000000000023,48.38799118130813,70.51881877900163,84.51145208465455,92.61977117148338,93.92977117148338,107.32618791021675,110.79352033553721,113.97999999999999,115.28999999999999,116.6
130,250,0.08775895196186773,-1.103611013199103,-21.997774113967807,-1.1212615702543536,-1.6899527262334995,-1.121895567993621,-1.1114048148745201,-1.1296850366977833,-1.1254168983589259,-1.1513253505300005,-1.137736977276453,47.735383020230756,17.570847560000196,13.674071468828863,10.26229482433401,4.894577464737694,11.13138318461083,1.3183753550565687,2.7573545115364197,1.4284669282723552,1.356825726968974,47.735383020230756,65.30623058023096,78.98030204905982,89.24259687339382,94.13717433813152,105.26855752274234,106.58693287779892,109.34428738933534,110.77275431760769,112.12958004457667
130,500,0.08775895196186773,-1.1069530791225097,-1.1053120367951288,-1.7292475935881004,-1.1375463642707668,-1.1271530193146502,-1.1240473955150914,-7.74733678761276,-1.3130052873232092,-1.145283232623978,-1.4734356918828784,65.21734989496929,6.250315172211927,12.761556643032492,9.340402849940215,1.4599645857420667,10.150530945330612,4.854745086344302,1.341961520190817,1.3425016450279745,1.342705573906044,65.21734989496929,71.46766506718122,84.22922171021371,93.56962456015393,95.029589145896,105.18012009122661,110.03486517757091,111.37682669776173,112.71932834278971,114.06203391669575
130,750,0.08775895196186773,-7.1723948009453675,-1.1375953891438146,-1.1380256027084483,-1.1444505121635138,-2.5471424951099886,-1.1020434190045343,-10.243394314094466,-3.538481170197615,-1.768424384041979,-1.1444478165392162,54.19383195396638,21.18771918557379,6.183131627366475,9.856324474078168,1.3964731180049346,12.18806485279692,3.987309441485815,1.3709138696863925,1.3700587808520246,1.3724233739434522,54.19383195396638,75.38155113954016,81.56468276690664,91.4210072409848,92.81748035898974,105.00554521178665,108.99285465327247,110.36376852295886,111.73382730381088,113.10625067775433
130,1000,0.08775895196186773,-1.1137032570534755,-1.1147132194496123,-1.106547922826921,-1.116511622295635,-1.1071493595835404,-1.1343889322670808,-1.118973880437772,-1.1157745021729357,-1.1102879007535185,-1.1122436861841996,56.38262243181185,10.128761633127997,5.527612315947604,14.758428347620026,1.3437208537756264,13.039312180649873,5.420007101517628,1.341028480732131,1.3399589645764913,1.3403237581091907,56.38262243181185,66.51138406493985,72.03899638088745,86.79742472850748,88.1411455822831,101.18045776293297,106.6004648644506,107.94149334518274,109.28145230975923,110.62177606786842
130,1500,0.08775895196186773,-1.101161939378243,-1.1099950565851233,-1.1221574352776553,-1.111877479212668,-4.585577220670491,-1.1040486027935104,-1.1076847477701897,-1.1201048279866361,-1.1045634934902466,-1.122278521758985,48.694395660281245,23.10852053909806,9.240124127803,13.06229619078086,1.3253883556172767,9.844244436399379,1.341592023620871,1.3297447492023555,1.348120461334425,1.3279617876602634,48.694395660281245,71.8029161993793,81.0430403271823,94.10533651796315,95.43072487358043,105.27496930997981,106.61656133360069,107.94630608280305,109.29442654413748,110.62238833179774
130,2000,0.08775895196186773,-1.1198920657106806,-3.3023293389456114,-1.1070391788575802,-1.1112069900991672,-1.2150968130065336,-1.1116346455952693,-1.1305945508824449,-1.1250264241704442,-1.1401786391978694,-18.736812776747705,40.13335726138261,29.966948468170003,10.517564611476363,5.972443366025296,1.3399112866892606,11.774266002394032,6.483949621522644,1.4101868117537943,1.3286701604578552,1.3355598436926823,40.13335726138261,70.10030572955262,80.61787034102898,86.59031370705426,87.93022499374352,99.70449099613755,106.18844061766019,107.59862742941398,108.92729758987184,110.26285743356452
130,3000,0.08775895196186773,-1.0980000000000008,-4.247564410075301,-1.853113591259619,-1.0980000000000008,-1.1230269222862848,-1.0980000000000008,-1.0980000000000008,-3.6993885129261046,-1.0980000000000008,-1.1528999999999945,37.979633618342405,30.059150695035523,7.109633318352639,6.87468018541718,3.8101722067107198,6.2555886282362,1.6707147052337357,13.307977628838977,8.222449013832627,1.3100000000000032,37.979633618342405,68.03878431337793,75.14841763173057,82.02309781714774,85.83327002385846,92.08885865209466,93.75957335732839,107.06755098616736,115.28999999999999,116.6
130,4000,0.08775895196186773,-1.102993351975111,-1.1007527470803353,-1.0982078008241212,-1.787930254320436,-1.3566659247837078,-1.0992493545534945,-1.1007684267016318,-1.1020348482186657,-1.1004372645440839,-1.1003329736440626,64.09764448140774,18.19549785462251,4.757601292319411,5.602075976568376,10.741078044997586,4.6481535664190865,1.3118414762880732,1.3100974616330108,1.3230922244519547,1.3144351851948963,64.09764448140774,82.29314233603026,87.05074362834966,92.65281960491804,103.39389764991563,108.04205121633471,109.3538926926228,110.6639901542558,111.98708237870775,113.30151756390265
130,6000,0.08775895196186773,-1.1181688564816956,-1.111490421384386,-1.1203881531307505,-1.4564520461355972,-1.113042486470389,-1.6347889993953992,-1.1450263090892485,-1.1359653439002337,-1.6949453037368953,-1.112281552339208,78.00244403146965,12.196426212141688,8.137468110637752,3.215297240132357,1.312537764764837,1.3125945857498502,1.524005577053809,2.2598237577997535,3.3286138199202364,1.9357467286470023,78.00244403146965,90.19887024361134,98.3363383542491,101.55163559438145,102.86417335914629,104.17676794489614,105.70077352194996,107.9605972797497,111.28921109966994,113.22495782831695
130,8000,0.08775895196186773,-1.104812789314277,-1.1048712933752416,-2.9101868603599303,-7.6915676068837175,-1.246763635589235,-3.685155334189851,-1.1032426565828133,-1.101849611239929,-1.1032916572804217,-1.1040776719510728,84.53238861849832,1.7532786560157563,11.368666734288766,6.356703210649993,1.3393256074584539,1.3336948413606242,1.316931214989916,1.3175143593862089,1.3173964339036202,1.3178384123485336,84.53238861849832,86.28566727451407,97.65433400880283,104.01103721945283,105.35036282691128,106.6840576682719,108.00098888326183,109.31850324264803,110.63589967655166,111.9537380889002
131,250,0.1,-1.0980539091615933,-1.098,-1.9482306717862197,-1.1536782674121207,-1.1356088790893557,-1.098,-1.098,-1.2115897595757428,-1.1988810574929385,-1.098,88.81375547900444,1.3100000000000023,3.95442712523392,4.4772945053357915,5.524208971156568,1.3100000000000023,1.3100000000000023,2.6031785370255847,2.6003339639764818,4.696801418267199,88.81375547900444,90.12375547900444,94.07818260423836,98.55547710957416,104.07968608073072,105.38968608073073,106.69968608073073,109.30286461775631,111.9031985817328,116.6
131,500,0.1,-1.1150711629126764,-1.1152447873444966,-1.1095620194257372,-1.4674859819602601,-1.1617470882010863,-1.4470551672069298,-1.2358784871252237,-1.1065718864047605,-1.2786051968847687,-1.5318757563623309,85.31136976511414,4.3287269666669514,3.4317025158127707,4.69172926422337,4.723117085610337,1.4844856070280543,1.381645068385303,3.11641973975554,3.164029401503311,4.6165650209336295,85.31136976511414,89.64009673178109,93.07179924759386,97.76352851181723,102.48664559742757,103.97113120445562,105.35277627284091,108.46919601259646,111.63322541409977,116.2497904350334
131,750,0.1,-1.1564595365943253,-1.1504410873721547,-1.1191583154596074,-1.106202662597069,-1.1368525436503054,-1.1422893824897722,-1.1178079775313554,-1.1062465299071014,-1.25963053062627,-1.202980769763899,85.44594074321776,1.4789532166409978,4.191274651907577,4.212820148777562,2.475696561582099,4.381982872699158,1.467518963520309,3.2188753374122276,3.459501872647091,5.74320948913094,85.44594074321776,86.92489395985876,91.11616861176634,95.32898876054391,97.804685322126,102.18666819482516,103.65418715834547,106.8730624957577,110.33256436840479,116.07577385753572
131,1000,0.01,-1.1279022429837502,-1.1359606965373543,-1.1687322090591286,-1.280603201422144,-1.1161947872000968,-1.117075339165455,-1.1417538519001154,-2.3767437895723313,-4.683578144343034,-1.179768405975123,87.8697050884212,1.462935438666443,2.1636988784555493,2.815214782551651,1.4201890909951453,8.181305429232552,2.5293648884224584,3.285041730240092,3.1337283737757105,3.461950029331497,87.8697050884212,89.33264052708765,91.4963394055432,94.31155418809485,95.73174327909,103.91304870832255,106.44241359674501,109.72745532698511,112.86118370076082,116.32313373009231
131,1500,0.1,-1.1528999999999008,-1.0980000000000003,-1.0980000000000003,-1.218975259381227,-1.3017908162309095,-1.0983712611823053,-1.3140825523983182,-1.2201471298489834,-1.3468994106438537,-1.0980000000000003,89.1871110216907,1.3100000000000027,1.6103721314286052,1.9006229519304447,1.3100000000000027,8.299375629256307,2.5131918019175723,3.5286101205708897,3.492967747072119,3.4477485961333647,89.1871110216907,90.4971110216907,92.1074831531193,94.00810610504975,95.31810610504975,103.61748173430605,106.13067353622363,109.65928365679451,113.15225140386663,116.6
131,2000,0.1,-1.1482156191789867,-1.425552830566164,-1.209302966930673,-1.1517102032418567,-1.6144765574164,-1.1506982450014474,-1.1294299916800297,-1.1101355212836874,-1.1667630403299971,-1.915405439793787,91.04679376703473,2.189008700252927,2.2982193937630484,2.4296120860355943,1.4124868892434388,6.855279058868447,1.550903794848884,2.85195552101786,2.8333927186798924,2.9070206737657323,91.04679376703473,93.23580246728766,95.5340218610507,97.9636339470863,99.37612083632973,106.23139989519818,107.78230369004706,110.63425921106492,113.4676519297448,116.37467260351053
131,3000,0.1,-1.1000082991967748,-1.3149840513738758,-1.3099215718790385,-1.3797971974631311,-1.2860745559837552,-1.115587554945698,-1.105172388989585,-1.298287902765538,-1.2406389523285979,-1.9631573117342356,84.04191530116427,5.342524719669582,3.7617071495165764,6.90174474690339,1.3121024868401352,4.766416514076958,1.3151420975543329,3.0036785718873515,3.083233349561814,2.9327762123828833,84.04191530116427,89.38444002083385,93.14614717035043,100.04789191725382,101.35999440409395,106.1264109181709,107.44155301572523,110.44523158761258,113.52846493717439,116.46124114955728
131,4000,0.1,-1.1106992594863059,-1.2867354080809106,-1.1056957876618931,-1.113552962945363,-1.1062612643091287,-1.2991516886324552,-1.716220606788374,-1.214915738677222,-1.0999672288638014,-1.2519892491746174,52.75221697737268,12.290080037536505,19.327743472100288,14.698570148486638,1.364183079457757,3.7079861008504773,1.3175359537710434,2.2887191779507603,2.236628324802097,1.4799131577977858,52.75221697737268,65.0422970149092,84.37004048700948,99.06861063549611,100.43279371495387,104.14077981580435,105.45831576957539,107.74703494752615,109.98366327232824,111.46357643012603
131,6000,0.08875,-4.811484602136284,-3.9068453912550014,-3.1362038841194804,-1.8663316665777239,-3.1067402753435136,-6.906122320761707,-9.990167858434763,-14.059793230699855,-18.10363857845171,-9.600987096339864,-5.82,46.099999999999746,33.79538852977399,29.656390472843427,1.310000000000004,2.3553945000059606,2.3445183295889116,1.4117314515538077,1.4309762766060339,1.318187500000004,-5.82,40.279999999999745,74.07538852977373,103.73177900261716,105.04177900261716,107.39717350262312,109.74169183221203,111.15342328376583,112.58439956037186,113.90258706037187
131,8000,0.08875,-8.84252906536943,-2.3690959215848864,-1.1026826985229614,-1.103058972750639,-1.1034857883834182,-1.1337666736726395,-5.851845297147548,-11.776842035876598,-17.89522044374926,-18.032738826480042,-5.796205747345855,33.16987593767678,38.50544455090632,38.418023478023414,1.316605194490558,1.4924897068319347,5.532281112814312,1.3162983622056368,1.315964214650486,1.3150135578286064,-5.796205747345855,27.373670190330923,65.87911474123725,104.29713821926066,105.61374341375122,107.10623312058316,112.63851423339747,113.95481259560312,115.27077681025361,116.58579036808221
132,250,0.03423639095770488,-1.1258737566953736,-4.221415490494621,-1.1240539004569268,-1.1238649615262057,-1.1235988625319169,-1.1259922624961685,-1.1970068962733134,-1.1243458116936287,-1.1208226069935232,-1.1202040419819599,16.25180681831307,37.612713323310345,4.566662665714652,15.809622100149094,5.330249182843618,14.949611997245782,6.346002955922819,4.990055685047275,4.396672022494997,6.289883093395836,16.25180681831307,53.864520141623416,58.43118280733807,74.24080490748716,79.57105409033078,94.52066608757656,100.86666904349937,105.85672472854665,110.25339675104165,116.54327984443748
132,500,0.03423639095770488,-1.1198803211152863,-1.1281242402217126,-1.1267343284511646,-1.1473459971133868,-1.1299460915917712,-1.1280884929728583,-16.653268058564272,-1.1247322869572562,-1.892956495576363,-2.148320728963049,22.270288862961316,31.210224670031963,16.555903551019046,16.27877909239092,6.0570494517452325,9.58603335508641,3.011065838798423,2.590038272437651,4.161645288407636,1.3611433822876564,22.270288862961316,53.48051353299328,70.03641708401233,86.31519617640325,92.37224562814848,101.95827898323489,104.96934482203332,107.55938309447097,111.72102838287861,113.08217176516627
132,750,0.03423639095770488,-1.1501720126594996,-1.1372835413486415,-1.1209482627607175,-1.1312566629165266,-2.2251553939198616,-1.1143649951925254,-1.8980250596834,-1.3978089221895553,-1.5553080839957052,-1.1481640079747026,17.534941416365246,28.60822114233011,22.564123604727154,12.25954370905454,3.9162983585982043,9.516750833359843,5.640528375985084,6.656524942752857,5.3656021036971016,1.361575825251187,17.534941416365246,46.14316255869535,68.70728616342251,80.96682987247705,84.88312823107525,94.39987906443508,100.04040744042017,106.69693238317302,112.06253448687012,113.42411031212131
132,1000,0.03423639095770488,-1.1063787494836141,-1.2080125441958636,-1.1468303361850367,-1.1516559000974205,-6.061860129846664,-1.2033327569019456,-1.2780179305392378,-1.1845677051499979,-2.3500441152851312,-1.2682169935591556,23.726004642689446,18.841667805400135,18.66328510168956,16.104050373529567,5.055795475153198,11.803857779914622,1.3956224084779558,5.6627408029638175,3.1876847965460815,3.161914093236941,23.726004642689446,42.56767244808958,61.23095754977914,77.33500792330871,82.39080339846191,94.19466117837653,95.5902835868545,101.25302438981831,104.44070918636439,107.60262327960133
132,1500,0.03423639095770488,-1.1075782959360296,-1.4217678391275537,-1.1280830353078768,-1.1329152962818503,-1.4886499724415763,-1.1144371195582798,-1.1427698076624506,-1.120144734817866,-1.1068587709798035,-1.1372770247765231,25.48709277339423,24.880042137293366,21.344307913578234,22.240885578502194,3.8834739684453856,2.344400731737532,5.3330424130588305,4.883141258663084,4.176729446296248,1.5728775232256376,25.48709277339423,50.3671349106876,71.71144282426583,93.95232840276802,97.8358023712134,100.18020310295094,105.51324551600977,110.39638677467286,114.57311622096911,116.14599374419475
132,2000,0.03423639095770488,-1.1152650524115808,-1.1731484275002635,-1.1099711580899276,-1.1193791797894823,-1.315860910757181,-1.1285279659846865,-1.12814436780151,-1.1182264787891025,-1.1574892232935157,-1.1282961766352555,34.123764545588,12.82718473917366,16.928087598412162,21.308184490297016,1.3518661417938653,11.739585189393416,1.3960892549982078,3.3085869046448213,5.6069418054674625,5.711607931526563,34.123764545588,46.95094928476166,63.879036883173825,85.18722137347083,86.5390875152647,98.2786727046581,99.67476195965631,102.98334886430113,108.59029066976859,114.30189860129515
132,3000,0.03423639095770488,-1.1297222528736834,-1.859457542532427,-1.1173462659504163,-1.1327588837590898,-1.1244661752336116,-1.1597267131905946,-1.1583660828023894,-1.4698480473675737,-6.752277735610988,-1.2067875223061217,25.27979961640908,23.9032407122616,18.967103452710546,9.390764947043877,8.91319812127874,10.011829540621527,1.413167877114346,7.098902413717774,4.956069945598568,2.3238193961056757,25.27979961640908,49.18304032867068,68.15014378138122,77.5409087284251,86.45410684970383,96.46593639032537,97.87910426743971,104.9780066811575,109.93407662675607,112.25789602286174
132,4000,0.03423639095770488,-1.1331167155413486,-1.1797066101828682,-1.1330360683167955,-1.386260289400279,-1.3241386582384198,-1.125474594553813,-1.13824587596931,-1.1433240083232308,-1.1128602422469358,-1.1135114980809746,17.832767837443583,32.39126399042975,15.21236280804088,17.19757276529895,6.622405662959849,11.704745448426046,1.392932416313732,1.348931167757792,1.3563206894969388,1.3784781485669741,17.832767837443583,50.22403182787333,65.43639463591421,82.63396740121317,89.25637306417302,100.96111851259906,102.35405092891278,103.70298209667058,105.05930278616752,106.43778093473449
132,6000,0.03423639095770488,-1.4415237853906895,-1.107527847653707,-1.5153261024698288,-2.9595102139231404,-1.955340777003289,-2.047233544344972,-1.109320566501272,-1.113016892327702,-2.23026495961759,-1.110234233319471,30.174726442587847,22.58601081273547,13.283568557078823,21.764852112096754,2.3837158260502274,9.591642771326057,1.3148271001446896,3.269502532155669,5.869201524942573,1.3273044811117556,30.174726442587847,52.76073725532332,66.04430581240214,87.80915792449889,90.19287375054911,99.78451652187516,101.09934362201984,104.36884615417551,110.23804767911808,111.56535216022984
132,8000,0.03423639095770488,-1.100613280981853,-1.1049774510238355,-1.1151385681927088,-1.1179278486735313,-20.93613077126848,-4.521266907400339,-1.1430946276288214,-1.1011686488105261,-1.1055175664957653,-1.1277339042652783,37.55471571145381,27.663936694530037,9.941189576346474,13.421728392877657,1.3661312124095568,5.318181732120237,4.002546915345895,1.7096308593188603,1.805361959419523,4.250865526129658,37.55471571145381,65.21865240598385,75.15984198233032,88.58157037520797,89.94770158761753,95.26588331973777,99.26843023508366,100.97806109440252,102.78342305382205,107.0342885799517
133,250,0.1161227136746687,-1.1117751972131305,-1.1281566133871404,-1.1100048748954237,-1.574203468208391,-1.1309708786200248,-1.112982787348019,-1.175844101551152,-1.1178210056405855,-1.1100389342681916,-1.1049590336449917,37.81317139913614,12.118015689386766,9.083629340386636,12.33156710594152,9.282083798511259,5.5444508458116175,11.719645722077047,4.1592417650357305,2.5272080310898666,9.080400677933248,37.81317139913614,49.931187088522904,59.01481642890954,71.34638353485106,80.62846733336232,86.17291817917393,97.89256390125098,102.05180566628671,104.57901369737658,113.65941437530984
133,500,0.1161227136746687,-1.1042157538464834,-1.1242113297487084,-1.2385927333638014,-1.1025338012797556,-1.100627640624514,-1.1103733834344327,-4.7583586130964655,-1.0993033173889368,-8.966524232038097,-1.6202142333923266,24.428031873118424,25.909332473636844,5.96699147979156,10.664214373288715,14.161347948971963,12.098871489391136,8.896194501988596,3.3434087540726036,4.69488955372902,2.2282029030661095,24.428031873118424,50.337364346755265,56.304355826546825,66.96857019983554,81.1299181488075,93.22878963819863,102.12498414018722,105.46839289425982,110.16328244798885,112.39148535105495
133,750,0.1161227136746687,-19.63978745891216,-1.1236526191457026,-1.1101174765778818,-1.1081806459618746,-4.1549584545757945,-1.1112656676969697,-2.7540438908862335,-2.0603179489319032,-2.1909244980773055,-1.1337927487282213,17.670507887866634,31.902978510245433,13.138367202673905,7.497545860358887,9.784281414270456,11.438858564676302,8.225277851231134,7.320360013955412,5.3896017553367805,3.4954704539530965,17.670507887866634,49.57348639811207,62.71185360078597,70.20939946114486,79.99368087541531,91.4325394400916,99.65781729132274,106.97817730527815,112.36777906061494,115.86324951456803
133,1000,0.1161227136746687,-1.1074823426773774,-1.1063330939938871,-1.1065790845746835,-1.108857746632392,-17.678976598886727,-1.108189817153578,-1.1062932044027438,-1.106893863890639,-1.1079108182450954,-1.1096720823791029,20.766674927088786,22.700646677975,10.484996843563636,12.809865991592046,8.185685094581675,11.63398181009557,9.224806534754983,2.5319813425361373,5.575096352559941,4.790187049915869,20.766674927088786,43.46732160506379,53.95231844862742,66.76218444021947,74.94786953480114,86.5818513448967,95.80665787965168,98.33863922218782,103.91373557474776,108.70392262466363
133,1500,0.1161227136746687,-1.1763957057554535,-1.1532199748383696,-1.1264475138390826,-21.109994317185667,-1.3912852198086,-1.12806742083156,-1.1383823845179175,-1.1468874502353814,-1.1187354386007433,-1.1405602221730167,9.944517304111972,14.04021725552397,18.446817967427748,10.602100893857827,6.775962425466567,15.904721879466386,8.218351897919742,6.888424194884395,6.269289238118054,4.452206905331018,9.944517304111972,23.984734559635942,42.43155252706369,53.03365342092151,59.80961584638808,75.71433772585446,83.93268962377421,90.8211138186586,97.09040305677665,101.54260996210766
133,2000,0.1161227136746687,-1.098,-2.8917573453044128,-1.098,-1.098,-1.098,-1.1529,-1.098,-1.098,-1.098,-1.098,25.556435466375984,11.004149922360515,26.385427639291777,15.982255114717603,1.3100000000000023,11.075453771784282,4.165368731430121,4.395537491985664,7.308360594060488,9.417011267993558,25.556435466375984,36.5605853887365,62.946013028028275,78.92826814274588,80.23826814274588,91.31372191453016,95.47909064596028,99.87462813794595,107.18298873200644,116.6
133,3000,0.1161227136746687,-1.4298769938424023,-2.139405364965487,-1.1616837606124033,-1.153714138849447,-1.1498242861803138,-1.1504498213221979,-1.1450997424046294,-2.6592699857595274,-1.1601218790046997,-7.2103469355189205,14.123595832988794,24.44716209150054,28.87064805121855,10.492406662240029,3.132092451707181,9.699076453277193,6.711674234342484,4.088617259913773,6.204896890779327,7.447043478591217,14.123595832988794,38.570757924489335,67.44140597570788,77.93381263794791,81.06590508965509,90.76498154293228,97.47665577727476,101.56527303718853,107.77016992796786,115.21721340655907
133,4000,0.1161227136746687,-1.1566193589435732,-1.1004625993280532,-1.1005356805722002,-1.3101657785975231,-1.378482110527516,-1.163858291197855,-1.1191080801213145,-1.101078602716693,-1.0997339502010468,-1.1162379604571282,19.97064611511866,12.271619531945678,17.123821097028998,13.452591267593554,11.038550603692016,11.016435328504851,8.638259398067051,4.799713396050869,1.3427311202516257,1.3190510214863356,19.97064611511866,32.24226564706434,49.36608674409334,62.81867801168689,73.85722861537892,84.87366394388377,93.51192334195082,98.31163673800168,99.65436785825331,100.97341887973964
133,6000,0.1161227136746687,-1.1007903428906047,-1.129387852636866,-1.126392326371935,-1.7516476177160034,-1.3059213086149426,-2.94856054107158,-1.1315773398460927,-1.1263075050563436,-1.1227267208918348,-1.114169507455922,25.57902308851761,28.624711463149538,18.28154651371532,7.7033808953414304,1.445550030880144,16.346063043007558,5.365865440946339,2.8800844488222506,4.368289719188908,1.3372567804635118,25.57902308851761,54.20373455166715,72.48528106538247,80.18866196072389,81.63421199160403,97.9802750346116,103.34614047555793,106.22622492438018,110.59451464356908,111.93177142403259
133,8000,0.1161227136746687,-1.098,-1.098,-3.568184687912877,-1.098,-2.474713907908568,-22.07,-1.098,-1.098,-1.098,-1.098,28.819842862218668,35.90622462758603,4.665601106934261,8.27878493596134,4.15950959067618,17.471971375109234,1.360154851880253,6.4955016401995636,7.000618677239274,2.441790332195197,28.819842862218668,64.72606748980469,69.39166859673895,77.6704535327003,81.82996312337647,99.3019344984857,100.66208935036596,107.15759099056552,114.1582096678048,116.6
134,250,0.105139276472964,-1.1012356191224226,-1.142233050963544,-1.1259027689632481,-1.1393838324012506,-1.146019852465824,-1.1369918063655615,-1.153470486538482,-1.1584430804449353,-1.18611006578745,-1.1642908659701026,-5.496803172870086,46.08157602235265,5.253622780739258,18.195055715092387,13.70320351844273,19.651358936338177,9.605193512397669,5.727453447560549,2.2002699777840418,1.370943473411185,-5.496803172870086,40.58477284948256,45.83839563022182,64.0334513453142,77.73665486375694,97.38801380009511,106.99320731249279,112.72066076005333,114.92093073783738,116.29187421124857
134,500,0.105139276472964,-1.1383815568487616,-1.137356220307351,-1.1092109259293705,-1.1741587791502202,-1.1224189810564247,-1.1592414357493528,-6.184651784148802,-1.1806190601640303,-1.149698198268954,-1.1560711519635878,29.3044380800724,14.147377634933022,1.463358085168744,12.179825798175258,6.446957913481846,20.122801933060735,11.431139430516446,6.517464843777315,1.4696658234562294,4.451700937445096,29.3044380800724,43.451815715005424,44.915173800174166,57.094999598349425,63.54195751183127,83.66475944489201,95.09589887540847,101.61336371918578,103.08302954264201,107.5347304800871
134,750,0.105139276472964,-2.4466150157591393,-1.1451922656278395,-1.111062439572719,-1.1403641063660381,-3.6731840519587813,-1.1314355729052616,-1.5548886612192714,-1.1164590345699366,-1.1532570063979808,-1.1156718207175902,20.276017512419926,33.033906290278594,1.3506400574777193,3.219330508729332,9.169677180899647,20.54872961716748,7.121531870367743,4.472874589604894,5.58794143704414,11.630237975708972,20.276017512419926,53.30992380269852,54.66056386017624,57.87989436890557,67.04957154980522,87.5983011669727,94.71983303734045,99.19270762694535,104.78064906398949,116.41088703969845
134,1000,0.105139276472964,-1.1082789477156791,-1.1164969702399188,-1.1031415652490626,-1.1049416592561014,-19.265729679852363,-10.977633263332851,-1.1025700925830066,-1.1077766935833848,-3.2025052029208396,-1.107950528506731,19.440259392045505,21.25115939043308,4.9821199020909805,1.3241931508208125,15.940634546324068,23.337068490528722,4.781043842539942,5.40929563999794,3.865371998110393,6.2693295851493165,19.440259392045505,40.691418782478586,45.673538684569564,46.997731835390375,62.938366381714445,86.27543487224317,91.05647871478311,96.46577435478105,100.33114635289144,106.60047593804076
134,1500,0.105139276472964,-1.115181789235272,-1.1212230811487522,-1.1069104216084784,-4.562907252902914,-1.514238362751728,-6.140054523564132,-21.76966305869523,-1.1171562095314735,-1.1058121682679594,-1.1021242213574394,13.934159829732579,20.318881470722147,8.97873382172148,6.769616416677241,7.333843859867372,22.705034123787357,11.897891066171795,6.70456079899332,5.212213411749584,3.224092261534306,13.934159829732579,34.253041300454726,43.2317751221762,50.00139153885344,57.33523539872081,80.04026952250817,91.93816058867996,98.64272138767328,103.85493479942286,107.07902706095717
134,2000,0.105139276472964,-1.2195341346923048,-1.9471088372734222,-1.1111063530148786,-1.150708164491312,-1.7260955706839223,-1.1195683442016864,-1.1725433266946284,-1.0993721487446497,-1.1173775061488387,-1.109054247358372,11.155414514541015,29.74988202979108,9.257365398772095,11.470915638805408,12.877859875840329,9.949024615596478,5.948409947359597,4.955393565130503,5.050157388470755,1.8382963110165482,11.155414514541015,40.905296544332096,50.16266194310419,61.6335775819096,74.51143745774993,84.4604620733464,90.408872020706,95.3642655858365,100.41442297430726,102.2527192853238
134,3000,0.105139276472964,-1.135077080640492,-1.1093215363106372,-1.108464946670431,-1.1222831553512278,-1.1332837723083666,-1.115584635320658,-1.1135167717333285,-1.5247458592716177,-21.229961570565678,-1.4447915529445825,28.58360324167903,10.674572421079684,8.159447236027262,9.70770416765557,10.415269853975847,9.912139759618231,9.841713077632058,5.788281063738651,7.284326861763613,4.750526256457544,28.58360324167903,39.25817566275872,47.41762289878598,57.12532706644155,67.5405969204174,77.45273668003563,87.29444975766768,93.08273082140633,100.36705768316995,105.1175839396275
134,4000,0.105139276472964,-1.2100548073380364,-1.198499323000651,-1.2117636761505444,-1.6456081474452615,-1.768910633104273,-1.2663260166799342,-1.2019266479241795,-1.2761973869946388,-1.2694433605873763,-1.2740424144122624,42.98479517289077,14.203389285760473,5.544588534397356,9.048900967838659,8.932802489880753,12.16577516294938,7.72729076303083,1.571741426020684,4.681465038868261,6.41994980444932,42.98479517289077,57.18818445865124,62.7327729930486,71.78167396088726,80.71447645076802,92.8802516137174,100.60754237674823,102.17928380276891,106.86074884163716,113.28069864608648
134,6000,0.105139276472964,-1.1157981643206933,-1.1278669572250597,-1.1686815568145352,-2.5834553745967046,-2.3218074066094267,-1.3337108038105372,-1.1717719876054282,-1.1248304772286586,-1.1405237072576937,-1.290075809743143,43.2319252282509,21.509124924234705,6.104197844492674,3.6076177565491925,4.193334150043185,14.934186629997399,2.1227215582897028,5.3023314627772,6.541355824554859,1.7443655126814717,43.2319252282509,64.7410501524856,70.84524799697827,74.45286575352746,78.64619990357065,93.58038653356805,95.70310809185774,101.00543955463495,107.5467953791898,109.29116089187127
134,8000,0.105139276472964,-1.1160426882082701,-1.1231264179451337,-3.289089397053786,-1.1328908429158022,-3.7910167511281383,-3.831795198765054,-1.1066923265028934,-1.1229321080800339,-1.1207564734382522,-1.1144518514549997,47.626337819257415,4.982794237223793,6.082997125045988,10.662522201692198,15.342738023480472,3.3980664207123636,1.6370074471376626,7.7933184178762716,8.327446100339582,7.2959539781390745,47.626337819257415,52.60913205648121,58.69212918152719,69.35465138321939,84.69738940669987,88.09545582741224,89.7324632745499,97.52578169242616,105.85322779276575,113.14918177090482
135,250,0.07145070690624278,-1.1249668571050657,-13.55990788117834,-1.1156356186393133,-2.3072184170347647,-1.1224585536687428,-1.1228215305119567,-1.1129556195483579,-1.1243875918556063,-1.1217651244266578,-1.1057593203397884,39.87836051708037,32.6642892310999,1.354915825200969,1.3392993559724764,20.579769338223237,7.121457527885198,5.1187462032266,1.3405289455380993,1.3395801544219172,1.3393653383706816,39.87836051708037,72.54264974818027,73.89756557338123,75.2368649293537,95.81663426757694,102.93809179546214,108.05683799868874,109.39736694422683,110.73694709864876,112.07631243701944
135,500,0.07145070690624278,-1.1360794558007967,-1.1217590047397954,-1.1053070081213612,-1.115413834524375,-1.1327493937235635,-1.1095625434936194,-19.28236763942028,-1.6068966944300072,-6.644908779949786,-1.1127852511929244,48.73115377043771,18.21233639172727,9.817915928982636,1.3360067127873472,11.83863822394133,10.959522125339884,2.5597899599307645,1.3191567816359493,4.935805841152522,1.3318674927085552,48.73115377043771,66.94349016216498,76.76140609114762,78.09741280393497,89.9360510278763,100.89557315321619,103.45536311314696,104.77451989478291,109.71032573593544,111.042193228644
135,750,0.07145070690624278,-4.205297320432525,-1.1469404381465673,-1.1594306491689208,-1.1519591492313648,-2.2480260794583797,-1.1538160466859555,-2.8588987053864674,-1.0990861954312114,-1.1775776385614627,-1.1636030144737166,26.284808251105886,30.10194607488478,8.020934537466296,7.912058824585646,8.096868282571474,12.157902115852565,7.448864958230473,6.113032545647776,5.160493571126247,1.388595625661381,26.284808251105886,56.386754325990665,64.40768886345697,72.31974768804261,80.41661597061409,92.57451808646665,100.02338304469713,106.13641559034491,111.29690916147116,112.68550478713254
135,1000,0.07145070690624278,-1.128144896087579,-6.915614347531573,-1.1425507916560278,-1.1062302216634063,-1.1226113697190465,-8.244655697265504,-1.140505085235104,-1.1433442545006924,-17.519452502327923,-1.1274607701365076,35.95580283336636,32.054834630756716,1.3660901976652786,7.33727002398561,5.838240413714978,12.20047653356415,8.428284301228274,3.218640041875741,5.954994204481036,3.289541675696615,35.95580283336636,68.01063746412308,69.37672766178835,76.71399768577396,82.55223809948893,94.75271463305307,103.18099893428135,106.39963897615709,112.35463318063813,115.64417485633474
135,1500,0.07145070690624278,-1.1046711127141569,-1.135195656315628,-1.1563083679375805,-1.1393066159933087,-2.3530781715608553,-1.1426460897664992,-1.1669060582651927,-1.1331009370033378,-1.172980156096409,-1.1704473369776984,20.037802943545735,33.67443347091222,7.567856789576492,16.68089411526772,2.8289603307430786,11.291717249085565,7.238845914447122,1.4441882840220632,9.73600421562221,1.8745923215787084,20.037802943545735,53.712236414457955,61.28009320403444,77.96098731930216,80.78994765004524,92.0816648991308,99.32051081357793,100.76469909759999,110.5007033132222,112.3752956348009
135,2000,0.07145070690624278,-1.1682751978587178,-2.764842080030384,-1.1421290684375922,-1.1205072322239071,-1.2909738652297387,-1.1478832989218195,-1.123810653725453,-1.1177561222361811,-1.189186123864614,-1.154744583160698,19.286111996390808,34.45300672550238,12.681431712551671,20.663655444283243,1.316778314421633,5.616844282011041,5.930243925874263,5.551452650227258,3.7245068707479057,6.786040458317169,19.286111996390808,53.739118721893185,66.42055043444486,87.08420587872811,88.40098419314975,94.0178284751608,99.94807240103506,105.49952505126232,109.22403192201023,116.0100723803274
135,3000,0.07145070690624278,-1.305844344123075,-2.089393922844525,-1.2851628525709888,-1.0980000000000005,-1.0980000000000005,-1.0980000000000005,-1.0980000000000005,-5.377949333873476,-22.069999999999986,-1.4325792310553924,13.918366176928323,44.17992136702004,13.545306128687105,1.3100000000000027,6.145417173866887,8.907280786799785,4.8470556765884805,7.263030204518799,8.618203514152302,7.865418971438171,13.918366176928323,58.098287543948366,71.64359367263548,72.95359367263548,79.09901084650237,88.00629163330215,92.85334730989064,100.11637751440944,108.73458102856173,116.59999999999991
135,4000,0.07145070690624278,-1.103980647654291,-1.1445312560058492,-1.1108258842938659,-1.670642949489813,-1.3921942718737164,-1.1049535972258044,-1.1063406442025938,-1.102567239276624,-1.1054125298437616,-1.1017748210601472,38.22821196120202,23.290415120645548,12.94623003582258,1.320471737275008,3.7128951934000796,16.227359281522737,8.984482003965624,3.6653969202936096,1.310757708398273,1.310395132547768,38.22821196120202,61.51862708184757,74.46485711767015,75.78532885494516,79.49822404834524,95.72558332986797,104.7100653338336,108.3754622541272,109.68621996252547,110.99661509507324
135,6000,0.07145070690624278,-1.1056848390935872,-1.370347665769105,-1.1100337713890953,-1.9505224673675094,-1.4575896643766004,-2.241646259514437,-1.1177289230508354,-1.113449478841646,-2.2078664590914467,-1.1098328963580637,56.72289851049126,15.609573507564598,16.23974963376625,1.349236069264455,1.8073584631095487,11.929114586737022,7.3000018281980115,1.3218185316677546,1.4863962267241186,1.325489316096089,56.72289851049126,72.33247201805585,88.5722216518221,89.92145772108655,91.7288161841961,103.65793077093312,110.95793259913113,112.27975113079889,113.76614735752301,115.09163667361909
135,8000,0.07145070690624278,-1.1136281042222054,-1.1396275876246267,-1.1293832081816646,-5.175929723106552,-2.429153381664923,-15.475124467918022,-1.1073593228489957,-1.0981233170858733,-1.1140625546664902,-1.1004230481429178,40.86257840018004,26.935634961304203,17.353804560115115,9.78984883649834,1.3566345023244661,10.615664827697387,1.570194584574276,3.3993602206902658,1.357257530530421,1.3577482856332415,40.86257840018004,67.79821336148424,85.15201792159937,94.9418667580977,96.29850126042217,106.91416608811956,108.48436067269384,111.88372089338411,113.24097842391453,114.59872670954776
136,250,0.1161227136746687,-1.157260239223508,-1.1470471561337061,-1.1486505008940298,-1.5487182072883465,-1.142244947118606,-1.1681775266708492,-1.6142361885283445,-1.1471344652741644,-1.1749541438534488,-1.167830544476948,43.38010771177959,14.674962488951294,6.942494558704917,12.90144510293495,6.145596423526854,6.387657481209544,12.191939544111413,3.6597943190445523,2.160607210214083,6.728414418280131,43.38010771177959,58.05507020073088,64.9975647594358,77.89900986237075,84.0446062858976,90.43226376710714,102.62420331121857,106.28399763026312,108.4446048404772,115.17301925875734
136,500,0.1161227136746687,-1.128401559004785,-1.1236332764345183,-1.4459174714979097,-1.1140553830644229,-1.125512486308224,-1.1225852409447103,-4.834930143497578,-1.1403988810550372,-9.251302771134192,-1.575077105567554,27.013123724682146,27.555609151562372,5.264110296274197,7.980002524155381,11.93528758463129,12.157666176038003,10.03632804030277,3.4702399495669614,4.5295536937737,2.298586502721978,27.013123724682146,54.56873287624452,59.832843172518714,67.81284569667409,79.74813328130537,91.90579945734338,101.94212749764614,105.4123674472131,109.9419211409868,112.24050764370878
136,750,0.1161227136746687,-17.21471804936141,-1.1770684859607856,-1.1502857372841535,-1.1805779824878475,-4.260285720208742,-1.1412649233618146,-2.8334738513942517,-2.061120613455434,-2.329257320539356,-1.1553459010877276,18.68202231058325,25.23204363523265,12.353542248202036,7.249563814275302,10.957351818567318,10.683836164045942,13.22180768546816,5.904026081075191,5.100478676187109,3.5044014348490844,18.68202231058325,43.9140659458159,56.26760819401794,63.517172008293244,74.47452382686056,85.1583599909065,98.38016767637467,104.28419375744986,109.38467243363696,112.88907386848605
136,1000,0.1161227136746687,-1.1361059740605486,-1.1347729762175789,-1.1483625268745286,-1.1355231561055192,-18.69504223883948,-1.1577514659986199,-1.1385629017389722,-1.1345024109921622,-1.1338094645533894,-1.135819834344206,28.77925982273276,15.783012339209389,10.010919187478384,12.472763327226525,8.007995596150195,10.841050949029395,6.480836440964248,2.6588670267641152,5.504581883957008,5.3053220611796545,28.77925982273276,44.56227216194215,54.57319134942053,67.04595467664706,75.05395027279725,85.89500122182665,92.3758376627909,95.03470468955501,100.53928657351202,105.84460863469167
136,1500,0.1161227136746687,-1.1336674805651565,-1.1559451048546556,-1.1402617283111107,-19.471174021274493,-1.2653557247874065,-1.1499428798106717,-1.137449176347904,-1.1739809384913316,-1.1293104658865238,-1.2341754056852388,15.472794097208041,28.37076978769423,17.52835973408679,10.011485030807876,3.2354906639260577,14.311783378179395,6.6801610699364105,7.815105294051282,6.062284397922651,4.344366553972149,15.472794097208041,43.84356388490227,61.37192361898906,71.38340864979693,74.61889931372299,88.93068269190239,95.6108437618388,103.42594905589007,109.48823345381273,113.83260000778488
136,2000,0.1161227136746687,-1.1185842121363345,-2.8319595782477354,-1.1032491867981453,-1.219908800654376,-1.1012981615652424,-1.1087035098333473,-1.1083627829742473,-1.1110953646117117,-1.1053548119438732,-1.1087075202090797,25.624790784427546,11.076504991356266,26.371230077521886,15.912207987960407,1.313246469987412,10.6178193425169,4.135122850424834,4.452335611355313,7.384139256612835,9.48406129899687,25.624790784427546,36.70129577578381,63.0725258533057,78.9847338412661,80.29798031125353,90.91579965377042,95.05092250419526,99.50325811555057,106.8873973721634,116.37145867116027
136,3000,0.1161227136746687,-1.425407103242034,-2.151342387107996,-1.099918843450316,-1.1151819438037385,-1.1159201385073159,-1.1169911732057822,-1.1057337821244073,-2.4285832286109565,-1.1098728769533124,-7.129515528979891,14.25582209089255,19.36423866313205,23.28712114904274,9.285576852839402,3.156172773718721,10.245878400114247,6.419009975315518,7.245038136902508,8.595481321174223,10.430460863156512,14.25582209089255,33.6200607540246,56.90718190306734,66.19275875590674,69.34893152962546,79.59480992973971,86.01381990505523,93.25885804195774,101.85433936313196,112.28480022628847
136,4000,0.1161227136746687,-1.1398053794879295,-1.1765935160892216,-1.1519832776004142,-1.3090688521259795,-1.2037999419350833,-1.143757545587409,-1.1453400928944695,-1.186268061065705,-1.1331082290143621,-1.185877985793704,22.241466643802767,15.152874777152917,18.44825364512628,12.904588880244859,9.805632851865873,11.412951123180065,6.299410470807988,4.46980594271275,1.387985872052968,1.3962521924696931,22.241466643802767,37.39434142095568,55.84259506608196,68.74718394632683,78.55281679819271,89.96576792137277,96.26517839218076,100.73498433489351,102.12297020694648,103.51922239941617
136,6000,0.1161227136746687,-1.1075432803664587,-1.1076766043052064,-1.1150748138928668,-1.926690325834361,-1.1310452934397142,-3.260958845169297,-1.1240068447387763,-1.1318361363008855,-1.1234742375025935,-1.1321430758891533,32.99590595327699,26.99772908364575,14.815056419163248,6.998349980051906,1.667700342826051,11.20929387568274,5.545820895275355,3.1978138827880773,4.969300037026525,1.3471758417716826,32.99590595327699,59.99363503692274,74.808691456086,81.8070414361379,83.47474177896395,94.68403565464669,100.22985654992205,103.42767043271013,108.39697046973666,109.74414631150835
136,8000,0.1161227136746687,-1.1793332504385257,-1.1727031564570884,-3.835789602516388,-1.1002049180684779,-2.5629259788193295,-19.206727575057812,-1.1702509870647186,-1.1687825535422403,-1.2130740598972327,-1.184748054073149,35.97167635881402,28.95846440111704,3.8544060571914933,6.558418075348946,4.9423793205444895,17.38602140987708,1.379781351150159,5.244955118928669,6.851748960712458,2.28186777589005,35.97167635881402,64.93014075993106,68.78454681712256,75.34296489247151,80.285344213016,97.67136562289309,99.05114697404325,104.29610209297192,111.14785105368438,113.42971882957443
137,250,0.0826599110949548,-1.1058106074491816,-10.19218567355648,-1.111336069836589,-1.0996782368965472,-1.1096995083536836,-1.113938690057585,-1.1050586351702325,-1.110869081923214,-1.1076740983802447,-1.1106260554587504,76.4576927816176,6.331925457573668,1.3111265022096346,5.128135028054542,4.105289061554819,12.11255555305835,1.3219092813290185,4.809878941806032,1.3111484289588353,1.3104472490438779,76.4576927816176,82.78961823919127,84.1007447414009,89.22887976945545,93.33416883101026,105.4467243840686,106.76863366539762,111.57851260720365,112.88966103616248,114.20010828520635
137,500,0.0826599110949548,-1.1175440493017708,-1.1228829954560404,-1.1017371650600336,-1.1234854074632676,-1.1080831655878125,-1.1167627500273123,-1.1072044300617683,-1.4430058089006845,-1.1274472083590368,-1.121095645059302,24.303944597813185,39.05400188913879,10.703246246743486,7.878121368254561,5.3100106973839125,11.516166085932088,1.4607962496398832,1.9703653781996646,1.3434104853514723,1.3383989853145692,24.303944597813185,63.357946486951974,74.06119273369546,81.93931410195003,87.24932479933395,98.76549088526603,100.22628713490592,102.19665251310558,103.54006299845705,104.87846198377161
137,750,0.0826599110949548,-1.098,-1.123559457164166,-1.098,-1.098,-4.187360623225277,-1.098,-22.07,-4.886563035744521,-2.4508698326680083,-1.098,21.54499771497112,26.60912081382406,15.107967041844567,10.422096683918873,9.575136500369737,12.401168567867728,6.262956249333925,6.603505427108942,5.549387742129298,2.5236632586317427,21.54499771497112,48.15411852879518,63.26208557063975,73.68418225455862,83.25931875492836,95.66048732279609,101.92344357213001,108.52694899923895,114.07633674136825,116.6
137,1000,0.0826599110949548,-1.1032540257010384,-21.167108590594225,-1.104177154984325,-1.147908102067003,-1.1086415013764834,-1.106098237311524,-1.0986793057691249,-1.1026707386472738,-1.102594260337499,-1.105176455240393,23.766774534079957,34.26426216198878,13.804755752753977,14.75794044608785,1.3125564066248074,5.876587602256507,11.15317825910845,6.336232787296968,3.670650476196929,1.3158293283414468,23.766774534079957,58.03103669606874,71.83579244882272,86.59373289491057,87.90628930153538,93.78287690379189,104.93605516290035,111.27228795019731,114.94293842639424,116.25876775473569
137,1500,0.0826599110949548,-1.0980000000000016,-1.1266431175203073,-1.0980000000000016,-1.1528999999999892,-2.0258935720071296,-1.0980000000000016,-1.0980000000000016,-1.0980000000000016,-1.0980000000000016,-1.0980000000000016,23.384593796672238,39.00593447887877,9.140871752829112,12.22745044243695,1.310000000000004,9.81844827643853,7.893136429461666,9.537233284632173,2.972331538650562,1.3100000000000032,23.384593796672238,62.390528275551006,71.53140002838012,83.75885047081707,85.06885047081707,94.8872987472556,102.78043517671726,112.31766846134943,115.28999999999999,116.6
137,2000,0.0826599110949548,-1.1559846497449873,-2.6848195798843166,-1.1136714141650796,-1.1163189473782524,-1.3493692951087621,-1.109221543805873,-1.148894609478953,-1.115620891889912,-1.113204452902373,-1.1241207894354708,30.896513110986064,23.762585604152036,15.175249682918661,5.140749645600044,1.3504310541962505,13.553772829159868,1.3488058022766074,8.552500492544649,9.115737959151552,5.124159238587097,30.896513110986064,54.6590987151381,69.83434839805676,74.9750980436568,76.32552909785305,89.87930192701292,91.22810772928952,99.78060822183417,108.89634618098572,114.02050541957281
137,3000,0.0826599110949548,-1.1114389660763226,-1.4134689622781456,-1.1177025340013085,-1.1055621953158181,-1.1064006776887463,-1.5574563905924004,-1.1257286625561562,-2.7624266347857587,-20.451079359823048,-1.4764904432204236,68.75333319064393,7.597557172073362,6.48024921680684,3.8951364707555154,1.40677130212398,8.925457802889753,5.442516812284815,5.534892641396915,5.218778082034081,2.739787880721053,68.75333319064393,76.3508903627173,82.83113957952413,86.72627605027965,88.13304735240364,97.05850515529339,102.5010219675782,108.0359146089751,113.25469269100918,115.99448057173024
137,4000,0.0826599110949548,-1.27060789028046,-1.098,-1.098,-1.5483679274431297,-1.2282051180002924,-1.098,-1.098,-1.1528999999992013,-1.098,-1.098,38.886500926368534,35.86935423006029,5.4162641667694515,9.343592722270046,3.4830790139638594,11.915309159339515,1.3722722749362646,5.645834465642594,3.3577930406494403,1.3100000000000023,38.886500926368534,74.75585515642882,80.17211932319827,89.51571204546832,92.99879105943218,104.9141002187717,106.28637249370796,111.93220695935055,115.28999999999999,116.6
137,6000,0.0826599110949548,-1.4207883117697413,-1.098,-1.098,-9.49420358554275,-1.4822751898353208,-3.5894574590015367,-1.098,-1.098,-3.598888860236864,-1.2329225726709139,56.07534605143805,30.340404911335177,1.8508738622522145,4.062265487532812,1.3100000000000023,13.017757104707528,3.241867292794538,3.8018158202160066,1.5896694697236597,1.3100000000000023,56.07534605143805,86.41575096277323,88.26662482502545,92.32889031255826,93.63889031255826,106.65664741726579,109.89851471006033,113.70033053027633,115.28999999999999,116.6
137,8000,0.0826599110949548,-1.127264968530353,-1.1269831419402654,-6.897493984148118,-1.1293426949543908,-4.789084819546058,-2.914797350731634,-1.137672832227834,-1.1174183694515865,-1.1389844947921755,-1.1294522471309278,46.211069882599574,25.165718724766634,1.4303398352489376,4.450315647385895,2.8520931634114133,12.439075591882155,2.6962902441007035,7.9681926694899445,5.822042931090879,1.3257194985789025,46.211069882599574,71.37678860736621,72.80712844261515,77.25744409000104,80.10953725341246,92.54861284529461,95.24490308939532,103.21309575888526,109.03513868997614,110.36085818855504
138,250,0.07976602500853205,-1.1671404585211294,-6.201097018957562,-1.1425689697757138,-3.402684573147054,-1.139716514164641,-1.1350210079197662,-1.181659032912766,-1.1476066849376596,-1.1543320742864207,-1.1607761720230023,37.162440793765214,29.62733804901366,11.010691056636325,6.41823991678868,13.004835366442443,10.738190670472228,1.965042738431606,1.4025122064991535,1.3702441386827244,3.7762671067193807,37.162440793765214,66.78977884277887,77.80046989941519,84.21870981620387,97.22354518264632,107.96173585311854,109.92677859155015,111.3292907980493,112.69953493673202,116.47580204345141
138,500,0.07976602500853205,-8.162962763138484,-1.1077044276258259,-1.201706685759714,-1.1583428493029126,-1.1769587706595916,-1.1977798235281436,-2.080269269205629,-1.7356930060096865,-1.1695305387331363,-2.0548366424580022,27.116188860269247,35.57634402293874,8.121133742353127,15.10658452266534,11.065897394547996,7.207898930156334,1.3873273168860139,1.364575653016857,1.416687471261949,1.4354924952815722,27.116188860269247,62.69253288320799,70.81366662556111,85.92025114822646,96.98614854277446,104.19404747293079,105.5813747898168,106.94595044283366,108.36263791409561,109.7981304093772
138,750,0.07976602500853205,-2.3863820644447626,-1.1433323038900642,-1.125085246209454,-1.123275526980681,-2.546968055132358,-1.1269582005302787,-3.0477834713565572,-1.2659528313967288,-1.1521502365860194,-1.1370479877370752,28.328869131747425,27.93447140430956,15.39397640941593,15.64452954503231,12.091268625638488,8.226300953923023,1.3742610276189366,1.354181447276701,1.3539176519305285,1.375419379712314,28.328869131747425,56.26334053605699,71.65731694547291,87.30184649050523,99.39311511614372,107.61941607006673,108.99367709768568,110.34785854496238,111.70177619689291,113.07719557660522
138,1000,0.07976602500853205,-1.098,-10.471109611486614,-1.0980000000000005,-1.098,-1.0980000000000005,-22.07,-1.098,-1.1528999999999967,-1.0980000000000005,-1.0980000000000005,36.50656557887828,19.764170253053116,14.649400505860825,9.536119735145665,8.98555529288057,12.172813991950452,5.858922729808016,3.7515686813023894,4.064883231120677,1.3100000000000027,36.50656557887828,56.2707358319314,70.92013633779223,80.45625607293789,89.44181136581847,101.61462535776892,107.47354808757693,111.22511676887932,115.28999999999999,116.6
138,1500,0.07976602500853205,-1.1783906765400731,-1.6380283578433614,-1.1508726981452204,-1.19591648296965,-1.5366771337838703,-1.1763051367821409,-1.0989849702611578,-1.2119179536931348,-1.23137582255452,-1.247844976430227,9.725243900061912,36.43954149827641,18.819211190758963,11.72435857884139,7.639438603802681,7.235518716335214,7.960691383009959,4.110865367544628,1.4781621531754556,1.4820523105751953,9.725243900061912,46.164785398338324,64.98399658909729,76.70835516793868,84.34779377174135,91.58331248807656,99.54400387108652,103.65486923863115,105.13303139180661,106.61508370238181
138,2000,0.07976602500853205,-1.2070854673707725,-1.6327453989023883,-1.1445253679166036,-1.1650258693420796,-1.2204357516218596,-1.1530277162641123,-1.1605381142359636,-1.1683738288409296,-1.260140400851124,-1.1722912124398999,21.781622929282044,39.678655458582526,7.3242587339432745,9.554868854299684,7.117093308084911,5.100155611924677,8.342676414783973,5.772983235334788,5.625331821144496,1.3691676814135096,21.781622929282044,61.46027838786457,68.78453712180784,78.33940597610753,85.45649928419243,90.55665489611711,98.89933131090109,104.67231454623588,110.29764636738038,111.6668140487939
138,3000,0.07976602500853205,-1.6602050833830266,-1.516973936249304,-1.571638834455178,-1.1021936476029368,-1.1013913971400286,-1.1003694548630687,-1.1023177552594075,-3.7329397357320175,-5.592302136014014,-3.2775249732465745,15.55512939236759,22.936932380590655,13.121160418003406,7.242542054780145,14.064520905429635,11.809258072854199,5.613405623978599,9.482500620808764,13.237454469876365,2.0844992803380222,15.55512939236759,38.492061772958245,51.61322219096165,58.855764245741796,72.92028515117143,84.72954322402563,90.34294884800423,99.82544946881299,113.06290393868936,115.14740321902738
138,4000,0.07976602500853205,-1.2014214195439976,-1.1211251923936865,-1.1239670055937951,-2.1976058187710095,-1.2066917896754905,-1.1255042294975737,-1.122419455310058,-1.099882764211673,-1.1348574991127571,-1.121242963997573,31.4601537541146,22.35144749710433,10.957732452891133,3.729495427990881,12.996508998263678,9.816307479870709,10.387637844127415,6.502492970179263,1.3515019947385554,1.3403460028337104,31.4601537541146,53.81160125121893,64.76933370411007,68.49882913210095,81.49533813036463,91.31164561023533,101.69928345436274,108.201776424542,109.55327841928056,110.89362442211427
138,6000,0.07976602500853205,-1.174921736911724,-1.1714038656306078,-1.5553861357767316,-13.53469454565196,-1.8230240560368554,-2.8053088148820997,-1.14009555601648,-1.162888548809358,-1.1594457452250788,-1.274043669656641,51.890175187836036,12.009603765589262,3.6237510281540963,3.2097721559339103,15.544380173820599,12.442704561023298,1.3100438374760035,3.5090398807122067,5.600091715781499,1.4151836205189774,51.890175187836036,63.8997789534253,67.5235299815794,70.7333021375133,86.2776823113339,98.72038687235721,100.03043070983321,103.53947059054542,109.13956230632692,110.5547459268459
138,8000,0.07976602500853205,-1.1051208472827967,-1.0987992555553894,-21.771090178506554,-1.1140619144166521,-1.4247732086044684,-7.461874140037529,-1.116341321808353,-1.099126693937922,-1.1377963740214028,-1.0995269107992551,65.73069221545505,16.173199770552685,6.058628840192319,1.4293080690982434,7.090591996068102,13.807340014843758,2.3430590975375236,1.3170062649576775,1.3211307749207952,1.3171468533409607,65.73069221545505,81.90389198600774,87.96252082620005,89.39182889529829,96.48242089136639,110.28976090621015,112.63282000374767,113.94982626870535,115.27095704362614,116.5881038969671
139,250,0.06531922024321635,-1.1140855859697276,-1.1273238244690744,-1.1008177402914843,-1.1484111278352707,-1.1294144289372752,-1.1053422822835195,-1.1025502754115108,-1.1035959098622792,-1.1098377285169259,-1.1195948385919507,25.96424627553281,37.130139953272405,7.868918198442717,3.473004806439964,5.431567445221017,10.906048562103738,2.892960558005452,3.223804632040485,1.3946704409033235,3.5432367010965633,25.96424627553281,63.09438622880521,70.96330442724793,74.4363092336879,79.86787667890891,90.77392524101265,93.6668857990181,96.89069043105859,98.28536087196191,101.82859757305847
139,500,0.06531922024321635,-1.1214663028785714,-1.1241868501301457,-1.1225306249783324,-1.1223988544427201,-1.1191131414805096,-1.115584713295183,-2.1192710985968484,-1.1363373913716126,-1.1174788325368987,-1.2995215397993518,33.22014215765947,19.507735467646413,20.883112080229537,1.3738726771044663,8.247612952068494,10.834632577113624,1.37127742440099,2.8555251584142685,2.566863966125416,1.3397836939778678,33.22014215765947,52.72787762530588,73.61098970553542,74.98486238263989,83.23247533470838,94.067107911822,95.43838533622299,98.29391049463726,100.86077446076267,102.20055815474053
139,750,0.06531922024321635,-4.270722840832427,-1.139490613936628,-1.1282499564630921,-1.1417959626092666,-2.055110380900615,-1.1337068528806338,-3.2644413891669544,-4.424077034885851,-3.2994546536381204,-1.2173771210531315,24.17671032568505,27.634163587185128,19.04831614901216,10.55277796225328,1.4579960822416904,11.792321334812115,4.034476728880501,2.7708648017244393,2.422474843652836,2.2304591947083665,24.17671032568505,51.81087391287018,70.85919006188234,81.41196802413563,82.86996410637732,94.66228544118944,98.69676217006995,101.46762697179439,103.89010181544722,106.1205610101556
139,1000,0.06531922024321635,-1.1244812760457195,-1.2249471077539855,-1.1986212480975995,-1.169638573163997,-2.9079841837741043,-8.312483713709764,-1.1435752341362493,-1.1791999404006503,-7.255720378753363,-6.6816092951287835,30.60150504700647,21.079293738718512,13.952144689520548,14.395003931199163,1.4105936395815828,11.219346019048771,1.39647330191085,4.139482735684815,2.3152060318178194,2.8003949023323784,30.60150504700647,51.68079878572498,65.63294347524553,80.0279474064447,81.43854104602627,92.65788706507504,94.05436036698589,98.19384310267071,100.50904913448854,103.3094440368209
139,1500,0.06531922024321635,-1.140062827025515,-1.1698097029171297,-1.1002293642478227,-19.835189252471636,-1.637760938786227,-1.1259316840291866,-1.1124608272019736,-1.1460474546673551,-1.1495043288528817,-1.254331669091946,28.572652450807887,23.846919823809486,1.8506731149517535,18.49088373763444,1.37610793564538,11.328150827413467,3.6168871350374694,5.03930586001643,3.869696923333578,1.3512987525314966,28.572652450807887,52.41957227461737,54.270245389569126,72.76112912720356,74.13723706284894,85.4653878902624,89.08227502529988,94.1215808853163,97.99127780864988,99.34257656118137
139,2000,0.06531922024321635,-1.135789252608359,-1.3634989183692863,-1.1369670550271533,-1.1731816712871153,-1.0993466970839272,-1.1139197118911688,-1.1315926912198786,-1.1574467934024733,-1.1161313876573518,-1.1468634529862292,8.651767511698583,25.194966757376278,20.56713323304394,19.711683491208838,1.3830343541865964,23.026797685640865,3.8798559509570696,1.3534539571281239,1.8246837634029482,3.116519915966771,8.651767511698583,33.84673426907486,54.4138675021188,74.12555099332764,75.50858534751423,98.53538303315509,102.41523898411215,103.76869294124027,105.59337670464322,108.70989662061
139,3000,0.06531922024321635,-1.3961605624496842,-1.9518853286841473,-1.6129955656909667,-1.1316412572066854,-1.1386626872817383,-1.1307140526710002,-1.1475297425088047,-1.5472985869953746,-7.935749920321399,-1.2144533193531535,8.658586365765412,43.27616979436395,17.909832480563203,11.324892302995934,1.387919350792969,10.872283519970217,1.326422380836222,2.5024359355709915,2.9766475221416897,2.070165010265608,8.658586365765412,51.93475616012937,69.84458864069256,81.1694809436885,82.55740029448147,93.42968381445169,94.75610619528791,97.2585421308589,100.23518965300059,102.3053546632662
139,4000,0.06531922024321635,-1.1940395795570042,-1.9020002339125646,-1.1566546264773376,-2.8009132949681446,-2.2911774422912954,-1.171907265899859,-1.2216378424995669,-1.207706688597293,-1.1982819333769128,-1.1706698332947063,28.70628759938584,32.93066972520701,12.086551490420586,9.48146405413609,1.4167341029035145,1.4661162089606163,1.4299045435105628,8.14631740419576,6.796263083201868,2.048225174967926,28.70628759938584,61.63695732459285,73.72350881501343,83.20497286914951,84.62170697205303,86.08782318101365,87.5177277245242,95.66404512871996,102.46030821192183,104.50853338688975
139,6000,0.06531922024321635,-1.1253813389669027,-1.1067664622742344,-1.233929562753236,-3.164518205256769,-1.9212632731385684,-1.6145303932295576,-1.154128948479544,-1.1265031447878415,-1.1389255843747503,-1.1517792818231882,44.673706761320986,30.162652847597748,1.342509535589155,6.383510469551559,1.3722692192980532,6.06913036896718,4.962389122685465,2.4943374777439895,4.828601418011614,1.3657746813123355,44.673706761320986,74.83635960891874,76.1788691445079,82.56237961405945,83.9346488333575,90.00377920232468,94.96616832501014,97.46050580275413,102.28910722076574,103.65488190207807
139,8000,0.06531922024321635,-1.2250791013943947,-1.18424504713039,-7.3152940136222355,-1.2797968451934123,-2.7151852571055546,-1.310026497657482,-1.209699726276753,-1.2333389178313015,-1.3292436318295677,-1.2627336003271976,41.084460755927296,23.446242425926158,11.977661008666644,8.646406803445295,5.934003303030597,1.5549053891327853,9.626084785054072,1.4979719789035792,1.3109602379909466,1.5044605477914583,41.084460755927296,64.53070318185345,76.5083641905201,85.1547709939654,91.088774296996,92.64367968612878,102.26976447118285,103.76773645008643,105.07869668807737,106.58315723586882
140,250,0.1320090122947332,-1.0980000000000003,-3.5766692849792436,-1.1528999999999994,-1.3940503034466118,-1.0980000000000003,-1.0980000000000003,-1.0980000000000003,-1.0980000000000003,-1.0980000000000003,-1.0980000000000003,-5.82,44.685326789643284,19.666295672460237,16.183718791569646,16.349092102349076,12.131100946312358,6.335460007129413,4.045064175119336,1.7139415154166073,1.3100000000000023,-5.82,38.865326789643284,58.53162246210352,74.71534125367316,91.06443335602223,103.1955343023346,109.530994309464,113.57605848458334,115.28999999999995,116.59999999999995
140,500,0.1320090122947332,-1.1121737277144805,-1.1133323975382408,-2.055846158902356,-1.1181017099844004,-1.6267301151927027,-1.125863549323498,-2.1718021150629117,-2.036656129772764,-1.1037962225610012,-3.4504363954476585,-5.790237654704338,39.59487411877032,15.923724483812734,16.74131621294181,20.97019467760186,17.617685829493823,1.7945274613008682,1.3389192532293057,1.3383447872531384,1.3386982852995697,-5.790237654704338,33.80463646406598,49.72836094787871,66.46967716082052,87.43987183842239,105.05755766791621,106.85208512921709,108.1910043824464,109.52934916969953,110.8680474549991
140,750,0.1320090122947332,-1.0980000000000008,-1.0980000000000008,-1.0980000000000008,-1.262953701221487,-22.06999999999995,-1.1528999999999976,-3.8231819788670345,-3.875660903061241,-2.4502474832525927,-1.0980000000000008,-5.82,36.551672044961464,17.383965243852202,19.008339942484973,17.10260573661455,14.840232831255449,11.392240205212346,2.3560641618734515,2.474879833745195,1.310000000000004,-5.82,30.731672044961464,48.115637288813666,67.12397723129864,84.22658296791319,99.06681579916864,110.45905600438098,112.81512016625443,115.28999999999962,116.59999999999962
140,1000,0.1320090122947332,-1.098,-1.098,-1.098,-1.098,-1.098,-22.07,-1.098,-1.098,-1.098,-1.1529,-5.82,43.20018309223762,17.117032219251634,18.373051009925035,13.781368799874343,4.99336256110432,12.873108624201336,2.4751567608870317,1.3100000000000023,1.792487090721096,-5.82,37.38018309223762,54.497215311489256,72.87026632141429,86.65163512128863,91.64499768239295,104.51810630659429,106.99326306748132,108.30326306748132,110.09575015820242
140,1500,0.1320090122947332,-1.1595742076251758,-1.1039711900415972,-1.199054091289213,-16.532772203213263,-2.2949339905303274,-1.2006048361363075,-10.471745501611352,-1.1950236014357678,-1.1804799631563,-1.1216003915989412,-5.65784936740066,41.25373313559916,23.331892651712963,23.480621996219924,13.467041575146691,1.422929821610344,1.6600351958338502,1.4002191474918084,1.3942995285002215,1.4385796859892492,-5.65784936740066,35.595883768198505,58.92777641991147,82.40839841613139,95.87543999127809,97.29836981288842,98.95840500872228,100.35862415621409,101.75292368471432,103.19150337070357
140,2000,0.1320090122947332,-1.098,-1.9458648680064674,-1.098,-1.098,-1.6852157211496743,-1.098,-1.098,-1.1529,-1.098,-1.098,-5.82,46.1,18.408024736863453,17.673125755291906,15.073660400858216,1.3100000000000023,11.413468207004797,1.3100000000000023,1.3100000000000023,9.821720899981614,-5.82,40.28,58.688024736863454,76.36115049215536,91.43481089301358,92.74481089301358,104.15827910001838,105.46827910001838,106.77827910001838,116.6
140,3000,0.1320090122947332,-2.163080116073737,-1.1977818754589409,-1.1130484892953774,-1.098,-1.098,-1.098,-1.098,-2.111335327841249,-6.157648502093684,-1.098,-5.82,46.1,16.775252262310588,14.054989730038528,16.110915094034894,1.3100000000000023,11.104534815043749,1.3669976937331825,1.606929639626379,9.000025562352135,-5.82,40.28,57.05525226231059,71.11024199234912,87.22115708638401,88.53115708638401,99.63569190142776,101.00268959516094,102.60961923478732,111.60964479713945
140,4000,0.1320090122947332,-1.6338583856115019,-1.1012730407564777,-1.1266492852663434,-1.4832870378345007,-1.4435303136326203,-1.1274142073464533,-1.1069250972741425,-1.1027337862747255,-1.1227651676923411,-1.7266456984542753,22.44957753097345,41.739332701902015,12.8943725039069,11.627881402755886,10.469555850689641,1.3771895990681005,7.467501378045434,4.058635013584768,1.726072672195218,1.3136075421701112,22.44957753097345,64.18891023287546,77.08328273678237,88.71116413953825,99.1807199902279,100.557909589296,108.02541096734143,112.08404598092619,113.8101186531214,115.12372619529152
140,6000,0.1320090122947332,-1.7926436194559425,-1.0980000000000008,-1.5420690201227143,-2.7639685995588517,-1.9294371682029947,-2.349030430946809,-1.1014312499999757,-1.0980000000000008,-22.069999999999972,-1.2809233442799273,9.150126665848942,38.4355809698002,15.126392650638252,18.212755409814115,11.27721973595883,2.23466740342002,2.5386272115547133,4.435446215378791,5.905410194013971,9.283773543572185,9.150126665848942,47.58570763564914,62.712100286287395,80.9248556961015,92.20207543206033,94.43674283548035,96.97537004703506,101.41081626241385,107.31622645642781,116.6
140,8000,0.1320090122947332,-1.1101424954745602,-1.1064513725126983,-14.515749631189145,-21.66756553302745,-2.072184675912088,-1.1059511425303752,-1.0992022995223802,-1.1093830804978597,-1.1053567521073244,-1.1094441580816992,64.01583481084892,17.96177131050156,6.111147347091768,9.23859321116134,4.12324267010667,6.991439013681692,1.3267189790543101,1.3177579072926693,1.3184843856266895,1.323129151008144,64.01583481084892,81.97760612135048,88.08875346844225,97.3273466796036,101.45058934971027,108.44202836339196,109.76874734244626,111.08650524973893,112.40498963536562,113.72811878637377
141,250,0.09281075350895195,-1.1227243833668328,-1.1193504914790675,-1.105895673361816,-1.4110640318012257,-1.1082947219822192,-1.108200789918064,-1.1085291527986132,-1.1127417752535465,-1.1192295980284728,-1.118196871846898,39.76013476896982,13.78394285314144,9.897628537440472,13.85236469277443,13.921173297189839,5.181730765384824,1.3230327163697146,2.5372431368011172,1.3252218335833432,8.623787895926004,39.76013476896982,53.54407762211126,63.44170615955173,77.29407085232616,91.215244149516,96.39697491490082,97.72000763127053,100.25725076807166,101.582472601655,110.206260497581
141,500,0.09281075350895195,-1.144287381193048,-1.15158472987267,-1.335076496733536,-1.1490401571629891,-1.1679641535670156,-1.122016729304649,-11.811330651834062,-2.136494219261751,-1.148053357860415,-2.6567825156299785,32.41077395101401,8.225052138502598,14.317119771646482,15.85913794087174,7.679864974108943,11.272988517984551,4.365046458350918,1.3376468249083695,1.3904901509667633,6.262595898630327,32.41077395101401,40.635826089516605,54.95294586116309,70.81208380203483,78.49194877614377,89.76493729412832,94.12998375247923,95.46763057738761,96.85812072835438,103.1207166269847
141,750,0.09281075350895195,-1.1435494046261936,-1.1422954786316133,-1.1518628698775535,-1.40349283172141,-2.1064023633872315,-1.166649076481673,-1.1393826254891595,-4.643962088720084,-2.984529891631867,-1.1525845405669681,23.825216231024527,15.741255927096006,18.701127371491495,11.113734858528339,11.97386174135201,16.71847683803717,4.0273997945870885,3.126138512304246,3.2625246646193844,1.7470686428245692,23.825216231024527,39.56647215812053,58.26759952961203,69.38133438814037,81.35519612949238,98.07367296752955,102.10107276211663,105.22721127442088,108.48973593904026,110.23680458186483
141,1000,0.09281075350895195,-1.157650794138664,-1.1481344318048166,-1.1556681080428257,-1.1507890310586077,-3.6793434546480572,-1.157971432169684,-1.1738778633363798,-1.154661320155422,-1.1767507139496165,-21.458597744670456,24.842889305154003,10.255118336561864,21.92473553216537,15.867715857505303,10.641749087678129,15.14839046322843,10.723537171515439,1.5854767510262118,1.406696105861113,2.7004183779062014,24.842889305154003,35.09800764171587,57.02274317388124,72.89045903138654,83.53220811906468,98.6805985822931,109.40413575380853,110.98961250483474,112.39630861069585,115.09672698860206
141,1500,0.09281075350895195,-1.1054592955656952,-1.1064246869461285,-1.1082868641867245,-6.020486850260415,-1.6914433699843023,-1.127627534766607,-1.1022871996781518,-1.1063148630087412,-1.1279476097121295,-1.1066753805441083,29.748100007401206,14.171545514662817,10.450465656165356,15.365156215468936,11.688897323411709,17.056428925981137,5.562968917575315,5.645144106127219,3.539104163537262,1.5250123385569383,29.748100007401206,43.91964552206402,54.37011117822938,69.73526739369831,81.42416471711002,98.48059364309115,104.04356256066647,109.68870666679369,113.22781083033095,114.75282316888789
141,2000,0.09281075350895195,-1.1215426722581205,-1.7853541286684766,-1.1089994101181357,-1.109498782076412,-1.2183064214947628,-1.1112944639097924,-1.1106551273334935,-1.1062919316610733,-1.1096723577572059,-1.1136959406490616,9.783841976849128,38.4919371511551,10.7610552953822,8.65288161231253,10.134286984575958,19.85245766674599,2.023238326298298,4.115436248734344,5.672100009668874,4.30732267757125,9.783841976849128,48.27577912800423,59.03683442338643,67.68971603569896,77.82400302027492,97.6764606870209,99.6996990133192,103.81513526205354,109.48723527172243,113.79455794929368
141,3000,0.09281075350895195,-1.1267178459298628,-2.2606822177404187,-1.708439849727874,-1.191452451849174,-1.184259758698809,-1.1947624338216625,-1.201572257674555,-1.3603727805628347,-5.109102370699048,-1.8724700511733676,30.173479185036385,13.645076643006306,16.456963173024988,12.305603367507118,15.25619254213651,11.889918917338342,1.754577046482666,7.805388475138287,4.846869166124305,2.297944801437086,30.173479185036385,43.81855582804269,60.27551900106768,72.5811223685748,87.83731491071131,99.72723382804966,101.48181087453233,109.28719934967062,114.13406851579492,116.432013317232
141,4000,0.09281075350895195,-1.2637822937171994,-1.106892177400308,-1.103078017896732,-1.7747019328177007,-2.322578191695735,-1.117969227505843,-1.1158307155226317,-1.1130389561032246,-1.1285122248208843,-1.1311412440310789,29.81371728938916,15.039344477461768,13.13544420866937,16.27350077975842,13.411354202894543,14.266286520190633,3.3481798050696234,2.8863804494957037,1.3314559035001565,1.3199788546430975,29.81371728938916,44.85306176685093,57.9885059755203,74.26200675527872,87.67336095817326,101.9396474783639,105.28782728343351,108.17420773292922,109.50566363642938,110.82564249107247
141,6000,0.09281075350895195,-1.559324891817723,-1.1231155502106929,-1.3179337229277328,-8.590730309339243,-1.6660111296155744,-4.317097487209152,-1.1076060827828558,-1.1106013041422238,-2.113994525384646,-1.247546443204857,36.92482936426279,10.471384129253902,21.479199339012403,19.06725268959206,7.730706657489925,4.474145648397643,4.21341127550502,3.848551531706102,5.420870619525095,1.3241965066497876,36.92482936426279,47.3962134935167,68.8754128325291,87.94266552212116,95.67337217961108,100.14751782800872,104.36092910351374,108.20948063521985,113.63035125474494,114.95454776139472
141,8000,0.09281075350895195,-1.1194470030706065,-1.1245884337841714,-3.6936787357325933,-1.1296755674679115,-2.1989901238529352,-2.3170315944488387,-1.1214406258127592,-1.119174389888768,-1.1335090866583037,-1.1320246460306773,69.11074865594739,1.3720613959628292,8.133216762359993,18.05183950973432,3.115718711946055,7.384743349090627,2.7332645820641286,1.3546115114618127,1.3523508861834612,3.4610036257558363,69.11074865594739,70.48281005191022,78.61602681427021,96.66786632400454,99.7835850359506,107.16832838504122,109.90159296710534,111.25620447856716,112.60855536475061,116.06955899050645
142,250,0.08784048390944936,-1.108746282999244,-2.82060267513984,-1.1013051045322086,-1.9971616523655253,-1.1132404881548439,-1.1083529003313792,-1.1037458340798634,-1.115884688287577,-1.114021113129219,-1.1303836558663436,12.06859175332415,41.34935548070584,2.726298842099828,13.444973275390907,7.935311096166387,11.506993216199653,2.6517374352212677,5.789505574871381,4.9925398087999895,8.85901160593658,12.06859175332415,53.41794723402999,56.14424607612982,69.58921935152073,77.52453044768711,89.03152366388676,91.68326109910802,97.47276667397941,102.4653064827794,111.32431808871598
142,500,0.08784048390944936,-1.1002328484988566,-1.098131199022515,-1.9539937176883222,-1.1033526962736477,-1.1037344222540793,-1.1039462708046202,-4.74505566297627,-1.1137051116567163,-14.545659179141715,-1.444420753435519,25.069016690940522,31.455667615242717,7.5633619562855765,1.3163936072816067,9.965712780762903,11.135369002048696,5.78678484891249,2.1887779579554794,3.5829514965318605,1.3431010902198275,25.069016690940522,56.52468430618324,64.08804626246882,65.40443986975043,75.37015265051333,86.50552165256202,92.29230650147451,94.48108445943,98.06403595596186,99.40713704618169
142,750,0.08784048390944936,-11.356098357368047,-1.1242085971202203,-1.1024322335198824,-1.1128806039772732,-8.119245972023716,-1.1069483279953989,-8.030689512236364,-1.2589454222925678,-1.1069373750119378,-1.1189823763682893,29.357829206333363,26.950435024027556,7.239205004654092,8.21417073071369,6.400195331145518,6.202079702837775,8.49770928992659,5.372699883401975,6.162543384032105,1.3251730335876721,29.357829206333363,56.30826423036092,63.547469235015015,71.7616399657287,78.16183529687422,84.363914999712,92.86162428963858,98.23432417304056,104.39686755707267,105.72204059066034
142,1000,0.08784048390944936,-1.1358237548554944,-21.811339114232666,-1.1426864342879872,-1.119949344766725,-1.1524994637526655,-1.114953078079891,-1.12681089682437,-1.1552462370799739,-6.090655367070278,-3.6188658129964626,24.701897652183177,32.29910946245752,1.3733782944268709,10.43005584678023,1.3346495373676208,8.225451855007185,10.119502908309867,6.736070890776045,5.6770955878141525,1.3459374668200104,24.701897652183177,57.0010071146407,58.37438540906757,68.8044412558478,70.13909079321543,78.36454264822261,88.48404555653248,95.22011644730853,100.89721203512268,102.24314950194268
142,1500,0.08784048390944936,-1.1074626853972354,-1.1010112373083172,-1.0997391037887017,-1.1080925608995962,-10.667316735210239,-1.106596184305232,-1.1164471717988596,-1.1126101436590017,-1.1111505690033745,-1.1092091659077719,10.381798490591024,38.72539326293487,7.018093382425976,8.754490471475012,5.469993874046244,9.762533542667573,8.868192559632785,5.628052911390972,7.78046298225215,1.3281194465294894,10.381798490591024,49.107191753525896,56.12528513595187,64.87977560742688,70.34976948147312,80.11230302414069,88.98049558377348,94.60854849516444,102.38901147741659,103.71713092394607
142,2000,0.08784048390944936,-1.1805969218414534,-2.6934020969194483,-1.108582503914341,-1.1526357395233182,-2.3463678494886127,-1.1480879842400182,-1.1014386039449513,-1.1187447163996778,-1.2008869802778221,-1.1585715570311632,-3.29027913962107,44.71563306515708,15.74925122461282,7.038411547154245,9.112713861927926,6.474396654145149,1.5280692096789021,5.053626955934179,6.313540978531114,5.337694752810263,-3.29027913962107,41.42535392553601,57.17460515014883,64.21301669730308,73.325730559231,79.80012721337616,81.32819642305506,86.38182337898924,92.69536435752035,98.03305911033061
142,3000,0.08784048390944936,-1.1353423226332267,-3.629854711443599,-1.3065059024801555,-1.1478474379037047,-1.1846122224962088,-1.1507146905112482,-1.148811614773938,-4.440935779162286,-1.248193023735107,-1.1233756385870353,35.90800456550961,13.029258528951146,8.928617455753328,1.559935673877768,12.960986412478563,6.47525535288891,4.900604646376664,4.2815304046094464,7.24510781877294,2.859979640807966,35.90800456550961,48.937263094460754,57.86588055021408,59.42581622409185,72.38680263657041,78.86205798945932,83.76266263583598,88.04419304044542,95.28930085921836,98.14928050002632
142,4000,0.08784048390944936,-1.1261025426506692,-1.12256401871606,-1.131290123904269,-1.6287866386393413,-1.6778314361573137,-1.123973119106569,-11.350039176186847,-1.148978074249079,-1.1404807329627977,-1.1290327819332275,43.43407428145315,14.28491671664763,12.725713523837872,1.3552474820996134,7.099331535176404,7.483727089022562,4.808710230102358,2.4017039333477523,2.5822579750289325,9.823478400217358,43.43407428145315,57.71899099810078,70.44470452193865,71.79995200403826,78.89928353921466,86.38301062823723,91.1917208583396,93.59342479168734,96.17568276671628,105.99916116693363
142,6000,0.08784048390944936,-1.1409257074997363,-1.144415707681959,-1.1409889111245084,-1.6000282184386567,-1.128687435440507,-1.1224373271725405,-1.19195287729691,-1.1710805435077491,-1.7684213030919276,-1.1534962650243599,48.26341815117959,21.72039642317641,8.908411575718024,2.0654248540180316,1.535218544279151,9.129025862325616,1.3834952286054851,2.0330799624574216,2.698185961223836,5.1360331037307105,48.26341815117959,69.983814574356,78.89222615007402,80.95765100409206,82.4928695483712,91.62189541069682,93.0053906393023,95.03847060175973,97.73665656298357,102.87268966671428
142,8000,0.08784048390944936,-1.0980000000000005,-1.0980000000000005,-22.07,-7.320375956159091,-2.847513484223408,-7.998003973280632,-1.0980000000000005,-1.1527927734375014,-1.0980000000000005,-1.0981072265624947,48.38799118130812,22.130827597693475,13.992633305652934,8.108319086828836,1.3100000000000032,13.396416738733375,3.467332425320466,3.186479664462762,1.3100000000000027,1.3100000000000027,48.38799118130812,70.51881877900159,84.51145208465452,92.61977117148336,93.92977117148337,107.32618791021675,110.79352033553721,113.97999999999998,115.28999999999998,116.59999999999998
143,250,0.07015247908408515,-1.1008256606188742,-13.57445597861063,-1.0989222829764325,-4.790008893938619,-1.099222499434434,-1.098524236750027,-3.2804138440647,-1.0995624166185505,-1.1009874614417345,-1.1082231535771725,28.451145261069286,16.676693274169544,10.53030388854232,9.375928767460294,23.913321740045262,7.324937277952636,5.480152837797726,4.274863884193644,3.8438719019834675,1.3139690317628328,28.451145261069286,45.12783853523883,55.65814242378115,65.03407119124145,88.94739293128671,96.27233020923936,101.75248304703709,106.02734693123074,109.8712188332142,111.18518786497704
143,500,0.07015247908408515,-1.126254384844667,-1.1326920349683975,-3.050245524106126,-1.1287307789592416,-1.4640454530772609,-1.1341748102307965,-1.1248115900828433,-2.220397621569349,-1.1257531186229643,-1.5085429873263703,-0.9282679311155156,46.06559313190061,8.093437844833161,5.867481125078799,25.576745416882055,10.279263128151745,5.568708848516399,3.383492179370976,1.3606737838555998,5.615450051600632,-0.9282679311155156,45.1373252007851,53.23076304561826,59.09824417069706,84.67498958757912,94.95425271573086,100.52296156424725,103.90645374361823,105.26712752747383,110.88257757907446
143,750,0.07015247908408515,-22.07,-1.0980000000000005,-1.0980000000000005,-1.434337326893055,-1.0980000000000005,-1.0980000000000005,-1.0980000000000005,-22.07,-6.308867241366758,-1.0980000000000005,-3.0718313804882804,46.09999999999977,14.582971740404904,4.988299319433597,22.128480985686405,7.103880358982369,7.692405407823092,6.675462784417167,8.327845798658991,1.3100000000000032,-3.0718313804882804,43.02816861951149,57.61114035991639,62.599439679349985,84.7279206650364,91.83180102401876,99.52420643184185,106.19966921625901,114.52751501491801,115.83751501491801
143,1000,0.07015247908408515,-1.1262430042480336,-1.1246455588424942,-1.1186575456080234,-1.1219539309295747,-1.1244254266762677,-1.126987515287336,-1.1182173148603707,-1.1071208622060866,-1.1047431048707557,-1.1022887112172364,5.697218997957146,37.69693090965271,10.043051393846241,12.098237468973114,17.661306626283924,3.105856776249313,8.76118098761236,3.762134025216902,1.9198849401419125,1.319556107995055,5.697218997957146,43.39414990760985,53.43720130145609,65.53543877042921,83.19674539671314,86.30260217296245,95.06378316057481,98.82591718579172,100.74580212593364,102.06535823392869
143,1500,0.07015247908408515,-1.1148179967906717,-6.85360995444567,-1.1237863714673053,-1.1172808577736322,-1.121458559450545,-1.1096692987264678,-1.1239875345579278,-1.1081664821518307,-1.1305141936864391,-1.1170127939674264,-4.182686158835786,36.78459355836499,23.6036575921649,13.782365309780019,16.870240433949682,7.1952976498191,7.081051603058061,5.402604491585151,3.132104273658788,1.3366440856457427,-4.182686158835786,32.6019073995292,56.205564991694104,69.98793030147412,86.85817073542381,94.05346838524291,101.13451998830097,106.53712447988612,109.6692287535449,111.00587283919064
143,2000,0.07015247908408515,-2.7494993314958176,-1.116621341482758,-1.2483721461412003,-1.146894875143317,-3.337151767294836,-1.1191945664482255,-1.1227998061775581,-1.1348871299377734,-1.1470232895611927,-1.157246864115438,-4.375715364289034,32.13065114045925,13.932133813973131,14.297966629806865,14.217128640313256,12.24279136142998,10.22077118106132,6.927318569358455,1.3900354269968407,1.3905066762737892,-4.375715364289034,27.754935776170214,41.687069590143345,55.98503621995021,70.20216486026347,82.44495622169345,92.66572740275477,99.59304597211323,100.98308139911008,102.37358807538386
143,3000,0.07015247908408515,-3.3768316616815683,-1.164435458631146,-2.007247610252495,-1.102600244804766,-1.6944999867254538,-1.1035440301244641,-1.1546613473944052,-1.107650745858134,-1.1059374247555618,-2.588034001039482,-5.411467845837391,42.9496474106443,18.497209856279596,9.392026531933332,11.133550168018505,13.964945714896334,5.420861549149702,9.758018060454162,6.058738286641599,1.3630243109583375,-5.411467845837391,37.53817956480691,56.035389421086506,65.42741595301985,76.56096612103835,90.52591183593468,95.94677338508438,105.70479144553855,111.76352973218015,113.12655404313848
143,4000,0.07015247908408515,-1.346081546928225,-1.2498094222626264,-1.098,-2.0622757577401183,-2.531974985828229,-1.098,-1.098,-1.1500460564449704,-1.098,-1.098,4.21874550827936,27.259846036495,15.600345095128333,17.452289164725087,18.575978248909124,10.73580073236063,7.208469853447369,7.594446026119513,4.789484654509209,3.1645946800263687,4.21874550827936,31.47859154477436,47.07893663990269,64.53122580462778,83.1072040535369,93.84300478589753,101.0514746393449,108.64592066546442,113.43540531997363,116.6
143,6000,0.07015247908408515,-1.107859508550995,-1.1108594586867682,-1.1246696614022862,-3.410760711659101,-1.1302280512535585,-1.8390104311642888,-1.1142403974617747,-1.1234445508812265,-3.0139719191148675,-1.1328251985943762,32.84456340087976,6.51348257741193,4.127251948357218,7.878805505937786,30.354501280606797,8.477585627129308,7.240415880793016,4.713278656367624,3.306510316264034,7.2770063353180205,32.84456340087976,39.358045978291685,43.485297926648904,51.36410343258669,81.71860471319349,90.1961903403228,97.43660622111582,102.14988487748344,105.45639519374748,112.7334015290655
143,8000,0.07015247908408515,-1.1365907793358345,-1.133003845017651,-1.1721503307691448,-12.759527061473136,-1.1656108106177703,-11.886158355465476,-8.352271715741061,-1.1126933339134002,-1.1753888943354687,-1.160361744231416,27.582457484209243,25.839708644726073,10.342725935846076,8.233780360336183,9.226029959322343,16.770491616438946,2.129442612947371,5.877686678833847,6.299802922570784,4.256018179857577,27.582457484209243,53.42216612893532,63.76489206478139,71.99867242511758,81.22470238443992,97.99519400087887,100.12463661382624,106.0023232926601,112.30212621523089,116.55814439508846
144,250,0.017857142857142856,-12.278752134157259,-1.098,-1.1379320451310075,-1.3875467203221457,-1.098,-1.098,-1.098,-12.630303754384997,-22.07,-22.07,-0.2591350820685767,34.32370147067064,23.618552918991057,3.0707161486459356,29.26253515510566,20.933247415350067,1.70804220749244,1.3100000000000023,1.3100000000000023,1.3100000000000023,-0.2591350820685767,34.06456638860207,57.683119307593124,60.75383545623906,90.01637061134471,110.94961802669478,112.65766023418722,113.96766023418722,115.27766023418722,116.58766023418723
144,500,0.03389830508474576,-17.120993466284162,-1.1229174629176852,-1.714973414510343,-1.1306123758958084,-1.1120109693546412,-1.8206829980978805,-21.620672558191913,-19.072756300301684,-20.154128485225478,-17.002574259397193,-0.2253832691486506,38.29084860638952,6.851859179150136,12.426755566742258,13.914939525329466,17.570033797736237,22.65630106170343,1.4031420268056056,1.3895847904931262,1.4000779554515397,-0.2253832691486506,38.065465337240866,44.917324516391005,57.344080083133264,71.25901960846272,88.82905340619897,111.4853544679024,112.88849649470801,114.27808128520114,115.67815924065268
144,750,0.03571428571428571,-1.1223930919285596,-1.2628808768891062,-1.5947668340568315,-1.1257884545503574,-1.1663165872769024,-1.1257443560888234,-1.9829872447669947,-1.1346098213417908,-1.6780138358127261,-1.139123174220281,24.65478478511936,5.121581823273527,1.370294606036417,19.11439908756204,23.887887093136932,18.93249194554633,13.22732178433343,1.356986371222555,1.3457512322866778,1.3573767683350013,24.65478478511936,29.776366608392888,31.146661214429304,50.26106030199135,74.14894739512829,93.08143934067462,106.30876112500805,107.66574749623061,109.01149872851728,110.36887549685228
144,1000,0.04908931086951621,-9.268438949949047,-1.9336642945930542,-2.1485343893111413,-1.2821096495605762,-1.506862316548169,-4.853647261175858,-7.390715341305885,-9.853291921993847,-12.231403510113488,-12.773440326976605,23.486915573345243,9.115198771788677,9.625248378778913,11.230006294268314,18.991075633775694,17.89903137194623,16.604820541645452,1.823048364192286,3.4238363401936276,1.5520867179069908,23.486915573345243,32.60211434513392,42.22736272391283,53.45736901818115,72.44844465195683,90.34747602390306,106.95229656554851,108.7753449297408,112.19918126993443,113.75126798784142
144,1500,0.03773584905660377,-21.178568197150895,-1.8909516613786137,-1.1001493234480018,-1.4035405014334015,-1.3748837822105835,-1.382885549808838,-4.542740771264104,-7.159467954302971,-10.049869185041539,-20.461213418966157,-0.22817938838492938,45.88986675380374,6.544782319082165,5.633060544525026,12.263904662363688,16.577246869953616,18.507331201597417,3.991520914080029,5.000859064290662,1.650839533507101,-0.22817938838492938,45.66168736541881,52.20646968450097,57.839530229025996,70.10343489138968,86.6806817613433,105.18801296294072,109.17953387702075,114.18039294131141,115.8312324748185
144,2000,0.02127659574468085,-12.548663934303658,-1.6849369423259655,-1.2386935303223297,-1.1136553577628483,-1.2194969875450816,-1.330376703996109,-1.3920259144268525,-3.26244617785106,-5.681532837254222,-17.83986470952579,-0.27869848586115353,45.59033365658503,5.8593736491266935,4.896391093149285,12.110924251498068,14.82510082305388,5.978808985160548,10.742018693376865,10.667691429249668,5.2508741707832085,-0.27869848586115353,45.311635170723875,51.17100881985057,56.06739991299985,68.17832416449792,83.0034249875518,88.98223397271235,99.72425266608921,110.39194409533889,115.64281826612209
144,3000,0.03076923076923077,-1.098,-1.2010710359497225,-1.1883494981073532,-1.2367209749191463,-1.2704944797804159,-1.098,-1.2041307177160705,-1.0982347320891956,-1.1529,-1.098,32.44315252363231,9.994797733192513,5.856694092556388,4.156362846084797,14.216950465719592,14.488947373839594,16.422502037340692,6.524952698336932,6.48848224363752,6.00715798565966,32.44315252363231,42.43795025682482,48.29464434938121,52.451007195466005,66.6679576611856,81.15690503502519,97.57940707236588,104.10435977070281,110.59284201434033,116.6
144,4000,0.09433962264150944,-1.2590688464563535,-1.1261680798707046,-1.1129107984033952,-1.2118802933008057,-1.319174674730359,-1.75317082091818,-1.414717211540656,-1.1880560126524493,-1.4102046750246982,-1.2817453575503817,-0.22185336267722766,42.4585583302064,11.36079189976526,3.0744170360322167,18.239477834361587,13.198256831920535,18.97989124135607,1.7403297770364277,2.2078568542830617,4.494183846097547,-0.22185336267722766,42.23670496752917,53.59749686729443,56.67191390332665,74.91139173768823,88.10964856960877,107.08953981096484,108.82986958800126,111.03772644228432,115.53191028838187
144,6000,0.06382978723404255,-1.12325208767139,-1.3197042772689342,-1.3457223193136296,-1.3666431572321422,-1.517211095277169,-1.773473585011311,-1.5257122723096637,-1.109019711366682,-1.463893691086847,-2.2321769372697258,23.739080118185356,13.619841316262637,14.934608787219688,1.3536627107101675,19.979413456364405,16.197033103819713,11.159167277637284,5.577366493930253,5.043883545417101,4.940156592929728,23.739080118185356,37.35892143444799,52.29353022166768,53.64719293237785,73.62660638874226,89.82363949256197,100.98280677019925,106.5601732641295,111.6040568095466,116.54421340247633
144,8000,0.10638297872340426,-1.1529,-1.1836006632063873,-1.3445116339262717,-1.098,-1.2058857514103254,-1.098,-1.3763849049846764,-1.2518931811322704,-1.1708853252980027,-1.398034941818206,29.330965119361785,4.533430723222189,19.909353765415887,1.3100000000000023,25.73044455734626,8.714507583898083,3.1967024352881026,9.46032822778524,9.452043237788672,4.9622243498937735,29.330965119361785,33.864395842583974,53.77374960799986,55.08374960799986,80.81419416534612,89.5287017492442,92.72540418453231,102.18573241231755,111.63777565010622,116.6
145,250,0.06624205767865168,-1.1091349481962691,-5.5023424846215825,-1.116335038633768,-1.1991982057119839,-1.1149792365607967,-1.1253241411689974,-1.125644973341597,-1.1276316784220026,-1.1291850440620137,-1.1100779163816803,4.550529625569654,30.630183404709598,2.002557877632534,7.263986643273206,29.361281258600663,3.26754065669994,12.157965604654699,9.239345296778552,8.268947072985469,4.907062548872775,4.550529625569654,35.18071303027925,37.18327090791178,44.44725755118499,73.80853880978566,77.0760794664856,89.23404507114029,98.47339036791884,106.74233744090431,111.64939998977708
145,500,0.06624205767865168,-1.1428438021247116,-1.1171073921708017,-1.2560624436981218,-1.137564669638738,-1.1260264247320553,-1.12556989352632,-1.3456895589748652,-1.1558126134227864,-3.0274965890589414,-1.3666574247767698,17.97629818976808,20.359401879647677,1.378370524935897,1.3751626283065503,29.860128534461204,12.770005235705732,7.577810905873571,8.9748827288357,10.110155059659405,6.137783071224553,17.97629818976808,38.33570006941576,39.714070594351654,41.0892332226582,70.9493617571194,83.71936699282514,91.29717789869872,100.27206062753442,110.38221568719382,116.51999875841837
145,750,0.06624205767865168,-1.1074241701370675,-1.1029787917472649,-1.108835991232585,-1.1060038264688057,-7.728622927972559,-1.1135727477340773,-3.2386052347048127,-3.7242813131693895,-2.45242814858291,-1.1106944394787122,-3.8702621633513115,41.93287366480591,1.3342264563548083,3.3528033839660907,20.227523211287583,12.05883433674597,16.37767443561802,9.515772130899482,11.806935754203074,3.5251409205329365,-3.8702621633513115,38.0626115014546,39.3968379578094,42.749641341775494,62.977164553063076,75.03599888980905,91.41367332542707,100.92944545632655,112.73638121052963,116.26152213106256
145,1000,0.06624205767865168,-1.1113307070369127,-3.763408369508921,-1.0983747122094525,-1.1114157780265295,-1.1079227990622522,-5.316423563501223,-1.1085152374423441,-1.121675394835112,-18.219726498597982,-1.124343098808541,0.18704749630330292,40.248040256817106,1.328918841876486,3.106731080148311,17.49071389187396,12.79599977772855,13.952999410306692,7.931266417070717,7.511074036477099,8.274429932904354,0.18704749630330292,40.435087753120406,41.76400659499689,44.87073767514521,62.36145156701917,75.15745134474771,89.1104507550544,97.04171717212512,104.55279120860222,112.82722114150657
145,1500,0.06624205767865168,-1.1179523219409049,-1.1465910697238095,-1.1023802216529002,-1.132871095350684,-1.9731792552942014,-4.539143472539383,-1.125509455837281,-1.1297101184476388,-1.1309619572718974,-1.1406609599204578,8.627104294353156,18.079644086382963,14.321198594519007,1.3324579723515337,10.062901733449987,17.55241514119822,9.075050729155516,9.592753500523774,8.945731620374264,9.649429369769098,8.627104294353156,26.70674838073612,41.02794697525513,42.36040494760666,52.423306681056644,69.97572182225487,79.05077255141039,88.64352605193416,97.58925767230842,107.23868704207752
145,2000,0.06624205767865168,-1.123454572005393,-1.9406912145481456,-1.1186262615325604,-1.130223430314087,-1.4524473542196632,-1.1007862343784778,-1.121181975463188,-1.1217725150258877,-1.1119751614732714,-9.422488635638828,37.507823964901235,8.651389245477027,5.634924361430484,1.3654559196058158,8.780537373189198,18.183219324898396,12.347518819038598,4.69506954526528,6.521456287790919,9.842899734882483,37.507823964901235,46.15921321037826,51.79413757180875,53.15959349141456,61.94013086460376,80.12335018950216,92.47086900854076,97.16593855380604,103.68739484159696,113.53029457647943
145,3000,0.06624205767865168,-1.1194798792186655,-1.6432031675645353,-1.1164117374370952,-1.1166678251116404,-1.1120206180237089,-1.1010005655148811,-1.1293043929885687,-19.472562107081536,-1.1280726284250182,-1.1031886612178115,29.396845297651183,20.15194142004553,6.823965697828873,1.339659781487185,4.2491213979981595,11.13307449566419,12.169269721847694,8.240584166109052,9.570093062177087,7.595590944073924,29.396845297651183,49.548786717696714,56.37275241552559,57.712412197012775,61.961533595010934,73.09460809067512,85.26387781252282,93.50446197863187,103.07455504080895,110.67014598488286
145,4000,0.06624205767865168,-1.1306428749643733,-1.108390493565396,-1.134194335488126,-1.5376379989526212,-1.264059654023975,-1.1131113587456705,-1.1256244332314278,-1.1492645769363312,-1.1249400964201715,-1.132812221398933,54.0968885614451,7.186307256728064,5.2885441217882345,1.3330743982999884,7.694006344889811,5.012761959853135,13.9152568975313,9.109283533418633,1.5035360465168965,1.4598126556144555,54.0968885614451,61.28319581817316,66.57173993996139,67.90481433826137,75.59882068315119,80.61158264300433,94.52683954053563,103.63612307395427,105.13965912047117,106.59947177608562
145,6000,0.06624205767865168,-1.117370907058599,-1.1147637343378491,-1.367725712135869,-3.0257634125449204,-2.048052105367333,-1.630692826153875,-1.1156574988777956,-1.1129880384337576,-1.677200102382577,-1.1129486209003,47.00765112408912,25.80911319288414,1.348157045601127,1.3249571031901142,7.3369129083430025,5.5392058217871245,9.847827555242816,4.200565502067464,3.368763010658931,3.868589900743811,47.00765112408912,72.81676431697326,74.16492136257439,75.4898784657645,82.8267913741075,88.36599719589462,98.21382475113744,102.4143902532049,105.78315326386382,109.65174316460764
145,8000,0.06624205767865168,-1.0980000000000005,-1.0980000000000005,-22.07,-1.0980000000000005,-3.2126857019180495,-22.07,-22.07,-1.0980000000000005,-1.152899999999995,-1.0980000000000005,80.07196071851283,5.11433064947855,5.733254679010916,3.8379357702845756,5.5593354484269675,1.3100000000000032,6.930681045523702,4.504298827035473,2.2282028617265315,1.3100000000000032,80.07196071851283,85.18629136799137,90.91954604700229,94.75748181728686,100.31681726571382,101.62681726571383,108.55749831123752,113.061797138273,115.28999999999952,116.59999999999953
146,250,0.0826599110949548,-1.1085656294976922,-8.812641456822103,-1.138849887021653,-1.1154718739147342,-1.1058398874366677,-1.1129031883711864,-1.1194430983727277,-1.1140489798686097,-1.1327358711355822,-1.1325645496644206,77.42226427691872,6.656292357564091,1.3136493053667149,6.26906578995424,4.159176967420921,7.529943222048878,1.4161850799414104,4.708929796656985,1.3125699075977133,1.3162836114476226,77.42226427691872,84.07855663448282,85.39220593984953,91.66127172980377,95.82044869722469,103.35039191927356,104.76657699921498,109.47550679587196,110.78807670346968,112.1043603149173
146,500,0.0826599110949548,-1.1152322501430312,-1.1080198381971704,-1.1749685526990261,-1.100867820690897,-1.0983615279684456,-1.102287788325182,-1.1166977781530325,-1.319816760976322,-1.1108961949189546,-1.117531316540731,25.429125030997888,42.96484137757059,11.603891356395703,6.956333370819202,5.259399705897209,10.812725276254078,1.5333848132862267,1.914213573302031,1.3145962896692005,1.3334308084463942,25.429125030997888,68.39396640856847,79.99785776496418,86.95419113578339,92.2135908416806,103.02631611793467,104.5597009312209,106.47391450452294,107.78851079419213,109.12194160263853
146,750,0.0826599110949548,-1.100339411153175,-1.1196300486937432,-1.1016470485009555,-1.1022216273321455,-3.9962930518236925,-1.101651038284221,-22.04330252591842,-4.893457379048048,-2.4530610288494366,-1.1543309175656766,21.687699003146307,26.561514866239122,15.11684060343719,10.392397571585228,9.428966311566803,12.375867809997587,6.30417627261232,6.613192211165188,5.571822017785696,2.5057261570482607,21.687699003146307,48.24921386938543,63.36605447282262,73.75845204440785,83.18741835597464,95.56328616597223,101.86746243858455,108.48065464974974,114.05247666753543,116.55820282458369
146,1000,0.0826599110949548,-1.100113039870331,-22.028644750973285,-1.1018451162479463,-1.100917647690384,-1.100837730593255,-1.1001649239268598,-1.1005526851071514,-1.143504394446326,-1.101259108012099,-1.1003523885230582,23.61263333926587,34.38449289838391,14.458017364964839,14.716171499695058,1.3141859064767627,5.820834696850449,11.156827055585907,6.179485668048235,3.6316291397602702,1.3118131178348147,23.61263333926587,57.99712623764978,72.45514360261461,87.17131510230968,88.48550100878644,94.3063357056369,105.4631627612228,111.64264842927103,115.2742775690313,116.58609068686611
146,1500,0.0826599110949548,-1.175635799715785,-1.1386092076150343,-1.1063254045270963,-1.1376427721861448,-2.082311250421985,-1.1592519106310974,-1.1783056528854807,-1.2685648850318128,-1.181125325854341,-1.1493000914439984,29.002795306181255,38.127559043837195,9.492723936138923,3.3427397982654146,1.5871625950640804,7.97750261931829,7.522199752379294,8.740935190536607,4.218005551334283,1.399062929760159,29.002795306181255,67.13035435001845,76.62307828615738,79.96581808442279,81.55298067948688,89.53048329880517,97.05268305118446,105.79361824172106,110.01162379305535,111.41068672281551
146,2000,0.0826599110949548,-1.2816448771575084,-2.8223328347350005,-1.1198627393467202,-1.1171029945141226,-1.204521012965428,-1.1152838390982271,-1.1256239023084302,-1.1186841350331438,-1.1591286689983669,-1.1387761179433094,23.363621136190204,31.39940091627301,11.33389856505967,4.12334622795054,1.3375046356630294,13.525126396545048,1.3655900344359857,9.250298160722206,9.164230683745377,6.292917745806484,23.363621136190204,54.763022052463214,66.09692061752288,70.22026684547342,71.55777148113644,85.08289787768149,86.44848791211747,95.69878607283968,104.86301675658505,111.15593450239155
146,3000,0.0826599110949548,-1.1090388028801854,-1.4530300885666714,-1.1009297979052333,-1.1388197837333602,-1.1117389192387774,-1.3704033626811123,-1.1148938633359387,-2.5900427026197725,-21.803690394542663,-1.3019067671999882,57.48608468830332,7.855708383863416,6.055025867666444,3.5450303022994776,1.3643670663904781,11.95794053063888,6.336100387611188,5.16126966231645,6.969815199561836,2.721611298764776,57.48608468830332,65.34179307216674,71.39681893983318,74.94184924213266,76.30621630852313,88.26415683916201,94.6002572267732,99.76152688908965,106.73134208865149,109.45295338741626
146,4000,0.0826599110949548,-1.2354923200941257,-1.1180171631671358,-1.1199727525481,-1.5518359883693282,-1.2100351395813518,-1.127554820158739,-1.1266780669402117,-1.1278619235384686,-1.1264600366009319,-1.1227804960293621,35.84844829148257,29.493906653872784,5.681427015895306,9.402926396992402,3.5659312953693103,10.653057343685148,1.4488283511806515,5.83575782863366,3.6461696815077644,1.3466170462695057,35.84844829148257,65.34235494535535,71.02378196125066,80.42670835824306,83.99263965361237,94.64569699729752,96.09452534847817,101.93028317711183,105.5764528586196,106.9230699048891
146,6000,0.0826599110949548,-1.3310044225055186,-1.1168340611680412,-1.1193977478858663,-9.606616471802162,-1.464799242925912,-3.5288882796699355,-1.1201612525412892,-1.1267433179381374,-3.5626220310242163,-1.2474608498092907,50.201233134149064,28.620412678921127,1.9402152089234344,4.1869303196413945,1.330871856036334,13.017503417581583,3.279806632161968,3.8484906114009307,1.598852066338357,1.3535428585441096,50.201233134149064,78.82164581307019,80.76186102199362,84.94879134163502,86.27966319767135,99.29716661525293,102.5769732474149,106.42546385881583,108.02431592515418,109.37785878369829
146,8000,0.0826599110949548,-1.1263539231321817,-1.1087174246069023,-6.638159756589623,-1.1047066829945311,-3.5126033364354736,-21.909241810528833,-1.103264786586726,-1.1352267229840627,-1.138408190378514,-1.103419065888794,47.28839859778864,19.33825151257797,1.311747057232365,3.15205955078914,3.0227884544424084,15.703056531477317,2.8731728799565595,7.434320639428387,5.814464448826292,1.3578638950015254,47.28839859778864,66.62665011036661,67.93839716759898,71.09045671838811,74.11324517283052,89.81630170430783,92.68947458426439,100.12379522369278,105.93825967251907,107.2961235675206
147,250,0.12208456530062124,-1.1528999999999945,-1.0980000000000008,-1.0980000000000008,-1.2596484812509006,-1.0980000000000008,-1.0980000000000008,-1.498662249647296,-1.0980000000000008,-1.0980000000000008,-1.0980000000000008,37.96339283243317,25.014455112444466,10.621695967224298,10.211668636431247,1.3100000000000032,8.757844626652277,8.172968119261629,6.642589947033505,4.23289220351312,3.672492555006303,37.96339283243317,62.97784794487764,73.59954391210194,83.81121254853318,85.12121254853318,93.87905717518545,102.05202529444708,108.69461524148058,112.9275074449937,116.6
147,500,0.12208456530062124,-1.1246996860272582,-1.1004520519635186,-1.4927751246427206,-1.1322070666448338,-1.1054119825651614,-1.1302737120552568,-1.1046220595726575,-2.457495310440869,-1.124698181528046,-1.9830610756374893,16.919045378266418,45.41776234275997,9.134179127229569,16.692492627691536,1.3514939408014737,4.817581006363243,12.757854974800125,2.408470998677875,1.4307514381898727,2.993328931980697,16.919045378266418,62.33680772102639,71.47098684825596,88.1634794759475,89.51497341674897,94.33255442311221,107.09040939791234,109.49888039659021,110.92963183478008,113.92296076676078
147,750,0.12208456530062124,-13.918408041119552,-1.098,-1.098,-1.751795114733491,-1.098,-1.1529,-22.07,-4.096429877471198,-2.4170088155619265,-1.098,19.18706018693441,37.12409929378699,14.433778474969557,20.0609596771656,7.548935888361541,7.044332641603276,7.270833837178614,1.3100000000000023,1.3100000000000023,1.3100000000000023,19.18706018693441,56.3111594807214,70.74493795569096,90.80589763285656,98.3548335212181,105.39916616282137,112.66999999999999,113.97999999999999,115.28999999999999,116.6
147,1000,0.12208456530062124,-1.1086712231210467,-1.1109575498189557,-1.1112334793436927,-1.1024666006791333,-1.1150859774131896,-1.1407478336548715,-1.1481044129968163,-1.1018983987566555,-1.1451609107870495,-1.120672390462735,26.42783383719177,33.86538927311681,9.525216594744798,14.3845462261635,6.636411372503456,10.103476556278181,5.094164429071812,1.3237412589563942,1.3644371716999508,3.8564290298391466,26.42783383719177,60.29322311030858,69.81843970505338,84.20298593121689,90.83939730372035,100.94287385999853,106.03703828907034,107.36077954802673,108.72521671972667,112.58164574956582
147,1500,0.12208456530062124,-1.1040201574893427,-1.0980874377489425,-1.0990892628294477,-1.0981103063149433,-4.743876562282804,-1.110206826838259,-1.1030542304663307,-1.1095032457185674,-1.1140091114883868,-1.1081791726788,22.25072153776584,33.11130236113402,20.084387777506755,16.218908180475484,10.949531614218643,2.8303659279984386,1.3180275160137405,1.3318609626209388,1.320930356133522,1.3489185613926766,22.25072153776584,55.362023898899864,75.44641167640663,91.6653198568821,102.61485147110075,105.44521739909919,106.76324491511294,108.09510587773387,109.41603623386739,110.76495479526007
147,2000,0.12208456530062124,-1.1094982159109819,-1.7285877397956013,-1.104598421111286,-1.1120138633484191,-2.056967199966622,-1.1086174694055755,-1.124031518704519,-1.116043953754576,-1.1128560463882593,-1.1060045860529768,24.14161878714259,40.229024460942256,10.721309714156803,9.167701426134492,12.439213701078117,7.731171190753589,1.3158358321448507,1.3234152610983307,1.3441772010076232,1.3231252580407324,24.14161878714259,64.37064324808485,75.09195296224165,84.25965438837613,96.69886808945425,104.43003928020784,105.74587511235269,107.06929037345103,108.41346757445865,109.73659283249938
147,3000,0.12208456530062124,-1.3553550910920809,-2.6408009113470214,-1.22272710270697,-1.1166989035717085,-1.2345261216192749,-1.1125772023082225,-1.2067532397491476,-9.614096518304144,-1.1128932045031603,-1.1181599894656644,22.153186021396017,41.43384516722985,9.51335730255979,10.86034920735176,18.330355328081296,3.5646695987015242,1.5724757376884528,1.3270303505801975,1.3453313305300525,5.871705868138601,22.153186021396017,63.587031188625865,73.10038849118565,83.96073769853741,102.29109302661871,105.85576262532024,107.42823836300869,108.75526871358889,110.10060004411895,115.97230591225755
147,4000,0.12208456530062124,-1.1389319105746472,-1.2130309616535992,-1.1031847894763542,-2.9124916652473765,-1.690952201380945,-1.1037530000715696,-1.1017332588279998,-1.1222915178059152,-1.1179817375090622,-2.028642464346409,37.35900196632194,35.70284576151147,10.23563914311356,9.511976426857327,12.979490170184583,1.3217771695696099,1.3622060950908241,1.3382503784962574,1.332888305985195,1.3513650429841344,37.35900196632194,73.06184772783341,83.29748687094697,92.8094632978043,105.78895346798888,107.11073063755849,108.47293673264932,109.81118711114557,111.14407541713076,112.49544046011489
147,6000,0.12208456530062124,-2.256014894325201,-1.1742781809479839,-1.216845446934724,-1.2590034506532515,-2.279284655263794,-1.9151069986137523,-1.1679119894719312,-1.2028499707959073,-4.648279269377788,-4.983288099377525,32.58488868954261,32.007442772141104,17.802065678772934,8.663237893453548,2.2344798114503845,4.186126246471455,5.825345608141362,1.426152604312363,4.119506445341159,1.3818306518568626,32.58488868954261,64.59233146168371,82.39439714045665,91.0576350339102,93.29211484536059,97.47824109183205,103.30358669997341,104.72973930428577,108.84924574962693,110.23107640148379
147,8000,0.12208456530062124,-1.0980000000000005,-1.0980000000000005,-4.885532827110513,-22.06999999999987,-3.618140908046729,-1.0980000000000005,-1.152899999999995,-1.0980000000000005,-1.0980000000000005,-1.0980000000000005,31.63749284690863,24.91041618604507,15.898524122000264,6.220217300506679,14.192081733838624,15.59369893095338,1.3100000000000032,4.2175688797473505,1.3100000000000027,1.3100000000000027,31.63749284690863,56.5479090329537,72.44643315495397,78.66665045546064,92.85873218929926,108.45243112025264,109.76243112025264,113.97999999999999,115.28999999999999,116.6
148,250,0.06859176105897279,-1.1074901686970895,-1.1063774553940209,-1.1049175123341848,-2.121319879809823,-1.1056886121029734,-1.1048327857240343,-1.1081785009285965,-1.1070265417625391,-21.565626012903152,-1.1102216151642863,35.40213309834175,26.883283088343802,5.628510244163177,4.97591264657215,6.8765379639286515,15.237046652849529,4.48323496357688,3.5389709709412998,3.3000354497567397,5.06864219274083,35.40213309834175,62.28541618668555,67.91392643084873,72.88983907742089,79.76637704134954,95.00342369419907,99.48665865777595,103.02562962871724,106.32566507847397,111.3943072712148
148,500,0.06859176105897279,-1.1228632977933648,-1.1527286024149135,-1.1009459574022342,-1.1270657687832384,-1.1163073261099685,-1.1316118059945186,-1.9697322434010172,-1.1229989431575627,-4.48721170625941,-1.5445028269762893,26.506950850673608,31.653601869018082,5.051203909242278,6.900889347114604,10.681069393982288,2.2752208337415203,3.0442138693709273,4.579529590779384,1.9463806554894143,13.44826235043027,26.506950850673608,58.160552719691694,63.21175662893397,70.11264597604857,80.79371537003085,83.06893620377237,86.11315007314329,90.69267966392268,92.6390603194121,106.08732266984237
148,750,0.06859176105897279,-1.1251283979368538,-1.113329771057363,-1.11379194831173,-1.1080926259422905,-1.3892237605480595,-1.1226975606132186,-1.3476075118030852,-1.1026034410612402,-1.178094104582188,-1.1178151492036692,21.64593886290477,13.458785505903272,10.579587334822804,12.485567549941521,8.322974294957298,6.018373929634592,1.6137289665154775,7.661821209108467,8.385356658186979,6.3430015416606516,21.64593886290477,35.10472436880804,45.68431170363085,58.16987925357237,66.49285354852967,72.51122747816426,74.12495644467974,81.7867776537882,90.17213431197519,96.51513585363584
148,1000,0.06859176105897279,-1.108351294397428,-4.444434264776094,-1.1089233340671605,-1.128927797491818,-1.1181446252877714,-7.441735611304413,-1.118363039026784,-1.1208705362820321,-1.1174931938877242,-1.1314440058496236,17.573157532837236,29.96718883004243,7.5454865442407275,13.414398357370658,5.3469929888587355,9.62701144477911,7.600110401829008,6.5701728268101665,4.81515907839764,8.022884458685816,17.573157532837236,47.54034636287967,55.08583290712039,68.50023126449105,73.84722425334978,83.4742356981289,91.0743460999579,97.64451892676807,102.45967800516571,110.48256246385154
148,1500,0.06859176105897279,-1.10943752974348,-1.105778607909114,-1.1002982215385977,-1.1030320386828576,-2.5748462834569965,-1.1014733043867566,-1.1104515382636944,-1.1029602798291736,-1.1005999222539753,-1.1041961540957432,4.7971993622710265,29.569351612451833,8.394242656962973,15.895959726290215,6.773589411452059,20.712166560449944,5.825338314919856,4.335844480668369,3.2291556051965964,9.648822578323568,4.7971993622710265,34.366550974722855,42.76079363168583,58.656753357976044,65.43034276942811,86.14250932987805,91.96784764479791,96.30369212546628,99.53284773066288,109.18167030898644
148,2000,0.06859176105897279,-1.101301880467065,-2.10058944202076,-1.1192250374005672,-1.1676577475233683,-1.1060894782321267,-1.1130287001934338,-1.2052398600869845,-1.1056843873093043,-1.138435943402527,-1.2182242597071262,18.445819953849828,21.600850319493276,5.033892202331639,4.245125905079188,9.191146438984969,25.170691946245242,7.14854409361563,5.687294880879643,5.1093607916227555,6.589032245165937,18.445819953849828,40.0466702733431,45.08056247567474,49.32568838075393,58.516834819738904,83.68752676598415,90.83607085959977,96.52336574047942,101.63272653210217,108.22175877726811
148,3000,0.06859176105897279,-1.1121196435036427,-2.9252529843319026,-1.1126851214220692,-1.1320051820880983,-1.1240039688832475,-1.1821979532003257,-1.1420511799161526,-1.8548431960435696,-1.3816225060262446,-1.1038276047779463,9.450034198455032,25.93714996640064,10.541801529500994,12.399625572856031,3.7633457103691406,8.572923191105719,3.126646436907569,6.625950272840054,20.013075991751087,1.691276432069202,9.450034198455032,35.38718416485567,45.92898569435666,58.32861126721269,62.09195697758183,70.66488016868755,73.79152660559511,80.41747687843517,100.43055287018626,102.12182930225546
148,4000,0.06859176105897279,-1.1975921865164292,-1.1227130419838747,-1.1415374908348892,-1.7399172679274222,-1.1007203584106984,-1.1076041317742138,-1.123090463985771,-1.1231335627705459,-1.1041479774386869,-1.145805147972655,29.313882590938086,21.849790063829943,7.862329486097202,6.371431125085259,11.553687919723435,13.2252200886443,1.367630286946787,7.664433318507076,7.355840879267035,8.187511278508339,29.313882590938086,51.16367265476803,59.02600214086523,65.3974332659505,76.95112118567393,90.17634127431822,91.54397156126501,99.20840487977209,106.56424575903912,114.75175703754746
148,6000,0.06859176105897279,-1.251618078784893,-1.1016353850585707,-1.6678495140181608,-1.9916613092481006,-1.1114101402098258,-1.3589210803304912,-1.2135405300549422,-1.2069886784814763,-2.513584845204922,-1.2268577988451912,40.584900953842066,19.737611889744876,1.88240942009522,8.80093646492709,8.728403020099307,8.661267895647683,1.6249403135140295,3.3644959642333614,5.5043850137798,9.297770748537992,40.584900953842066,60.32251284358694,62.204922263682164,71.00585872860925,79.73426174870856,88.39552964435624,90.02046995787028,93.38496592210363,98.88935093588343,108.18712168442141
148,8000,0.06859176105897279,-1.098,-1.098,-22.07,-22.07,-1.6548750366288796,-1.098,-1.098,-1.098,-1.098,-1.098,51.33586034392616,2.337018344490907,2.5010382713435604,8.010879205007328,11.18552431335776,5.635942410717163,2.808194893279725,1.3100000000000023,1.3100000000000023,6.293720797871742,51.33586034392616,53.672878688417065,56.173916959760625,64.18479616476796,75.37032047812572,81.00626288884288,83.8144577821226,85.1244577821226,86.4344577821226,92.72817857999435
