mode,listener_id,boundary_index,freq_hz,signed_bias_db
isophon,1,1,250.0,-11.60013216691749
isophon,1,1,500.0,-5.963831579974887
isophon,1,1,750.0,-7.193709954302271
isophon,1,1,1000.0,-0.9854085369425984
isophon,1,1,1500.0,-1.2230974052738262
isophon,1,1,2000.0,-11.903320746326848
isophon,1,1,3000.0,-12.896000568327707
isophon,1,1,4000.0,-25.77320646763961
isophon,1,1,6000.0,-2.452179439427155
isophon,1,1,8000.0,5.511196640425993
isophon,1,2,250.0,-7.371029494026708
isophon,1,2,500.0,5.849872962670048
isophon,1,2,750.0,2.3437193336501636
isophon,1,2,1000.0,0.46721732807715455
isophon,1,2,1500.0,14.880647526935707
isophon,1,2,2000.0,-2.185033877111792
isophon,1,2,3000.0,0.4932142497385783
isophon,1,2,4000.0,-5.20803122317686
isophon,1,2,6000.0,0.5008749671290076
isophon,1,2,8000.0,15.5658564525992
isophon,1,3,250.0,-2.3324808095434832
isophon,1,3,500.0,3.7419658951952144
isophon,1,3,750.0,7.24336251023967
isophon,1,3,1000.0,1.0773371803685095
isophon,1,3,1500.0,8.843772201693177
isophon,1,3,2000.0,-1.879925249863227
isophon,1,3,3000.0,-1.0354810400942682
isophon,1,3,4000.0,-10.885492366310018
isophon,1,3,6000.0,5.762666373447303
isophon,1,3,8000.0,16.859200592339654
isophon,1,4,250.0,-7.963819009769509
isophon,1,4,500.0,-0.9198731748667086
isophon,1,4,750.0,2.2657738207925604
isophon,1,4,1000.0,-2.020565982754448
isophon,1,4,1500.0,8.078339654641866
isophon,1,4,2000.0,-11.064200618991919
isophon,1,4,3000.0,-2.3867889518607655
isophon,1,4,4000.0,-4.738710711763872
isophon,1,4,6000.0,9.986704382417727
isophon,1,4,8000.0,14.228393320279032
isophon,1,5,250.0,-2.968725218654072
isophon,1,5,500.0,11.249398657086871
isophon,1,5,750.0,9.86442204834826
isophon,1,5,1000.0,3.2599489870978857
isophon,1,5,1500.0,9.824259504007003
isophon,1,5,2000.0,-10.186898001818903
isophon,1,5,3000.0,-2.979680507105911
isophon,1,5,4000.0,-5.877231148901899
isophon,1,5,6000.0,-2.4589672778580507
isophon,1,5,8000.0,0.07431113032029657
isophon,1,6,250.0,0.6160332597996359
isophon,1,6,500.0,1.6625626050616376
isophon,1,6,750.0,-2.8632803304967496
isophon,1,6,1000.0,4.204518622907031
isophon,1,6,1500.0,3.585156925510475
isophon,1,6,2000.0,-3.688024860395103
isophon,1,6,3000.0,4.094668749407376
isophon,1,6,4000.0,-2.962842934119095
isophon,1,6,6000.0,5.918777842792778
isophon,1,6,8000.0,9.098711064054697
isophon,1,7,250.0,5.569800463844032
isophon,1,7,500.0,-6.581835209740291
isophon,1,7,750.0,-3.073872967292033
isophon,1,7,1000.0,0.8865070201090504
isophon,1,7,1500.0,-1.175350569914258
isophon,1,7,2000.0,-6.042672390103078
isophon,1,7,3000.0,6.204352437740226
isophon,1,7,4000.0,1.5959681160233572
isophon,1,7,6000.0,8.682796610213487
isophon,1,7,8000.0,3.0405303378570068
isophon,1,8,250.0,0.10851671201126578
isophon,1,8,500.0,-3.3451271703169567
isophon,1,8,750.0,-1.72926929216365
isophon,1,8,1000.0,1.5478118071115716
isophon,1,8,1500.0,0.7748838325939573
isophon,1,8,2000.0,-3.782113912382698
isophon,1,8,3000.0,7.982972013862536
isophon,1,8,4000.0,-1.8300083605694226
isophon,1,8,6000.0,5.870535493827347
isophon,1,8,8000.0,3.92955341128129
isophon,1,9,250.0,1.2144893106325156
isophon,1,9,500.0,-1.4501868976780088
isophon,1,9,750.0,0.19811094646401273
isophon,1,9,1000.0,1.39440198223042
isophon,1,9,1500.0,2.880506645014407
isophon,1,9,2000.0,-1.3356705539621458
isophon,1,9,3000.0,9.67946784217638
isophon,1,9,4000.0,-3.057121568406018
isophon,1,9,6000.0,2.4601629973276147
isophon,1,9,8000.0,3.882634163552453
isophon,1,10,250.0,2.9741380068479515
isophon,1,10,500.0,-0.37302821342059644
isophon,1,10,750.0,-0.6776126886356479
isophon,1,10,1000.0,0.35515127933857116
isophon,1,10,1500.0,2.2488700136364344
isophon,1,10,2000.0,-3.54663223526002
isophon,1,10,3000.0,9.11899287301101
isophon,1,10,4000.0,-2.1678319732995703
isophon,1,10,6000.0,4.30797542588526
isophon,1,10,8000.0,3.3740448955595497
isophon,2,1,250.0,6.374887867044176
isophon,2,1,500.0,9.766004659237026
isophon,2,1,750.0,-1.1110349107471542
isophon,2,1,1000.0,8.249789888718112
isophon,2,1,1500.0,1.1320229369900563
isophon,2,1,2000.0,1.9281705074581978
isophon,2,1,3000.0,8.769759048921276
isophon,2,1,4000.0,0.7561564923487971
isophon,2,1,6000.0,5.429820559845634
isophon,2,1,8000.0,23.058609567459538
isophon,2,2,250.0,5.634512604836118
isophon,2,2,500.0,9.648958578958556
isophon,2,2,750.0,-5.086248616334899
isophon,2,2,1000.0,-4.685847521945533
isophon,2,2,1500.0,-3.315457510776909
isophon,2,2,2000.0,5.824729404899038
isophon,2,2,3000.0,10.750656855105436
isophon,2,2,4000.0,4.674646154836566
isophon,2,2,6000.0,8.810011494603515
isophon,2,2,8000.0,11.026966952263763
isophon,2,3,250.0,9.12415437653469
isophon,2,3,500.0,6.419847432792324
isophon,2,3,750.0,-8.318378506573907
isophon,2,3,1000.0,1.5805822943189298
isophon,2,3,1500.0,-4.76038200471632
isophon,2,3,2000.0,-14.419823486942931
isophon,2,3,3000.0,4.888844169791447
isophon,2,3,4000.0,-5.5345780420038295
isophon,2,3,6000.0,1.4449501413648989
isophon,2,3,8000.0,13.12797420742546
isophon,2,4,250.0,14.22549089217
isophon,2,4,500.0,0.1699700414372387
isophon,2,4,750.0,-1.1762728771811481
isophon,2,4,1000.0,0.31665999527203326
isophon,2,4,1500.0,-1.1298861509890372
isophon,2,4,2000.0,-8.22528805242598
isophon,2,4,3000.0,2.6767271787697666
isophon,2,4,4000.0,-3.757795493108887
isophon,2,4,6000.0,-6.82377603271577
isophon,2,4,8000.0,-2.6844749207109544
isophon,2,5,250.0,2.775309246913096
isophon,2,5,500.0,3.3343714088744605
isophon,2,5,750.0,0.3005362230016999
isophon,2,5,1000.0,6.258768896492995
isophon,2,5,1500.0,1.1205425562587692
isophon,2,5,2000.0,-6.564304595092892
isophon,2,5,3000.0,-1.383631640525934
isophon,2,5,4000.0,-5.090890040870917
isophon,2,5,6000.0,-6.679927584557689
isophon,2,5,8000.0,1.2736814258998663
isophon,2,6,250.0,11.430782312009612
isophon,2,6,500.0,4.631093303036593
isophon,2,6,750.0,0.12069207781912894
isophon,2,6,1000.0,1.3290208412996236
isophon,2,6,1500.0,3.0350398282720334
isophon,2,6,2000.0,-3.668128412585702
isophon,2,6,3000.0,1.5234500783105034
isophon,2,6,4000.0,-2.1524310212750777
isophon,2,6,6000.0,-1.6304214073040555
isophon,2,6,8000.0,-5.40906049718474
isophon,2,7,250.0,16.461694640610077
isophon,2,7,500.0,9.702729942980795
isophon,2,7,750.0,2.3226949381148785
isophon,2,7,1000.0,2.0142846339256977
isophon,2,7,1500.0,7.862719470589155
isophon,2,7,2000.0,3.0878387564731895
isophon,2,7,3000.0,5.162305905239194
isophon,2,7,4000.0,3.596468232813578
isophon,2,7,6000.0,1.0894065962576036
isophon,2,7,8000.0,-1.673481665284811
isophon,2,8,250.0,13.002161336231396
isophon,2,8,500.0,11.79235040730859
isophon,2,8,750.0,5.587712294811581
isophon,2,8,1000.0,4.039294698499987
isophon,2,8,1500.0,8.495599667071474
isophon,2,8,2000.0,4.635752948554298
isophon,2,8,3000.0,6.120072808273548
isophon,2,8,4000.0,2.243105494276989
isophon,2,8,6000.0,4.271605377742617
isophon,2,8,8000.0,2.5848243936325446
isophon,2,9,250.0,9.854659436322251
isophon,2,9,500.0,12.625572415098844
isophon,2,9,750.0,7.9318824838539825
isophon,2,9,1000.0,5.140814656742862
isophon,2,9,1500.0,4.884820377017448
isophon,2,9,2000.0,4.904099881027349
isophon,2,9,3000.0,9.263385336512016
isophon,2,9,4000.0,2.5785541321341867
isophon,2,9,6000.0,5.6509578546172605
isophon,2,9,8000.0,6.0513496575086805
isophon,2,10,250.0,5.207599006755061
isophon,2,10,500.0,13.351146423718546
isophon,2,10,750.0,8.468441943805857
isophon,2,10,1000.0,4.968952094527211
isophon,2,10,1500.0,4.9552277942601535
isophon,2,10,2000.0,5.95474263344623
isophon,2,10,3000.0,8.82361685129436
isophon,2,10,4000.0,2.7247386150902315
isophon,2,10,6000.0,5.050768345080428
isophon,2,10,8000.0,8.99756642214767
isophon,3,1,250.0,26.019852787432047
isophon,3,1,500.0,3.5629677936268873
isophon,3,1,750.0,-4.724858644734313
isophon,3,1,1000.0,-0.3725634923899932
isophon,3,1,1500.0,-9.150270267129418
isophon,3,1,2000.0,-11.119095956756148
isophon,3,1,3000.0,-19.781283306951202
isophon,3,1,4000.0,-11.82637469492904
isophon,3,1,6000.0,-0.21522631279987792
isophon,3,1,8000.0,-14.420801534273831
isophon,3,2,250.0,10.46359358540171
isophon,3,2,500.0,-5.9087885230249455
isophon,3,2,750.0,10.840780329020593
isophon,3,2,1000.0,3.775399815578332
isophon,3,2,1500.0,-6.998970738535036
isophon,3,2,2000.0,-13.777297082763369
isophon,3,2,3000.0,-5.609182032782591
isophon,3,2,4000.0,-2.9218990952443953
isophon,3,2,6000.0,1.4654327494257515
isophon,3,2,8000.0,-1.4205858635822786
isophon,3,3,250.0,6.228343698766892
isophon,3,3,500.0,4.057265042921344
isophon,3,3,750.0,12.052134903927112
isophon,3,3,1000.0,2.505062426512147
isophon,3,3,1500.0,-6.78895015729632
isophon,3,3,2000.0,-10.46625910717696
isophon,3,3,3000.0,1.799517949409946
isophon,3,3,4000.0,6.868786348347427
isophon,3,3,6000.0,6.110755265060682
isophon,3,3,8000.0,2.7357944419892704
isophon,3,4,250.0,0.15959800140876723
isophon,3,4,500.0,4.190402056260041
isophon,3,4,750.0,10.281056735128281
isophon,3,4,1000.0,0.3610450921178767
isophon,3,4,1500.0,-3.1623349704424584
isophon,3,4,2000.0,-3.401048690589306
isophon,3,4,3000.0,-3.413481809211902
isophon,3,4,4000.0,0.10860456303343824
isophon,3,4,6000.0,1.2025368521941289
isophon,3,4,8000.0,-3.1859386252155346
isophon,3,5,250.0,2.6946957393030857
isophon,3,5,500.0,2.120331484504419
isophon,3,5,750.0,-3.469510054967543
isophon,3,5,1000.0,-2.646398920976992
isophon,3,5,1500.0,-5.603523061051931
isophon,3,5,2000.0,-2.616975899318632
isophon,3,5,3000.0,1.9573354496204018
isophon,3,5,4000.0,3.823860166433448
isophon,3,5,6000.0,-2.564324733534363
isophon,3,5,8000.0,-6.044131713726486
isophon,3,6,250.0,-3.916114430597929
isophon,3,6,500.0,2.419160596141026
isophon,3,6,750.0,-4.142072933173793
isophon,3,6,1000.0,2.343763776210551
isophon,3,6,1500.0,0.28931004807614613
isophon,3,6,2000.0,-1.8335962778634922
isophon,3,6,3000.0,3.3973144918274727
isophon,3,6,4000.0,-0.24037358676025633
isophon,3,6,6000.0,-5.532454641726801
isophon,3,6,8000.0,1.2620301666635214
isophon,3,7,250.0,-2.298032540699481
isophon,3,7,500.0,-3.1494412000321574
isophon,3,7,750.0,-5.434373486459776
isophon,3,7,1000.0,3.7028846237090534
isophon,3,7,1500.0,1.236020394681006
isophon,3,7,2000.0,-0.4264360517795325
isophon,3,7,3000.0,0.5386008721954454
isophon,3,7,4000.0,-2.20041651525392
isophon,3,7,6000.0,-6.143032924543476
isophon,3,7,8000.0,1.5958255448466048
isophon,3,8,250.0,-2.614516881767173
isophon,3,8,500.0,-1.2798856021805278
isophon,3,8,750.0,-3.2479197874279464
isophon,3,8,1000.0,5.465823969101123
isophon,3,8,1500.0,2.3625038235504547
isophon,3,8,2000.0,1.1577966790525238
isophon,3,8,3000.0,3.6573337723122705
isophon,3,8,4000.0,1.6541413894263712
isophon,3,8,6000.0,-3.821359649671763
isophon,3,8,8000.0,2.1203426369329037
isophon,3,9,250.0,-2.477053206715979
isophon,3,9,500.0,-0.46851137957814615
isophon,3,9,750.0,-0.9316419662109183
isophon,3,9,1000.0,6.326092339658999
isophon,3,9,1500.0,3.4014057873188506
isophon,3,9,2000.0,0.31127181092274725
isophon,3,9,3000.0,6.404968775833538
isophon,3,9,4000.0,3.3257697052113713
isophon,3,9,6000.0,-0.6921693979256105
isophon,3,9,8000.0,2.398887666164512
isophon,3,10,250.0,-3.3962055836803557
isophon,3,10,500.0,2.1217448226203572
isophon,3,10,750.0,-2.492862398028862
isophon,3,10,1000.0,9.006959552281884
isophon,3,10,1500.0,5.0397787490524735
isophon,3,10,2000.0,3.5080384828250573
isophon,3,10,3000.0,3.6061189420092745
isophon,3,10,4000.0,2.1766807882875696
isophon,3,10,6000.0,-4.433225043904088
isophon,3,10,8000.0,-4.883411250223162
isophon,4,1,250.0,-12.171664809895503
isophon,4,1,500.0,6.3356994408193685
isophon,4,1,750.0,-5.5104337822895655
isophon,4,1,1000.0,-0.6086381019583378
isophon,4,1,1500.0,4.380809198005458
isophon,4,1,2000.0,10.540936017341508
isophon,4,1,3000.0,-3.903729690739759
isophon,4,1,4000.0,-5.336230103756819
isophon,4,1,6000.0,-9.31064201205838
isophon,4,1,8000.0,-9.713139205390753
isophon,4,2,250.0,-7.773819685634194
isophon,4,2,500.0,7.047367635117908
isophon,4,2,750.0,1.8942568998545077
isophon,4,2,1000.0,-2.300787615048165
isophon,4,2,1500.0,-0.08418674269606896
isophon,4,2,2000.0,-4.229075005469397
isophon,4,2,3000.0,3.158693618668856
isophon,4,2,4000.0,1.4629204274910776
isophon,4,2,6000.0,-8.881050669886598
isophon,4,2,8000.0,-2.3436571193094764
isophon,4,3,250.0,-0.2436717734053815
isophon,4,3,500.0,-0.8499636857602155
isophon,4,3,750.0,5.962024774723432
isophon,4,3,1000.0,-3.575043106224342
isophon,4,3,1500.0,1.9691971982533332
isophon,4,3,2000.0,3.9268250320578986
isophon,4,3,3000.0,1.063827423200614
isophon,4,3,4000.0,-0.02427359679535357
isophon,4,3,6000.0,-4.950665245976005
isophon,4,3,8000.0,-5.128242774815163
isophon,4,4,250.0,-6.401187755055275
isophon,4,4,500.0,2.0061282684193955
isophon,4,4,750.0,6.159130226842464
isophon,4,4,1000.0,1.4424250927137123
isophon,4,4,1500.0,7.390745217523097
isophon,4,4,2000.0,3.1383427196611464
isophon,4,4,3000.0,1.8184427207853275
isophon,4,4,4000.0,0.37478998592043666
isophon,4,4,6000.0,-2.9846297986923815
isophon,4,4,8000.0,-2.3402435650870075
isophon,4,5,250.0,-15.367465369078246
isophon,4,5,500.0,-0.41695284732819005
isophon,4,5,750.0,0.35959238790564996
isophon,4,5,1000.0,3.2390373568541975
isophon,4,5,1500.0,3.425173319220221
isophon,4,5,2000.0,-6.773828333504355
isophon,4,5,3000.0,-10.613667518145022
isophon,4,5,4000.0,-3.7194487607387714
isophon,4,5,6000.0,-2.5285530816155983
isophon,4,5,8000.0,-0.3437533962470525
isophon,4,6,250.0,-6.127271414014103
isophon,4,6,500.0,0.9888274779432322
isophon,4,6,750.0,-3.633755342820038
isophon,4,6,1000.0,1.077846083723557
isophon,4,6,1500.0,3.5825236023772504
isophon,4,6,2000.0,-6.608533098487101
isophon,4,6,3000.0,-3.274400915393656
isophon,4,6,4000.0,1.9254906595596282
isophon,4,6,6000.0,2.341246675745012
isophon,4,6,8000.0,-10.951868819283618
isophon,4,7,250.0,-4.005151292344948
isophon,4,7,500.0,3.1088361132911473
isophon,4,7,750.0,0.2698658305552044
isophon,4,7,1000.0,3.5001245859475603
isophon,4,7,1500.0,5.640175176100698
isophon,4,7,2000.0,-7.205524513302649
isophon,4,7,3000.0,0.10799134487450601
isophon,4,7,4000.0,5.963584131297111
isophon,4,7,6000.0,-0.3983924273362618
isophon,4,7,8000.0,-12.78740006793204
isophon,4,8,250.0,-3.4252711795595303
isophon,4,8,500.0,2.8974007397696653
isophon,4,8,750.0,1.083479177863552
isophon,4,8,1000.0,2.29406920559488
isophon,4,8,1500.0,6.868285689383654
isophon,4,8,2000.0,-3.8088211006812003
isophon,4,8,3000.0,2.816718364951498
isophon,4,8,4000.0,3.3914722986032757
isophon,4,8,6000.0,2.2475816520238823
isophon,4,8,8000.0,-8.770893020753931
isophon,4,9,250.0,-3.8826713713128242
isophon,4,9,500.0,3.1940373729947282
isophon,4,9,750.0,-1.5970502505209794
isophon,4,9,1000.0,3.546955215900553
isophon,4,9,1500.0,6.7556939222919254
isophon,4,9,2000.0,-1.7652493561343192
isophon,4,9,3000.0,3.738631611236954
isophon,4,9,4000.0,0.1997803726621612
isophon,4,9,6000.0,6.4457402775845765
isophon,4,9,8000.0,-5.306006451678712
isophon,4,10,250.0,-0.7495042638173999
isophon,4,10,500.0,1.432838051278253
isophon,4,10,750.0,-4.674281773879784
isophon,4,10,1000.0,2.29937507107401
isophon,4,10,1500.0,5.694983769169525
isophon,4,10,2000.0,0.061176866951271336
isophon,4,10,3000.0,5.590514909726025
isophon,4,10,4000.0,-2.6748483228309965
isophon,4,10,6000.0,9.899303828435478
isophon,4,10,8000.0,-3.2084911053979965
isophon,5,1,250.0,-5.6058723516122555
isophon,5,1,500.0,-0.6742688268635249
isophon,5,1,750.0,2.5167223543369612
isophon,5,1,1000.0,1.314257070108706
isophon,5,1,1500.0,12.126764602661133
isophon,5,1,2000.0,16.809426915823224
isophon,5,1,3000.0,10.0407674874842
isophon,5,1,4000.0,-1.9884707001396755
isophon,5,1,6000.0,-15.414016758922457
isophon,5,1,8000.0,-30.21416830397463
isophon,5,2,250.0,-2.2109457199851974
isophon,5,2,500.0,-1.3507329579009237
isophon,5,2,750.0,-3.9696799500361593
isophon,5,2,1000.0,13.131610728936305
isophon,5,2,1500.0,9.96349561236578
isophon,5,2,2000.0,12.114903453514295
isophon,5,2,3000.0,3.719347417452436
isophon,5,2,4000.0,-5.409408971262522
isophon,5,2,6000.0,-8.417559062146026
isophon,5,2,8000.0,-14.53537334720155
isophon,5,3,250.0,-7.1440349600364925
isophon,5,3,500.0,0.2522351371718514
isophon,5,3,750.0,0.8628299344143073
isophon,5,3,1000.0,-2.335426818999622
isophon,5,3,1500.0,2.140591665588019
isophon,5,3,2000.0,5.305251730915742
isophon,5,3,3000.0,0.9853643000186594
isophon,5,3,4000.0,-0.3607389423685703
isophon,5,3,6000.0,-9.383878777802224
isophon,5,3,8000.0,-9.681850771084967
isophon,5,4,250.0,-3.111642011569714
isophon,5,4,500.0,6.9175653317547585
isophon,5,4,750.0,2.22304591219941
isophon,5,4,1000.0,-3.4540948597136776
isophon,5,4,1500.0,0.3744275273603819
isophon,5,4,2000.0,-0.5316474653213703
isophon,5,4,3000.0,2.711924550013414
isophon,5,4,4000.0,1.5283633181388012
isophon,5,4,6000.0,1.6537273007858317
isophon,5,4,8000.0,0.7237842565555042
isophon,5,5,250.0,-7.002618075832331
isophon,5,5,500.0,3.2781573305094156
isophon,5,5,750.0,8.694568348047
isophon,5,5,1000.0,1.914488480717381
isophon,5,5,1500.0,1.9094208392774874
isophon,5,5,2000.0,1.6768994979889555
isophon,5,5,3000.0,2.329113553434439
isophon,5,5,4000.0,7.309790121053922
isophon,5,5,6000.0,9.172477295492598
isophon,5,5,8000.0,6.192819074187398
isophon,5,6,250.0,0.5424085665158884
isophon,5,6,500.0,6.399538274091626
isophon,5,6,750.0,5.557933188169301
isophon,5,6,1000.0,0.6869103981417908
isophon,5,6,1500.0,4.30432788432617
isophon,5,6,2000.0,2.9220963389394683
isophon,5,6,3000.0,2.4845319856404444
isophon,5,6,4000.0,2.802927504619504
isophon,5,6,6000.0,6.101837699474757
isophon,5,6,8000.0,-1.5278835485461002
isophon,5,7,250.0,1.605935530044718
isophon,5,7,500.0,9.821297134391273
isophon,5,7,750.0,5.661395542592587
isophon,5,7,1000.0,0.48646369501351217
isophon,5,7,1500.0,1.4845160252018417
isophon,5,7,2000.0,-4.611686347600539
isophon,5,7,3000.0,-2.3569607326078454
isophon,5,7,4000.0,2.1045446779374117
isophon,5,7,6000.0,4.802874724610362
isophon,5,7,8000.0,-4.665094078942957
isophon,5,8,250.0,1.0038351933840346
isophon,5,8,500.0,9.144181767793782
isophon,5,8,750.0,4.614179334602952
isophon,5,8,1000.0,-1.6548153752743104
isophon,5,8,1500.0,-1.198177303110299
isophon,5,8,2000.0,-2.387390016797127
isophon,5,8,3000.0,-2.999170445330819
isophon,5,8,4000.0,-3.1123840644359575
isophon,5,8,6000.0,-0.5876203569037131
isophon,5,8,8000.0,-11.87847344791696
isophon,5,9,250.0,0.25653936203117667
isophon,5,9,500.0,7.993192739351642
isophon,5,9,750.0,2.632188911717705
isophon,5,9,1000.0,-1.8446916721849078
isophon,5,9,1500.0,-3.510183863793813
isophon,5,9,2000.0,-3.6100766730660467
isophon,5,9,3000.0,-4.286402951596202
isophon,5,9,4000.0,-9.3418460359198
isophon,5,9,6000.0,-2.79097175962562
isophon,5,9,8000.0,-14.549848065847371
isophon,5,10,250.0,-1.4201240307995278
isophon,5,10,500.0,-2.153058453471857
isophon,5,10,750.0,-3.609025573730463
isophon,5,10,1000.0,-5.954327866031122
isophon,5,10,1500.0,-4.947198486328119
isophon,5,10,2000.0,-3.039145604877092
isophon,5,10,3000.0,-5.758597201385697
isophon,5,10,4000.0,-7.600094784687656
isophon,5,10,6000.0,-3.182566480540089
isophon,5,10,8000.0,-10.399946642944016
isophon,6,1,250.0,-15.896267379396718
isophon,6,1,500.0,-23.126016632607588
isophon,6,1,750.0,-2.265228560066725
isophon,6,1,1000.0,-2.8679386901855466
isophon,6,1,1500.0,-6.940141368067724
isophon,6,1,2000.0,-21.3812092693628
isophon,6,1,3000.0,-14.896001137082855
isophon,6,1,4000.0,-14.575521689524553
isophon,6,1,6000.0,5.907279255697841
isophon,6,1,8000.0,11.750492401123047
isophon,6,2,250.0,-10.791950814566633
isophon,6,2,500.0,-17.157966656981372
isophon,6,2,750.0,-7.848313608819545
isophon,6,2,1000.0,-10.959363435601809
isophon,6,2,1500.0,-9.961818083349637
isophon,6,2,2000.0,-5.331968574980351
isophon,6,2,3000.0,1.129542633001936
isophon,6,2,4000.0,-0.570574173885813
isophon,6,2,6000.0,11.437485856182587
isophon,6,2,8000.0,11.6554889363182
isophon,6,3,250.0,-7.145438665363969
isophon,6,3,500.0,-11.922667174489575
isophon,6,3,750.0,-1.784399194203509
isophon,6,3,1000.0,-2.7240926170550352
isophon,6,3,1500.0,-7.538805569813235
isophon,6,3,2000.0,-1.3377889182167877
isophon,6,3,3000.0,3.9608407749944092
isophon,6,3,4000.0,-1.630352362021199
isophon,6,3,6000.0,5.663711776280877
isophon,6,3,8000.0,-0.3270683930542333
isophon,6,4,250.0,-7.473451181820906
isophon,6,4,500.0,-5.638821428973287
isophon,6,4,750.0,1.1750136654287928
isophon,6,4,1000.0,2.793976954990171
isophon,6,4,1500.0,-4.671211004868667
isophon,6,4,2000.0,-1.1091646224816998
isophon,6,4,3000.0,3.0295003945798626
isophon,6,4,4000.0,-0.019016914104710736
isophon,6,4,6000.0,-5.144088945298137
isophon,6,4,8000.0,-7.458065368491191
isophon,6,5,250.0,5.910662878443034
isophon,6,5,500.0,5.188700008945872
isophon,6,5,750.0,1.471861641899153
isophon,6,5,1000.0,-1.508787134492934
isophon,6,5,1500.0,-4.789890065950573
isophon,6,5,2000.0,1.50769657310164
isophon,6,5,3000.0,1.7752358383720264
isophon,6,5,4000.0,-10.249326357403348
isophon,6,5,6000.0,-5.125635953673097
isophon,6,5,8000.0,-17.991310456893046
isophon,6,6,250.0,-0.7251818630308264
isophon,6,6,500.0,7.724513945632708
isophon,6,6,750.0,4.922829859869694
isophon,6,6,1000.0,-5.660627684474619
isophon,6,6,1500.0,-2.4911825781955486
isophon,6,6,2000.0,0.2470228953170306
isophon,6,6,3000.0,-1.2711003712477265
isophon,6,6,4000.0,-7.0068098564048995
isophon,6,6,6000.0,2.2218319033815845
isophon,6,6,8000.0,-6.650988496443816
isophon,6,7,250.0,-3.7093583373563774
isophon,6,7,500.0,8.369224096659792
isophon,6,7,750.0,8.364825801515849
isophon,6,7,1000.0,-0.13473596084180883
isophon,6,7,1500.0,1.0501095190597454
isophon,6,7,2000.0,3.4699362090264856
isophon,6,7,3000.0,3.0755075164917685
isophon,6,7,4000.0,-5.235776523529353
isophon,6,7,6000.0,3.617273493282724
isophon,6,7,8000.0,-5.087812155373086
isophon,6,8,250.0,-2.0282288592317883
isophon,6,8,500.0,6.040772978881975
isophon,6,8,750.0,7.856997776959005
isophon,6,8,1000.0,-4.731640088921054
isophon,6,8,1500.0,-1.4209262166171186
isophon,6,8,2000.0,-0.8277604503903007
isophon,6,8,3000.0,2.717987300698397
isophon,6,8,4000.0,-4.856756978375316
isophon,6,8,6000.0,2.842398781216829
isophon,6,8,8000.0,-4.707345262532968
isophon,6,9,250.0,-1.5646346740608124
isophon,6,9,500.0,2.24593050316372
isophon,6,9,750.0,1.4973612299226176
isophon,6,9,1000.0,-7.316248931884772
isophon,6,9,1500.0,1.0437724532631876
isophon,6,9,2000.0,-4.213652572673524
isophon,6,9,3000.0,0.023758803753750612
isophon,6,9,4000.0,-6.394857827287737
isophon,6,9,6000.0,-0.5570846673094536
isophon,6,9,8000.0,-4.342267451657179
isophon,6,10,250.0,0.344403601295312
isophon,6,10,500.0,3.7480885403475668
isophon,6,10,750.0,2.414619195989829
isophon,6,10,1000.0,-4.594628906249994
isophon,6,10,1500.0,2.205276586325283
isophon,6,10,2000.0,-5.046935927768416
isophon,6,10,3000.0,-3.930776756777206
isophon,6,10,4000.0,-4.753580409724236
isophon,6,10,6000.0,-0.580334558771213
isophon,6,10,8000.0,-4.025518035888666
isophon,7,1,250.0,-3.1785817343378397
isophon,7,1,500.0,-14.885849853543775
isophon,7,1,750.0,2.0865370926069358
isophon,7,1,1000.0,-4.114291025339959
isophon,7,1,1500.0,-13.344292130895308
isophon,7,1,2000.0,6.30723141244518
isophon,7,1,3000.0,-22.9012609320465
isophon,7,1,4000.0,-2.907366459376867
isophon,7,1,6000.0,-5.510400480806041
isophon,7,1,8000.0,6.2433671213588475
isophon,7,2,250.0,-2.957902358439
isophon,7,2,500.0,1.7079830288392088
isophon,7,2,750.0,11.79866205940191
isophon,7,2,1000.0,3.9139801334731033
isophon,7,2,1500.0,-2.48021130928889
isophon,7,2,2000.0,-5.935614051042577
isophon,7,2,3000.0,-0.5392677621544166
isophon,7,2,4000.0,-0.6343297279033848
isophon,7,2,6000.0,-0.11528825642993468
isophon,7,2,8000.0,-1.9563410519362066
isophon,7,3,250.0,-6.8339824143832715
isophon,7,3,500.0,-2.566689195885644
isophon,7,3,750.0,5.478345498682856
isophon,7,3,1000.0,3.3530833639404136
isophon,7,3,1500.0,-0.28920589731293944
isophon,7,3,2000.0,-11.878245742970101
isophon,7,3,3000.0,4.737524498603058
isophon,7,3,4000.0,-1.910307092987921
isophon,7,3,6000.0,-5.281969312408009
isophon,7,3,8000.0,-2.2525667534145413
isophon,7,4,250.0,-3.9391689028692554
isophon,7,4,500.0,-1.634327848717021
isophon,7,4,750.0,3.0753057066733476
isophon,7,4,1000.0,0.5473725458293472
isophon,7,4,1500.0,2.9485235629246063
isophon,7,4,2000.0,-6.513254316359365
isophon,7,4,3000.0,0.023012639521724054
isophon,7,4,4000.0,-1.4047116759924876
isophon,7,4,6000.0,-1.575801796031385
isophon,7,4,8000.0,2.6031128887795205
isophon,7,5,250.0,-2.4571799865857287
isophon,7,5,500.0,8.454886950288142
isophon,7,5,750.0,2.964787805510639
isophon,7,5,1000.0,1.5217392260806832
isophon,7,5,1500.0,10.428986828409961
isophon,7,5,2000.0,1.4598407017199833
isophon,7,5,3000.0,9.225920110858993
isophon,7,5,4000.0,6.85571984439116
isophon,7,5,6000.0,3.9712792860474764
isophon,7,5,8000.0,9.139804020371315
isophon,7,6,250.0,-6.226615896270232
isophon,7,6,500.0,-3.8110764489290574
isophon,7,6,750.0,1.7168767044615407
isophon,7,6,1000.0,0.8148740071759306
isophon,7,6,1500.0,3.6555755076595773
isophon,7,6,2000.0,-1.7641317725753254
isophon,7,6,3000.0,-7.754701680642569
isophon,7,6,4000.0,-2.152227929876844
isophon,7,6,6000.0,-1.6680632181016932
isophon,7,6,8000.0,14.271191196406363
isophon,7,7,250.0,-2.2831558696802148
isophon,7,7,500.0,-3.314105377285017
isophon,7,7,750.0,1.4325617900740468
isophon,7,7,1000.0,-0.446832235590378
isophon,7,7,1500.0,-1.6315654634986174
isophon,7,7,2000.0,-6.253096366793088
isophon,7,7,3000.0,-9.199713993432894
isophon,7,7,4000.0,-7.142617639940937
isophon,7,7,6000.0,-3.885477549054187
isophon,7,7,8000.0,12.874983426613653
isophon,7,8,250.0,0.0368133602879368
isophon,7,8,500.0,-2.060988429859279
isophon,7,8,750.0,-3.157726042562146
isophon,7,8,1000.0,-2.086340901226734
isophon,7,8,1500.0,-4.046728240678803
isophon,7,8,2000.0,-9.414040412261315
isophon,7,8,3000.0,-8.570543511223264
isophon,7,8,4000.0,-4.775114099826496
isophon,7,8,6000.0,-2.2178742308582002
isophon,7,8,8000.0,10.241697058225213
isophon,7,9,250.0,1.07734669027694
isophon,7,9,500.0,-2.1729384370772493
isophon,7,9,750.0,-4.2082381119257946
isophon,7,9,1000.0,-2.871689765994333
isophon,7,9,1500.0,-1.8633942273865785
isophon,7,9,2000.0,-10.712504874221082
isophon,7,9,3000.0,-5.9821088859538065
isophon,7,9,4000.0,-2.857423562336294
isophon,7,9,6000.0,-1.7819782126506425
isophon,7,9,8000.0,7.049808100375131
isophon,7,10,250.0,-2.778731359933772
isophon,7,10,500.0,-1.0744287685663068
isophon,7,10,750.0,-2.8032284388796143
isophon,7,10,1000.0,-3.3737095094840015
isophon,7,10,1500.0,-0.8636632175460193
isophon,7,10,2000.0,-8.046986952658813
isophon,7,10,3000.0,-3.9603032116373384
isophon,7,10,4000.0,-1.4318355357757184
isophon,7,10,6000.0,-2.443715716097401
isophon,7,10,8000.0,8.101727503451286
isophon,8,1,250.0,7.141143831915713
isophon,8,1,500.0,2.2001737231700886
isophon,8,1,750.0,4.352445474693422
isophon,8,1,1000.0,5.05391268998136
isophon,8,1,1500.0,-0.7742916944195883
isophon,8,1,2000.0,-3.4341405567167698
isophon,8,1,3000.0,-2.5760202990056165
isophon,8,1,4000.0,-0.03578561587518436
isophon,8,1,6000.0,-13.53358568719586
isophon,8,1,8000.0,37.43874753175937
isophon,8,2,250.0,-5.083902838371387
isophon,8,2,500.0,2.2123662318527195
isophon,8,2,750.0,4.013061342124018
isophon,8,2,1000.0,0.7885452571431415
isophon,8,2,1500.0,4.232276927765987
isophon,8,2,2000.0,-7.384517884073588
isophon,8,2,3000.0,-1.51839972692553
isophon,8,2,4000.0,-1.1262525041060485
isophon,8,2,6000.0,-5.136130609953796
isophon,8,2,8000.0,23.28539130707606
isophon,8,3,250.0,-1.3666868040751723
isophon,8,3,500.0,4.583632979087383
isophon,8,3,750.0,6.291206859155807
isophon,8,3,1000.0,-5.256796543961272
isophon,8,3,1500.0,1.1158000525357181
isophon,8,3,2000.0,2.511850484162437
isophon,8,3,3000.0,11.470916515514467
isophon,8,3,4000.0,0.6363721565669209
isophon,8,3,6000.0,-4.383569528713679
isophon,8,3,8000.0,19.450622780168402
isophon,8,4,250.0,2.6461539452824923
isophon,8,4,500.0,1.9235696867986007
isophon,8,4,750.0,4.668339709164556
isophon,8,4,1000.0,-4.000492500841233
isophon,8,4,1500.0,1.9044326177541535
isophon,8,4,2000.0,0.4278545520753454
isophon,8,4,3000.0,1.0841595462326268
isophon,8,4,4000.0,1.8860799265552544
isophon,8,4,6000.0,4.229096482865046
isophon,8,4,8000.0,20.089338609373627
isophon,8,5,250.0,-7.072859884736431
isophon,8,5,500.0,-2.6252944396222233
isophon,8,5,750.0,-0.0453059321933722
isophon,8,5,1000.0,-1.168871115784981
isophon,8,5,1500.0,1.1298000615719275
isophon,8,5,2000.0,2.1201646580832687
isophon,8,5,3000.0,4.268689039599309
isophon,8,5,4000.0,4.829426145791729
isophon,8,5,6000.0,0.8660650122366889
isophon,8,5,8000.0,10.696126799951472
isophon,8,6,250.0,-0.009039277351206465
isophon,8,6,500.0,3.2110767409720324
isophon,8,6,750.0,6.154936529964829
isophon,8,6,1000.0,3.4554016807997954
isophon,8,6,1500.0,4.344849105017232
isophon,8,6,2000.0,-1.83606976285013
isophon,8,6,3000.0,4.520829050349093
isophon,8,6,4000.0,5.703908773717501
isophon,8,6,6000.0,0.5813335470036378
isophon,8,6,8000.0,11.941906572706657
isophon,8,7,250.0,2.5225825312639643
isophon,8,7,500.0,0.17411217982366622
isophon,8,7,750.0,4.875404842147844
isophon,8,7,1000.0,3.7927481047632483
isophon,8,7,1500.0,0.45856037782468206
isophon,8,7,2000.0,-1.5058068017848996
isophon,8,7,3000.0,-1.9575333010218117
isophon,8,7,4000.0,1.2757396315832636
isophon,8,7,6000.0,-0.7716235351562517
isophon,8,7,8000.0,12.220706122226446
isophon,8,8,250.0,3.7717494040235806
isophon,8,8,500.0,0.02403564628048116
isophon,8,8,750.0,3.4101905703783615
isophon,8,8,1000.0,2.2373709389885192
isophon,8,8,1500.0,-1.1812560323440238
isophon,8,8,2000.0,-3.036780007308394
isophon,8,8,3000.0,0.40717327006129267
isophon,8,8,4000.0,2.949402025907446
isophon,8,8,6000.0,0.1005473327636679
isophon,8,8,8000.0,12.757950088216589
isophon,8,9,250.0,3.775713842743855
isophon,8,9,500.0,0.47745763874894465
isophon,8,9,750.0,1.4380922614247424
isophon,8,9,1000.0,0.647334146137311
isophon,8,9,1500.0,-3.3834985752635163
isophon,8,9,2000.0,-4.466755609322163
isophon,8,9,3000.0,-5.08834711306541
isophon,8,9,4000.0,4.050294750490522
isophon,8,9,6000.0,1.2307290649414
isophon,8,9,8000.0,11.85322840855521
isophon,8,10,250.0,4.938044318887492
isophon,8,10,500.0,1.9987325555621283
isophon,8,10,750.0,0.38705673217774006
isophon,8,10,1000.0,0.2556972580102581
isophon,8,10,1500.0,-4.591687774658197
isophon,8,10,2000.0,-2.8639673171942377
isophon,8,10,3000.0,-2.4817084910981038
isophon,8,10,4000.0,4.44626093773924
isophon,8,10,6000.0,1.4693244934082088
isophon,8,10,8000.0,10.803437925578265
isophon,9,1,250.0,9.37127374186349
isophon,9,1,500.0,23.839645683877983
isophon,9,1,750.0,12.164317300248207
isophon,9,1,1000.0,-3.385283887020222
isophon,9,1,1500.0,3.5299277729429406
isophon,9,1,2000.0,19.647393703874002
isophon,9,1,3000.0,8.385999112297647
isophon,9,1,4000.0,6.321625717866738
isophon,9,1,6000.0,13.660060300071201
isophon,9,1,8000.0,10.861248302993701
isophon,9,2,250.0,-0.23806477148695393
isophon,9,2,500.0,3.4528531474154605
isophon,9,2,750.0,1.9884048808508652
isophon,9,2,1000.0,-2.2541634602710587
isophon,9,2,1500.0,-0.161955560563527
isophon,9,2,2000.0,-1.3454088251309457
isophon,9,2,3000.0,-2.7993861593933502
isophon,9,2,4000.0,-7.421441331029584
isophon,9,2,6000.0,4.642088627235658
isophon,9,2,8000.0,7.263902414189857
isophon,9,3,250.0,0.2720118678099652
isophon,9,3,500.0,7.792623677514513
isophon,9,3,750.0,4.902797640012167
isophon,9,3,1000.0,1.5227960472459756
isophon,9,3,1500.0,-4.022904214023455
isophon,9,3,2000.0,0.03665031999855728
isophon,9,3,3000.0,0.4077931939428794
isophon,9,3,4000.0,-3.248142777351916
isophon,9,3,6000.0,-2.424713527820259
isophon,9,3,8000.0,3.144764812575346
isophon,9,4,250.0,-0.06572931878866939
isophon,9,4,500.0,-6.302542231709808
isophon,9,4,750.0,-1.6958398020460095
isophon,9,4,1000.0,-1.2443501023251713
isophon,9,4,1500.0,-4.627951422275714
isophon,9,4,2000.0,4.835917937834424
isophon,9,4,3000.0,2.529990426941751
isophon,9,4,4000.0,-0.11935689077188272
isophon,9,4,6000.0,4.093671776322438
isophon,9,4,8000.0,7.800356227888983
isophon,9,5,250.0,2.6671881204202066
isophon,9,5,500.0,-3.0566625111433865
isophon,9,5,750.0,-2.7449664252708317
isophon,9,5,1000.0,-2.6469319600676755
isophon,9,5,1500.0,-5.290730689493969
isophon,9,5,2000.0,-0.4990441140209896
isophon,9,5,3000.0,-5.531303651114541
isophon,9,5,4000.0,-8.487302171484998
isophon,9,5,6000.0,2.7071731513789246
isophon,9,5,8000.0,-0.784101451994573
isophon,9,6,250.0,2.6514722721028363
isophon,9,6,500.0,-1.8498912284005513
isophon,9,6,750.0,-4.178367670389719
isophon,9,6,1000.0,-4.117565860598091
isophon,9,6,1500.0,-3.170498369891419
isophon,9,6,2000.0,-1.3404086792107108
isophon,9,6,3000.0,-6.0807922696227905
isophon,9,6,4000.0,-4.926911261436246
isophon,9,6,6000.0,2.5436108219348483
isophon,9,6,8000.0,-9.512234129285844
isophon,9,7,250.0,-0.6234055182406735
isophon,9,7,500.0,-4.471988135153978
isophon,9,7,750.0,-7.682847900390627
isophon,9,7,1000.0,-5.682078626495311
isophon,9,7,1500.0,-2.746071450899578
isophon,9,7,2000.0,-0.48645579151359186
isophon,9,7,3000.0,-6.107243391727636
isophon,9,7,4000.0,-3.973305272274871
isophon,9,7,6000.0,-1.357053974623895
isophon,9,7,8000.0,-8.16289422450069
isophon,9,8,250.0,-3.291144651129798
isophon,9,8,500.0,-3.2789741406203348
isophon,9,8,750.0,-5.681629638671879
isophon,9,8,1000.0,-2.9766200387117294
isophon,9,8,1500.0,-1.201356046500706
isophon,9,8,2000.0,0.47483574400359885
isophon,9,8,3000.0,-3.919295602877412
isophon,9,8,4000.0,-2.8036774009998737
isophon,9,8,6000.0,-0.5570148073863805
isophon,9,8,8000.0,-9.9724430847168
isophon,9,9,250.0,-4.951612302073883
isophon,9,9,500.0,-2.282827233226797
isophon,9,9,750.0,-4.255038299560553
isophon,9,9,1000.0,-2.1254243434348723
isophon,9,9,1500.0,-0.13437697782528346
isophon,9,9,2000.0,1.3498838887739026
isophon,9,9,3000.0,-2.30028076551811
isophon,9,9,4000.0,-1.8975659818892296
isophon,9,9,6000.0,-1.522923435600859
isophon,9,9,8000.0,-9.09821609497071
isophon,9,10,250.0,-4.754120073118116
isophon,9,10,500.0,-2.3674454648406993
isophon,9,10,750.0,-3.4759460449218693
isophon,9,10,1000.0,-2.6974398926137297
isophon,9,10,1500.0,0.7377127876063412
isophon,9,10,2000.0,2.748438110297286
isophon,9,10,3000.0,-4.527268131914383
isophon,9,10,4000.0,-1.6413060499725987
isophon,9,10,6000.0,-0.8054801998036538
isophon,9,10,8000.0,-6.713658905029291
isophon,10,1,250.0,29.362110443115235
isophon,10,1,500.0,-11.784546876864617
isophon,10,1,750.0,8.497357625819479
isophon,10,1,1000.0,5.830311020337234
isophon,10,1,1500.0,-6.194884672281521
isophon,10,1,2000.0,-14.68845845957673
isophon,10,1,3000.0,-5.569381109865962
isophon,10,1,4000.0,18.082824896622366
isophon,10,1,6000.0,6.717779248618619
isophon,10,1,8000.0,36.88204319000244
isophon,10,2,250.0,11.185560913085936
isophon,10,2,500.0,-3.3194639602333496
isophon,10,2,750.0,6.293912524374466
isophon,10,2,1000.0,9.27083532084248
isophon,10,2,1500.0,-4.4214587663778815
isophon,10,2,2000.0,-9.39341538644468
isophon,10,2,3000.0,-7.795765634881306
isophon,10,2,4000.0,3.4075764977419993
isophon,10,2,6000.0,1.835476206889247
isophon,10,2,8000.0,27.97489296917653
isophon,10,3,250.0,4.4834337112183675
isophon,10,3,500.0,-1.650934947545096
isophon,10,3,750.0,2.5860039814216833
isophon,10,3,1000.0,5.5327862800784615
isophon,10,3,1500.0,-2.316009995737332
isophon,10,3,2000.0,-6.931510497386697
isophon,10,3,3000.0,-3.246527925833007
isophon,10,3,4000.0,-0.5343110038759917
isophon,10,3,6000.0,-9.165028495205547
isophon,10,3,8000.0,19.68367500034723
isophon,10,4,250.0,1.0138407101961349
isophon,10,4,500.0,-4.047394712567808
isophon,10,4,750.0,-0.4165488448337129
isophon,10,4,1000.0,9.102012548192533
isophon,10,4,1500.0,0.9873599105920903
isophon,10,4,2000.0,-4.177762234652505
isophon,10,4,3000.0,-0.42999052677978966
isophon,10,4,4000.0,-3.895817086560328
isophon,10,4,6000.0,-4.831841740555973
isophon,10,4,8000.0,14.338201301924727
isophon,10,5,250.0,-0.22455882729590826
isophon,10,5,500.0,-9.940282457771914
isophon,10,5,750.0,-12.285383646667626
isophon,10,5,1000.0,-7.71169340432364
isophon,10,5,1500.0,-2.4533659998131725
isophon,10,5,2000.0,-1.4846595772444147
isophon,10,5,3000.0,3.548648994380059
isophon,10,5,4000.0,0.9327493808656016
isophon,10,5,6000.0,-0.9502867980361316
isophon,10,5,8000.0,8.710822035455237
isophon,10,6,250.0,0.8066128585648471
isophon,10,6,500.0,0.8948148110647907
isophon,10,6,750.0,-3.0620050406153325
isophon,10,6,1000.0,-1.8847708983750664
isophon,10,6,1500.0,-2.7773584432584073
isophon,10,6,2000.0,1.023078732393401
isophon,10,6,3000.0,1.1381399379105375
isophon,10,6,4000.0,2.4614038614547553
isophon,10,6,6000.0,2.6990241616454824
isophon,10,6,8000.0,15.542264111552115
isophon,10,7,250.0,3.357060246546027
isophon,10,7,500.0,2.05954471841099
isophon,10,7,750.0,-0.2274611818482981
isophon,10,7,1000.0,3.221129470679003
isophon,10,7,1500.0,2.5494863570874315
isophon,10,7,2000.0,4.9872741007499855
isophon,10,7,3000.0,-3.8661136837496315
isophon,10,7,4000.0,-2.368093779896853
isophon,10,7,6000.0,1.976934937917079
isophon,10,7,8000.0,16.939186259264545
isophon,10,8,250.0,4.876677070133326
isophon,10,8,500.0,1.6448619166704788
isophon,10,8,750.0,1.1239277400887033
isophon,10,8,1000.0,0.4471958295869456
isophon,10,8,1500.0,0.9631331576365909
isophon,10,8,2000.0,7.860825553939705
isophon,10,8,3000.0,0.8470483481728905
isophon,10,8,4000.0,0.050792546353434886
isophon,10,8,6000.0,3.2551058129255495
isophon,10,8,8000.0,17.809663064495737
isophon,10,9,250.0,5.450523353092308
isophon,10,9,500.0,2.865977319221102
isophon,10,9,750.0,0.5957772547824618
isophon,10,9,1000.0,0.7158582354138332
isophon,10,9,1500.0,-2.2927507891310768
isophon,10,9,2000.0,8.01168911681522
isophon,10,9,3000.0,6.342897640962818
isophon,10,9,4000.0,1.9349912949301995
isophon,10,9,6000.0,4.546303198251678
isophon,10,9,8000.0,18.760396092620653
isophon,10,10,250.0,6.408860602848165
isophon,10,10,500.0,5.015422599741896
isophon,10,10,750.0,1.9082087972037698
isophon,10,10,1000.0,0.45325702181509087
isophon,10,10,1500.0,-4.0802768984465985
isophon,10,10,2000.0,4.751781561978447
isophon,10,10,3000.0,5.49462656464722
isophon,10,10,4000.0,-1.113416111697731
isophon,10,10,6000.0,1.4271934271859692
isophon,10,10,8000.0,9.842921587487481
isophon,11,1,250.0,-9.43207244536761
isophon,11,1,500.0,-14.368877470410418
isophon,11,1,750.0,-13.225692246401337
isophon,11,1,1000.0,-2.778387364860553
isophon,11,1,1500.0,5.4818970531165245
isophon,11,1,2000.0,-2.4505411426073653
isophon,11,1,3000.0,0.27733070373535185
isophon,11,1,4000.0,-3.882420815044327
isophon,11,1,6000.0,-12.422814599457823
isophon,11,1,8000.0,8.39822036786665
isophon,11,2,250.0,2.027616509200193
isophon,11,2,500.0,6.214909232280341
isophon,11,2,750.0,1.738421888232807
isophon,11,2,1000.0,3.391644867437442
isophon,11,2,1500.0,4.037298759499393
isophon,11,2,2000.0,0.7754698532917246
isophon,11,2,3000.0,0.10594245910644418
isophon,11,2,4000.0,-4.578283785686182
isophon,11,2,6000.0,-16.487567351715143
isophon,11,2,8000.0,14.756855751339543
isophon,11,3,250.0,-4.080148046185158
isophon,11,3,500.0,4.22882404856847
isophon,11,3,750.0,-1.0517807216735093
isophon,11,3,1000.0,-6.01488352827127
isophon,11,3,1500.0,9.063217389425049
isophon,11,3,2000.0,-0.742393832772791
isophon,11,3,3000.0,-3.834269312522622
isophon,11,3,4000.0,-4.734158412379998
isophon,11,3,6000.0,-6.902512572992904
isophon,11,3,8000.0,10.365005636534633
isophon,11,4,250.0,-1.860444026893731
isophon,11,4,500.0,5.499784825325605
isophon,11,4,750.0,2.0645949336459353
isophon,11,4,1000.0,-3.4242492713349435
isophon,11,4,1500.0,11.180906394769636
isophon,11,4,2000.0,6.577563972240938
isophon,11,4,3000.0,2.171554222339168
isophon,11,4,4000.0,-4.981805023891653
isophon,11,4,6000.0,7.232896294298371
isophon,11,4,8000.0,16.12020918398271
isophon,11,5,250.0,-3.4827947273295905
isophon,11,5,500.0,6.343469457671745
isophon,11,5,750.0,0.295970684258549
isophon,11,5,1000.0,-4.313889715029418
isophon,11,5,1500.0,6.0519035598439075
isophon,11,5,2000.0,0.522031140894569
isophon,11,5,3000.0,-0.2156492216613657
isophon,11,5,4000.0,-3.8589108882979843
isophon,11,5,6000.0,9.162032079798735
isophon,11,5,8000.0,17.34145967489836
isophon,11,6,250.0,-6.530486578619048
isophon,11,6,500.0,7.800738970130453
isophon,11,6,750.0,3.1514605899179458
isophon,11,6,1000.0,-1.443388730559235
isophon,11,6,1500.0,3.3813448379904116
isophon,11,6,2000.0,2.6096161802933864
isophon,11,6,3000.0,-1.4214150361549969
isophon,11,6,4000.0,-2.993844073098927
isophon,11,6,6000.0,7.108028169271094
isophon,11,6,8000.0,9.921256447782596
isophon,11,7,250.0,-4.579601160412224
isophon,11,7,500.0,7.4294757306007
isophon,11,7,750.0,2.87457029096079
isophon,11,7,1000.0,-0.6087792771932499
isophon,11,7,1500.0,1.3513824085156472
isophon,11,7,2000.0,1.1889594358626567
isophon,11,7,3000.0,-4.0715147983131175
isophon,11,7,4000.0,-3.467841747034228
isophon,11,7,6000.0,5.029103811696103
isophon,11,7,8000.0,5.081788718551294
isophon,11,8,250.0,-3.747850268279265
isophon,11,8,500.0,2.8244953933692045
isophon,11,8,750.0,-0.4413364477877195
isophon,11,8,1000.0,-3.1717663709548276
isophon,11,8,1500.0,-1.80185191402758
isophon,11,8,2000.0,0.5162999515213613
isophon,11,8,3000.0,-2.8343166707856398
isophon,11,8,4000.0,-7.11203643124847
isophon,11,8,6000.0,4.933162304239858
isophon,11,8,8000.0,4.702816826512361
isophon,11,9,250.0,-2.909303249718704
isophon,11,9,500.0,-0.257283729294727
isophon,11,9,750.0,-0.10355321001210882
isophon,11,9,1000.0,-2.965194763363087
isophon,11,9,1500.0,-1.3676421501700418
isophon,11,9,2000.0,-1.340379018834298
isophon,11,9,3000.0,-3.9897013627703615
isophon,11,9,4000.0,-7.069981718942941
isophon,11,9,6000.0,2.404443626636649
isophon,11,9,8000.0,3.190530820648803
isophon,11,10,250.0,-6.24668497020707
isophon,11,10,500.0,-1.516276604769942
isophon,11,10,750.0,-0.16088741399173045
isophon,11,10,1000.0,-2.768402978759937
isophon,11,10,1500.0,-2.327798822370852
isophon,11,10,2000.0,-0.46543772143235174
isophon,11,10,3000.0,-6.118214498049738
isophon,11,10,4000.0,-6.673160460000588
isophon,11,10,6000.0,2.0105192324447216
isophon,11,10,8000.0,0.8012104330509828
isophon,12,1,250.0,22.02510249947406
isophon,12,1,500.0,12.162814733947094
isophon,12,1,750.0,7.590336676128409
isophon,12,1,1000.0,4.086602910164363
isophon,12,1,1500.0,18.635789622019203
isophon,12,1,2000.0,17.942631108721912
isophon,12,1,3000.0,-4.304085544254271
isophon,12,1,4000.0,-11.449941192785133
isophon,12,1,6000.0,4.81869441986084
isophon,12,1,8000.0,-23.605278195958334
isophon,12,2,250.0,0.6054013045178408
isophon,12,2,500.0,1.4102712640715893
isophon,12,2,750.0,5.327228642868192
isophon,12,2,1000.0,-2.750226296623552
isophon,12,2,1500.0,-0.09741101394168084
isophon,12,2,2000.0,-13.038458937321273
isophon,12,2,3000.0,-9.428044059320506
isophon,12,2,4000.0,-26.281063205498626
isophon,12,2,6000.0,-14.96574905395508
isophon,12,2,8000.0,-20.62606055354634
isophon,12,3,250.0,-5.8363204930489445
isophon,12,3,500.0,5.97774504197703
isophon,12,3,750.0,-0.1366048057814595
isophon,12,3,1000.0,-2.2686280116689943
isophon,12,3,1500.0,6.9444969774646665
isophon,12,3,2000.0,-2.769740348976434
isophon,12,3,3000.0,2.400425454373135
isophon,12,3,4000.0,-16.811829327955152
isophon,12,3,6000.0,-9.355803737395384
isophon,12,3,8000.0,-28.124159963952657
isophon,12,4,250.0,1.0373096649737903
isophon,12,4,500.0,13.834901561982193
isophon,12,4,750.0,-4.153802120353305
isophon,12,4,1000.0,0.8052822680741798
isophon,12,4,1500.0,-2.877436524345029
isophon,12,4,2000.0,-2.815884555269676
isophon,12,4,3000.0,4.893704626317138
isophon,12,4,4000.0,-11.350013139431113
isophon,12,4,6000.0,-10.182057887189757
isophon,12,4,8000.0,-25.592724093467098
isophon,12,5,250.0,5.844922935978332
isophon,12,5,500.0,5.955239896463837
isophon,12,5,750.0,-9.74324994437626
isophon,12,5,1000.0,-6.92840669597885
isophon,12,5,1500.0,-4.067545837985634
isophon,12,5,2000.0,-5.621431641678427
isophon,12,5,3000.0,5.14254311107959
isophon,12,5,4000.0,-7.97271715762281
isophon,12,5,6000.0,-16.788228862098478
isophon,12,5,8000.0,-24.693944292159202
isophon,12,6,250.0,-0.20984518497583338
isophon,12,6,500.0,2.679874707913399
isophon,12,6,750.0,-7.7177978372714335
isophon,12,6,1000.0,0.19148499037423505
isophon,12,6,1500.0,2.338195450148149
isophon,12,6,2000.0,-0.5698503527641634
isophon,12,6,3000.0,1.6443417426563798
isophon,12,6,4000.0,-8.041904347382015
isophon,12,6,6000.0,-14.782747517200463
isophon,12,6,8000.0,-14.227545445053337
isophon,12,7,250.0,-0.8129124613528944
isophon,12,7,500.0,0.18638506213012818
isophon,12,7,750.0,-6.929902126605199
isophon,12,7,1000.0,1.189629707272914
isophon,12,7,1500.0,3.0650254677600657
isophon,12,7,2000.0,-1.6965814415337235
isophon,12,7,3000.0,-3.3207147307389135
isophon,12,7,4000.0,-13.172480335657013
isophon,12,7,6000.0,-14.48124572503616
isophon,12,7,8000.0,-11.258951789289526
isophon,12,8,250.0,1.5041854053551589
isophon,12,8,500.0,4.132223632955572
isophon,12,8,750.0,-4.874018405307098
isophon,12,8,1000.0,-0.2648793851789435
isophon,12,8,1500.0,5.037324013370807
isophon,12,8,2000.0,-0.007242989521103027
isophon,12,8,3000.0,-0.39139092000100106
isophon,12,8,4000.0,-8.232878757837668
isophon,12,8,6000.0,-14.747880732192044
isophon,12,8,8000.0,-10.89732021407049
isophon,12,9,250.0,4.852118810365539
isophon,12,9,500.0,5.783834386463937
isophon,12,9,750.0,-3.370482739879691
isophon,12,9,1000.0,-1.149186557716206
isophon,12,9,1500.0,4.216413492661985
isophon,12,9,2000.0,0.6720755410926387
isophon,12,9,3000.0,0.9781519603888569
isophon,12,9,4000.0,-5.346734610809932
isophon,12,9,6000.0,-12.425393999178596
isophon,12,9,8000.0,-10.314020225024308
isophon,12,10,250.0,6.149662308563322
isophon,12,10,500.0,8.393548964159237
isophon,12,10,750.0,0.4119414543899893
isophon,12,10,1000.0,-0.7421304679615446
isophon,12,10,1500.0,5.810845340381803
isophon,12,10,2000.0,1.122690751474721
isophon,12,10,3000.0,-1.145563296835988
isophon,12,10,4000.0,-9.081545461234441
isophon,12,10,6000.0,-8.997021196444223
isophon,12,10,8000.0,-4.038751354557945
isophon,13,1,250.0,-10.588875014204106
isophon,13,1,500.0,5.565150334700901
isophon,13,1,750.0,1.9095105784092095
isophon,13,1,1000.0,2.211528780695568
isophon,13,1,1500.0,-0.07623339075655622
isophon,13,1,2000.0,-5.304615339511159
isophon,13,1,3000.0,-0.7561127471923825
isophon,13,1,4000.0,11.132834342001019
isophon,13,1,6000.0,26.244713962191756
isophon,13,1,8000.0,18.95050950346227
isophon,13,2,250.0,-0.08542774736130099
isophon,13,2,500.0,-0.3276822791776226
isophon,13,2,750.0,-0.5496590822965572
isophon,13,2,1000.0,-0.20801648313396726
isophon,13,2,1500.0,0.09993464165040677
isophon,13,2,2000.0,-7.16437502979538
isophon,13,2,3000.0,-13.25190284729004
isophon,13,2,4000.0,-2.8359263524060623
isophon,13,2,6000.0,15.766233296935098
isophon,13,2,8000.0,12.886774349768203
isophon,13,3,250.0,-4.863767210688181
isophon,13,3,500.0,-4.318070512550747
isophon,13,3,750.0,3.4415899340503486
isophon,13,3,1000.0,6.50639584272345
isophon,13,3,1500.0,2.590225333394713
isophon,13,3,2000.0,-8.43657538858318
isophon,13,3,3000.0,-11.076975982752934
isophon,13,3,4000.0,-1.4741457647227776
isophon,13,3,6000.0,13.0400443064552
isophon,13,3,8000.0,16.78693481028739
isophon,13,4,250.0,-5.870520654716898
isophon,13,4,500.0,0.8624685696073726
isophon,13,4,750.0,-0.9036425547278952
isophon,13,4,1000.0,2.281113102376011
isophon,13,4,1500.0,-7.649855328713187
isophon,13,4,2000.0,-5.150366833314138
isophon,13,4,3000.0,-12.243104938999835
isophon,13,4,4000.0,-4.339995308834148
isophon,13,4,6000.0,7.514850754654901
isophon,13,4,8000.0,20.509436695693594
isophon,13,5,250.0,-0.48046878294029227
isophon,13,5,500.0,3.21260222055389
isophon,13,5,750.0,-6.396276477997873
isophon,13,5,1000.0,-3.7081830325570877
isophon,13,5,1500.0,-9.61090113372667
isophon,13,5,2000.0,-2.691199104219635
isophon,13,5,3000.0,-6.299740350187918
isophon,13,5,4000.0,3.7531275774684048
isophon,13,5,6000.0,5.469300659751781
isophon,13,5,8000.0,20.15708187660303
isophon,13,6,250.0,5.5361307182050865
isophon,13,6,500.0,2.880798023706433
isophon,13,6,750.0,1.5210221197330185
isophon,13,6,1000.0,6.494841978302986
isophon,13,6,1500.0,-1.2865165630845325
isophon,13,6,2000.0,4.918896875091036
isophon,13,6,3000.0,-2.0152516693940186
isophon,13,6,4000.0,2.118756211263772
isophon,13,6,6000.0,9.540608472945038
isophon,13,6,8000.0,21.920504139390573
isophon,13,7,250.0,4.2024898315006425
isophon,13,7,500.0,5.750934235694913
isophon,13,7,750.0,5.065846218895203
isophon,13,7,1000.0,5.914802109520565
isophon,13,7,1500.0,0.2024564850743502
isophon,13,7,2000.0,5.571763491645228
isophon,13,7,3000.0,-4.395470737521208
isophon,13,7,4000.0,2.500771266053917
isophon,13,7,6000.0,9.140075951244768
isophon,13,7,8000.0,24.087700364723517
isophon,13,8,250.0,5.138807703581037
isophon,13,8,500.0,0.818194491364153
isophon,13,8,750.0,2.71394296492619
isophon,13,8,1000.0,3.4245707058170183
isophon,13,8,1500.0,-0.38292496125286846
isophon,13,8,2000.0,7.73551026903138
isophon,13,8,3000.0,0.45538741677566463
isophon,13,8,4000.0,3.8902542334955683
isophon,13,8,6000.0,8.46334559108658
isophon,13,8,8000.0,22.42986611176096
isophon,13,9,250.0,5.0133783781761
isophon,13,9,500.0,-1.5497994793350216
isophon,13,9,750.0,0.047863977192861284
isophon,13,9,1000.0,4.675015362686764
isophon,13,9,1500.0,-1.876659453861265
isophon,13,9,2000.0,6.412473606861752
isophon,13,9,3000.0,6.000985866482679
isophon,13,9,4000.0,4.391343342017308
isophon,13,9,6000.0,7.25538785814382
isophon,13,9,8000.0,19.50153196799495
isophon,13,10,250.0,5.473742190535347
isophon,13,10,500.0,0.7001216758947919
isophon,13,10,750.0,0.8314537675691724
isophon,13,10,1000.0,1.846138070823173
isophon,13,10,1500.0,-5.696870137186153
isophon,13,10,2000.0,2.558519118602632
isophon,13,10,3000.0,3.067895763980161
isophon,13,10,4000.0,-0.4128892707360876
isophon,13,10,6000.0,2.5089216820326214
isophon,13,10,8000.0,6.076202025160981
isophon,14,1,250.0,16.563428771835206
isophon,14,1,500.0,16.313517756990635
isophon,14,1,750.0,1.5320784987092768
isophon,14,1,1000.0,-7.2025360928103055
isophon,14,1,1500.0,4.802696987999351
isophon,14,1,2000.0,6.773777730423188
isophon,14,1,3000.0,-0.9531372842480241
isophon,14,1,4000.0,-3.8994444702914155
isophon,14,1,6000.0,-13.456090884681643
isophon,14,1,8000.0,10.199723911216779
isophon,14,2,250.0,-2.9998366301209174
isophon,14,2,500.0,13.0927866099201
isophon,14,2,750.0,1.5188706864018044
isophon,14,2,1000.0,-2.9858215038284683
isophon,14,2,1500.0,-3.919133869744144
isophon,14,2,2000.0,8.8450233207525
isophon,14,2,3000.0,6.777969468613833
isophon,14,2,4000.0,10.266533514186147
isophon,14,2,6000.0,-11.488746452387687
isophon,14,2,8000.0,11.576650115637783
isophon,14,3,250.0,-0.9292127057733595
isophon,14,3,500.0,4.82718271021654
isophon,14,3,750.0,-0.5049243765536389
isophon,14,3,1000.0,-4.686136931950699
isophon,14,3,1500.0,-3.6396754693442546
isophon,14,3,2000.0,12.610916302633143
isophon,14,3,3000.0,12.75828291861059
isophon,14,3,4000.0,0.650127509789229
isophon,14,3,6000.0,-4.687970637112684
isophon,14,3,8000.0,6.274833388502422
isophon,14,4,250.0,1.9901845248099335
isophon,14,4,500.0,3.8796361143341187
isophon,14,4,750.0,-3.2745644906285207
isophon,14,4,1000.0,2.101697625770015
isophon,14,4,1500.0,0.9420921442258106
isophon,14,4,2000.0,3.994196438912553
isophon,14,4,3000.0,2.3291700480508553
isophon,14,4,4000.0,-6.123991021625926
isophon,14,4,6000.0,-9.22324004048275
isophon,14,4,8000.0,2.915926381427404
isophon,14,5,250.0,1.9847682933271926
isophon,14,5,500.0,-3.9510479557881837
isophon,14,5,750.0,-1.7156696819583743
isophon,14,5,1000.0,-0.5286092882146249
isophon,14,5,1500.0,2.272374675841604
isophon,14,5,2000.0,10.652872151777416
isophon,14,5,3000.0,1.381164859876975
isophon,14,5,4000.0,0.036916957005132645
isophon,14,5,6000.0,0.24393994023442644
isophon,14,5,8000.0,14.50193053683823
isophon,14,6,250.0,7.350849079426567
isophon,14,6,500.0,3.2381870341122863
isophon,14,6,750.0,-0.8689256083258812
isophon,14,6,1000.0,-0.053724698686707484
isophon,14,6,1500.0,-1.1405930659125545
isophon,14,6,2000.0,-2.603439731068363
isophon,14,6,3000.0,-1.760885543677773
isophon,14,6,4000.0,1.3553393854319467
isophon,14,6,6000.0,-9.18526773427493
isophon,14,6,8000.0,7.821394466045817
isophon,14,7,250.0,6.311111181696731
isophon,14,7,500.0,7.780071030954119
isophon,14,7,750.0,4.8863832328563745
isophon,14,7,1000.0,5.430902251228815
isophon,14,7,1500.0,3.6762590061916
isophon,14,7,2000.0,2.4668159059891224
isophon,14,7,3000.0,3.955348078591129
isophon,14,7,4000.0,5.945500486613
isophon,14,7,6000.0,-5.564958781931267
isophon,14,7,8000.0,8.073372139366526
isophon,14,8,250.0,6.507822522962499
isophon,14,8,500.0,3.362778635124087
isophon,14,8,750.0,3.383008591426716
isophon,14,8,1000.0,6.226879249814189
isophon,14,8,1500.0,4.841466665935471
isophon,14,8,2000.0,2.8227932332108594
isophon,14,8,3000.0,4.0500438337838744
isophon,14,8,4000.0,4.1534330329688345
isophon,14,8,6000.0,-4.889471648373103
isophon,14,8,8000.0,5.731424082055739
isophon,14,9,250.0,7.149847156198803
isophon,14,9,500.0,5.322285459743426
isophon,14,9,750.0,0.4199691767360463
isophon,14,9,1000.0,6.554161648970535
isophon,14,9,1500.0,7.030083782975169
isophon,14,9,2000.0,3.0602112807983417
isophon,14,9,3000.0,7.661687164281304
isophon,14,9,4000.0,2.213385050181344
isophon,14,9,6000.0,-4.818227405977709
isophon,14,9,8000.0,3.582614779551534
isophon,14,10,250.0,0.23782432814201115
isophon,14,10,500.0,2.8671490958780907
isophon,14,10,750.0,0.031872431374495136
isophon,14,10,1000.0,0.4227335269566339
isophon,14,10,1500.0,7.609101092865728
isophon,14,10,2000.0,1.7973815159659097
isophon,14,10,3000.0,8.252643129708588
isophon,14,10,4000.0,-2.5818920856515177
isophon,14,10,6000.0,-2.6421888746221924
isophon,14,10,8000.0,7.132608259962652
isophon,15,1,250.0,-17.805941631516447
isophon,15,1,500.0,-11.315094916848295
isophon,15,1,750.0,-6.950597241746667
isophon,15,1,1000.0,0.6215206290321404
isophon,15,1,1500.0,-17.687025875814243
isophon,15,1,2000.0,-3.4078387647680497
isophon,15,1,3000.0,7.642744769628724
isophon,15,1,4000.0,-3.80863145200355
isophon,15,1,6000.0,-10.222522822670177
isophon,15,1,8000.0,-15.10406929131106
isophon,15,2,250.0,0.7647397594485881
isophon,15,2,500.0,-7.901237526825604
isophon,15,2,750.0,-4.280686621460141
isophon,15,2,1000.0,-9.132116839452188
isophon,15,2,1500.0,-9.005810492933573
isophon,15,2,2000.0,-4.777563087728183
isophon,15,2,3000.0,-7.433657858411234
isophon,15,2,4000.0,8.560148793718641
isophon,15,2,6000.0,1.8535594823234902
isophon,15,2,8000.0,-7.038654972616175
isophon,15,3,250.0,6.056967358853711
isophon,15,3,500.0,-1.0136780963291017
isophon,15,3,750.0,-3.9946544977736878
isophon,15,3,1000.0,-2.035988925017378
isophon,15,3,1500.0,3.5101048766645917
isophon,15,3,2000.0,5.447428833257021
isophon,15,3,3000.0,-4.410977098094264
isophon,15,3,4000.0,10.387789208376347
isophon,15,3,6000.0,3.7637848730901453
isophon,15,3,8000.0,-3.275312181396906
isophon,15,4,250.0,1.5545023078455529
isophon,15,4,500.0,-4.120594800209503
isophon,15,4,750.0,-3.759791423964728
isophon,15,4,1000.0,-2.3029245318684772
isophon,15,4,1500.0,8.917120273364034
isophon,15,4,2000.0,15.444079943792175
isophon,15,4,3000.0,1.0135026272141303
isophon,15,4,4000.0,4.236017042131834
isophon,15,4,6000.0,3.667051968104687
isophon,15,4,8000.0,-6.478421078999375
isophon,15,5,250.0,-1.4694159269597549
isophon,15,5,500.0,-3.0370644738477495
isophon,15,5,750.0,-2.6093230959980644
isophon,15,5,1000.0,1.000027874342841
isophon,15,5,1500.0,13.897800219992874
isophon,15,5,2000.0,11.40514341203329
isophon,15,5,3000.0,1.9247663107936859
isophon,15,5,4000.0,0.7892420497275836
isophon,15,5,6000.0,-2.397768269694609
isophon,15,5,8000.0,3.9195934600299864
isophon,15,6,250.0,-0.2713104851879393
isophon,15,6,500.0,-5.954488143076162
isophon,15,6,750.0,-5.406067466655998
isophon,15,6,1000.0,-2.3980956547272996
isophon,15,6,1500.0,1.0496669950660618
isophon,15,6,2000.0,-6.759403262244518
isophon,15,6,3000.0,-6.018317247539727
isophon,15,6,4000.0,1.4087564046826628
isophon,15,6,6000.0,-8.185463084403523
isophon,15,6,8000.0,4.083408852149006
isophon,15,7,250.0,2.5587488668209772
isophon,15,7,500.0,-1.4393056514146423
isophon,15,7,750.0,-3.7731099238464623
isophon,15,7,1000.0,-2.2219212781672297
isophon,15,7,1500.0,3.8146669482843265
isophon,15,7,2000.0,-5.59098251501716
isophon,15,7,3000.0,-1.1110336470872113
isophon,15,7,4000.0,4.644687079703132
isophon,15,7,6000.0,-7.320612273043622
isophon,15,7,8000.0,2.1096518989166952
isophon,15,8,250.0,-0.8699215518823991
isophon,15,8,500.0,-3.0485033149232237
isophon,15,8,750.0,-7.419676612262464
isophon,15,8,1000.0,-0.6675809635210328
isophon,15,8,1500.0,3.710383198754215
isophon,15,8,2000.0,-1.9923213663027326
isophon,15,8,3000.0,3.6868225637439878
isophon,15,8,4000.0,5.203153296539284
isophon,15,8,6000.0,-3.733755589145076
isophon,15,8,8000.0,2.9875970391529165
isophon,15,9,250.0,-1.1581401084953882
isophon,15,9,500.0,-3.6350202246773478
isophon,15,9,750.0,-5.066650202811587
isophon,15,9,1000.0,-1.0164244395977136
isophon,15,9,1500.0,7.369481011674594
isophon,15,9,2000.0,2.6095712449964736
isophon,15,9,3000.0,10.625813596958821
isophon,15,9,4000.0,5.21927185394874
isophon,15,9,6000.0,-0.5416074683136429
isophon,15,9,8000.0,4.79146401929988
isophon,15,10,250.0,-0.19534743497193574
isophon,15,10,500.0,-4.800989927689642
isophon,15,10,750.0,-0.7338780258284885
isophon,15,10,1000.0,-2.4989665296640453
isophon,15,10,1500.0,2.8139185032490275
isophon,15,10,2000.0,-3.292169396901272
isophon,15,10,3000.0,3.392322973626804
isophon,15,10,4000.0,-0.5295968361701142
isophon,15,10,6000.0,1.7745169607957365
isophon,15,10,8000.0,3.281799734104254
isophon,16,1,250.0,3.4787584984142583
isophon,16,1,500.0,-2.4491380695393445
isophon,16,1,750.0,-1.8677305927365602
isophon,16,1,1000.0,-3.193972557095181
isophon,16,1,1500.0,-1.686488534515025
isophon,16,1,2000.0,6.38583250638451
isophon,16,1,3000.0,6.603280325735781
isophon,16,1,4000.0,3.99042576955366
isophon,16,1,6000.0,9.845297164916992
isophon,16,1,8000.0,-12.54898366375771
isophon,16,2,250.0,-0.400864849644023
isophon,16,2,500.0,2.038035349081966
isophon,16,2,750.0,4.018423789111065
isophon,16,2,1000.0,3.3623605204194114
isophon,16,2,1500.0,3.354764892366969
isophon,16,2,2000.0,-1.2155722941730787
isophon,16,2,3000.0,-5.069067910125014
isophon,16,2,4000.0,-0.9646668002668619
isophon,16,2,6000.0,-6.3232701110839855
isophon,16,2,8000.0,-6.749571521570559
isophon,16,3,250.0,-0.14686955248397737
isophon,16,3,500.0,2.5071199829797735
isophon,16,3,750.0,-4.434283181647935
isophon,16,3,1000.0,2.8296665134386885
isophon,16,3,1500.0,-1.0676426203959721
isophon,16,3,2000.0,-5.1222884931263835
isophon,16,3,3000.0,-3.144867887210097
isophon,16,3,4000.0,0.7402102459557867
isophon,16,3,6000.0,-6.077359637873528
isophon,16,3,8000.0,-9.107677983662185
isophon,16,4,250.0,-2.5262008653270556
isophon,16,4,500.0,-1.95165194880866
isophon,16,4,750.0,-11.14577476582025
isophon,16,4,1000.0,-5.2205059993103475
isophon,16,4,1500.0,0.6509526774312349
isophon,16,4,2000.0,-5.8143611145408585
isophon,16,4,3000.0,3.694632679432438
isophon,16,4,4000.0,5.179391751231897
isophon,16,4,6000.0,-2.758472511437361
isophon,16,4,8000.0,-8.051706718037167
isophon,16,5,250.0,-2.9659569918738384
isophon,16,5,500.0,-4.589010278439019
isophon,16,5,750.0,-5.0221016390760695
isophon,16,5,1000.0,-3.250641850072924
isophon,16,5,1500.0,-2.525272182007072
isophon,16,5,2000.0,-9.478063778830233
isophon,16,5,3000.0,2.140849562409244
isophon,16,5,4000.0,6.074966476448282
isophon,16,5,6000.0,-0.22293243828667642
isophon,16,5,8000.0,0.9448851551625239
isophon,16,6,250.0,-5.293959591707676
isophon,16,6,500.0,0.4244340636114998
isophon,16,6,750.0,4.366801984850952
isophon,16,6,1000.0,4.178771209912611
isophon,16,6,1500.0,3.0974231697026084
isophon,16,6,2000.0,-0.6446826573625373
isophon,16,6,3000.0,2.235979112168309
isophon,16,6,4000.0,2.128922400326317
isophon,16,6,6000.0,-5.936044452209487
isophon,16,6,8000.0,-1.9756927556011306
isophon,16,7,250.0,-0.09243050748376902
isophon,16,7,500.0,3.1567344046987387
isophon,16,7,750.0,5.340359586588804
isophon,16,7,1000.0,0.39748468631188416
isophon,16,7,1500.0,0.03598397222192773
isophon,16,7,2000.0,-1.4528689074862768
isophon,16,7,3000.0,1.070515766563929
isophon,16,7,4000.0,0.12402076787489591
isophon,16,7,6000.0,-8.004986104914622
isophon,16,7,8000.0,-6.045408883452765
isophon,16,8,250.0,2.2877344853242505
isophon,16,8,500.0,2.975997965790782
isophon,16,8,750.0,4.808833793756008
isophon,16,8,1000.0,-3.0657699055381897
isophon,16,8,1500.0,-2.1520412593950056
isophon,16,8,2000.0,-2.508559897295683
isophon,16,8,3000.0,-0.33556728833283955
isophon,16,8,4000.0,-1.0810360193774784
isophon,16,8,6000.0,-11.967243652343754
isophon,16,8,8000.0,-12.022550703616716
isophon,16,9,250.0,2.5893934321111374
isophon,16,9,500.0,3.8779289680396403
isophon,16,9,750.0,1.5419682317983785
isophon,16,9,1000.0,-5.996891831300218
isophon,16,9,1500.0,-2.7370598832294917
isophon,16,9,2000.0,-2.3811950182200974
isophon,16,9,3000.0,-2.7839273426927065
isophon,16,9,4000.0,-2.8399872137964337
isophon,16,9,6000.0,-8.313639678955084
isophon,16,9,8000.0,-8.178179803685907
isophon,16,10,250.0,1.2983399940948033
isophon,16,10,500.0,-0.31680168266146325
isophon,16,10,750.0,-2.0048423767089787
isophon,16,10,1000.0,-4.402040100097651
isophon,16,10,1500.0,-0.8429755644777543
isophon,16,10,2000.0,-4.260829412719559
isophon,16,10,3000.0,-0.8346979803299774
isophon,16,10,4000.0,-1.5679831690302137
isophon,16,10,6000.0,-6.038854217529291
isophon,16,10,8000.0,-3.8741029226724493
isophon,17,1,250.0,-13.309366033855518
isophon,17,1,500.0,-13.053742343126004
isophon,17,1,750.0,5.998015229466368
isophon,17,1,1000.0,3.3142203953699676
isophon,17,1,1500.0,10.963506720425626
isophon,17,1,2000.0,0.7276132478081578
isophon,17,1,3000.0,-1.7040492449088926
isophon,17,1,4000.0,3.059733108179657
isophon,17,1,6000.0,14.230303431871981
isophon,17,1,8000.0,9.576506596841357
isophon,17,2,250.0,-3.7895108187423574
isophon,17,2,500.0,-6.9592912972007
isophon,17,2,750.0,-5.218788995054048
isophon,17,2,1000.0,-2.819523769879332
isophon,17,2,1500.0,12.328091017459073
isophon,17,2,2000.0,0.1928222206028849
isophon,17,2,3000.0,7.789872078240002
isophon,17,2,4000.0,0.8686741226003818
isophon,17,2,6000.0,11.937980000433036
isophon,17,2,8000.0,11.40793594700942
isophon,17,3,250.0,-1.524199003300808
isophon,17,3,500.0,-2.515634834358984
isophon,17,3,750.0,2.0609416057330137
isophon,17,3,1000.0,-2.163090240623582
isophon,17,3,1500.0,6.474642043444227
isophon,17,3,2000.0,4.474393822022996
isophon,17,3,3000.0,0.6317807930035286
isophon,17,3,4000.0,-3.269171503157125
isophon,17,3,6000.0,7.566926690764511
isophon,17,3,8000.0,12.806624516194425
isophon,17,4,250.0,1.2074690088217892
isophon,17,4,500.0,0.23338727822084593
isophon,17,4,750.0,4.8157059689940525
isophon,17,4,1000.0,1.3990606838857218
isophon,17,4,1500.0,8.315780211551662
isophon,17,4,2000.0,1.4156171716410313
isophon,17,4,3000.0,0.9985807873074464
isophon,17,4,4000.0,-0.4641323496268228
isophon,17,4,6000.0,1.858977247283022
isophon,17,4,8000.0,12.535949556523079
isophon,17,5,250.0,3.8974713626204363
isophon,17,5,500.0,-5.142829208940981
isophon,17,5,750.0,3.820280604420816
isophon,17,5,1000.0,-1.9522584288747282
isophon,17,5,1500.0,9.098130911274069
isophon,17,5,2000.0,5.56233400986703
isophon,17,5,3000.0,3.368264651967962
isophon,17,5,4000.0,-1.9851865696440143
isophon,17,5,6000.0,-2.7857913420560294
isophon,17,5,8000.0,0.5800283052532507
isophon,17,6,250.0,0.8502141464523731
isophon,17,6,500.0,-0.2169634091830943
isophon,17,6,750.0,9.539463278385313
isophon,17,6,1000.0,0.027946433748226696
isophon,17,6,1500.0,9.271458470239253
isophon,17,6,2000.0,1.6350476021351597
isophon,17,6,3000.0,2.9071146341970007
isophon,17,6,4000.0,-2.342528023989786
isophon,17,6,6000.0,-0.054399166455993964
isophon,17,6,8000.0,4.443861459159805
isophon,17,7,250.0,3.8433481354050514
isophon,17,7,500.0,-3.5707850280027884
isophon,17,7,750.0,7.365110279009343
isophon,17,7,1000.0,-0.9694396315759235
isophon,17,7,1500.0,4.870001769894543
isophon,17,7,2000.0,0.5037975683421934
isophon,17,7,3000.0,0.2318511771483429
isophon,17,7,4000.0,-3.5357298444217804
isophon,17,7,6000.0,-2.564976873771073
isophon,17,7,8000.0,7.085905629917789
isophon,17,8,250.0,2.5594623163591166
isophon,17,8,500.0,-2.413386647645254
isophon,17,8,750.0,7.749612619015394
isophon,17,8,1000.0,-2.0314229024263284
isophon,17,8,1500.0,3.0567960039328312
isophon,17,8,2000.0,-3.350533639213822
isophon,17,8,3000.0,-0.45012176161490913
isophon,17,8,4000.0,-3.5293403419451863
isophon,17,8,6000.0,-5.690972430619922
isophon,17,8,8000.0,5.824288982866705
isophon,17,9,250.0,1.020388474942763
isophon,17,9,500.0,-1.2301565132091383
isophon,17,9,750.0,7.77368334628467
isophon,17,9,1000.0,-4.0666434195086225
isophon,17,9,1500.0,2.171391887148559
isophon,17,9,2000.0,-5.309482744981651
isophon,17,9,3000.0,-2.441018356401301
isophon,17,9,4000.0,-4.737215924722733
isophon,17,9,6000.0,-8.962925450516309
isophon,17,9,8000.0,3.993591737095386
isophon,17,10,250.0,-5.4178367549505
isophon,17,10,500.0,-1.7900117747673647
isophon,17,10,750.0,5.083997374307884
isophon,17,10,1000.0,-9.534026216159049
isophon,17,10,1500.0,-4.2494291888991285
isophon,17,10,2000.0,-8.467520672087431
isophon,17,10,3000.0,0.8252496537582346
isophon,17,10,4000.0,-3.480877684347206
isophon,17,10,6000.0,-6.918034605180196
isophon,17,10,8000.0,4.9699846638078355
isophon,18,1,250.0,22.6956184703606
isophon,18,1,500.0,1.1078125685084856
isophon,18,1,750.0,7.99135274980587
isophon,18,1,1000.0,8.074151057108473
isophon,18,1,1500.0,3.906612279931254
isophon,18,1,2000.0,13.471249075088297
isophon,18,1,3000.0,19.305030875340748
isophon,18,1,4000.0,15.35318622139027
isophon,18,1,6000.0,16.35537869422788
isophon,18,1,8000.0,7.114867728073477
isophon,18,2,250.0,3.7983217166021177
isophon,18,2,500.0,9.907746218235097
isophon,18,2,750.0,5.48804953797729
isophon,18,2,1000.0,1.8596203699804548
isophon,18,2,1500.0,-7.272727283306509
isophon,18,2,2000.0,-3.7372309935734904
isophon,18,2,3000.0,3.1276905514545206
isophon,18,2,4000.0,12.390394829315518
isophon,18,2,6000.0,4.952366564342299
isophon,18,2,8000.0,7.5629206554941035
isophon,18,3,250.0,-2.7443274686281143
isophon,18,3,500.0,2.772129353384017
isophon,18,3,750.0,2.7975829172467996
isophon,18,3,1000.0,-3.660586437807325
isophon,18,3,1500.0,-1.7448442250549263
isophon,18,3,2000.0,-2.601360802056604
isophon,18,3,3000.0,-1.5236452699088545
isophon,18,3,4000.0,5.036107389653068
isophon,18,3,6000.0,-1.1585852125666776
isophon,18,3,8000.0,10.419746944813184
isophon,18,4,250.0,-10.764983219866963
isophon,18,4,500.0,-3.5618442853606354
isophon,18,4,750.0,-0.9917613222240647
isophon,18,4,1000.0,3.436156110483111
isophon,18,4,1500.0,2.2527101238995755
isophon,18,4,2000.0,-4.179017939601238
isophon,18,4,3000.0,-6.359987520652567
isophon,18,4,4000.0,-2.2353983480075215
isophon,18,4,6000.0,-3.086591022993531
isophon,18,4,8000.0,-3.6121606249271565
isophon,18,5,250.0,-5.422693131264879
isophon,18,5,500.0,-2.3388528332778122
isophon,18,5,750.0,1.3303746801740317
isophon,18,5,1000.0,1.4754756544612206
isophon,18,5,1500.0,-3.12524603073237
isophon,18,5,2000.0,-5.512064745545871
isophon,18,5,3000.0,1.6215096054512088
isophon,18,5,4000.0,2.637795986386564
isophon,18,5,6000.0,-4.605508068285886
isophon,18,5,8000.0,1.4270509574871397
isophon,18,6,250.0,0.38799477695205553
isophon,18,6,500.0,-2.5292031703088185
isophon,18,6,750.0,-2.537568837349866
isophon,18,6,1000.0,5.130507731898248
isophon,18,6,1500.0,-0.6427016453440757
isophon,18,6,2000.0,3.0260531454487136
isophon,18,6,3000.0,-1.035892333336264
isophon,18,6,4000.0,5.438593882050796
isophon,18,6,6000.0,1.464604677350522
isophon,18,6,8000.0,3.601969286968327
isophon,18,7,250.0,4.324218851857125
isophon,18,7,500.0,1.1607295438518577
isophon,18,7,750.0,1.915846065069232
isophon,18,7,1000.0,7.462343806533255
isophon,18,7,1500.0,1.677518601852526
isophon,18,7,2000.0,0.9851100462245626
isophon,18,7,3000.0,-1.7337117121193586
isophon,18,7,4000.0,5.0728562816919975
isophon,18,7,6000.0,0.24890233298452813
isophon,18,7,8000.0,1.4427933314892698
isophon,18,8,250.0,6.428396638635405
isophon,18,8,500.0,3.5690030227519998
isophon,18,8,750.0,4.360650972107251
isophon,18,8,1000.0,5.934339659957075
isophon,18,8,1500.0,-1.3049542866003065
isophon,18,8,2000.0,0.05099411420665945
isophon,18,8,3000.0,0.6423615710219792
isophon,18,8,4000.0,7.344237409629741
isophon,18,8,6000.0,1.4485083011548738
isophon,18,8,8000.0,2.1258463344147884
isophon,18,9,250.0,7.265026725979084
isophon,18,9,500.0,5.187637140135664
isophon,18,9,750.0,4.766661890087249
isophon,18,9,1000.0,5.1332720693742
isophon,18,9,1500.0,-3.106558014638324
isophon,18,9,2000.0,-4.577924921399855
isophon,18,9,3000.0,2.600410893940463
isophon,18,9,4000.0,7.902354489400452
isophon,18,9,6000.0,2.6537494073148906
isophon,18,9,8000.0,2.3866497296817926
isophon,18,10,250.0,3.31402010749936
isophon,18,10,500.0,3.7031088102183247
isophon,18,10,750.0,6.154531326652574
isophon,18,10,1000.0,8.286111583144816
isophon,18,10,1500.0,-1.3097907361973569
isophon,18,10,2000.0,-1.9651538626882399
isophon,18,10,3000.0,0.06803560672362607
isophon,18,10,4000.0,1.7340931359338327
isophon,18,10,6000.0,4.136989169932647
isophon,18,10,8000.0,-0.8208709716794829
isophon,19,1,250.0,1.1572983751056043
isophon,19,1,500.0,-5.512296741293923
isophon,19,1,750.0,-8.540200280251344
isophon,19,1,1000.0,1.0768288296096644
isophon,19,1,1500.0,0.09633843118100538
isophon,19,1,2000.0,-8.10143557930744
isophon,19,1,3000.0,6.993676038219297
isophon,19,1,4000.0,10.116404953382357
isophon,19,1,6000.0,27.4537457307555
isophon,19,1,8000.0,30.349210189841287
isophon,19,2,250.0,8.716481079034544
isophon,19,2,500.0,-6.344397510101871
isophon,19,2,750.0,-2.0620414616516314
isophon,19,2,1000.0,-5.9565709220713075
isophon,19,2,1500.0,0.31643383178141704
isophon,19,2,2000.0,11.750167244562117
isophon,19,2,3000.0,-0.46841076895466216
isophon,19,2,4000.0,8.392800455308873
isophon,19,2,6000.0,15.145730509015735
isophon,19,2,8000.0,11.268728443892073
isophon,19,3,250.0,1.4795962381717302
isophon,19,3,500.0,-6.407566724195874
isophon,19,3,750.0,-3.881845520553675
isophon,19,3,1000.0,-2.956660036724031
isophon,19,3,1500.0,4.3445668079062045
isophon,19,3,2000.0,6.537341477335133
isophon,19,3,3000.0,4.618847743126096
isophon,19,3,4000.0,9.848856589992394
isophon,19,3,6000.0,9.316771973024487
isophon,19,3,8000.0,12.128429262270444
isophon,19,4,250.0,4.458686777757464
isophon,19,4,500.0,-12.88100495294114
isophon,19,4,750.0,-5.818460745248288
isophon,19,4,1000.0,0.2824869980914855
isophon,19,4,1500.0,5.909776146994304
isophon,19,4,2000.0,8.172370941518636
isophon,19,4,3000.0,5.506446865882964
isophon,19,4,4000.0,14.337393970457072
isophon,19,4,6000.0,7.318650105476607
isophon,19,4,8000.0,16.679354239542477
isophon,19,5,250.0,10.831235235460639
isophon,19,5,500.0,-4.240474967600264
isophon,19,5,750.0,-0.7888039199551287
isophon,19,5,1000.0,-0.3931828037235192
isophon,19,5,1500.0,4.885070492636132
isophon,19,5,2000.0,6.731429052163463
isophon,19,5,3000.0,5.8894785530316085
isophon,19,5,4000.0,12.083944102177924
isophon,19,5,6000.0,7.528489152242031
isophon,19,5,8000.0,18.235822877837876
isophon,19,6,250.0,14.459830192738735
isophon,19,6,500.0,-0.8059133520750663
isophon,19,6,750.0,4.981794773106799
isophon,19,6,1000.0,2.4279585253208182
isophon,19,6,1500.0,7.80637789459513
isophon,19,6,2000.0,2.7648409768828657
isophon,19,6,3000.0,1.164466634082288
isophon,19,6,4000.0,-3.709855694097655
isophon,19,6,6000.0,-3.027395825416349
isophon,19,6,8000.0,10.403051197407763
isophon,19,7,250.0,0.45831882722386297
isophon,19,7,500.0,-3.180538830606025
isophon,19,7,750.0,1.8743364930605537
isophon,19,7,1000.0,0.0313128143956618
isophon,19,7,1500.0,1.7990616510048199
isophon,19,7,2000.0,3.792519893559202
isophon,19,7,3000.0,0.4755817908050659
isophon,19,7,4000.0,-10.515239638539128
isophon,19,7,6000.0,-9.645311825911193
isophon,19,7,8000.0,10.913800871618974
isophon,19,8,250.0,2.8007619438437104
isophon,19,8,500.0,-3.9171941279786893
isophon,19,8,750.0,-4.26643364653512
isophon,19,8,1000.0,-2.9676587533037377
isophon,19,8,1500.0,-4.487746773940543
isophon,19,8,2000.0,-0.4694130408011432
isophon,19,8,3000.0,-1.417381091311725
isophon,19,8,4000.0,-8.023173994928854
isophon,19,8,6000.0,-9.936123318570068
isophon,19,8,8000.0,10.557414970460187
isophon,19,9,250.0,3.7959045964607867
isophon,19,9,500.0,-3.612840690504285
isophon,19,9,750.0,-8.064168719719703
isophon,19,9,1000.0,-7.956750162502644
isophon,19,9,1500.0,-10.044131835416366
isophon,19,9,2000.0,-8.658547892517532
isophon,19,9,3000.0,-5.566131799056507
isophon,19,9,4000.0,-8.753598501159502
isophon,19,9,6000.0,-8.258644147473305
isophon,19,9,8000.0,4.280270591554782
isophon,19,10,250.0,-0.3698387173378279
isophon,19,10,500.0,-1.4990729535611962
isophon,19,10,750.0,-6.78063872325032
isophon,19,10,1000.0,-5.1690880871819616
isophon,19,10,1500.0,-8.70431416425204
isophon,19,10,2000.0,-6.637900585826387
isophon,19,10,3000.0,-4.315509425311831
isophon,19,10,4000.0,-6.376233492516931
isophon,19,10,6000.0,-6.964303229264431
isophon,19,10,8000.0,1.6382145348170098
isophon,20,1,250.0,13.153421013666323
isophon,20,1,500.0,8.158940769967693
isophon,20,1,750.0,2.413136787414551
isophon,20,1,1000.0,-4.822454837196892
isophon,20,1,1500.0,-17.67055854937179
isophon,20,1,2000.0,7.140988544697656
isophon,20,1,3000.0,2.7220928797536175
isophon,20,1,4000.0,6.881243449199708
isophon,20,1,6000.0,4.894600109595318
isophon,20,1,8000.0,0.43546945120536407
isophon,20,2,250.0,-4.18522888585111
isophon,20,2,500.0,-1.844112061101491
isophon,20,2,750.0,-7.911689071655275
isophon,20,2,1000.0,-2.397926260962045
isophon,20,2,1500.0,0.896835853464296
isophon,20,2,2000.0,10.318342484199711
isophon,20,2,3000.0,9.040082140824012
isophon,20,2,4000.0,12.032795959426217
isophon,20,2,6000.0,-2.476246770433093
isophon,20,2,8000.0,-4.276522633767996
isophon,20,3,250.0,-4.301064878614483
isophon,20,3,500.0,-5.2638513461211005
isophon,20,3,750.0,-7.558152631859201
isophon,20,3,1000.0,-2.687226902698697
isophon,20,3,1500.0,3.5935577074549343
isophon,20,3,2000.0,3.5681181943444926
isophon,20,3,3000.0,0.7546460561815991
isophon,20,3,4000.0,-0.8202237206986922
isophon,20,3,6000.0,-1.5020289000089804
isophon,20,3,8000.0,-5.464190761945645
isophon,20,4,250.0,-0.7425914903588762
isophon,20,4,500.0,-1.2780818156834357
isophon,20,4,750.0,-4.584003534695881
isophon,20,4,1000.0,-1.9924862624504982
isophon,20,4,1500.0,3.7247650955015104
isophon,20,4,2000.0,-4.442174934665019
isophon,20,4,3000.0,-5.58650593321299
isophon,20,4,4000.0,-1.8737458704888752
isophon,20,4,6000.0,-0.1947708567505515
isophon,20,4,8000.0,-6.662357526874061
isophon,20,5,250.0,-4.540187168694942
isophon,20,5,500.0,-0.13801265765160053
isophon,20,5,750.0,-0.047216443825092824
isophon,20,5,1000.0,3.2251438810080515
isophon,20,5,1500.0,8.42518003967757
isophon,20,5,2000.0,-1.8411777061708818
isophon,20,5,3000.0,-3.026901328538571
isophon,20,5,4000.0,-0.48115897013197184
isophon,20,5,6000.0,-6.143737080668288
isophon,20,5,8000.0,-10.19000737377236
isophon,20,6,250.0,-5.510969975138607
isophon,20,6,500.0,-0.647972083391295
isophon,20,6,750.0,-2.363311145086584
isophon,20,6,1000.0,3.0048386350900813
isophon,20,6,1500.0,5.0677518095487954
isophon,20,6,2000.0,4.516265076336126
isophon,20,6,3000.0,-0.003361617909291681
isophon,20,6,4000.0,6.964707386168428
isophon,20,6,6000.0,-5.569925835417578
isophon,20,6,8000.0,-1.9710344579751222
isophon,20,7,250.0,-6.419923815415146
isophon,20,7,500.0,-3.484835050418141
isophon,20,7,750.0,-2.408086700439455
isophon,20,7,1000.0,-1.3495023585362702
isophon,20,7,1500.0,6.407108024420893
isophon,20,7,2000.0,6.17330636476818
isophon,20,7,3000.0,2.5644350235831013
isophon,20,7,4000.0,9.038578129531913
isophon,20,7,6000.0,-2.921452482501664
isophon,20,7,8000.0,-0.218680550713799
isophon,20,8,250.0,-4.98839996337891
isophon,20,8,500.0,0.6667956749261919
isophon,20,8,750.0,0.00023605346679289596
isophon,20,8,1000.0,1.5452634965643597
isophon,20,8,1500.0,8.244322338212427
isophon,20,8,2000.0,6.438116111729187
isophon,20,8,3000.0,4.582523911821767
isophon,20,8,4000.0,9.219852612897583
isophon,20,8,6000.0,-0.9603560871694583
isophon,20,8,8000.0,1.0107357832388857
isophon,20,9,250.0,-4.332846679687506
isophon,20,9,500.0,2.9511821611325644
isophon,20,9,750.0,2.248135528564447
isophon,20,9,1000.0,1.9825464670359167
isophon,20,9,1500.0,8.607650036327271
isophon,20,9,2000.0,6.953241481642323
isophon,20,9,3000.0,5.366177807931521
isophon,20,9,4000.0,9.140461407807194
isophon,20,9,6000.0,1.416763640255553
isophon,20,9,8000.0,2.601320189102168
isophon,20,10,250.0,-2.0600181579589787
isophon,20,10,500.0,3.137539734965756
isophon,20,10,750.0,2.22958602905274
isophon,20,10,1000.0,4.246443666932777
isophon,20,10,1500.0,8.39803701173453
isophon,20,10,2000.0,7.920435735128294
isophon,20,10,3000.0,6.612909234622549
isophon,20,10,4000.0,8.392316094056369
isophon,20,10,6000.0,2.1582841202111354
isophon,20,10,8000.0,-1.6915005548094513
isophon,21,1,250.0,-4.780469267592423
isophon,21,1,500.0,-3.262960230702383
isophon,21,1,750.0,-0.054747808403977416
isophon,21,1,1000.0,-5.644208372421048
isophon,21,1,1500.0,-6.371654726687808
isophon,21,1,2000.0,14.204661608513636
isophon,21,1,3000.0,14.654590911865235
isophon,21,1,4000.0,8.652105013071036
isophon,21,1,6000.0,-7.155326201080406
isophon,21,1,8000.0,-16.814865656112502
isophon,21,2,250.0,-7.6218420163041
isophon,21,2,500.0,-9.455479297957233
isophon,21,2,750.0,-11.234508370726289
isophon,21,2,1000.0,7.848351185484269
isophon,21,2,1500.0,0.5223042917447813
isophon,21,2,2000.0,-4.169637169923714
isophon,21,2,3000.0,-2.837815708915464
isophon,21,2,4000.0,-8.619711336078211
isophon,21,2,6000.0,-10.392552304383841
isophon,21,2,8000.0,-23.346168222125655
isophon,21,3,250.0,-4.020891725913714
isophon,21,3,500.0,-2.1978254995968385
isophon,21,3,750.0,-1.6850268065034726
isophon,21,3,1000.0,2.4367720351674045
isophon,21,3,1500.0,4.492159009147585
isophon,21,3,2000.0,-7.209948674193257
isophon,21,3,3000.0,-1.6197126352816582
isophon,21,3,4000.0,-0.8053685469606293
isophon,21,3,6000.0,-7.075774720941922
isophon,21,3,8000.0,-19.542251738576653
isophon,21,4,250.0,6.503464370745377
isophon,21,4,500.0,7.794398826544523
isophon,21,4,750.0,3.692498243422463
isophon,21,4,1000.0,-0.5913398807926811
isophon,21,4,1500.0,0.6936662535570264
isophon,21,4,2000.0,-3.712753626492777
isophon,21,4,3000.0,0.9730357937715226
isophon,21,4,4000.0,4.157108199526874
isophon,21,4,6000.0,2.6223929690180015
isophon,21,4,8000.0,-13.121343125190592
isophon,21,5,250.0,16.466307116039644
isophon,21,5,500.0,4.206173122605151
isophon,21,5,750.0,2.4052515303158657
isophon,21,5,1000.0,-6.1156835971354155
isophon,21,5,1500.0,7.9552804216692365
isophon,21,5,2000.0,4.583789650463288
isophon,21,5,3000.0,4.928272697391563
isophon,21,5,4000.0,3.0865762024119405
isophon,21,5,6000.0,2.00645128418617
isophon,21,5,8000.0,-13.260087082986217
isophon,21,6,250.0,11.8229005333163
isophon,21,6,500.0,-0.9642697746901376
isophon,21,6,750.0,2.887239433152132
isophon,21,6,1000.0,-2.7217928353092447
isophon,21,6,1500.0,-4.834023189100918
isophon,21,6,2000.0,1.124814888119488
isophon,21,6,3000.0,-3.437109130267771
isophon,21,6,4000.0,-1.6693018981189311
isophon,21,6,6000.0,-5.465268325574584
isophon,21,6,8000.0,-7.20492931239707
isophon,21,7,250.0,1.14296797369839
isophon,21,7,500.0,0.3715206659153125
isophon,21,7,750.0,2.96156325301493
isophon,21,7,1000.0,-5.0479627315719
isophon,21,7,1500.0,-3.389258338813491
isophon,21,7,2000.0,4.037647851720493
isophon,21,7,3000.0,-1.7720976712528227
isophon,21,7,4000.0,-0.6866730577715998
isophon,21,7,6000.0,-2.4622136405828883
isophon,21,7,8000.0,-9.097482241994413
isophon,21,8,250.0,2.8947178056266267
isophon,21,8,500.0,0.36737617540936185
isophon,21,8,750.0,2.3769705582293597
isophon,21,8,1000.0,-0.7866011437276654
isophon,21,8,1500.0,-1.586553537588287
isophon,21,8,2000.0,2.0388494060689197
isophon,21,8,3000.0,-6.7730536616666654
isophon,21,8,4000.0,-3.8048160415389276
isophon,21,8,6000.0,-4.53183391517004
isophon,21,8,8000.0,-6.753662512255815
isophon,21,9,250.0,4.635660448411713
isophon,21,9,500.0,-2.422659972420007
isophon,21,9,750.0,2.1302998052305924
isophon,21,9,1000.0,0.1374660225126405
isophon,21,9,1500.0,-1.373023853030432
isophon,21,9,2000.0,0.8970484213547394
isophon,21,9,3000.0,-11.330317535400255
isophon,21,9,4000.0,-2.5700402728192415
isophon,21,9,6000.0,-6.392083517545302
isophon,21,9,8000.0,-6.821542799766135
isophon,21,10,250.0,7.3536693279111205
isophon,21,10,500.0,1.7032582224999402
isophon,21,10,750.0,4.879260918140616
isophon,21,10,1000.0,4.088599302930689
isophon,21,10,1500.0,2.8656885573741846
isophon,21,10,2000.0,-0.029868152144388205
isophon,21,10,3000.0,-8.892057037353396
isophon,21,10,4000.0,0.518682052088991
isophon,21,10,6000.0,-10.525481396731436
isophon,21,10,8000.0,-5.321363799946653
isophon,22,1,250.0,4.027690322038538
isophon,22,1,500.0,-12.591173014364813
isophon,22,1,750.0,-3.8192362946947966
isophon,22,1,1000.0,7.630127116728367
isophon,22,1,1500.0,-7.258856715786884
isophon,22,1,2000.0,12.10059643845059
isophon,22,1,3000.0,16.47079402923584
isophon,22,1,4000.0,7.568836257269185
isophon,22,1,6000.0,-0.6076221848072585
isophon,22,1,8000.0,19.338149247383353
isophon,22,2,250.0,4.551882968002758
isophon,22,2,500.0,0.17027820569559537
isophon,22,2,750.0,-0.06311945071298197
isophon,22,2,1000.0,-0.3778208280818589
isophon,22,2,1500.0,-1.1843772767376635
isophon,22,2,2000.0,-2.940582399195762
isophon,22,2,3000.0,2.6349837493896473
isophon,22,2,4000.0,-0.9498150760891093
isophon,22,2,6000.0,-3.4597471447720594
isophon,22,2,8000.0,30.53594480669426
isophon,22,3,250.0,-1.5794290919926937
isophon,22,3,500.0,-4.7510650821568845
isophon,22,3,750.0,3.0188429461002926
isophon,22,3,1000.0,0.33467403410310226
isophon,22,3,1500.0,-4.850740055045179
isophon,22,3,2000.0,-9.697830747328084
isophon,22,3,3000.0,-4.948664237123111
isophon,22,3,4000.0,4.563924283393533
isophon,22,3,6000.0,3.242354043275782
isophon,22,3,8000.0,11.76076831931617
isophon,22,4,250.0,-6.319775978973894
isophon,22,4,500.0,-0.3120159100755444
isophon,22,4,750.0,4.542850689587198
isophon,22,4,1000.0,0.7008341310720425
isophon,22,4,1500.0,2.6287259941084073
isophon,22,4,2000.0,-2.120044893655418
isophon,22,4,3000.0,-2.2556227258564547
isophon,22,4,4000.0,-5.90446706567937
isophon,22,4,6000.0,-2.241320985004805
isophon,22,4,8000.0,12.202264228601052
isophon,22,5,250.0,-5.514282362596958
isophon,22,5,500.0,-3.121328516051605
isophon,22,5,750.0,-0.47320631060043183
isophon,22,5,1000.0,1.2122029131958811
isophon,22,5,1500.0,4.25218350103215
isophon,22,5,2000.0,-2.8493109811696797
isophon,22,5,3000.0,-2.1752853823593767
isophon,22,5,4000.0,-5.520718896351795
isophon,22,5,6000.0,1.0613171417120668
isophon,22,5,8000.0,11.929904558196995
isophon,22,6,250.0,-1.9697675676563762
isophon,22,6,500.0,-3.900047656536998
isophon,22,6,750.0,-2.4109368921819225
isophon,22,6,1000.0,-3.3953043000287266
isophon,22,6,1500.0,-3.2870097003294347
isophon,22,6,2000.0,-7.136830781521269
isophon,22,6,3000.0,-0.7689759854256266
isophon,22,6,4000.0,-5.6390337866724
isophon,22,6,6000.0,4.327390689981314
isophon,22,6,8000.0,11.173076921127205
isophon,22,7,250.0,0.979545102562156
isophon,22,7,500.0,-1.2723635555239952
isophon,22,7,750.0,0.7456046052164851
isophon,22,7,1000.0,1.4626984548071391
isophon,22,7,1500.0,0.6572932646079579
isophon,22,7,2000.0,-2.7165942737996147
isophon,22,7,3000.0,2.8027455111564024
isophon,22,7,4000.0,-3.139257670829906
isophon,22,7,6000.0,1.6027138323853052
isophon,22,7,8000.0,6.292233402674313
isophon,22,8,250.0,2.1127450603643894
isophon,22,8,500.0,-0.6493568938540335
isophon,22,8,750.0,2.588724442792298
isophon,22,8,1000.0,2.1688483682113144
isophon,22,8,1500.0,0.7422396530838995
isophon,22,8,2000.0,-0.994985417127495
isophon,22,8,3000.0,4.12681798276823
isophon,22,8,4000.0,-4.031895099728132
isophon,22,8,6000.0,3.0140040849104537
isophon,22,8,8000.0,5.9995506634032125
isophon,22,9,250.0,2.2543071739476233
isophon,22,9,500.0,-0.28183039372287055
isophon,22,9,750.0,3.8407431837788693
isophon,22,9,1000.0,3.5166131782935395
isophon,22,9,1500.0,0.21192330307225404
isophon,22,9,2000.0,0.7855690792294467
isophon,22,9,3000.0,4.447111071702537
isophon,22,9,4000.0,-2.204690559767471
isophon,22,9,6000.0,4.9020987730768155
isophon,22,9,8000.0,3.840643116292327
isophon,22,10,250.0,2.856876885499318
isophon,22,10,500.0,0.966989907036023
isophon,22,10,750.0,4.148634173663709
isophon,22,10,1000.0,3.304373229969741
isophon,22,10,1500.0,1.1959094820010847
isophon,22,10,2000.0,2.5965277485952925
isophon,22,10,3000.0,3.5114096768982535
isophon,22,10,4000.0,-1.7665276545521351
isophon,22,10,6000.0,5.254906795296137
isophon,22,10,8000.0,4.792588656497344
isophon,23,1,250.0,7.900401495273243
isophon,23,1,500.0,-3.0383722472965715
isophon,23,1,750.0,6.903353169097912
isophon,23,1,1000.0,0.01872729517046423
isophon,23,1,1500.0,-3.1853756251889784
isophon,23,1,2000.0,-5.601103757410577
isophon,23,1,3000.0,-16.275612637660913
isophon,23,1,4000.0,-9.435788857268435
isophon,23,1,6000.0,6.577163842372206
isophon,23,1,8000.0,9.233279041765055
isophon,23,2,250.0,3.2782441238510813
isophon,23,2,500.0,-5.267485016347706
isophon,23,2,750.0,-0.8264694475977734
isophon,23,2,1000.0,-1.2178564022952898
isophon,23,2,1500.0,7.6980810213495126
isophon,23,2,2000.0,8.62163336917973
isophon,23,2,3000.0,-5.242581534911196
isophon,23,2,4000.0,0.5869536954144863
isophon,23,2,6000.0,10.049358334761521
isophon,23,2,8000.0,10.37277320288893
isophon,23,3,250.0,11.034129167324792
isophon,23,3,500.0,0.3339088607759777
isophon,23,3,750.0,-2.3540524304393244
isophon,23,3,1000.0,-1.9482520309292468
isophon,23,3,1500.0,16.535484014662146
isophon,23,3,2000.0,19.71561453444972
isophon,23,3,3000.0,-6.943804812473125
isophon,23,3,4000.0,5.568349586189839
isophon,23,3,6000.0,10.605960115748346
isophon,23,3,8000.0,4.463394698204262
isophon,23,4,250.0,-0.278785615136087
isophon,23,4,500.0,0.6149265213728654
isophon,23,4,750.0,3.2420394072688765
isophon,23,4,1000.0,3.046109314913963
isophon,23,4,1500.0,5.577938340110677
isophon,23,4,2000.0,11.987850008110406
isophon,23,4,3000.0,-1.3769917402179601
isophon,23,4,4000.0,0.7699016367997586
isophon,23,4,6000.0,1.088236530557353
isophon,23,4,8000.0,-5.152564582320906
isophon,23,5,250.0,7.123568403837453
isophon,23,5,500.0,4.1418450719407645
isophon,23,5,750.0,-1.2120496612221388
isophon,23,5,1000.0,-9.056204458811735
isophon,23,5,1500.0,-8.924660304675854
isophon,23,5,2000.0,7.2020812073368035
isophon,23,5,3000.0,-7.919620215542253
isophon,23,5,4000.0,-3.030878820081597
isophon,23,5,6000.0,1.6379459218488392
isophon,23,5,8000.0,-1.6194925210483433
isophon,23,6,250.0,-5.570681991942507
isophon,23,6,500.0,-5.988917439858881
isophon,23,6,750.0,-3.1024292388750325
isophon,23,6,1000.0,0.9676660083434854
isophon,23,6,1500.0,-4.028551258056666
isophon,23,6,2000.0,1.4804893759098263
isophon,23,6,3000.0,-2.259904431500445
isophon,23,6,4000.0,3.1582859642894903
isophon,23,6,6000.0,0.032063425294694525
isophon,23,6,8000.0,-11.965072887772436
isophon,23,7,250.0,-3.7025823571421626
isophon,23,7,500.0,-2.130574968716573
isophon,23,7,750.0,-0.1461087934458618
isophon,23,7,1000.0,-2.3190432883812093
isophon,23,7,1500.0,-4.531592265274227
isophon,23,7,2000.0,2.3794199340999427
isophon,23,7,3000.0,-3.739411079092605
isophon,23,7,4000.0,-2.2294753000207947
isophon,23,7,6000.0,0.25043500724186174
isophon,23,7,8000.0,-8.499595213163943
isophon,23,8,250.0,-2.3341327345899288
isophon,23,8,500.0,0.8106384891142682
isophon,23,8,750.0,-1.6349065174241275
isophon,23,8,1000.0,-1.894785278391936
isophon,23,8,1500.0,-4.213742572416464
isophon,23,8,2000.0,3.545748256431395
isophon,23,8,3000.0,-0.3013947917331308
isophon,23,8,4000.0,-3.404499958770998
isophon,23,8,6000.0,-0.6968879568939883
isophon,23,8,8000.0,-5.78929115101954
isophon,23,9,250.0,-1.3878964405037237
isophon,23,9,500.0,2.539005843195369
isophon,23,9,750.0,-1.3560218148012382
isophon,23,9,1000.0,-2.284778779600501
isophon,23,9,1500.0,-3.096832120510527
isophon,23,9,2000.0,4.001960686068443
isophon,23,9,3000.0,3.5740049809954684
isophon,23,9,4000.0,-1.2443927177064893
isophon,23,9,6000.0,-0.951116690531947
isophon,23,9,8000.0,-2.8087871653821423
isophon,23,10,250.0,0.12640827939131327
isophon,23,10,500.0,-1.3699424985900777
isophon,23,10,750.0,-0.19756426882561584
isophon,23,10,1000.0,0.9947368904433915
isophon,23,10,1500.0,-1.4171297357925425
isophon,23,10,2000.0,6.681766094439766
isophon,23,10,3000.0,5.219025025613661
isophon,23,10,4000.0,-0.4061916479019345
isophon,23,10,6000.0,-1.7375626015588068
isophon,23,10,8000.0,-2.8938014595697723
isophon,24,1,250.0,-5.539510673145671
isophon,24,1,500.0,-5.587642363440352
isophon,24,1,750.0,-6.743156387766568
isophon,24,1,1000.0,3.4287456550606024
isophon,24,1,1500.0,-1.0267373363658265
isophon,24,1,2000.0,-18.642173350818922
isophon,24,1,3000.0,-17.207624585946803
isophon,24,1,4000.0,6.566050795259898
isophon,24,1,6000.0,-13.361049915392769
isophon,24,1,8000.0,-13.553571104596429
isophon,24,2,250.0,0.36932752006917724
isophon,24,2,500.0,-11.452740982163064
isophon,24,2,750.0,-6.13650928852298
isophon,24,2,1000.0,2.6255976394179825
isophon,24,2,1500.0,4.741639350354561
isophon,24,2,2000.0,-1.9911022133207723
isophon,24,2,3000.0,-0.5615087556425635
isophon,24,2,4000.0,7.3675193710583216
isophon,24,2,6000.0,-7.19455062402335
isophon,24,2,8000.0,-7.269208465794236
isophon,24,3,250.0,2.3840540294481087
isophon,24,3,500.0,1.5009986406262499
isophon,24,3,750.0,0.22132780992919265
isophon,24,3,1000.0,-3.241088303101293
isophon,24,3,1500.0,8.422425206206654
isophon,24,3,2000.0,-3.774030846763452
isophon,24,3,3000.0,1.3606972198916054
isophon,24,3,4000.0,4.971615915010119
isophon,24,3,6000.0,-4.245376641501878
isophon,24,3,8000.0,1.4103539795654854
isophon,24,4,250.0,7.438376159252641
isophon,24,4,500.0,-3.3734199020236133
isophon,24,4,750.0,0.3712318259851912
isophon,24,4,1000.0,-3.445050144918838
isophon,24,4,1500.0,6.888167692882178
isophon,24,4,2000.0,1.777007539053514
isophon,24,4,3000.0,-6.800816874014004
isophon,24,4,4000.0,-2.5582326763484247
isophon,24,4,6000.0,0.049140837385792224
isophon,24,4,8000.0,5.433611407169536
isophon,24,5,250.0,-5.973088106132394
isophon,24,5,500.0,-9.068639425217455
isophon,24,5,750.0,3.956193016615785
isophon,24,5,1000.0,0.16132992331935725
isophon,24,5,1500.0,6.395736923152782
isophon,24,5,2000.0,6.29784676365513
isophon,24,5,3000.0,-4.992250384348679
isophon,24,5,4000.0,0.923701630851383
isophon,24,5,6000.0,-0.1372054597116943
isophon,24,5,8000.0,8.438293033984223
isophon,24,6,250.0,1.9969526348344004
isophon,24,6,500.0,-8.040652527308794
isophon,24,6,750.0,5.154694308795413
isophon,24,6,1000.0,-0.6802106984847569
isophon,24,6,1500.0,6.206690861114083
isophon,24,6,2000.0,4.5012005182180985
isophon,24,6,3000.0,-3.3739251282815843
isophon,24,6,4000.0,-3.2948497261511136
isophon,24,6,6000.0,-5.251875362956625
isophon,24,6,8000.0,1.2421675791134845
isophon,24,7,250.0,-5.455578527360814
isophon,24,7,500.0,-8.397075289893735
isophon,24,7,750.0,-2.866511089854285
isophon,24,7,1000.0,-2.5908619428455495
isophon,24,7,1500.0,1.9207029469463635
isophon,24,7,2000.0,1.6445693612383252
isophon,24,7,3000.0,-5.760460333881227
isophon,24,7,4000.0,-4.915272428795234
isophon,24,7,6000.0,-4.949433213196599
isophon,24,7,8000.0,1.587970755424891
isophon,24,8,250.0,-12.025143101653484
isophon,24,8,500.0,-7.279857902650448
isophon,24,8,750.0,-5.109645741778962
isophon,24,8,1000.0,-1.8505613736097786
isophon,24,8,1500.0,1.7725196993621495
isophon,24,8,2000.0,0.8886675541774878
isophon,24,8,3000.0,-5.5838609196963915
isophon,24,8,4000.0,-5.316655977564338
isophon,24,8,6000.0,-4.836349393699436
isophon,24,8,8000.0,1.0298835379954028
isophon,24,9,250.0,-12.542872467040894
isophon,24,9,500.0,-8.504759707090486
isophon,24,9,750.0,-4.1221096215900985
isophon,24,9,1000.0,-2.9792021114556775
isophon,24,9,1500.0,2.1680939601298803
isophon,24,9,2000.0,-0.5666873727433028
isophon,24,9,3000.0,-6.561270381747278
isophon,24,9,4000.0,-5.388960100412859
isophon,24,9,6000.0,-4.040278135440232
isophon,24,9,8000.0,-0.02409562002797827
isophon,24,10,250.0,-8.316297149658084
isophon,24,10,500.0,-7.197138885316036
isophon,24,10,750.0,-3.838846099943538
isophon,24,10,1000.0,-2.521191793459252
isophon,24,10,1500.0,1.4736248104120477
isophon,24,10,2000.0,-5.5093968336192205
isophon,24,10,3000.0,-4.234614755622914
isophon,24,10,4000.0,-5.440165483643582
isophon,24,10,6000.0,-4.219997387122717
isophon,24,10,8000.0,-1.8151812328776487
isophon,25,1,250.0,22.29139084801487
isophon,25,1,500.0,-0.3193730252298934
isophon,25,1,750.0,-1.7199341993607966
isophon,25,1,1000.0,-5.213730850637575
isophon,25,1,1500.0,-1.417936501402254
isophon,25,1,2000.0,6.151656528941668
isophon,25,1,3000.0,15.518081016540524
isophon,25,1,4000.0,-6.584508605005475
isophon,25,1,6000.0,-5.176632726073585
isophon,25,1,8000.0,7.371968831025882
isophon,25,2,250.0,4.936418263392866
isophon,25,2,500.0,10.077262670454424
isophon,25,2,750.0,2.660935184233523
isophon,25,2,1000.0,-1.7572203020111488
isophon,25,2,1500.0,12.543577229042498
isophon,25,2,2000.0,11.503154587385861
isophon,25,2,3000.0,-0.24460921343772668
isophon,25,2,4000.0,-1.802193689426801
isophon,25,2,6000.0,10.240084951222094
isophon,25,2,8000.0,8.299158003599885
isophon,25,3,250.0,-3.9577596191479927
isophon,25,3,500.0,1.8674730305529579
isophon,25,3,750.0,-2.887537732062704
isophon,25,3,1000.0,-2.321931428666659
isophon,25,3,1500.0,5.7518660181950025
isophon,25,3,2000.0,9.939232009122478
isophon,25,3,3000.0,-5.356761474250796
isophon,25,3,4000.0,-2.248893524434024
isophon,25,3,6000.0,2.619004892685197
isophon,25,3,8000.0,3.844450217212298
isophon,25,4,250.0,-2.596856030677543
isophon,25,4,500.0,-3.5180691112894493
isophon,25,4,750.0,-5.158577645377477
isophon,25,4,1000.0,-2.437297265696401
isophon,25,4,1500.0,9.559997029252656
isophon,25,4,2000.0,9.683904327741374
isophon,25,4,3000.0,-3.932354963098291
isophon,25,4,4000.0,2.5304097248682638
isophon,25,4,6000.0,2.6050916355700906
isophon,25,4,8000.0,3.182397845571643
isophon,25,5,250.0,4.794117292943255
isophon,25,5,500.0,-5.123868671633744
isophon,25,5,750.0,-0.1436514800938795
isophon,25,5,1000.0,5.251334580065759
isophon,25,5,1500.0,7.933889479312768
isophon,25,5,2000.0,4.556698018607776
isophon,25,5,3000.0,-2.3382680488337257
isophon,25,5,4000.0,6.402367451191978
isophon,25,5,6000.0,9.532254811618571
isophon,25,5,8000.0,11.485749666232763
isophon,25,6,250.0,0.5277935896823465
isophon,25,6,500.0,-2.1724419998441817
isophon,25,6,750.0,-0.677924796421081
isophon,25,6,1000.0,-0.7079448625224529
isophon,25,6,1500.0,-3.595195086814229
isophon,25,6,2000.0,4.775917063769128
isophon,25,6,3000.0,-10.540063848624513
isophon,25,6,4000.0,1.3253219691170273
isophon,25,6,6000.0,4.139984154618702
isophon,25,6,8000.0,6.791535397120683
isophon,25,7,250.0,1.5757082926113526
isophon,25,7,500.0,1.790056042606878
isophon,25,7,750.0,2.532411742582255
isophon,25,7,1000.0,1.560939106439605
isophon,25,7,1500.0,1.6605671362480194
isophon,25,7,2000.0,0.515773558480987
isophon,25,7,3000.0,-9.985187373863369
isophon,25,7,4000.0,-0.5687705159681258
isophon,25,7,6000.0,0.9236753990642512
isophon,25,7,8000.0,0.4335179933319324
isophon,25,8,250.0,3.259378675737892
isophon,25,8,500.0,0.574496669936778
isophon,25,8,750.0,4.289291210500608
isophon,25,8,1000.0,1.2188052056338847
isophon,25,8,1500.0,1.267155500546565
isophon,25,8,2000.0,0.7097593601757666
isophon,25,8,3000.0,-11.6170128011549
isophon,25,8,4000.0,-2.3451212088854305
isophon,25,8,6000.0,0.0078114222829697155
isophon,25,8,8000.0,-1.0623611385268248
isophon,25,9,250.0,3.586388575352686
isophon,25,9,500.0,1.7417868631478512
isophon,25,9,750.0,3.2520998243325323
isophon,25,9,1000.0,2.9530714868877084
isophon,25,9,1500.0,2.40698393353145
isophon,25,9,2000.0,1.7814344206958026
isophon,25,9,3000.0,-9.24374298095681
isophon,25,9,4000.0,0.1339114200953162
isophon,25,9,6000.0,-1.215163807102158
isophon,25,9,8000.0,-2.568796522383849
isophon,25,10,250.0,3.811458306969314
isophon,25,10,500.0,0.14271345717072847
isophon,25,10,750.0,4.007315711185143
isophon,25,10,1000.0,2.4664918981923876
isophon,25,10,1500.0,1.491253202461337
isophon,25,10,2000.0,5.193456743041693
isophon,25,10,3000.0,-6.504579162597437
isophon,25,10,4000.0,1.806461291880467
isophon,25,10,6000.0,0.6603834123601899
isophon,25,10,8000.0,-0.6400716962798612
isophon,26,1,250.0,1.1421754382342186
isophon,26,1,500.0,27.405739556873655
isophon,26,1,750.0,6.4559667091318325
isophon,26,1,1000.0,5.558690288038434
isophon,26,1,1500.0,17.998218039864284
isophon,26,1,2000.0,-11.108773247291765
isophon,26,1,3000.0,-6.5098391017498045
isophon,26,1,4000.0,-0.5716350608206362
isophon,26,1,6000.0,12.69152252064329
isophon,26,1,8000.0,15.988807713448509
isophon,26,2,250.0,5.640124358392647
isophon,26,2,500.0,12.197071207314082
isophon,26,2,750.0,7.960193925553057
isophon,26,2,1000.0,-1.305226785315071
isophon,26,2,1500.0,4.00411172470325
isophon,26,2,2000.0,-3.5545859901461583
isophon,26,2,3000.0,-4.32478829376177
isophon,26,2,4000.0,6.014477729771016
isophon,26,2,6000.0,15.786828142831041
isophon,26,2,8000.0,10.637962572875495
isophon,26,3,250.0,11.889606625092547
isophon,26,3,500.0,7.745710188880182
isophon,26,3,750.0,4.755454003558995
isophon,26,3,1000.0,-0.5598037642063787
isophon,26,3,1500.0,-3.4025863536714382
isophon,26,3,2000.0,0.6884108676999716
isophon,26,3,3000.0,2.197246736848271
isophon,26,3,4000.0,1.4340862182546417
isophon,26,3,6000.0,17.427882624055513
isophon,26,3,8000.0,5.248255039896264
isophon,26,4,250.0,16.33086193239292
isophon,26,4,500.0,2.167955216583998
isophon,26,4,750.0,-1.655189019479863
isophon,26,4,1000.0,-3.1232239462949707
isophon,26,4,1500.0,-4.815096985520476
isophon,26,4,2000.0,-3.7410337911744165
isophon,26,4,3000.0,3.874799741994437
isophon,26,4,4000.0,-1.4309837367105729
isophon,26,4,6000.0,11.732983925157548
isophon,26,4,8000.0,6.518569966474743
isophon,26,5,250.0,0.31300596457522545
isophon,26,5,500.0,9.887282972185488
isophon,26,5,750.0,2.2061213455982767
isophon,26,5,1000.0,1.4911553042662433
isophon,26,5,1500.0,-6.252935239540392
isophon,26,5,2000.0,-5.46097811126441
isophon,26,5,3000.0,3.592081726766466
isophon,26,5,4000.0,-4.102960910128786
isophon,26,5,6000.0,1.45567490603635
isophon,26,5,8000.0,10.242251661174194
isophon,26,6,250.0,7.342503409181688
isophon,26,6,500.0,-0.18102369637858828
isophon,26,6,750.0,-2.6753614915461412
isophon,26,6,1000.0,2.8090393677435372
isophon,26,6,1500.0,1.191230546959389
isophon,26,6,2000.0,0.41849500191727884
isophon,26,6,3000.0,4.2681633409548
isophon,26,6,4000.0,-6.111218818647842
isophon,26,6,6000.0,-1.4198122898760914
isophon,26,6,8000.0,7.972941544916566
isophon,26,7,250.0,9.384795757960035
isophon,26,7,500.0,1.9429097400386581
isophon,26,7,750.0,-3.2965208571756506
isophon,26,7,1000.0,2.5495974415080553
isophon,26,7,1500.0,-2.400884208855956
isophon,26,7,2000.0,-1.004933464075819
isophon,26,7,3000.0,-1.6168972594356887
isophon,26,7,4000.0,-3.8432748609473038
isophon,26,7,6000.0,-2.51215656363469
isophon,26,7,8000.0,8.788325309946387
isophon,26,8,250.0,8.437096562741232
isophon,26,8,500.0,3.9300758539600054
isophon,26,8,750.0,-2.5107809111937485
isophon,26,8,1000.0,2.4003010711202535
isophon,26,8,1500.0,-1.60840217631241
isophon,26,8,2000.0,-3.257888930666539
isophon,26,8,3000.0,-1.1839154326296466
isophon,26,8,4000.0,-3.932068244061881
isophon,26,8,6000.0,-2.172098715186735
isophon,26,8,8000.0,8.765295947438617
isophon,26,9,250.0,6.8122961806605105
isophon,26,9,500.0,3.9669730096735236
isophon,26,9,750.0,-2.533868574225181
isophon,26,9,1000.0,2.0296330591869918
isophon,26,9,1500.0,-3.5730663274441525
isophon,26,9,2000.0,-3.859158261805902
isophon,26,9,3000.0,-6.0888608401005655
isophon,26,9,4000.0,-1.6139561070911128
isophon,26,9,6000.0,-2.9913022621354486
isophon,26,9,8000.0,8.813485754794684
isophon,26,10,250.0,1.36108103649984
isophon,26,10,500.0,-2.208388089240813
isophon,26,10,750.0,-2.557199096679682
isophon,26,10,1000.0,0.7746085058947472
isophon,26,10,1500.0,-7.3227821350097315
isophon,26,10,2000.0,-3.385860088835969
isophon,26,10,3000.0,-4.211245114611202
isophon,26,10,4000.0,0.5438426069650575
isophon,26,10,6000.0,-0.25192731449460837
isophon,26,10,8000.0,9.968141557913285
isophon,27,1,250.0,6.333420897732209
isophon,27,1,500.0,2.3726056920310734
isophon,27,1,750.0,-5.646228536703324
isophon,27,1,1000.0,-5.096036198179244
isophon,27,1,1500.0,-3.8153041909209575
isophon,27,1,2000.0,-9.40019343477423
isophon,27,1,3000.0,-6.663491741668814
isophon,27,1,4000.0,-8.220911536443538
isophon,27,1,6000.0,-8.166911770561104
isophon,27,1,8000.0,-39.91184892972622
isophon,27,2,250.0,9.23582961742295
isophon,27,2,500.0,1.9550270996721508
isophon,27,2,750.0,-2.649459722521769
isophon,27,2,1000.0,-2.23693388239829
isophon,27,2,1500.0,6.167156912744783
isophon,27,2,2000.0,2.8397406882182707
isophon,27,2,3000.0,3.9502370426875366
isophon,27,2,4000.0,-0.5147736833260694
isophon,27,2,6000.0,-3.841980301065835
isophon,27,2,8000.0,-17.19814264380676
isophon,27,3,250.0,10.995435117890459
isophon,27,3,500.0,-3.787961550811744
isophon,27,3,750.0,-3.8645401714179
isophon,27,3,1000.0,2.249214189757211
isophon,27,3,1500.0,1.6551422441395403
isophon,27,3,2000.0,-1.031819927758292
isophon,27,3,3000.0,-2.1244783659272386
isophon,27,3,4000.0,1.0062902750853056
isophon,27,3,6000.0,1.7819809862917708
isophon,27,3,8000.0,-4.893297759995328
isophon,27,4,250.0,10.836452013228318
isophon,27,4,500.0,-2.0104058231773223
isophon,27,4,750.0,-3.6605232952826086
isophon,27,4,1000.0,3.113014530670007
isophon,27,4,1500.0,-3.083587648631436
isophon,27,4,2000.0,-3.4148338655879087
isophon,27,4,3000.0,-6.422548762612507
isophon,27,4,4000.0,2.828631699207591
isophon,27,4,6000.0,-5.861158709899016
isophon,27,4,8000.0,-19.539582539239547
isophon,27,5,250.0,-2.5234498224288444
isophon,27,5,500.0,-6.767080585860725
isophon,27,5,750.0,-6.895409709565641
isophon,27,5,1000.0,-2.4411199015869727
isophon,27,5,1500.0,-9.532783959539245
isophon,27,5,2000.0,-2.4048584926531333
isophon,27,5,3000.0,-8.393208566466512
isophon,27,5,4000.0,6.821628197811464
isophon,27,5,6000.0,-3.2991573097983746
isophon,27,5,8000.0,-21.66361888185638
isophon,27,6,250.0,0.5799335409653423
isophon,27,6,500.0,-3.1019559628844178
isophon,27,6,750.0,-3.5215939170928863
isophon,27,6,1000.0,-2.1506839138466205
isophon,27,6,1500.0,4.693719622462282
isophon,27,6,2000.0,4.318818840678048
isophon,27,6,3000.0,-1.3854727622220224
isophon,27,6,4000.0,5.767668922723814
isophon,27,6,6000.0,-4.097160292184697
isophon,27,6,8000.0,-16.13166727464977
isophon,27,7,250.0,8.537584145213401
isophon,27,7,500.0,1.857602869729675
isophon,27,7,750.0,3.4012771918913245
isophon,27,7,1000.0,1.4478613280843007
isophon,27,7,1500.0,7.6885396165090185
isophon,27,7,2000.0,3.6799181830527488
isophon,27,7,3000.0,5.47942021403972
isophon,27,7,4000.0,13.672900773017915
isophon,27,7,6000.0,-1.6955546927180905
isophon,27,7,8000.0,-22.50421025416702
isophon,27,8,250.0,5.832789247088968
isophon,27,8,500.0,4.471926357744877
isophon,27,8,750.0,5.127985553322006
isophon,27,8,1000.0,3.147881974990227
isophon,27,8,1500.0,11.924636605756007
isophon,27,8,2000.0,5.345705830978488
isophon,27,8,3000.0,6.3256085290482815
isophon,27,8,4000.0,11.888413580428917
isophon,27,8,6000.0,-1.3623752824456687
isophon,27,8,8000.0,-16.952879143682793
isophon,27,9,250.0,2.213147125244163
isophon,27,9,500.0,3.9522389913812788
isophon,27,9,750.0,6.529421478242696
isophon,27,9,1000.0,3.427101132393318
isophon,27,9,1500.0,13.699940362542279
isophon,27,9,2000.0,6.758956552571576
isophon,27,9,3000.0,7.327234028887446
isophon,27,9,4000.0,8.085196389926224
isophon,27,9,6000.0,-0.4058597579604566
isophon,27,9,8000.0,-10.434388087035174
isophon,27,10,250.0,2.6321929931640824
isophon,27,10,500.0,4.381775117380002
isophon,27,10,750.0,3.8569431747555
isophon,27,10,1000.0,1.657218726072628
isophon,27,10,1500.0,9.498846832214198
isophon,27,10,2000.0,5.190352008633113
isophon,27,10,3000.0,4.894036365474676
isophon,27,10,4000.0,6.724557458052999
isophon,27,10,6000.0,2.509467993812322
isophon,27,10,8000.0,-4.352175459776291
isophon,28,1,250.0,-7.986251881337893
isophon,28,1,500.0,14.46076465759831
isophon,28,1,750.0,-1.6193301213548086
isophon,28,1,1000.0,-1.1712001044180766
isophon,28,1,1500.0,10.64429996430276
isophon,28,1,2000.0,-6.182016826259527
isophon,28,1,3000.0,-13.936887631063229
isophon,28,1,4000.0,-8.907128233114932
isophon,28,1,6000.0,-0.8649262864690286
isophon,28,1,8000.0,-6.666540626851358
isophon,28,2,250.0,-3.708562385473819
isophon,28,2,500.0,4.364750040371177
isophon,28,2,750.0,3.9287640650542883
isophon,28,2,1000.0,-7.3328822125706665
isophon,28,2,1500.0,-0.6808381501746723
isophon,28,2,2000.0,2.1313131724670455
isophon,28,2,3000.0,-3.3347968882964807
isophon,28,2,4000.0,3.98056177778642
isophon,28,2,6000.0,4.904764844887872
isophon,28,2,8000.0,-6.388648944555705
isophon,28,3,250.0,5.6967230348673965
isophon,28,3,500.0,5.235918731769495
isophon,28,3,750.0,4.135679105837482
isophon,28,3,1000.0,-3.8811863072390267
isophon,28,3,1500.0,-3.1568702587007493
isophon,28,3,2000.0,-0.3966691985176638
isophon,28,3,3000.0,4.050342851740787
isophon,28,3,4000.0,0.5202775837070419
isophon,28,3,6000.0,5.598158987158904
isophon,28,3,8000.0,-5.836037566611964
isophon,28,4,250.0,11.768624722850838
isophon,28,4,500.0,1.8818395067525202
isophon,28,4,750.0,-1.8464335954585565
isophon,28,4,1000.0,-1.1953732897033618
isophon,28,4,1500.0,-1.209452759446286
isophon,28,4,2000.0,-3.194313709956333
isophon,28,4,3000.0,7.098086291709663
isophon,28,4,4000.0,3.89576420251025
isophon,28,4,6000.0,5.109352345063996
isophon,28,4,8000.0,-3.6194082016537976
isophon,28,5,250.0,-2.8148907674822823
isophon,28,5,500.0,11.93920312006074
isophon,28,5,750.0,6.565812005437635
isophon,28,5,1000.0,5.1596198098693975
isophon,28,5,1500.0,0.6222669394146578
isophon,28,5,2000.0,-5.255046183253626
isophon,28,5,3000.0,0.6440538590665597
isophon,28,5,4000.0,0.4910403839768094
isophon,28,5,6000.0,-1.0253276568415544
isophon,28,5,8000.0,1.681531104175832
isophon,28,6,250.0,6.806286098111656
isophon,28,6,500.0,2.215545706381633
isophon,28,6,750.0,0.8994530530953142
isophon,28,6,1000.0,0.898130140929382
isophon,28,6,1500.0,9.103214036949609
isophon,28,6,2000.0,0.9028775743913968
isophon,28,6,3000.0,2.827415917515509
isophon,28,6,4000.0,0.09879429088999814
isophon,28,6,6000.0,7.260336239662905
isophon,28,6,8000.0,0.8065771358142086
isophon,28,7,250.0,11.363335403417565
isophon,28,7,500.0,5.476984653421013
isophon,28,7,750.0,1.4219853701223713
isophon,28,7,1000.0,0.32502808917512027
isophon,28,7,1500.0,5.4184898756167
isophon,28,7,2000.0,0.6319908950703876
isophon,28,7,3000.0,7.078304157783521
isophon,28,7,4000.0,4.203183300249265
isophon,28,7,6000.0,5.495080265122368
isophon,28,7,8000.0,1.3769259415061583
isophon,28,8,250.0,9.97972061310358
isophon,28,8,500.0,9.336695749806154
isophon,28,8,750.0,2.786246591509311
isophon,28,8,1000.0,0.15227672009034166
isophon,28,8,1500.0,5.965469436236418
isophon,28,8,2000.0,0.035446315383225624
isophon,28,8,3000.0,4.986367003907461
isophon,28,8,4000.0,3.572565584725538
isophon,28,8,6000.0,5.297384460615788
isophon,28,8,8000.0,3.391282055429997
isophon,28,9,250.0,8.503732831568144
isophon,28,9,500.0,9.941406299338496
isophon,28,9,750.0,3.4294634268094057
isophon,28,9,1000.0,2.6007261226148444
isophon,28,9,1500.0,3.145870592721863
isophon,28,9,2000.0,0.41432044554019853
isophon,28,9,3000.0,1.9091556765374094
isophon,28,9,4000.0,4.262747883342598
isophon,28,9,6000.0,6.358249591044014
isophon,28,9,8000.0,3.8709946321795883
isophon,28,10,250.0,3.5221392520389685
isophon,28,10,500.0,2.419296047858893
isophon,28,10,750.0,3.0114790073204176
isophon,28,10,1000.0,-1.0973579902144337
isophon,28,10,1500.0,-1.3391777038574162
isophon,28,10,2000.0,0.45902958099335933
isophon,28,10,3000.0,2.5777065545784126
isophon,28,10,4000.0,5.3351481563653635
isophon,28,10,6000.0,8.979712254386058
isophon,28,10,8000.0,6.307306553589896
isophon,29,1,250.0,-11.300760361953188
isophon,29,1,500.0,-20.44692751511593
isophon,29,1,750.0,-7.1348359635280545
isophon,29,1,1000.0,-6.482907943725586
isophon,29,1,1500.0,-17.22606601357441
isophon,29,1,2000.0,-19.46627485082017
isophon,29,1,3000.0,-2.2838189146918726
isophon,29,1,4000.0,6.254835433959897
isophon,29,1,6000.0,1.4953677145712656
isophon,29,1,8000.0,-25.741531958274095
isophon,29,2,250.0,-15.070874491754118
isophon,29,2,500.0,-0.08896309270790681
isophon,29,2,750.0,-3.869066752085235
isophon,29,2,1000.0,-4.491889775183772
isophon,29,2,1500.0,-3.303400237668363
isophon,29,2,2000.0,-2.721962221665347
isophon,29,2,3000.0,2.581297699822578
isophon,29,2,4000.0,4.701660592431054
isophon,29,2,6000.0,-6.081725344764244
isophon,29,2,8000.0,-6.35648884861628
isophon,29,3,250.0,-5.489976074206538
isophon,29,3,500.0,-0.3984903514788414
isophon,29,3,750.0,-3.8394696746481713
isophon,29,3,1000.0,-1.3855350157998245
isophon,29,3,1500.0,5.049401453185617
isophon,29,3,2000.0,11.570811345266634
isophon,29,3,3000.0,1.0467044205222464
isophon,29,3,4000.0,-0.36071057276304686
isophon,29,3,6000.0,-2.562557130534536
isophon,29,3,8000.0,-6.3301305988195224
isophon,29,4,250.0,-8.985811011388193
isophon,29,4,500.0,-0.9487330248883268
isophon,29,4,750.0,-9.225284241116753
isophon,29,4,1000.0,3.1761484642942435
isophon,29,4,1500.0,0.9705689920524065
isophon,29,4,2000.0,-0.6462590343968913
isophon,29,4,3000.0,-7.579131428729241
isophon,29,4,4000.0,-5.29771491656615
isophon,29,4,6000.0,-8.882326138518465
isophon,29,4,8000.0,-15.364429584618705
isophon,29,5,250.0,2.4767177774594984
isophon,29,5,500.0,-2.529574671127506
isophon,29,5,750.0,0.564956719645096
isophon,29,5,1000.0,2.1019830423088024
isophon,29,5,1500.0,5.2523401901290185
isophon,29,5,2000.0,3.708454033817844
isophon,29,5,3000.0,-9.120321941200046
isophon,29,5,4000.0,-3.9824673618654174
isophon,29,5,6000.0,-4.487324181752513
isophon,29,5,8000.0,-7.8495494759209805
isophon,29,6,250.0,-2.838244638482948
isophon,29,6,500.0,0.9786809871470012
isophon,29,6,750.0,-6.529408698579303
isophon,29,6,1000.0,1.0395287611100628
isophon,29,6,1500.0,0.7193584844542471
isophon,29,6,2000.0,-1.3610537565154175
isophon,29,6,3000.0,-4.7541207337305025
isophon,29,6,4000.0,3.775321163577928
isophon,29,6,6000.0,0.9822513053804443
isophon,29,6,8000.0,-6.664545497323331
isophon,29,7,250.0,1.089778045647023
isophon,29,7,500.0,6.461934314038686
isophon,29,7,750.0,0.5076340071651941
isophon,29,7,1000.0,7.410447745547444
isophon,29,7,1500.0,2.045626505046201
isophon,29,7,2000.0,-3.129590248393967
isophon,29,7,3000.0,0.008709074932966132
isophon,29,7,4000.0,0.904512107016302
isophon,29,7,6000.0,1.305405239810682
isophon,29,7,8000.0,-6.322372528449989
isophon,29,8,250.0,0.15742792650739545
isophon,29,8,500.0,5.063751142352231
isophon,29,8,750.0,1.294665846786188
isophon,29,8,1000.0,8.100933837238244
isophon,29,8,1500.0,3.2450677921033133
isophon,29,8,2000.0,-0.706231116482499
isophon,29,8,3000.0,1.9045753172119788
isophon,29,8,4000.0,1.9217246425003651
isophon,29,8,6000.0,5.182201247849392
isophon,29,8,8000.0,-2.1253425485170396
isophon,29,9,250.0,0.0863965594971603
isophon,29,9,500.0,4.771629028562899
isophon,29,9,750.0,2.45315798687389
isophon,29,9,1000.0,7.788223964438231
isophon,29,9,1500.0,3.545877535736892
isophon,29,9,2000.0,2.2391545274782345
isophon,29,9,3000.0,3.8930603334623584
isophon,29,9,4000.0,-0.2604458029335177
isophon,29,9,6000.0,7.0270895927125565
isophon,29,9,8000.0,2.149251970588196
isophon,29,10,250.0,1.7645073386010353
isophon,29,10,500.0,6.5304919171507265
isophon,29,10,750.0,1.8633299285483673
isophon,29,10,1000.0,4.920879773728856
isophon,29,10,1500.0,5.456664597831534
isophon,29,10,2000.0,5.52937111604362
isophon,29,10,3000.0,5.7318863953515375
isophon,29,10,4000.0,0.7553064553672613
isophon,29,10,6000.0,9.471086778305548
isophon,29,10,8000.0,4.880032834585734
isophon,30,1,250.0,-10.210387351976053
isophon,30,1,500.0,2.9398170549562153
isophon,30,1,750.0,-5.504623853248617
isophon,30,1,1000.0,-1.519907515284121
isophon,30,1,1500.0,-1.0842712066814624
isophon,30,1,2000.0,-7.95750764321977
isophon,30,1,3000.0,0.44133836453331377
isophon,30,1,4000.0,11.56173737838439
isophon,30,1,6000.0,15.29757089191682
isophon,30,1,8000.0,35.17099841418742
isophon,30,2,250.0,-1.8311736720328469
isophon,30,2,500.0,5.4951506089315245
isophon,30,2,750.0,5.962985102133537
isophon,30,2,1000.0,4.655877318193102
isophon,30,2,1500.0,0.8915530974711317
isophon,30,2,2000.0,-1.0497069002118984
isophon,30,2,3000.0,4.538160031264638
isophon,30,2,4000.0,11.234058234281903
isophon,30,2,6000.0,16.497201021316727
isophon,30,2,8000.0,33.670556910476094
isophon,30,3,250.0,1.9433473895158642
isophon,30,3,500.0,1.8010150522542716
isophon,30,3,750.0,4.820352071872783
isophon,30,3,1000.0,2.9153172236999154
isophon,30,3,1500.0,0.30159978341395544
isophon,30,3,2000.0,4.673103202497394
isophon,30,3,3000.0,-3.281599152447498
isophon,30,3,4000.0,12.896461736176825
isophon,30,3,6000.0,16.623995773121536
isophon,30,3,8000.0,27.855869674728794
isophon,30,4,250.0,-5.873162612624554
isophon,30,4,500.0,-5.642673319907743
isophon,30,4,750.0,5.804066857747287
isophon,30,4,1000.0,-0.08908464500885316
isophon,30,4,1500.0,-0.7276466623591915
isophon,30,4,2000.0,4.935062200893896
isophon,30,4,3000.0,-8.748104238768946
isophon,30,4,4000.0,6.585245584504662
isophon,30,4,6000.0,15.513390598138827
isophon,30,4,8000.0,27.350565391981668
isophon,30,5,250.0,-12.79369968278425
isophon,30,5,500.0,-0.6763374281844818
isophon,30,5,750.0,5.785416918284881
isophon,30,5,1000.0,4.373427932852849
isophon,30,5,1500.0,-5.202841364356971
isophon,30,5,2000.0,-3.6281668257426816
isophon,30,5,3000.0,-5.551425247062923
isophon,30,5,4000.0,1.4664684440604105
isophon,30,5,6000.0,13.663147776926365
isophon,30,5,8000.0,23.02254758227339
isophon,30,6,250.0,-6.111320755931246
isophon,30,6,500.0,-0.05425476023285114
isophon,30,6,750.0,3.4536057250628716
isophon,30,6,1000.0,5.356409415246603
isophon,30,6,1500.0,-4.933370789364915
isophon,30,6,2000.0,-3.0878838057697067
isophon,30,6,3000.0,-2.7868394338428146
isophon,30,6,4000.0,2.3155766760028342
isophon,30,6,6000.0,13.771075834524098
isophon,30,6,8000.0,21.45952275890491
isophon,30,7,250.0,-8.116462444163588
isophon,30,7,500.0,1.9628601690185832
isophon,30,7,750.0,3.9785222868091807
isophon,30,7,1000.0,5.504531573968563
isophon,30,7,1500.0,-1.4382490698415324
isophon,30,7,2000.0,-2.8401560011644733
isophon,30,7,3000.0,-1.5182083633328887
isophon,30,7,4000.0,4.583091018764577
isophon,30,7,6000.0,12.324250741836707
isophon,30,7,8000.0,17.98836082844636
isophon,30,8,250.0,-8.285159769030187
isophon,30,8,500.0,-1.8844867290076053
isophon,30,8,750.0,2.050592801333721
isophon,30,8,1000.0,4.238736299478859
isophon,30,8,1500.0,-0.8460140147994082
isophon,30,8,2000.0,0.5494646818544027
isophon,30,8,3000.0,1.5629479405809832
isophon,30,8,4000.0,3.0688478212875907
isophon,30,8,6000.0,14.32261428874375
isophon,30,8,8000.0,19.517549788486917
isophon,30,9,250.0,-6.934980247019624
isophon,30,9,500.0,-3.853992140016871
isophon,30,9,750.0,-0.051004314853400956
isophon,30,9,1000.0,6.026587398283553
isophon,30,9,1500.0,0.9889816646330587
isophon,30,9,2000.0,3.179429844434665
isophon,30,9,3000.0,4.000338265307548
isophon,30,9,4000.0,-0.5490263901802734
isophon,30,9,6000.0,15.403257884565448
isophon,30,9,8000.0,19.545749275376338
isophon,30,10,250.0,-3.413676628531917
isophon,30,10,500.0,-5.5837117827300915
isophon,30,10,750.0,-4.242513536384024
isophon,30,10,1000.0,3.897978537274682
isophon,30,10,1500.0,0.526807978927323
isophon,30,10,2000.0,5.4209296665270585
isophon,30,10,3000.0,7.824305864372022
isophon,30,10,4000.0,-1.6496790623218232
isophon,30,10,6000.0,12.754807625357245
isophon,30,10,8000.0,17.005302862714174
isophon,31,1,250.0,12.899700262514923
isophon,31,1,500.0,18.610975093779487
isophon,31,1,750.0,2.9849099996554713
isophon,31,1,1000.0,0.7936278271035366
isophon,31,1,1500.0,-3.7023220579459917
isophon,31,1,2000.0,-2.6761753221565243
isophon,31,1,3000.0,-4.273950724596322
isophon,31,1,4000.0,-4.517537857154288
isophon,31,1,6000.0,10.910142442242284
isophon,31,1,8000.0,-17.19313131459895
isophon,31,2,250.0,-0.10198780918862838
isophon,31,2,500.0,9.564465447060968
isophon,31,2,750.0,6.416781669080532
isophon,31,2,1000.0,10.276014547926458
isophon,31,2,1500.0,-1.3751412549746362
isophon,31,2,2000.0,-6.279506767364197
isophon,31,2,3000.0,-15.650886830275368
isophon,31,2,4000.0,-10.971284535143106
isophon,31,2,6000.0,1.4559225718738773
isophon,31,2,8000.0,-21.14010660484017
isophon,31,3,250.0,-7.609090321108155
isophon,31,3,500.0,-3.916807194463985
isophon,31,3,750.0,3.1100268210316457
isophon,31,3,1000.0,12.453264122972186
isophon,31,3,1500.0,7.417790837761231
isophon,31,3,2000.0,-7.809521496990662
isophon,31,3,3000.0,-17.343830094246975
isophon,31,3,4000.0,-13.078046315114761
isophon,31,3,6000.0,-0.9452261002039322
isophon,31,3,8000.0,-28.283543825342605
isophon,31,4,250.0,-10.457402423516967
isophon,31,4,500.0,-2.543701953051084
isophon,31,4,750.0,3.500413254089395
isophon,31,4,1000.0,8.657809359064082
isophon,31,4,1500.0,6.806255735456958
isophon,31,4,2000.0,-9.960573998057185
isophon,31,4,3000.0,-8.224722048271133
isophon,31,4,4000.0,-10.035480220760576
isophon,31,4,6000.0,-3.2375072697979377
isophon,31,4,8000.0,-27.13309107233937
isophon,31,5,250.0,-5.4504436877755325
isophon,31,5,500.0,-10.545174306812427
isophon,31,5,750.0,1.4330726030818681
isophon,31,5,1000.0,-2.158601448393341
isophon,31,5,1500.0,1.052617860344192
isophon,31,5,2000.0,-11.680869088824693
isophon,31,5,3000.0,-4.32051935247938
isophon,31,5,4000.0,-2.723908329006477
isophon,31,5,6000.0,-4.466105072185059
isophon,31,5,8000.0,-18.736759062310767
isophon,31,6,250.0,-3.663184553133931
isophon,31,6,500.0,-5.391330021044496
isophon,31,6,750.0,2.2123077535686235
isophon,31,6,1000.0,-0.564741206852915
isophon,31,6,1500.0,10.116403269472357
isophon,31,6,2000.0,-2.81028213862362
isophon,31,6,3000.0,-0.5011165434012668
isophon,31,6,4000.0,5.983691770112699
isophon,31,6,6000.0,1.6554795109629623
isophon,31,6,8000.0,-8.503801642449332
isophon,31,7,250.0,-1.694680678470604
isophon,31,7,500.0,-1.011237053701251
isophon,31,7,750.0,4.241014653849717
isophon,31,7,1000.0,-2.746940158847437
isophon,31,7,1500.0,7.667343263631082
isophon,31,7,2000.0,0.21836376548992575
isophon,31,7,3000.0,1.707956337133723
isophon,31,7,4000.0,9.86570060193442
isophon,31,7,6000.0,4.861497841004024
isophon,31,7,8000.0,-8.965311408552935
isophon,31,8,250.0,-0.6195599199792667
isophon,31,8,500.0,-2.941300553897591
isophon,31,8,750.0,6.401650712471124
isophon,31,8,1000.0,1.2415077437917432
isophon,31,8,1500.0,10.199210879655979
isophon,31,8,2000.0,4.007356931279972
isophon,31,8,3000.0,1.7680661343451902
isophon,31,8,4000.0,12.20161825076579
isophon,31,8,6000.0,2.7133773543577604
isophon,31,8,8000.0,-7.903221581703036
isophon,31,9,250.0,0.21808383018081656
isophon,31,9,500.0,-0.7477975749884109
isophon,31,9,750.0,5.869327225930846
isophon,31,9,1000.0,3.2754687146297528
isophon,31,9,1500.0,14.426723765766624
isophon,31,9,2000.0,5.867058208125883
isophon,31,9,3000.0,3.4324671608346904
isophon,31,9,4000.0,11.429167852115071
isophon,31,9,6000.0,2.870921090932825
isophon,31,9,8000.0,-7.81322173155516
isophon,31,10,250.0,0.840473608411628
isophon,31,10,500.0,2.012803218148477
isophon,31,10,750.0,9.847162523764538
isophon,31,10,1000.0,2.607377695220322
isophon,31,10,1500.0,9.951332466387441
isophon,31,10,2000.0,2.045711401845381
isophon,31,10,3000.0,-3.159907310753894
isophon,31,10,4000.0,-0.24050988667045203
isophon,31,10,6000.0,-2.5072817913609953
isophon,31,10,8000.0,-13.465020225681528
isophon,32,1,250.0,-26.8266577776035
isophon,32,1,500.0,3.101599623168596
isophon,32,1,750.0,5.02374975590657
isophon,32,1,1000.0,-5.173835810012108
isophon,32,1,1500.0,1.8371856054227607
isophon,32,1,2000.0,6.143677709773884
isophon,32,1,3000.0,10.448567151122578
isophon,32,1,4000.0,6.9380636574224255
isophon,32,1,6000.0,10.258838978341622
isophon,32,1,8000.0,24.964083752266916
isophon,32,2,250.0,-4.208045246027808
isophon,32,2,500.0,1.0307818818159546
isophon,32,2,750.0,3.473430613436996
isophon,32,2,1000.0,-0.5824232587694667
isophon,32,2,1500.0,-1.5843215625686895
isophon,32,2,2000.0,-6.4965309587066
isophon,32,2,3000.0,1.8034917345576318
isophon,32,2,4000.0,-1.3655737962363546
isophon,32,2,6000.0,7.827011619711271
isophon,32,2,8000.0,11.258945566643575
isophon,32,3,250.0,-7.007770301853881
isophon,32,3,500.0,1.8075185489225163
isophon,32,3,750.0,0.27768441122350396
isophon,32,3,1000.0,2.6042870821826654
isophon,32,3,1500.0,-0.5338412226166582
isophon,32,3,2000.0,1.128988236060792
isophon,32,3,3000.0,5.911318977963319
isophon,32,3,4000.0,-4.095124951201996
isophon,32,3,6000.0,-2.0723047394225347
isophon,32,3,8000.0,1.1641468681529261
isophon,32,4,250.0,0.7566460788109453
isophon,32,4,500.0,5.045222877164036
isophon,32,4,750.0,-0.0007128390600854573
isophon,32,4,1000.0,-0.833413731761766
isophon,32,4,1500.0,6.14511804734947
isophon,32,4,2000.0,2.5168131435533923
isophon,32,4,3000.0,6.758650131121286
isophon,32,4,4000.0,-7.1399293404879955
isophon,32,4,6000.0,-8.017632264064275
isophon,32,4,8000.0,-1.4071682537846755
isophon,32,5,250.0,3.4710505264285842
isophon,32,5,500.0,-0.59452309770694
isophon,32,5,750.0,-5.809788851618279
isophon,32,5,1000.0,-5.92592140471109
isophon,32,5,1500.0,0.5419705072283989
isophon,32,5,2000.0,-2.5373447648583465
isophon,32,5,3000.0,4.753795969529662
isophon,32,5,4000.0,-5.704866184786624
isophon,32,5,6000.0,-5.028678254054512
isophon,32,5,8000.0,3.3083238387341254
isophon,32,6,250.0,4.943140163596951
isophon,32,6,500.0,1.9881522887775844
isophon,32,6,750.0,-1.1134646745214098
isophon,32,6,1000.0,-1.1630543453196225
isophon,32,6,1500.0,0.28890822796557813
isophon,32,6,2000.0,-4.229991381055328
isophon,32,6,3000.0,-0.9397432156756622
isophon,32,6,4000.0,-1.78058247316946
isophon,32,6,6000.0,-1.9404340050734845
isophon,32,6,8000.0,5.7213958512249405
isophon,32,7,250.0,-2.7244644232325754
isophon,32,7,500.0,3.4098153754836744
isophon,32,7,750.0,1.0625748653159661
isophon,32,7,1000.0,1.8958758439928545
isophon,32,7,1500.0,1.3242189628768983
isophon,32,7,2000.0,-2.1993659670759627
isophon,32,7,3000.0,-0.05206941806824261
isophon,32,7,4000.0,-0.7318724931567573
isophon,32,7,6000.0,-2.256513519287111
isophon,32,7,8000.0,5.651630092484041
isophon,32,8,250.0,-1.0997418467021305
isophon,32,8,500.0,-0.36596616764693124
isophon,32,8,750.0,2.2759712962160847
isophon,32,8,1000.0,3.9940662320315
isophon,32,8,1500.0,2.7821796514541433
isophon,32,8,2000.0,-1.7950582591092115
isophon,32,8,3000.0,-0.11733850540520052
isophon,32,8,4000.0,0.18510325854411747
isophon,32,8,6000.0,-1.5153546142578165
isophon,32,8,8000.0,5.409266876578457
isophon,32,9,250.0,-0.7643915998163067
isophon,32,9,500.0,-3.50953829794679
isophon,32,9,750.0,3.0818643813713322
isophon,32,9,1000.0,4.656172408534715
isophon,32,9,1500.0,3.3249454328085477
isophon,32,9,2000.0,-1.01262640508466
isophon,32,9,3000.0,-0.07974865048508661
isophon,32,9,4000.0,0.7666126973127518
isophon,32,9,6000.0,-0.33490280151367813
isophon,32,9,8000.0,4.2217122017662945
isophon,32,10,250.0,-1.976836693909064
isophon,32,10,500.0,-2.706726057657221
isophon,32,10,750.0,3.013318353420786
isophon,32,10,1000.0,5.636926207338803
isophon,32,10,1500.0,3.20488464482645
isophon,32,10,2000.0,-0.03938048313405318
isophon,32,10,3000.0,0.050923085509481325
isophon,32,10,4000.0,0.6407763913932456
isophon,32,10,6000.0,-0.32476577758788494
isophon,32,10,8000.0,3.843843000092164
isophon,33,1,250.0,-6.64522306468433
isophon,33,1,500.0,28.069242407839745
isophon,33,1,750.0,22.622273565575384
isophon,33,1,1000.0,-0.8274370509409668
isophon,33,1,1500.0,-0.0728748195709219
isophon,33,1,2000.0,-5.935767268748738
isophon,33,1,3000.0,-26.926501361812278
isophon,33,1,4000.0,-32.94841947440308
isophon,33,1,6000.0,-51.756236803178666
isophon,33,1,8000.0,-40.30748327502544
isophon,33,2,250.0,10.652107068089173
isophon,33,2,500.0,17.35721711072624
isophon,33,2,750.0,14.841881458079996
isophon,33,2,1000.0,13.44066515097552
isophon,33,2,1500.0,-2.53163638719435
isophon,33,2,2000.0,-12.784355605465702
isophon,33,2,3000.0,-12.908041026433914
isophon,33,2,4000.0,-23.774806238882203
isophon,33,2,6000.0,-22.93312730285987
isophon,33,2,8000.0,-28.88055204387775
isophon,33,3,250.0,5.828786634636913
isophon,33,3,500.0,8.308999149021915
isophon,33,3,750.0,7.028412571878832
isophon,33,3,1000.0,1.12089174291971
isophon,33,3,1500.0,-11.610047980085234
isophon,33,3,2000.0,-2.5369407147766196
isophon,33,3,3000.0,-15.614023700156878
isophon,33,3,4000.0,-21.316846844962846
isophon,33,3,6000.0,-22.897441333622837
isophon,33,3,8000.0,-25.61893093599175
isophon,33,4,250.0,0.011522396982257987
isophon,33,4,500.0,-1.8567525405418621
isophon,33,4,750.0,-2.1195074004562002
isophon,33,4,1000.0,-3.371895736991249
isophon,33,4,1500.0,-7.789309361583861
isophon,33,4,2000.0,-10.90661961480538
isophon,33,4,3000.0,-12.421655389227688
isophon,33,4,4000.0,-22.921756097759825
isophon,33,4,6000.0,-13.35608361513006
isophon,33,4,8000.0,-22.30023777490952
isophon,33,5,250.0,0.36188361446954787
isophon,33,5,500.0,-0.7556214120480149
isophon,33,5,750.0,4.952825259386145
isophon,33,5,1000.0,1.550143057775216
isophon,33,5,1500.0,-0.4833485696448463
isophon,33,5,2000.0,-6.773700301809328
isophon,33,5,3000.0,-10.776527782539674
isophon,33,5,4000.0,-17.634474059025635
isophon,33,5,6000.0,-12.08584185039922
isophon,33,5,8000.0,-19.481572085547384
isophon,33,6,250.0,-3.6861814894963345
isophon,33,6,500.0,0.09037349163867248
isophon,33,6,750.0,2.2486419219474385
isophon,33,6,1000.0,1.090813034593964
isophon,33,6,1500.0,-1.5836245047192676
isophon,33,6,2000.0,-5.916278278739881
isophon,33,6,3000.0,-5.316073285178135
isophon,33,6,4000.0,-14.741937260593104
isophon,33,6,6000.0,-11.52790435628782
isophon,33,6,8000.0,-17.341035719791677
isophon,33,7,250.0,-3.140370985253284
isophon,33,7,500.0,2.211895861023436
isophon,33,7,750.0,3.966427266574158
isophon,33,7,1000.0,0.8558293101541352
isophon,33,7,1500.0,-3.788575150409656
isophon,33,7,2000.0,-7.068492641691805
isophon,33,7,3000.0,-1.8838939474224219
isophon,33,7,4000.0,-10.431117985887582
isophon,33,7,6000.0,-7.462160283471491
isophon,33,7,8000.0,-12.82647352628419
isophon,33,8,250.0,-3.007097546353549
isophon,33,8,500.0,2.6185058158574037
isophon,33,8,750.0,2.7141177273972943
isophon,33,8,1000.0,-0.6600566936800618
isophon,33,8,1500.0,-1.8347939276711855
isophon,33,8,2000.0,-6.729079862594773
isophon,33,8,3000.0,1.43143003393169
isophon,33,8,4000.0,-4.234314756903757
isophon,33,8,6000.0,-6.841569690834675
isophon,33,8,8000.0,-11.501053596337854
isophon,33,9,250.0,-3.1840744363917395
isophon,33,9,500.0,2.1745756095585733
isophon,33,9,750.0,3.583476835289929
isophon,33,9,1000.0,-2.278446314687443
isophon,33,9,1500.0,0.5540849323516284
isophon,33,9,2000.0,-5.194168610055854
isophon,33,9,3000.0,8.23146508794919
isophon,33,9,4000.0,1.4880808527610156
isophon,33,9,6000.0,-4.784287029565576
isophon,33,9,8000.0,-10.720932385405604
isophon,33,10,250.0,-0.3944700450382186
isophon,33,10,500.0,-4.757259131568546
isophon,33,10,750.0,-3.4332035672109242
isophon,33,10,1000.0,-5.504512779265696
isophon,33,10,1500.0,2.0324243713092898
isophon,33,10,2000.0,-2.0702190489880508
isophon,33,10,3000.0,7.709337888996004
isophon,33,10,4000.0,2.336273077190725
isophon,33,10,6000.0,-2.600775071255512
isophon,33,10,8000.0,-5.9171462883289365
isophon,34,1,250.0,0.7866987024624272
isophon,34,1,500.0,-3.7086068594343313
isophon,34,1,750.0,6.769768931865869
isophon,34,1,1000.0,11.490731067657467
isophon,34,1,1500.0,4.700760815804729
isophon,34,1,2000.0,-10.849724909553437
isophon,34,1,3000.0,-12.527438334193192
isophon,34,1,4000.0,8.02172686549553
isophon,34,1,6000.0,5.238734340694954
isophon,34,1,8000.0,18.91303185640993
isophon,34,2,250.0,-5.0057892062783935
isophon,34,2,500.0,7.484322369943037
isophon,34,2,750.0,11.366007587900192
isophon,34,2,1000.0,0.3626460379974361
isophon,34,2,1500.0,-2.764462757353776
isophon,34,2,2000.0,2.763468758987102
isophon,34,2,3000.0,-6.90607308477847
isophon,34,2,4000.0,9.080508404857888
isophon,34,2,6000.0,1.5000631348666147
isophon,34,2,8000.0,23.701488807123297
isophon,34,3,250.0,-2.4458911099755483
isophon,34,3,500.0,7.258815346487587
isophon,34,3,750.0,12.812611749570877
isophon,34,3,1000.0,-1.2479850981670708
isophon,34,3,1500.0,2.536760731866103
isophon,34,3,2000.0,-0.23487934794722065
isophon,34,3,3000.0,-5.331699349809355
isophon,34,3,4000.0,4.711177954156582
isophon,34,3,6000.0,-0.2925284093410596
isophon,34,3,8000.0,4.237741738289429
isophon,34,4,250.0,-5.950984798022333
isophon,34,4,500.0,8.733376353029598
isophon,34,4,750.0,12.76425914968965
isophon,34,4,1000.0,-5.13622422145238
isophon,34,4,1500.0,2.0916692449860363
isophon,34,4,2000.0,-2.3229733620297424
isophon,34,4,3000.0,-13.979302058241686
isophon,34,4,4000.0,-5.68864992739303
isophon,34,4,6000.0,-7.732811891554832
isophon,34,4,8000.0,10.583627106298096
isophon,34,5,250.0,-2.85391933315384
isophon,34,5,500.0,4.104084065103962
isophon,34,5,750.0,10.082748986172291
isophon,34,5,1000.0,-6.537314147233516
isophon,34,5,1500.0,4.0366350173230785
isophon,34,5,2000.0,2.6172546555913527
isophon,34,5,3000.0,-6.072346021293299
isophon,34,5,4000.0,1.1434298788301902
isophon,34,5,6000.0,-5.09494790992845
isophon,34,5,8000.0,11.744474829869546
isophon,34,6,250.0,-2.385677460013099
isophon,34,6,500.0,0.808658816687128
isophon,34,6,750.0,7.769289713362554
isophon,34,6,1000.0,-1.7782114080324902
isophon,34,6,1500.0,8.658715398439114
isophon,34,6,2000.0,8.310773168791044
isophon,34,6,3000.0,-0.05548346309163321
isophon,34,6,4000.0,4.192923389132417
isophon,34,6,6000.0,-1.055888544607086
isophon,34,6,8000.0,9.257801468515282
isophon,34,7,250.0,-3.293123018705387
isophon,34,7,500.0,0.006732810807676515
isophon,34,7,750.0,2.030057285110331
isophon,34,7,1000.0,-3.5567725120809683
isophon,34,7,1500.0,5.728701517281948
isophon,34,7,2000.0,4.737576269687352
isophon,34,7,3000.0,-3.5717140161517165
isophon,34,7,4000.0,-0.2439972108245172
isophon,34,7,6000.0,-4.01400504564306
isophon,34,7,8000.0,2.5303652962559227
isophon,34,8,250.0,-1.4107645274662985
isophon,34,8,500.0,-2.369455006935425
isophon,34,8,750.0,4.525640283798808
isophon,34,8,1000.0,-6.231972198486133
isophon,34,8,1500.0,0.8768151460934064
isophon,34,8,2000.0,4.475705131481362
isophon,34,8,3000.0,-0.9440355032889443
isophon,34,8,4000.0,1.072837390738684
isophon,34,8,6000.0,-2.287712730143838
isophon,34,8,8000.0,4.092577390051403
isophon,34,9,250.0,-0.8088886154227737
isophon,34,9,500.0,-4.281562970573859
isophon,34,9,750.0,-0.1332562724395956
isophon,34,9,1000.0,-4.4569273376462775
isophon,34,9,1500.0,-3.0949182728764697
isophon,34,9,2000.0,4.753280810900563
isophon,34,9,3000.0,-1.53563330751237
isophon,34,9,4000.0,-0.464821082891433
isophon,34,9,6000.0,-0.2740155840523357
isophon,34,9,8000.0,5.1327234126878665
isophon,34,10,250.0,1.022300341041003
isophon,34,10,500.0,-2.4171912760269407
isophon,34,10,750.0,0.6621665942442405
isophon,34,10,1000.0,-2.240304565429483
isophon,34,10,1500.0,-4.530858612060541
isophon,34,10,2000.0,6.824925953697374
isophon,34,10,3000.0,0.8806325789500988
isophon,34,10,4000.0,-3.1028991699218693
isophon,34,10,6000.0,-0.7143853023302427
isophon,34,10,8000.0,3.8951539897457224
isophon,35,1,250.0,17.904173818167166
isophon,35,1,500.0,17.92524293692651
isophon,35,1,750.0,2.9988945982055846
isophon,35,1,1000.0,-0.6921102276243687
isophon,35,1,1500.0,7.5732182389807345
isophon,35,1,2000.0,6.887503720037177
isophon,35,1,3000.0,9.321514748879633
isophon,35,1,4000.0,2.5972344079189913
isophon,35,1,6000.0,-6.264669428018369
isophon,35,1,8000.0,17.553226316426112
isophon,35,2,250.0,-2.3674983487761025
isophon,35,2,500.0,5.05564720105032
isophon,35,2,750.0,-2.06246551149745
isophon,35,2,1000.0,2.35588402577725
isophon,35,2,1500.0,-7.79799167397838
isophon,35,2,2000.0,12.740990121551103
isophon,35,2,3000.0,-0.15103727459708693
isophon,35,2,4000.0,10.661473900410797
isophon,35,2,6000.0,-8.404971294155956
isophon,35,2,8000.0,-5.497089349562295
isophon,35,3,250.0,-2.6005650717195223
isophon,35,3,500.0,-0.8175614435261807
isophon,35,3,750.0,-7.0633673368307655
isophon,35,3,1000.0,3.6497723084636817
isophon,35,3,1500.0,-10.387218551003365
isophon,35,3,2000.0,5.917698005825741
isophon,35,3,3000.0,4.254082057326897
isophon,35,3,4000.0,8.629239500576737
isophon,35,3,6000.0,-4.812550201850101
isophon,35,3,8000.0,-13.06973984339919
isophon,35,4,250.0,-1.4083375666379254
isophon,35,4,500.0,-4.204694158822747
isophon,35,4,750.0,-12.205784202073929
isophon,35,4,1000.0,6.68818872920982
isophon,35,4,1500.0,-9.48098207542344
isophon,35,4,2000.0,-3.005356877882619
isophon,35,4,3000.0,0.631348938792712
isophon,35,4,4000.0,-0.8811777596189359
isophon,35,4,6000.0,-9.957208422351144
isophon,35,4,8000.0,-11.185468265350949
isophon,35,5,250.0,-2.251213705501158
isophon,35,5,500.0,-12.052397502809626
isophon,35,5,750.0,-7.655189501625628
isophon,35,5,1000.0,2.8173400595344447
isophon,35,5,1500.0,-8.17177011265099
isophon,35,5,2000.0,0.8952920517641587
isophon,35,5,3000.0,-3.658919762054495
isophon,35,5,4000.0,3.7059631576065613
isophon,35,5,6000.0,-1.986349773730197
isophon,35,5,8000.0,-2.4436757355710768
isophon,35,6,250.0,1.5831797945757131
isophon,35,6,500.0,-7.413766419076765
isophon,35,6,750.0,-7.505038099658307
isophon,35,6,1000.0,0.38264391212595683
isophon,35,6,1500.0,-13.554711145639232
isophon,35,6,2000.0,-10.058383484167862
isophon,35,6,3000.0,-3.495553681276334
isophon,35,6,4000.0,-0.1482833837090709
isophon,35,6,6000.0,-7.896479630756531
isophon,35,6,8000.0,-8.163032512514505
isophon,35,7,250.0,-0.8499316210903487
isophon,35,7,500.0,-3.043562606278641
isophon,35,7,750.0,-2.0475713150325987
isophon,35,7,1000.0,5.612263330810521
isophon,35,7,1500.0,-8.899271006137283
isophon,35,7,2000.0,-5.374574756590292
isophon,35,7,3000.0,1.4409896661767476
isophon,35,7,4000.0,2.871861974641533
isophon,35,7,6000.0,-4.965721614114798
isophon,35,7,8000.0,-7.408316569341807
isophon,35,8,250.0,0.42585117033836184
isophon,35,8,500.0,-8.051478422319136
isophon,35,8,750.0,-2.791359330511142
isophon,35,8,1000.0,6.452268497831483
isophon,35,8,1500.0,-6.932004894536604
isophon,35,8,2000.0,-3.2360852270921185
isophon,35,8,3000.0,1.4337856333479522
isophon,35,8,4000.0,0.09665719732866762
isophon,35,8,6000.0,-5.345700024813141
isophon,35,8,8000.0,-10.026530471019186
isophon,35,9,250.0,2.0564509945949396
isophon,35,9,500.0,-5.9537381275983705
isophon,35,9,750.0,-5.342408837685667
isophon,35,9,1000.0,7.522918137927874
isophon,35,9,1500.0,-3.5537158686587986
isophon,35,9,2000.0,-2.1573991078912087
isophon,35,9,3000.0,5.938812657816115
isophon,35,9,4000.0,-1.653135949615148
isophon,35,9,6000.0,-6.75329710225904
isophon,35,9,8000.0,-11.687192916036068
isophon,35,10,250.0,-2.248802529696775
isophon,35,10,500.0,-5.213716295355468
isophon,35,10,750.0,-4.294213215632553
isophon,35,10,1000.0,1.088823191530011
isophon,35,10,1500.0,-2.352517884354995
isophon,35,10,2000.0,-2.896749571802971
isophon,35,10,3000.0,7.384240291159614
isophon,35,10,4000.0,-3.4257392315730613
isophon,35,10,6000.0,-4.039763037406416
isophon,35,10,8000.0,-8.26446851563037
isophon,36,1,250.0,-6.373932857703508
isophon,36,1,500.0,-2.639964981657208
isophon,36,1,750.0,-1.4383105974311743
isophon,36,1,1000.0,-6.887668680787568
isophon,36,1,1500.0,1.723051250379804
isophon,36,1,2000.0,24.194567669790064
isophon,36,1,3000.0,22.304466552734375
isophon,36,1,4000.0,9.217939368109509
isophon,36,1,6000.0,-15.219830629804413
isophon,36,1,8000.0,-25.285644053376657
isophon,36,2,250.0,0.14543076263831267
isophon,36,2,500.0,-13.111560805964963
isophon,36,2,750.0,-15.089520237895073
isophon,36,2,1000.0,0.1505012065517981
isophon,36,2,1500.0,4.314969870938327
isophon,36,2,2000.0,-2.7576016666602463
isophon,36,2,3000.0,1.1296105911335914
isophon,36,2,4000.0,-13.857637372675555
isophon,36,2,6000.0,-19.54394006310087
isophon,36,2,8000.0,-27.524298049466566
isophon,36,3,250.0,4.611962766853537
isophon,36,3,500.0,-7.7676121683261385
isophon,36,3,750.0,-7.6106147641451045
isophon,36,3,1000.0,2.9837715446667694
isophon,36,3,1500.0,-7.351683775796516
isophon,36,3,2000.0,-5.67890863477524
isophon,36,3,3000.0,-0.16133670449529802
isophon,36,3,4000.0,-6.861750664410813
isophon,36,3,6000.0,-16.282216184414082
isophon,36,3,8000.0,-24.54850422411998
isophon,36,4,250.0,15.293448851556654
isophon,36,4,500.0,2.3698318900295803
isophon,36,4,750.0,-0.6310670025920757
isophon,36,4,1000.0,1.828161914070364
isophon,36,4,1500.0,-9.745755418421012
isophon,36,4,2000.0,-2.7103595738223802
isophon,36,4,3000.0,1.0641345791721406
isophon,36,4,4000.0,-0.28214066763022316
isophon,36,4,6000.0,-7.075429341675786
isophon,36,4,8000.0,-18.476680168551006
isophon,36,5,250.0,11.662246572366115
isophon,36,5,500.0,-7.617627227706635
isophon,36,5,750.0,-7.125674192016675
isophon,36,5,1000.0,0.40455129156276826
isophon,36,5,1500.0,-5.406873841849929
isophon,36,5,2000.0,6.979202782813445
isophon,36,5,3000.0,4.592514488163275
isophon,36,5,4000.0,0.8221071128153383
isophon,36,5,6000.0,-6.871148357491464
isophon,36,5,8000.0,-23.104744957149578
isophon,36,6,250.0,6.25957404414595
isophon,36,6,500.0,-7.06286045567316
isophon,36,6,750.0,-4.4792864703512265
isophon,36,6,1000.0,-0.6022640012798064
isophon,36,6,1500.0,-1.9735843920396121
isophon,36,6,2000.0,-0.9991968447581314
isophon,36,6,3000.0,-1.7786275323672953
isophon,36,6,4000.0,1.5469641775816996
isophon,36,6,6000.0,-6.887002356483805
isophon,36,6,8000.0,-16.578123930060087
isophon,36,7,250.0,-4.7643548523290775
isophon,36,7,500.0,-7.61954584228873
isophon,36,7,750.0,-5.748340824449926
isophon,36,7,1000.0,-1.09670650681025
isophon,36,7,1500.0,-1.679856662111888
isophon,36,7,2000.0,0.5155839153880919
isophon,36,7,3000.0,1.1058129427609344
isophon,36,7,4000.0,4.492173719164143
isophon,36,7,6000.0,-3.343821752186784
isophon,36,7,8000.0,-16.121175490726273
isophon,36,8,250.0,-2.588979381210649
isophon,36,8,500.0,-7.545062828866762
isophon,36,8,750.0,-2.595017922613593
isophon,36,8,1000.0,3.634316947826022
isophon,36,8,1500.0,-0.13244236284614885
isophon,36,8,2000.0,2.7461106057493083
isophon,36,8,3000.0,-3.865514293990799
isophon,36,8,4000.0,2.3828263246446966
isophon,36,8,6000.0,-2.8188825018477104
isophon,36,8,8000.0,-11.659488744922285
isophon,36,9,250.0,-0.4852450940509101
isophon,36,9,500.0,-9.3091172459945
isophon,36,9,750.0,-0.8806021421147818
isophon,36,9,1000.0,4.622742090439914
isophon,36,9,1500.0,0.1934237605740634
isophon,36,9,2000.0,1.9411684374068159
isophon,36,9,3000.0,-8.21176055908181
isophon,36,9,4000.0,4.0576012182789185
isophon,36,9,6000.0,-3.7418689160341216
isophon,36,9,8000.0,-10.908808844233562
isophon,36,10,250.0,2.2917283776464643
isophon,36,10,500.0,-5.25964280570831
isophon,36,10,750.0,2.09553825651021
isophon,36,10,1000.0,9.688807391843767
isophon,36,10,1500.0,5.21377637599835
isophon,36,10,2000.0,0.3271774913116303
isophon,36,10,3000.0,-6.655114746093531
isophon,36,10,4000.0,6.975620661276508
isophon,36,10,6000.0,-4.274800167219183
isophon,36,10,8000.0,-6.143695893455003
isophon,37,1,250.0,-12.538591124690086
isophon,37,1,500.0,2.6759073440910974
isophon,37,1,750.0,-9.21194700317507
isophon,37,1,1000.0,0.6183883115575242
isophon,37,1,1500.0,-7.294866442775547
isophon,37,1,2000.0,-4.787270740459782
isophon,37,1,3000.0,-4.440921825114341
isophon,37,1,4000.0,-4.185116011729665
isophon,37,1,6000.0,11.367019958496094
isophon,37,1,8000.0,-22.01565965168784
isophon,37,2,250.0,-3.2832587238495563
isophon,37,2,500.0,-4.821820077804155
isophon,37,2,750.0,-4.295467364350593
isophon,37,2,1000.0,-4.29304506318379
isophon,37,2,1500.0,-4.808738588948046
isophon,37,2,2000.0,10.498758081781126
isophon,37,2,3000.0,-0.8296693649229354
isophon,37,2,4000.0,-6.271950457633423
isophon,37,2,6000.0,3.7837286471416647
isophon,37,2,8000.0,-22.26507550349561
isophon,37,3,250.0,-4.067818909308627
isophon,37,3,500.0,-5.680271784920421
isophon,37,3,750.0,-6.832010746406894
isophon,37,3,1000.0,-1.963215399018253
isophon,37,3,1500.0,4.706619287041562
isophon,37,3,2000.0,0.8591994086438817
isophon,37,3,3000.0,6.090309817147713
isophon,37,3,4000.0,-4.795351118527755
isophon,37,3,6000.0,-2.5883398514972953
isophon,37,3,8000.0,-19.60657112220236
isophon,37,4,250.0,5.364575310405172
isophon,37,4,500.0,-0.014836765277152608
isophon,37,4,750.0,-9.875609823360804
isophon,37,4,1000.0,-2.974428705337658
isophon,37,4,1500.0,3.6647102085690193
isophon,37,4,2000.0,1.1080529977433144
isophon,37,4,3000.0,4.290307837819832
isophon,37,4,4000.0,7.67175208768154
isophon,37,4,6000.0,-13.688362128515891
isophon,37,4,8000.0,-19.453233205547434
isophon,37,5,250.0,-2.161234968860981
isophon,37,5,500.0,-2.3966706878105697
isophon,37,5,750.0,-6.264193913046725
isophon,37,5,1000.0,0.4130952942808932
isophon,37,5,1500.0,2.2439764452693396
isophon,37,5,2000.0,6.025822635647046
isophon,37,5,3000.0,0.23477290444277799
isophon,37,5,4000.0,-1.2630203591571814
isophon,37,5,6000.0,-17.43636984189017
isophon,37,5,8000.0,-31.662725181613823
isophon,37,6,250.0,5.958316658313095
isophon,37,6,500.0,3.9993473987400137
isophon,37,6,750.0,1.7733087644190704
isophon,37,6,1000.0,0.13353662073600958
isophon,37,6,1500.0,-3.390623455119524
isophon,37,6,2000.0,-1.0915096797937025
isophon,37,6,3000.0,1.636825529299898
isophon,37,6,4000.0,-0.7569671420059478
isophon,37,6,6000.0,-12.904738801903122
isophon,37,6,8000.0,-22.409903362294173
isophon,37,7,250.0,4.602068193819818
isophon,37,7,500.0,6.108902787792488
isophon,37,7,750.0,3.5817281172032125
isophon,37,7,1000.0,1.6662506853684533
isophon,37,7,1500.0,1.0891251415712873
isophon,37,7,2000.0,1.4800627767199757
isophon,37,7,3000.0,1.9000892359650692
isophon,37,7,4000.0,-1.335822124110237
isophon,37,7,6000.0,-10.849868287699039
isophon,37,7,8000.0,-25.200901853845465
isophon,37,8,250.0,3.0728525197948215
isophon,37,8,500.0,6.171874893689164
isophon,37,8,750.0,3.586721551237801
isophon,37,8,1000.0,1.7747834542158785
isophon,37,8,1500.0,2.2475904640612896
isophon,37,8,2000.0,5.067930092923305
isophon,37,8,3000.0,6.212078164492013
isophon,37,8,4000.0,0.6325737514977448
isophon,37,8,6000.0,-11.547788640527543
isophon,37,8,8000.0,-20.408133291389802
isophon,37,9,250.0,2.310796595005101
isophon,37,9,500.0,5.647860543004597
isophon,37,9,750.0,3.056574672250079
isophon,37,9,1000.0,2.18453546436065
isophon,37,9,1500.0,3.4517142966789294
isophon,37,9,2000.0,6.057013127325774
isophon,37,9,3000.0,11.58903493733223
isophon,37,9,4000.0,-2.688481791455544
isophon,37,9,6000.0,-10.658072509765631
isophon,37,9,8000.0,-15.120092846679455
isophon,37,10,250.0,2.1636695359811
isophon,37,10,500.0,4.881698086768779
isophon,37,10,750.0,-2.0177345066251036
isophon,37,10,1000.0,1.1713666377641658
isophon,37,10,1500.0,2.2477704902386932
isophon,37,10,2000.0,6.591110000844324
isophon,37,10,3000.0,13.166872612281793
isophon,37,10,4000.0,-3.1430406506626127
isophon,37,10,6000.0,-7.517919158935541
isophon,37,10,8000.0,-10.255172044361402
isophon,38,1,250.0,-28.66310812686325
isophon,38,1,500.0,1.8916707653140676
isophon,38,1,750.0,7.839827171846974
isophon,38,1,1000.0,2.6730750962117398
isophon,38,1,1500.0,-8.558777393446483
isophon,38,1,2000.0,-22.452061516859573
isophon,38,1,3000.0,-6.652367598473724
isophon,38,1,4000.0,3.6939449259637165
isophon,38,1,6000.0,1.53745322577754
isophon,38,1,8000.0,-19.93481533692737
isophon,38,2,250.0,-3.8298268788361085
isophon,38,2,500.0,6.453590604855982
isophon,38,2,750.0,2.3524415086010464
isophon,38,2,1000.0,5.158983539078427
isophon,38,2,1500.0,-3.324515706946734
isophon,38,2,2000.0,-9.214754508974337
isophon,38,2,3000.0,0.37401262849973804
isophon,38,2,4000.0,-1.169486239187819
isophon,38,2,6000.0,-7.413065932372874
isophon,38,2,8000.0,-3.2879428928426364
isophon,38,3,250.0,-7.236416363866141
isophon,38,3,500.0,5.589495510716091
isophon,38,3,750.0,-2.978373750773585
isophon,38,3,1000.0,6.191324864503102
isophon,38,3,1500.0,-5.739552179716732
isophon,38,3,2000.0,-1.074209041239918
isophon,38,3,3000.0,-6.589159983989006
isophon,38,3,4000.0,-4.7169069662275405
isophon,38,3,6000.0,-2.9219069410463874
isophon,38,3,8000.0,-5.165286776618629
isophon,38,4,250.0,-2.9455061246574417
isophon,38,4,500.0,7.888285684344126
isophon,38,4,750.0,-5.61565462986124
isophon,38,4,1000.0,4.025097241992285
isophon,38,4,1500.0,-3.5510045599090887
isophon,38,4,2000.0,1.5053230432919449
isophon,38,4,3000.0,-4.80663008274292
isophon,38,4,4000.0,-6.421746045859152
isophon,38,4,6000.0,-4.111876163006912
isophon,38,4,8000.0,-3.304102922644347
isophon,38,5,250.0,5.660948815100156
isophon,38,5,500.0,6.136746331896887
isophon,38,5,750.0,-2.6135434482042257
isophon,38,5,1000.0,3.4510569715323527
isophon,38,5,1500.0,-0.4624426347370161
isophon,38,5,2000.0,5.118318161110182
isophon,38,5,3000.0,-0.3811153812117567
isophon,38,5,4000.0,0.534241954294103
isophon,38,5,6000.0,-3.197052014160491
isophon,38,5,8000.0,-2.583931068102629
isophon,38,6,250.0,4.35832293069754
isophon,38,6,500.0,10.007381876126956
isophon,38,6,750.0,-1.439429894218435
isophon,38,6,1000.0,4.645494616854805
isophon,38,6,1500.0,0.9538788271533178
isophon,38,6,2000.0,-1.7637520520175656
isophon,38,6,3000.0,4.440117194003037
isophon,38,6,4000.0,1.17487557192959
isophon,38,6,6000.0,-1.8084668385809124
isophon,38,6,8000.0,2.214318133553448
isophon,38,7,250.0,1.0377857293662487
isophon,38,7,500.0,1.0652796972572673
isophon,38,7,750.0,-4.777942974777517
isophon,38,7,1000.0,3.925885416895426
isophon,38,7,1500.0,-1.7110810473024145
isophon,38,7,2000.0,0.7718153668661358
isophon,38,7,3000.0,8.261051135184644
isophon,38,7,4000.0,5.538753751878517
isophon,38,7,6000.0,0.875580454229393
isophon,38,7,8000.0,-3.0638031001008414
isophon,38,8,250.0,-1.486886644320947
isophon,38,8,500.0,1.073212376507655
isophon,38,8,750.0,-5.246450627843117
isophon,38,8,1000.0,0.8506355554425369
isophon,38,8,1500.0,-0.7769796124796926
isophon,38,8,2000.0,0.32888459762983757
isophon,38,8,3000.0,9.934732856539597
isophon,38,8,4000.0,-0.9699743920329524
isophon,38,8,6000.0,0.11785612830875891
isophon,38,8,8000.0,-3.1792093764429836
isophon,38,9,250.0,-2.5924986811827466
isophon,38,9,500.0,1.8771287961282752
isophon,38,9,750.0,-1.5630580819476023
isophon,38,9,1000.0,1.464526645442362
isophon,38,9,1500.0,1.612684543520814
isophon,38,9,2000.0,0.13519782552812387
isophon,38,9,3000.0,10.097516894666981
isophon,38,9,4000.0,-5.261383491599815
isophon,38,9,6000.0,-2.494237398154553
isophon,38,9,8000.0,-3.8392190324122026
isophon,38,10,250.0,-0.6516358269454372
isophon,38,10,500.0,6.343364196130651
isophon,38,10,750.0,-0.16359642630597193
isophon,38,10,1000.0,4.514067624343156
isophon,38,10,1500.0,3.3137305437831657
isophon,38,10,2000.0,2.2982480488188486
isophon,38,10,3000.0,12.829439050756264
isophon,38,10,4000.0,-4.065273206843017
isophon,38,10,6000.0,-0.245552539527381
isophon,38,10,8000.0,-3.4653001808255226
isophon,39,1,250.0,-19.128845077314267
isophon,39,1,500.0,-1.899520155958344
isophon,39,1,750.0,-15.501751124858796
isophon,39,1,1000.0,-7.892997400129332
isophon,39,1,1500.0,-1.787106599905412
isophon,39,1,2000.0,-1.0769100153578552
isophon,39,1,3000.0,-1.2759910688148697
isophon,39,1,4000.0,1.3746159125687072
isophon,39,1,6000.0,0.14271750646091874
isophon,39,1,8000.0,3.624455574181148
isophon,39,2,250.0,-1.9049464371821543
isophon,39,2,500.0,8.232002285045745
isophon,39,2,750.0,-8.442326934601283
isophon,39,2,1000.0,-0.9447822922253692
isophon,39,2,1500.0,-6.19035623268924
isophon,39,2,2000.0,3.312959881225396
isophon,39,2,3000.0,9.741238613477343
isophon,39,2,4000.0,7.595326849258399
isophon,39,2,6000.0,-7.3449998841502335
isophon,39,2,8000.0,9.633162308699262
isophon,39,3,250.0,3.739311720935845
isophon,39,3,500.0,7.13206099246446
isophon,39,3,750.0,-2.708919952394666
isophon,39,3,1000.0,1.1928317966184565
isophon,39,3,1500.0,-0.2814007210580982
isophon,39,3,2000.0,10.318476318432502
isophon,39,3,3000.0,5.752726062442775
isophon,39,3,4000.0,1.8622885458096192
isophon,39,3,6000.0,-3.8676804283538573
isophon,39,3,8000.0,4.2006292666574225
isophon,39,4,250.0,-0.7396699311963388
isophon,39,4,500.0,5.260751073757071
isophon,39,4,750.0,0.7088069713540008
isophon,39,4,1000.0,-0.22704214721747462
isophon,39,4,1500.0,-3.7217862430789026
isophon,39,4,2000.0,10.433770401153254
isophon,39,4,3000.0,0.28673913728540157
isophon,39,4,4000.0,-2.1075032479139395
isophon,39,4,6000.0,-4.15044372725032
isophon,39,4,8000.0,3.8534140169509143
isophon,39,5,250.0,-5.884138932091986
isophon,39,5,500.0,2.8538911500943698
isophon,39,5,750.0,0.25124003259570316
isophon,39,5,1000.0,1.6910048744954622
isophon,39,5,1500.0,-5.321737880718217
isophon,39,5,2000.0,3.910753894073679
isophon,39,5,3000.0,-7.895020280192156
isophon,39,5,4000.0,-7.493956936134822
isophon,39,5,6000.0,-7.17201881504343
isophon,39,5,8000.0,3.301315476203939
isophon,39,6,250.0,2.278059473185394
isophon,39,6,500.0,-1.2155689504277234
isophon,39,6,750.0,-4.635690764176729
isophon,39,6,1000.0,-1.0515301506413834
isophon,39,6,1500.0,-4.3415764042008504
isophon,39,6,2000.0,1.0484715866060839
isophon,39,6,3000.0,-2.8286846880152154
isophon,39,6,4000.0,-4.418073211628268
isophon,39,6,6000.0,-4.3317994067889884
isophon,39,6,8000.0,3.962137604842397
isophon,39,7,250.0,1.4562800966829883
isophon,39,7,500.0,1.3845896661305943
isophon,39,7,750.0,-3.353769635567744
isophon,39,7,1000.0,-1.3877824682262911
isophon,39,7,1500.0,-3.586724250044952
isophon,39,7,2000.0,0.15003855914845587
isophon,39,7,3000.0,-1.6187449858712881
isophon,39,7,4000.0,-1.3652733407727453
isophon,39,7,6000.0,-3.6636561688283393
isophon,39,7,8000.0,3.483997143999332
isophon,39,8,250.0,2.876311889467587
isophon,39,8,500.0,0.662742714927063
isophon,39,8,750.0,-3.682626632715497
isophon,39,8,1000.0,-0.9045213749684677
isophon,39,8,1500.0,-3.5453016059204003
isophon,39,8,2000.0,3.4018466752334007
isophon,39,8,3000.0,0.34460693282888144
isophon,39,8,4000.0,-3.377440210601847
isophon,39,8,6000.0,-0.9994322326462992
isophon,39,8,8000.0,6.233539078067466
isophon,39,9,250.0,4.089966326542452
isophon,39,9,500.0,1.1019558549542126
isophon,39,9,750.0,-4.909441910644887
isophon,39,9,1000.0,0.7893051931055766
isophon,39,9,1500.0,-0.9690592455283564
isophon,39,9,2000.0,5.875448371856393
isophon,39,9,3000.0,1.9779352113976216
isophon,39,9,4000.0,-6.04158631353387
isophon,39,9,6000.0,1.4134218220535644
isophon,39,9,8000.0,8.19542378105983
isophon,39,10,250.0,8.775577820948598
isophon,39,10,500.0,0.9646915020569793
isophon,39,10,750.0,-6.723945892141103
isophon,39,10,1000.0,0.2880456255884525
isophon,39,10,1500.0,-2.283591563992033
isophon,39,10,2000.0,8.411919286352301
isophon,39,10,3000.0,4.919168272405315
isophon,39,10,4000.0,-7.251556025215379
isophon,39,10,6000.0,0.3773421315311367
isophon,39,10,8000.0,7.715837720368853
isophon,40,1,250.0,3.5100792387670072
isophon,40,1,500.0,-22.87752734915724
isophon,40,1,750.0,-24.194658692947332
isophon,40,1,1000.0,-6.189573856543051
isophon,40,1,1500.0,-4.714897349142172
isophon,40,1,2000.0,-10.123897542145336
isophon,40,1,3000.0,-5.700097732543945
isophon,40,1,4000.0,-8.685053666463476
isophon,40,1,6000.0,-9.132495023527055
isophon,40,1,8000.0,-10.029118593706961
isophon,40,2,250.0,-3.8140182625513006
isophon,40,2,500.0,-9.670877618156979
isophon,40,2,750.0,-11.875941068005218
isophon,40,2,1000.0,3.959539685529162
isophon,40,2,1500.0,-9.122062926076516
isophon,40,2,2000.0,-8.057445040512192
isophon,40,2,3000.0,-4.099188609002425
isophon,40,2,4000.0,-13.031760697519573
isophon,40,2,6000.0,3.0116721430332802
isophon,40,2,8000.0,-13.085494125457203
isophon,40,3,250.0,-9.352392354249318
isophon,40,3,500.0,0.03373866032728756
isophon,40,3,750.0,-5.304393505996899
isophon,40,3,1000.0,3.936829896906474
isophon,40,3,1500.0,-12.391400516978493
isophon,40,3,2000.0,-7.995569157004894
isophon,40,3,3000.0,2.6537380425308044
isophon,40,3,4000.0,-7.559864148345341
isophon,40,3,6000.0,8.733711129812512
isophon,40,3,8000.0,-10.507625787064484
isophon,40,4,250.0,-4.641103053384711
isophon,40,4,500.0,8.442029421834533
isophon,40,4,750.0,-0.08631811176621795
isophon,40,4,1000.0,0.5142448182743635
isophon,40,4,1500.0,-7.06445871496436
isophon,40,4,2000.0,-3.929822550483351
isophon,40,4,3000.0,10.710954395847757
isophon,40,4,4000.0,5.778622552025979
isophon,40,4,6000.0,12.127591956688306
isophon,40,4,8000.0,1.324964238823867
isophon,40,5,250.0,3.21572811607345
isophon,40,5,500.0,2.443101195784834
isophon,40,5,750.0,-2.8860780129122645
isophon,40,5,1000.0,-0.6674538490875079
isophon,40,5,1500.0,-4.780372780877542
isophon,40,5,2000.0,-4.373670219689032
isophon,40,5,3000.0,14.709604571390244
isophon,40,5,4000.0,1.628691943089052
isophon,40,5,6000.0,5.110755511618919
isophon,40,5,8000.0,-3.7684812865244623
isophon,40,6,250.0,0.9528590170335889
isophon,40,6,500.0,-1.6662986555760995
isophon,40,6,750.0,-1.434563933594447
isophon,40,6,1000.0,-4.023477605823189
isophon,40,6,1500.0,-5.275141106099426
isophon,40,6,2000.0,1.9845512657368687
isophon,40,6,3000.0,4.4887378078777544
isophon,40,6,4000.0,-5.352258647888192
isophon,40,6,6000.0,2.112207612998958
isophon,40,6,8000.0,1.8059126979976412
isophon,40,7,250.0,-2.040741399350935
isophon,40,7,500.0,-1.8738152376735826
isophon,40,7,750.0,-3.824036841520524
isophon,40,7,1000.0,-4.050643892725233
isophon,40,7,1500.0,-4.614815149456078
isophon,40,7,2000.0,2.017558608059659
isophon,40,7,3000.0,0.3679195731918128
isophon,40,7,4000.0,-4.923185012810308
isophon,40,7,6000.0,1.2943292302031892
isophon,40,7,8000.0,1.0727103500468331
isophon,40,8,250.0,-3.180096497430327
isophon,40,8,500.0,-2.9937319656363144
isophon,40,8,750.0,-0.8696265739630888
isophon,40,8,1000.0,-5.807203772631496
isophon,40,8,1500.0,-1.419958501728189
isophon,40,8,2000.0,-0.05935128558090241
isophon,40,8,3000.0,-2.6421552205480054
isophon,40,8,4000.0,-2.933243336670998
isophon,40,8,6000.0,-2.17369573556455
isophon,40,8,8000.0,-2.2933971607761094
isophon,40,9,250.0,-4.865898200131184
isophon,40,9,500.0,-5.5916738891601625
isophon,40,9,750.0,2.5094101698951903
isophon,40,9,1000.0,-4.294193007830671
isophon,40,9,1500.0,0.35400289453528444
isophon,40,9,2000.0,0.7387665204739591
isophon,40,9,3000.0,-6.037905731201178
isophon,40,9,4000.0,-1.3800268370861204
isophon,40,9,6000.0,-3.510268249511725
isophon,40,9,8000.0,-4.580069953203662
isophon,40,10,250.0,-2.2397575070432225
isophon,40,10,500.0,-3.795049285888666
isophon,40,10,750.0,3.565204680169586
isophon,40,10,1000.0,-1.4186205372626262
isophon,40,10,1500.0,0.9078216470797003
isophon,40,10,2000.0,3.115284093472141
isophon,40,10,3000.0,-3.47268447875976
isophon,40,10,4000.0,-0.5765611216604043
isophon,40,10,6000.0,-2.019387817382807
isophon,40,10,8000.0,-1.3368602257729094
isophon,41,1,250.0,-8.416336386500006
isophon,41,1,500.0,-4.285891223325864
isophon,41,1,750.0,-13.698942205596374
isophon,41,1,1000.0,-9.611088204039081
isophon,41,1,1500.0,-12.958610352022577
isophon,41,1,2000.0,-23.82022967906957
isophon,41,1,3000.0,-22.597072294848424
isophon,41,1,4000.0,-11.753784093864606
isophon,41,1,6000.0,-18.526508658300983
isophon,41,1,8000.0,-2.717167633832929
isophon,41,2,250.0,-5.652610512703944
isophon,41,2,500.0,1.0300624875343303
isophon,41,2,750.0,4.1033756962862
isophon,41,2,1000.0,4.125599532218867
isophon,41,2,1500.0,-20.974951665332085
isophon,41,2,2000.0,-12.19873118323423
isophon,41,2,3000.0,-10.233415066089165
isophon,41,2,4000.0,3.633404579360537
isophon,41,2,6000.0,-13.506717146817195
isophon,41,2,8000.0,4.8721031681769205
isophon,41,3,250.0,3.274643060271508
isophon,41,3,500.0,3.187561463050727
isophon,41,3,750.0,-0.3386321524422655
isophon,41,3,1000.0,5.703465059620314
isophon,41,3,1500.0,-14.475331142110818
isophon,41,3,2000.0,-0.6119494362801277
isophon,41,3,3000.0,0.12904886848068742
isophon,41,3,4000.0,3.374051833322838
isophon,41,3,6000.0,-7.189980486869445
isophon,41,3,8000.0,6.664463121066454
isophon,41,4,250.0,2.555872865707002
isophon,41,4,500.0,13.444337807671786
isophon,41,4,750.0,1.1223205185403842
isophon,41,4,1000.0,2.5519898716009024
isophon,41,4,1500.0,-8.2185864078034
isophon,41,4,2000.0,8.102448875110241
isophon,41,4,3000.0,-0.08373551290786452
isophon,41,4,4000.0,3.0381024430258776
isophon,41,4,6000.0,-4.096663452703126
isophon,41,4,8000.0,9.316925319301191
isophon,41,5,250.0,-8.267605995640864
isophon,41,5,500.0,15.11538609843359
isophon,41,5,750.0,3.1920049177993803
isophon,41,5,1000.0,9.374473345694426
isophon,41,5,1500.0,-7.818331124151641
isophon,41,5,2000.0,-1.3217139893552172
isophon,41,5,3000.0,-6.6387996908136415
isophon,41,5,4000.0,2.2681124724685873
isophon,41,5,6000.0,-5.515566148349706
isophon,41,5,8000.0,8.855348421028808
isophon,41,6,250.0,-1.9946995948340316
isophon,41,6,500.0,14.728806111014109
isophon,41,6,750.0,5.643647935837933
isophon,41,6,1000.0,-4.399961046599785
isophon,41,6,1500.0,-3.981255138412479
isophon,41,6,2000.0,-3.7282911609446785
isophon,41,6,3000.0,-4.001907561268183
isophon,41,6,4000.0,3.758595907917055
isophon,41,6,6000.0,-0.9819337431396917
isophon,41,6,8000.0,6.90381096021639
isophon,41,7,250.0,-3.597478893706551
isophon,41,7,500.0,15.743758548550517
isophon,41,7,750.0,4.905892831153508
isophon,41,7,1000.0,-2.7027586984963534
isophon,41,7,1500.0,-4.297270899943712
isophon,41,7,2000.0,-4.926563790700953
isophon,41,7,3000.0,-2.295461806626591
isophon,41,7,4000.0,6.666784787979822
isophon,41,7,6000.0,-1.4484083900373577
isophon,41,7,8000.0,4.751968838979195
isophon,41,8,250.0,-4.373993425154154
isophon,41,8,500.0,10.206430582908467
isophon,41,8,750.0,2.579932906564153
isophon,41,8,1000.0,-4.090256015666355
isophon,41,8,1500.0,-3.3612437219792355
isophon,41,8,2000.0,-2.3387728587484844
isophon,41,8,3000.0,0.5754963480541448
isophon,41,8,4000.0,4.999018495455218
isophon,41,8,6000.0,0.5850445419741988
isophon,41,8,8000.0,6.615678946229153
isophon,41,9,250.0,-4.424111435991122
isophon,41,9,500.0,8.693119443883816
isophon,41,9,750.0,-1.0066489715366913
isophon,41,9,1000.0,-2.153299898658318
isophon,41,9,1500.0,-2.4120313893427863
isophon,41,9,2000.0,0.1450549810822821
isophon,41,9,3000.0,2.6898486986682286
isophon,41,9,4000.0,1.6625236525097478
isophon,41,9,6000.0,1.7360048097533536
isophon,41,9,8000.0,6.738135961050503
isophon,41,10,250.0,-1.6638648156538665
isophon,41,10,500.0,7.113542126715856
isophon,41,10,750.0,-4.8616965655206315
isophon,41,10,1000.0,-3.2003303673120627
isophon,41,10,1500.0,-4.628041811319946
isophon,41,10,2000.0,1.9888628441146352
isophon,41,10,3000.0,6.6222252681079965
isophon,41,10,4000.0,-0.6230784629550499
isophon,41,10,6000.0,-1.308048638292746
isophon,41,10,8000.0,5.083719503463584
isophon,42,1,250.0,-5.204176674113654
isophon,42,1,500.0,12.715529871076775
isophon,42,1,750.0,3.28064640917561
isophon,42,1,1000.0,5.55834455651317
isophon,42,1,1500.0,-1.6190807987195797
isophon,42,1,2000.0,15.303160490690402
isophon,42,1,3000.0,-0.7618132708261456
isophon,42,1,4000.0,-0.730922209277665
isophon,42,1,6000.0,0.22708388728034912
isophon,42,1,8000.0,-11.216643014436507
isophon,42,2,250.0,-2.5460349098047175
isophon,42,2,500.0,0.0454572227355996
isophon,42,2,750.0,0.2643535140605522
isophon,42,2,1000.0,3.15059679381244
isophon,42,2,1500.0,-8.97900706884166
isophon,42,2,2000.0,-4.978195140816808
isophon,42,2,3000.0,5.342352072679944
isophon,42,2,4000.0,7.479562666082089
isophon,42,2,6000.0,-1.529875619757732
isophon,42,2,8000.0,1.1799698474625586
isophon,42,3,250.0,-1.1139893037533781
isophon,42,3,500.0,0.42089467693159577
isophon,42,3,750.0,1.8103191822944282
isophon,42,3,1000.0,1.2742893623621185
isophon,42,3,1500.0,-1.0154091329997357
isophon,42,3,2000.0,-6.908742439927053
isophon,42,3,3000.0,15.642398181844541
isophon,42,3,4000.0,5.008189679746081
isophon,42,3,6000.0,-6.634584848466879
isophon,42,3,8000.0,1.0039435337272877
isophon,42,4,250.0,-6.465478411595001
isophon,42,4,500.0,-1.7837262268668326
isophon,42,4,750.0,7.739691845517022
isophon,42,4,1000.0,-1.1969621080896644
isophon,42,4,1500.0,4.138820772763829
isophon,42,4,2000.0,-3.076804271873513
isophon,42,4,3000.0,4.342585282016643
isophon,42,4,4000.0,7.292904911165522
isophon,42,4,6000.0,-2.6513584916345962
isophon,42,4,8000.0,4.419237524974939
isophon,42,5,250.0,2.8232599454799043
isophon,42,5,500.0,-4.544816214115912
isophon,42,5,750.0,4.400747383419599
isophon,42,5,1000.0,-2.552650026808493
isophon,42,5,1500.0,2.1532550856628774
isophon,42,5,2000.0,0.3636590888765454
isophon,42,5,3000.0,4.320750279881025
isophon,42,5,4000.0,5.431156117852524
isophon,42,5,6000.0,-1.8492088402565088
isophon,42,5,8000.0,3.954425085427573
isophon,42,6,250.0,8.225430391177042
isophon,42,6,500.0,-3.143347353410576
isophon,42,6,750.0,8.516241984180652
isophon,42,6,1000.0,-1.312269082544475
isophon,42,6,1500.0,2.20291719491604
isophon,42,6,2000.0,3.812211294821253
isophon,42,6,3000.0,5.647506460745461
isophon,42,6,4000.0,-2.1906446931555195
isophon,42,6,6000.0,-7.996739903373836
isophon,42,6,8000.0,-10.175261018542386
isophon,42,7,250.0,8.653326645239886
isophon,42,7,500.0,-2.7882793071825347
isophon,42,7,750.0,8.11146499544374
isophon,42,7,1000.0,-1.9670568672736266
isophon,42,7,1500.0,-0.8151171361884764
isophon,42,7,2000.0,1.6967148449064098
isophon,42,7,3000.0,-0.01779070940585825
isophon,42,7,4000.0,-0.3684053061059558
isophon,42,7,6000.0,-4.418388075980133
isophon,42,7,8000.0,-11.159503883475395
isophon,42,8,250.0,1.0792170322207681
isophon,42,8,500.0,-2.4845310950824313
isophon,42,8,750.0,4.808553197056412
isophon,42,8,1000.0,-4.099594697171241
isophon,42,8,1500.0,-6.336222885874349
isophon,42,8,2000.0,-0.48121319918074335
isophon,42,8,3000.0,-4.2947574104921955
isophon,42,8,4000.0,-3.0357377146191027
isophon,42,8,6000.0,-5.443578396626336
isophon,42,8,8000.0,-15.276302874218985
isophon,42,9,250.0,-3.1489853675752926
isophon,42,9,500.0,-2.934814267846619
isophon,42,9,750.0,-2.9557654966750277
isophon,42,9,1000.0,-7.302570132345409
isophon,42,9,1500.0,-3.3009032327654637
isophon,42,9,2000.0,-3.289899073027499
isophon,42,9,3000.0,-8.26371632084036
isophon,42,9,4000.0,-5.049565939882399
isophon,42,9,6000.0,-6.167291407734851
isophon,42,9,8000.0,-13.431679609211514
isophon,42,10,250.0,-3.948303839325604
isophon,42,10,500.0,-3.7921971457246286
isophon,42,10,750.0,-3.5002416131396927
isophon,42,10,1000.0,-9.000307068722776
isophon,42,10,1500.0,-0.3149647437238343
isophon,42,10,2000.0,-0.5452847733014039
isophon,42,10,3000.0,-7.720379307637728
isophon,42,10,4000.0,-3.6695175047093187
isophon,42,10,6000.0,-8.278045439206807
isophon,42,10,8000.0,-9.949940800733728
isophon,43,1,250.0,23.582751739883626
isophon,43,1,500.0,9.823891944885254
isophon,43,1,750.0,3.9324056349476173
isophon,43,1,1000.0,-6.406718656162775
isophon,43,1,1500.0,-17.740286269160702
isophon,43,1,2000.0,-2.5857294035836897
isophon,43,1,3000.0,-7.1310480807691015
isophon,43,1,4000.0,5.156518598000963
isophon,43,1,6000.0,14.792685113482577
isophon,43,1,8000.0,23.33072941042426
isophon,43,2,250.0,8.82489633698085
isophon,43,2,500.0,5.289309969647704
isophon,43,2,750.0,8.298472341832682
isophon,43,2,1000.0,7.594580151774615
isophon,43,2,1500.0,-7.99671530778393
isophon,43,2,2000.0,-0.5564828517655158
isophon,43,2,3000.0,0.59547928774494
isophon,43,2,4000.0,0.3129609228392596
isophon,43,2,6000.0,1.123149469310988
isophon,43,2,8000.0,20.85070855800235
isophon,43,3,250.0,1.8482937808618516
isophon,43,3,500.0,5.613290468856114
isophon,43,3,750.0,2.278102177947119
isophon,43,3,1000.0,-2.6667698033478544
isophon,43,3,1500.0,-3.414740888489824
isophon,43,3,2000.0,-11.774187477150015
isophon,43,3,3000.0,5.527443081012812
isophon,43,3,4000.0,2.234106442464757
isophon,43,3,6000.0,-9.783677222879874
isophon,43,3,8000.0,11.060093302912605
isophon,43,4,250.0,-1.613026070935831
isophon,43,4,500.0,4.0966542563371675
isophon,43,4,750.0,0.5656215835079621
isophon,43,4,1000.0,0.6665584617817615
isophon,43,4,1500.0,6.442395414974442
isophon,43,4,2000.0,-0.7255217662155147
isophon,43,4,3000.0,6.785004481752992
isophon,43,4,4000.0,-3.279760105102426
isophon,43,4,6000.0,-11.388280912653386
isophon,43,4,8000.0,9.581032710608866
isophon,43,5,250.0,5.364156008679103
isophon,43,5,500.0,8.100964916663543
isophon,43,5,750.0,10.741468004642712
isophon,43,5,1000.0,10.625772026966018
isophon,43,5,1500.0,5.009792724989893
isophon,43,5,2000.0,0.27345298051729117
isophon,43,5,3000.0,10.06992365225463
isophon,43,5,4000.0,0.7363892306370019
isophon,43,5,6000.0,-4.2536878500871325
isophon,43,5,8000.0,-3.1864456335046043
isophon,43,6,250.0,-2.9035103167818477
isophon,43,6,500.0,2.3528472428853178
isophon,43,6,750.0,3.399531088188013
isophon,43,6,1000.0,-5.183183133223494
isophon,43,6,1500.0,-5.004209444084779
isophon,43,6,2000.0,-3.374529010401261
isophon,43,6,3000.0,1.7575986266153194
isophon,43,6,4000.0,-0.5762093439030167
isophon,43,6,6000.0,-2.1811919815858403
isophon,43,6,8000.0,-2.5253685959476115
isophon,43,7,250.0,-4.214452288996895
isophon,43,7,500.0,-3.1318134546756085
isophon,43,7,750.0,-3.5720996286132447
isophon,43,7,1000.0,-3.5924178296314864
isophon,43,7,1500.0,-7.815094798249817
isophon,43,7,2000.0,-4.441935870576884
isophon,43,7,3000.0,2.43172827589558
isophon,43,7,4000.0,0.22737016304387225
isophon,43,7,6000.0,0.562790920663403
isophon,43,7,8000.0,0.9484906569820737
isophon,43,8,250.0,-1.51359830763775
isophon,43,8,500.0,-3.4506410071550278
isophon,43,8,750.0,-0.48362867522757824
isophon,43,8,1000.0,-1.250039233989952
isophon,43,8,1500.0,-8.076772215623691
isophon,43,8,2000.0,-5.611796377445415
isophon,43,8,3000.0,-3.7594724332359277
isophon,43,8,4000.0,1.9139683810757475
isophon,43,8,6000.0,2.722681273169414
isophon,43,8,8000.0,-0.826673927018291
isophon,43,9,250.0,-0.14936016905150495
isophon,43,9,500.0,-3.3259747580864882
isophon,43,9,750.0,3.174303262651435
isophon,43,9,1000.0,-0.37865058694723075
isophon,43,9,1500.0,-10.3072942504255
isophon,43,9,2000.0,-4.696441169433086
isophon,43,9,3000.0,-10.589705870050253
isophon,43,9,4000.0,-0.7199928551344783
isophon,43,9,6000.0,3.647998387398289
isophon,43,9,8000.0,-2.948684652875656
isophon,43,10,250.0,2.523435074544608
isophon,43,10,500.0,-1.3714001380675
isophon,43,10,750.0,0.16244385090131175
isophon,43,10,1000.0,-3.782045171782741
isophon,43,10,1500.0,-8.466309841308274
isophon,43,10,2000.0,-1.2738196269010302
isophon,43,10,3000.0,-7.972903164724258
isophon,43,10,4000.0,-0.6960125124022483
isophon,43,10,6000.0,-1.3305482970511235
isophon,43,10,8000.0,-4.334973907470683
isophon,44,1,250.0,14.372357062149554
isophon,44,1,500.0,9.140704083737106
isophon,44,1,750.0,8.377009477006503
isophon,44,1,1000.0,3.62681202423337
isophon,44,1,1500.0,-5.931978606126281
isophon,44,1,2000.0,-16.08348035307764
isophon,44,1,3000.0,-14.2227016784299
isophon,44,1,4000.0,-9.312655485190358
isophon,44,1,6000.0,5.531320192187225
isophon,44,1,8000.0,9.938588937749303
isophon,44,2,250.0,5.178717377914602
isophon,44,2,500.0,10.877071803187071
isophon,44,2,750.0,8.172473584843289
isophon,44,2,1000.0,0.2664146576971973
isophon,44,2,1500.0,-10.231535603463243
isophon,44,2,2000.0,-0.2850287764611963
isophon,44,2,3000.0,-2.7822136285644525
isophon,44,2,4000.0,-8.303019260886984
isophon,44,2,6000.0,1.4901333757592568
isophon,44,2,8000.0,17.95541671453118
isophon,44,3,250.0,0.31433515745902696
isophon,44,3,500.0,9.817639265949424
isophon,44,3,750.0,4.821357479714543
isophon,44,3,1000.0,-4.98029592248497
isophon,44,3,1500.0,-2.332190361479661
isophon,44,3,2000.0,1.9270887827638319
isophon,44,3,3000.0,-1.6551349822769126
isophon,44,3,4000.0,-11.450366713043877
isophon,44,3,6000.0,4.064404390563368
isophon,44,3,8000.0,16.328795714170866
isophon,44,4,250.0,-2.3080826512414347
isophon,44,4,500.0,12.168384413032605
isophon,44,4,750.0,1.1407725833498432
isophon,44,4,1000.0,-4.272967581859817
isophon,44,4,1500.0,0.4386871770118219
isophon,44,4,2000.0,2.863256904587402
isophon,44,4,3000.0,1.1702126608330303
isophon,44,4,4000.0,-8.440619528516663
isophon,44,4,6000.0,5.399401634898581
isophon,44,4,8000.0,17.975068423000685
isophon,44,5,250.0,-7.413437795911875
isophon,44,5,500.0,3.3574434382995264
isophon,44,5,750.0,5.305677359667214
isophon,44,5,1000.0,-1.2981597321007428
isophon,44,5,1500.0,-0.29735594272388255
isophon,44,5,2000.0,-0.32452548855343366
isophon,44,5,3000.0,1.359529206662323
isophon,44,5,4000.0,-9.07474495866623
isophon,44,5,6000.0,1.864946538420071
isophon,44,5,8000.0,23.103808202849457
isophon,44,6,250.0,-3.7916273597196266
isophon,44,6,500.0,10.582860109048
isophon,44,6,750.0,6.680280106556054
isophon,44,6,1000.0,2.3464535508367987
isophon,44,6,1500.0,-0.46480790361049173
isophon,44,6,2000.0,3.985644822355148
isophon,44,6,3000.0,2.2716048718604895
isophon,44,6,4000.0,0.01067927835624971
isophon,44,6,6000.0,10.904057682919088
isophon,44,6,8000.0,26.732480424838386
isophon,44,7,250.0,-0.9067244823179124
isophon,44,7,500.0,4.165544055325071
isophon,44,7,750.0,2.266726004538924
isophon,44,7,1000.0,3.201896515547304
isophon,44,7,1500.0,0.25188380720366865
isophon,44,7,2000.0,-3.164430595010984
isophon,44,7,3000.0,-5.717113638576507
isophon,44,7,4000.0,-9.061607138307863
isophon,44,7,6000.0,4.364476700019139
isophon,44,7,8000.0,22.728156355127908
isophon,44,8,250.0,-1.6259856056908006
isophon,44,8,500.0,3.9174605190186185
isophon,44,8,750.0,2.5844372852394883
isophon,44,8,1000.0,1.58070525631679
isophon,44,8,1500.0,-1.0198341585746675
isophon,44,8,2000.0,-1.469727664074128
isophon,44,8,3000.0,-2.0208074732992856
isophon,44,8,4000.0,-6.283122607123758
isophon,44,8,6000.0,4.264152185960015
isophon,44,8,8000.0,23.17753811100374
isophon,44,9,250.0,-1.6325470583592647
isophon,44,9,500.0,4.929808857741648
isophon,44,9,750.0,1.6735226961110072
isophon,44,9,1000.0,4.506127044170171
isophon,44,9,1500.0,-2.508195317525079
isophon,44,9,2000.0,-1.9908794503693201
isophon,44,9,3000.0,2.509257251971164
isophon,44,9,4000.0,-2.450084724435996
isophon,44,9,6000.0,6.7483432586380445
isophon,44,9,8000.0,23.2354355899828
isophon,44,10,250.0,-6.161084191127756
isophon,44,10,500.0,-2.0972136056946766
isophon,44,10,750.0,2.873416642958489
isophon,44,10,1000.0,6.510133431863252
isophon,44,10,1500.0,-2.723630293957612
isophon,44,10,2000.0,3.3258372059121513
isophon,44,10,3000.0,6.998137834625325
isophon,44,10,4000.0,-0.801306535639057
isophon,44,10,6000.0,8.018631912138943
isophon,44,10,8000.0,17.702716608298175
isophon,45,1,250.0,-12.85562353568735
isophon,45,1,500.0,-0.3168545351317249
isophon,45,1,750.0,3.9944187822644466
isophon,45,1,1000.0,0.39704384449667884
isophon,45,1,1500.0,9.616817818345872
isophon,45,1,2000.0,5.7164269821512335
isophon,45,1,3000.0,7.446241074306961
isophon,45,1,4000.0,-3.092726279932318
isophon,45,1,6000.0,-8.541656621513411
isophon,45,1,8000.0,-4.695816888239012
isophon,45,2,250.0,-2.265058355667989
isophon,45,2,500.0,-3.748327546330515
isophon,45,2,750.0,-1.2713751388033927
isophon,45,2,1000.0,-1.8543413385476128
isophon,45,2,1500.0,6.99594947691228
isophon,45,2,2000.0,15.095430570136017
isophon,45,2,3000.0,10.304846585859899
isophon,45,2,4000.0,5.7406284338904285
isophon,45,2,6000.0,-9.281831023378459
isophon,45,2,8000.0,-17.413447701902655
isophon,45,3,250.0,0.8466531184748618
isophon,45,3,500.0,1.9839801670616453
isophon,45,3,750.0,-4.844707472457259
isophon,45,3,1000.0,1.8853797976478788
isophon,45,3,1500.0,-1.5962631536434557
isophon,45,3,2000.0,-6.516828816181771
isophon,45,3,3000.0,-8.431927046253747
isophon,45,3,4000.0,2.329926408139862
isophon,45,3,6000.0,-9.575485053049306
isophon,45,3,8000.0,-9.358444753020308
isophon,45,4,250.0,-1.3298978701941593
isophon,45,4,500.0,4.603629922808693
isophon,45,4,750.0,1.467750324088641
isophon,45,4,1000.0,2.5936747082285194
isophon,45,4,1500.0,0.2707178311127052
isophon,45,4,2000.0,-9.398105600780767
isophon,45,4,3000.0,-5.04106778906457
isophon,45,4,4000.0,2.4596607514818345
isophon,45,4,6000.0,-2.7840154435278635
isophon,45,4,8000.0,-6.606276632870106
isophon,45,5,250.0,-0.5675534029713276
isophon,45,5,500.0,1.4759696075224298
isophon,45,5,750.0,1.9838360260112893
isophon,45,5,1000.0,2.3808147771130166
isophon,45,5,1500.0,3.4223529346168675
isophon,45,5,2000.0,-2.4040871280864167
isophon,45,5,3000.0,-0.21843072267694197
isophon,45,5,4000.0,1.1573209436635494
isophon,45,5,6000.0,2.8951625685628954
isophon,45,5,8000.0,-1.6003504472735273
isophon,45,6,250.0,2.152465466090291
isophon,45,6,500.0,-0.9194420238957122
isophon,45,6,750.0,2.45533382555206
isophon,45,6,1000.0,8.233567995757383
isophon,45,6,1500.0,3.447083338844493
isophon,45,6,2000.0,0.04585182824824585
isophon,45,6,3000.0,-0.10579603505489388
isophon,45,6,4000.0,0.8450269167489921
isophon,45,6,6000.0,-5.331706539138963
isophon,45,6,8000.0,-5.308861880481132
isophon,45,7,250.0,-2.1791208226281498
isophon,45,7,500.0,-4.116170434574599
isophon,45,7,750.0,-4.334807218459133
isophon,45,7,1000.0,2.825012492582701
isophon,45,7,1500.0,0.9683015197333162
isophon,45,7,2000.0,-0.4366231340668776
isophon,45,7,3000.0,-0.676561231118086
isophon,45,7,4000.0,-1.7763013522997824
isophon,45,7,6000.0,-5.391104495543189
isophon,45,7,8000.0,-1.2447352815557196
isophon,45,8,250.0,-1.7237285670629205
isophon,45,8,500.0,-2.585023964860156
isophon,45,8,750.0,-4.62720905549115
isophon,45,8,1000.0,4.537106033303019
isophon,45,8,1500.0,-1.5554385076001012
isophon,45,8,2000.0,-1.1474372567487023
isophon,45,8,3000.0,-2.6046902704397894
isophon,45,8,4000.0,-1.896383594611109
isophon,45,8,6000.0,-5.152716833814765
isophon,45,8,8000.0,-3.9837079888742295
isophon,45,9,250.0,-0.8239580487986871
isophon,45,9,500.0,-4.304941517745462
isophon,45,9,750.0,-4.68880847506189
isophon,45,9,1000.0,2.3623452700928453
isophon,45,9,1500.0,-3.8685092400839665
isophon,45,9,2000.0,-4.466505747769659
isophon,45,9,3000.0,-4.746731104847981
isophon,45,9,4000.0,1.0288633226891335
isophon,45,9,6000.0,-4.692038664835593
isophon,45,9,8000.0,-6.884806166467413
isophon,45,10,250.0,-4.549078911592886
isophon,45,10,500.0,-2.131312584587789
isophon,45,10,750.0,-4.3971106152486925
isophon,45,10,1000.0,3.645804773581716
isophon,45,10,1500.0,-4.061671144333545
isophon,45,10,2000.0,-9.339855290256992
isophon,45,10,3000.0,-9.663280026149565
isophon,45,10,4000.0,2.9885272907528986
isophon,45,10,6000.0,-2.308725762430157
isophon,45,10,8000.0,-3.9480004231997583
isophon,46,1,250.0,1.18896836802719
isophon,46,1,500.0,12.333165354826082
isophon,46,1,750.0,6.966007816939772
isophon,46,1,1000.0,29.304077821975874
isophon,46,1,1500.0,7.236775857870455
isophon,46,1,2000.0,-7.721154163974731
isophon,46,1,3000.0,-20.41189612604815
isophon,46,1,4000.0,7.160321719947774
isophon,46,1,6000.0,23.289872398062286
isophon,46,1,8000.0,28.114695566015016
isophon,46,2,250.0,9.66590607328569
isophon,46,2,500.0,10.775203465257391
isophon,46,2,750.0,7.300348789489483
isophon,46,2,1000.0,7.102089524866635
isophon,46,2,1500.0,-1.9723992344306893
isophon,46,2,2000.0,-4.4274235016862775
isophon,46,2,3000.0,-1.2654646950806239
isophon,46,2,4000.0,13.827302290139954
isophon,46,2,6000.0,17.210306088020573
isophon,46,2,8000.0,15.809024503902265
isophon,46,3,250.0,0.44080979577726964
isophon,46,3,500.0,-0.8265255530357649
isophon,46,3,750.0,1.9939005693977094
isophon,46,3,1000.0,0.9260338175472214
isophon,46,3,1500.0,-0.4304003853942646
isophon,46,3,2000.0,3.7256312903856355
isophon,46,3,3000.0,0.7859133290634901
isophon,46,3,4000.0,4.373154797655545
isophon,46,3,6000.0,9.70252416697528
isophon,46,3,8000.0,11.719168544481079
isophon,46,4,250.0,-6.863085687370599
isophon,46,4,500.0,-7.30656029188134
isophon,46,4,750.0,2.335358510539365
isophon,46,4,1000.0,0.10151576820456398
isophon,46,4,1500.0,4.279535742481798
isophon,46,4,2000.0,9.224440869758737
isophon,46,4,3000.0,-2.3645075922566434
isophon,46,4,4000.0,-5.493975856214703
isophon,46,4,6000.0,6.320172073734454
isophon,46,4,8000.0,14.330358144419193
isophon,46,5,250.0,1.2068193566403806
isophon,46,5,500.0,-1.5827526303507398
isophon,46,5,750.0,3.47961487752076
isophon,46,5,1000.0,1.7240312637311774
isophon,46,5,1500.0,1.2890335795755732
isophon,46,5,2000.0,8.726569449943469
isophon,46,5,3000.0,-1.1369676227590162
isophon,46,5,4000.0,0.40178718022895055
isophon,46,5,6000.0,1.3714400923705057
isophon,46,5,8000.0,2.6483128739635475
isophon,46,6,250.0,1.9798351139338735
isophon,46,6,500.0,-2.6383416408204994
isophon,46,6,750.0,0.5808717494279847
isophon,46,6,1000.0,0.19256303157510501
isophon,46,6,1500.0,-2.370221502084135
isophon,46,6,2000.0,3.350295535704106
isophon,46,6,3000.0,1.3064804056678838
isophon,46,6,4000.0,0.012539225925351616
isophon,46,6,6000.0,2.3396090451105493
isophon,46,6,8000.0,5.592757925161635
isophon,46,7,250.0,0.6504178169978729
isophon,46,7,500.0,0.1660509206072902
isophon,46,7,750.0,1.0889342454465236
isophon,46,7,1000.0,0.12360368583406967
isophon,46,7,1500.0,-3.2211438871093634
isophon,46,7,2000.0,-0.16464277153423268
isophon,46,7,3000.0,0.6349921836423533
isophon,46,7,4000.0,0.9624239470657727
isophon,46,7,6000.0,4.592353851674915
isophon,46,7,8000.0,6.4107305725957815
isophon,46,8,250.0,0.4736013273138724
isophon,46,8,500.0,-0.8027827687787124
isophon,46,8,750.0,-0.9050461823698868
isophon,46,8,1000.0,-1.7207004642454962
isophon,46,8,1500.0,-4.746428787908641
isophon,46,8,2000.0,1.6404748125684705
isophon,46,8,3000.0,1.328239643495209
isophon,46,8,4000.0,-2.361863913958061
isophon,46,8,6000.0,4.074476120495106
isophon,46,8,8000.0,8.025874047699972
isophon,46,9,250.0,1.511427881700783
isophon,46,9,500.0,-0.8879897601119922
isophon,46,9,750.0,-4.418980335730936
isophon,46,9,1000.0,-2.4976339461302217
isophon,46,9,1500.0,-7.483070685955383
isophon,46,9,2000.0,4.671446279630345
isophon,46,9,3000.0,-0.1670994019869596
isophon,46,9,4000.0,-5.74670594316342
isophon,46,9,6000.0,3.2468228856608334
isophon,46,9,8000.0,9.390485172732028
isophon,46,10,250.0,3.702390597743829
isophon,46,10,500.0,1.8698960931471902
isophon,46,10,750.0,-5.714123950374258
isophon,46,10,1000.0,0.6871046839627155
isophon,46,10,1500.0,-4.904374954872907
isophon,46,10,2000.0,5.936301055779367
isophon,46,10,3000.0,2.4773596173888563
isophon,46,10,4000.0,-5.40291515127528
isophon,46,10,6000.0,4.486901757857453
isophon,46,10,8000.0,3.9997978589262715
isophon,47,1,250.0,-12.965699932737436
isophon,47,1,500.0,-12.48277671696221
isophon,47,1,750.0,-5.819831651150771
isophon,47,1,1000.0,1.7663148417361043
isophon,47,1,1500.0,0.11820985412673224
isophon,47,1,2000.0,-8.804250066628255
isophon,47,1,3000.0,2.6020869009399394
isophon,47,1,4000.0,8.675485754850257
isophon,47,1,6000.0,1.3943382215085052
isophon,47,1,8000.0,18.081589175134848
isophon,47,2,250.0,0.4473371369681445
isophon,47,2,500.0,-11.727915190536152
isophon,47,2,750.0,-4.742470193448817
isophon,47,2,1000.0,-0.5781345482061937
isophon,47,2,1500.0,-5.231667544009326
isophon,47,2,2000.0,3.542401810669851
isophon,47,2,3000.0,9.68938641667382
isophon,47,2,4000.0,-1.0697121461870722
isophon,47,2,6000.0,0.12872769886590163
isophon,47,2,8000.0,3.113944106874996
isophon,47,3,250.0,3.682111397845844
isophon,47,3,500.0,-5.054285905453526
isophon,47,3,750.0,-2.4920142334365067
isophon,47,3,1000.0,0.2946128718903651
isophon,47,3,1500.0,-7.397025958792106
isophon,47,3,2000.0,-6.660430969259018
isophon,47,3,3000.0,-0.9460235895819054
isophon,47,3,4000.0,-1.2742009182456684
isophon,47,3,6000.0,-3.0997475309246454
isophon,47,3,8000.0,10.573255261903626
isophon,47,4,250.0,1.6237274641863166
isophon,47,4,500.0,-5.095850604278098
isophon,47,4,750.0,3.159261681370239
isophon,47,4,1000.0,1.9995772080445704
isophon,47,4,1500.0,-3.022624780755507
isophon,47,4,2000.0,-9.478008615811007
isophon,47,4,3000.0,-0.7589465248477438
isophon,47,4,4000.0,-2.942048279069411
isophon,47,4,6000.0,-1.1316368313721057
isophon,47,4,8000.0,10.748610035414941
isophon,47,5,250.0,2.445935608192883
isophon,47,5,500.0,-5.669995872201753
isophon,47,5,750.0,2.77289725163655
isophon,47,5,1000.0,2.559176650839177
isophon,47,5,1500.0,-1.0819865293751718
isophon,47,5,2000.0,-4.454925590548285
isophon,47,5,3000.0,3.3914972071361404
isophon,47,5,4000.0,-6.721201102274165
isophon,47,5,6000.0,2.367134161294146
isophon,47,5,8000.0,10.808567607824699
isophon,47,6,250.0,3.2606054712068584
isophon,47,6,500.0,-3.35518436181097
isophon,47,6,750.0,-0.3880955794437426
isophon,47,6,1000.0,1.8692835968265342
isophon,47,6,1500.0,-7.54228871478378
isophon,47,6,2000.0,-4.446208678855015
isophon,47,6,3000.0,0.08683678769529024
isophon,47,6,4000.0,-9.309135172468032
isophon,47,6,6000.0,-2.2312353833546723
isophon,47,6,8000.0,1.684534770313121
isophon,47,7,250.0,-5.141045241891845
isophon,47,7,500.0,-7.5368968646346985
isophon,47,7,750.0,-8.13852311448376
isophon,47,7,1000.0,-1.9576900155236672
isophon,47,7,1500.0,-10.3985741878828
isophon,47,7,2000.0,-2.9317386474596816
isophon,47,7,3000.0,2.5338971197812157
isophon,47,7,4000.0,-11.735054066633253
isophon,47,7,6000.0,-5.399885876708964
isophon,47,7,8000.0,4.196866032934821
isophon,47,8,250.0,-4.150183324528172
isophon,47,8,500.0,-8.571435763715385
isophon,47,8,750.0,-9.197020199459388
isophon,47,8,1000.0,0.5528525163761913
isophon,47,8,1500.0,-10.667083782038404
isophon,47,8,2000.0,-3.9755980172528496
isophon,47,8,3000.0,0.11771221837422274
isophon,47,8,4000.0,-11.763817617875617
isophon,47,8,6000.0,-5.627529533615217
isophon,47,8,8000.0,-0.028959398768648725
isophon,47,9,250.0,-3.5549842955418285
isophon,47,9,500.0,-10.329279463382079
isophon,47,9,750.0,-9.685535851564381
isophon,47,9,1000.0,-1.0657238619564566
isophon,47,9,1500.0,-12.133318879617164
isophon,47,9,2000.0,-6.269895732696156
isophon,47,9,3000.0,-5.481341134181079
isophon,47,9,4000.0,-8.793475914333527
isophon,47,9,6000.0,-6.858168083801857
isophon,47,9,8000.0,-5.349211559894641
isophon,47,10,250.0,-7.0902578337562545
isophon,47,10,500.0,-6.889181610256287
isophon,47,10,750.0,-8.70537957330636
isophon,47,10,1000.0,-1.3927526432685085
isophon,47,10,1500.0,-13.199514687798256
isophon,47,10,2000.0,-9.19042212423686
isophon,47,10,3000.0,-6.182246154441842
isophon,47,10,4000.0,-5.928155647905427
isophon,47,10,6000.0,-5.124930822103096
isophon,47,10,8000.0,-5.778955078124994
isophon,48,1,250.0,11.5844754691587
isophon,48,1,500.0,5.910372047085538
isophon,48,1,750.0,2.4118828385228355
isophon,48,1,1000.0,4.556188523129592
isophon,48,1,1500.0,18.265585373372794
isophon,48,1,2000.0,20.23562770436758
isophon,48,1,3000.0,9.451303787231446
isophon,48,1,4000.0,-0.05076440962815454
isophon,48,1,6000.0,18.12904197692871
isophon,48,1,8000.0,-24.427507668948323
isophon,48,2,250.0,15.337133991078176
isophon,48,2,500.0,-8.618004267097916
isophon,48,2,750.0,-9.734942482503023
isophon,48,2,1000.0,-5.39076472124998
isophon,48,2,1500.0,8.241817405859827
isophon,48,2,2000.0,4.876700149827478
isophon,48,2,3000.0,1.0451361846923817
isophon,48,2,4000.0,1.0938743672642204
isophon,48,2,6000.0,9.000130386352538
isophon,48,2,8000.0,-25.015360884611383
isophon,48,3,250.0,14.202964423992029
isophon,48,3,500.0,1.3817019873459344
isophon,48,3,750.0,-3.869608066176667
isophon,48,3,1000.0,1.9866949315536715
isophon,48,3,1500.0,1.8226652582437737
isophon,48,3,2000.0,2.8145010233199983
isophon,48,3,3000.0,-4.240571872458773
isophon,48,3,4000.0,4.515355609316956
isophon,48,3,6000.0,15.4552901836689
isophon,48,3,8000.0,-16.389620896525486
isophon,48,4,250.0,9.988810756144957
isophon,48,4,500.0,5.056309106843997
isophon,48,4,750.0,-1.7100143928049647
isophon,48,4,1000.0,5.437258230275063
isophon,48,4,1500.0,-4.909147147272677
isophon,48,4,2000.0,3.245929612827979
isophon,48,4,3000.0,-1.4678039204268032
isophon,48,4,4000.0,2.794012904993963
isophon,48,4,6000.0,4.142466029835887
isophon,48,4,8000.0,-19.464892582647607
isophon,48,5,250.0,1.5002051982160793
isophon,48,5,500.0,2.4665803082513094
isophon,48,5,750.0,-7.582000070462286
isophon,48,5,1000.0,0.08579963039160532
isophon,48,5,1500.0,-0.5134645908588595
isophon,48,5,2000.0,-3.1075034940657247
isophon,48,5,3000.0,1.2046217716610101
isophon,48,5,4000.0,-2.5463945847795486
isophon,48,5,6000.0,-5.756955523199764
isophon,48,5,8000.0,-15.651856959497124
isophon,48,6,250.0,6.4244015018354474
isophon,48,6,500.0,6.608062646733387
isophon,48,6,750.0,-1.8076375451283724
isophon,48,6,1000.0,-0.0675466906961617
isophon,48,6,1500.0,-0.576941606288969
isophon,48,6,2000.0,-3.877123778084467
isophon,48,6,3000.0,3.686426293568985
isophon,48,6,4000.0,-3.811427126713852
isophon,48,6,6000.0,-2.880984458313165
isophon,48,6,8000.0,-7.3575374188036875
isophon,48,7,250.0,1.8748785524079068
isophon,48,7,500.0,7.610571330323225
isophon,48,7,750.0,-0.1323273332949384
isophon,48,7,1000.0,1.2382709427984935
isophon,48,7,1500.0,0.1140682161786657
isophon,48,7,2000.0,-1.9432074107423745
isophon,48,7,3000.0,4.872546746449856
isophon,48,7,4000.0,-1.7816325837180784
isophon,48,7,6000.0,-0.8984162515260579
isophon,48,7,8000.0,-5.290138011056541
isophon,48,8,250.0,1.751567149642085
isophon,48,8,500.0,7.64097506862862
isophon,48,8,750.0,0.355348437199396
isophon,48,8,1000.0,2.697339948149434
isophon,48,8,1500.0,1.7799482814667726
isophon,48,8,2000.0,-1.2226759868109411
isophon,48,8,3000.0,2.9713806523307227
isophon,48,8,4000.0,-4.048208292227216
isophon,48,8,6000.0,-1.2308706706777173
isophon,48,8,8000.0,-4.00943230889726
isophon,48,9,250.0,1.7365774001593053
isophon,48,9,500.0,6.863093294423891
isophon,48,9,750.0,0.2819390667676487
isophon,48,9,1000.0,3.117803523315203
isophon,48,9,1500.0,2.5799701956796213
isophon,48,9,2000.0,-0.18792292436053515
isophon,48,9,3000.0,1.5047800998137433
isophon,48,9,4000.0,-5.73279923197255
isophon,48,9,6000.0,-1.9717549090187845
isophon,48,9,8000.0,-3.344129393727812
isophon,48,10,250.0,-0.9931888087199354
isophon,48,10,500.0,-1.604733481619263
isophon,48,10,750.0,0.12785963241755383
isophon,48,10,1000.0,0.8343235005356888
isophon,48,10,1500.0,-1.879034082988511
isophon,48,10,2000.0,-3.9364351034856497
isophon,48,10,3000.0,-6.219606018066401
isophon,48,10,4000.0,-7.051280326369508
isophon,48,10,6000.0,-4.785562133789057
isophon,48,10,8000.0,-1.546483147759858
isophon,49,1,250.0,5.498038566988136
isophon,49,1,500.0,-1.3873882100887585
isophon,49,1,750.0,-5.236118323874393
isophon,49,1,1000.0,0.5548654255194929
isophon,49,1,1500.0,-8.521568746803993
isophon,49,1,2000.0,-2.1232255296333697
isophon,49,1,3000.0,1.575005598350927
isophon,49,1,4000.0,-0.7031058756840167
isophon,49,1,6000.0,-4.62304708490926
isophon,49,1,8000.0,-2.11984097089897
isophon,49,2,250.0,0.30886554761663376
isophon,49,2,500.0,-4.450243746912008
isophon,49,2,750.0,0.1516905124664305
isophon,49,2,1000.0,2.4334322068533893
isophon,49,2,1500.0,0.44951114585909124
isophon,49,2,2000.0,3.5024477965136107
isophon,49,2,3000.0,-0.3679039972913216
isophon,49,2,4000.0,-2.7957346623488135
isophon,49,2,6000.0,-6.149614819135124
isophon,49,2,8000.0,-8.121787625031303
isophon,49,3,250.0,-5.251706871093063
isophon,49,3,500.0,-2.3618593038954714
isophon,49,3,750.0,2.2319480168292856
isophon,49,3,1000.0,5.657011932940499
isophon,49,3,1500.0,-5.016250845720357
isophon,49,3,2000.0,1.4671015164240941
isophon,49,3,3000.0,-5.78798202784354
isophon,49,3,4000.0,3.387931844503001
isophon,49,3,6000.0,2.4357866067834024
isophon,49,3,8000.0,1.1402809612848657
isophon,49,4,250.0,-0.06483021161861302
isophon,49,4,500.0,-1.0015817388408053
isophon,49,4,750.0,2.0367663457576697
isophon,49,4,1000.0,-0.35948613726565526
isophon,49,4,1500.0,-2.0993142073619424
isophon,49,4,2000.0,2.0475222362132968
isophon,49,4,3000.0,-0.14761703552741068
isophon,49,4,4000.0,9.51118288380134
isophon,49,4,6000.0,4.261057292306781
isophon,49,4,8000.0,4.254678273222282
isophon,49,5,250.0,3.6113683866387873
isophon,49,5,500.0,-6.976867035008439
isophon,49,5,750.0,-2.7059211571625212
isophon,49,5,1000.0,-6.491344466958182
isophon,49,5,1500.0,-4.038103701339537
isophon,49,5,2000.0,1.9758130134285636
isophon,49,5,3000.0,1.6578384549274716
isophon,49,5,4000.0,9.330594439413261
isophon,49,5,6000.0,1.1022183064928157
isophon,49,5,8000.0,8.963715771330769
isophon,49,6,250.0,-2.7789289945700517
isophon,49,6,500.0,2.5311936637918677
isophon,49,6,750.0,7.2937025929374215
isophon,49,6,1000.0,1.8161250211861528
isophon,49,6,1500.0,-2.253139626492697
isophon,49,6,2000.0,4.554880694574763
isophon,49,6,3000.0,-4.013006542968881
isophon,49,6,4000.0,3.094667958125598
isophon,49,6,6000.0,4.71823840010012
isophon,49,6,8000.0,5.013303653192494
isophon,49,7,250.0,1.09999550301589
isophon,49,7,500.0,1.5243025074586853
isophon,49,7,750.0,6.266351399463616
isophon,49,7,1000.0,0.2964665618278275
isophon,49,7,1500.0,-3.292869828537505
isophon,49,7,2000.0,5.229772190953625
isophon,49,7,3000.0,-11.125538697807258
isophon,49,7,4000.0,-11.247088469663964
isophon,49,7,6000.0,-2.05949613592729
isophon,49,7,8000.0,3.485476056634809
isophon,49,8,250.0,1.0467219154413527
isophon,49,8,500.0,1.7047703425300256
isophon,49,8,750.0,6.706144140801641
isophon,49,8,1000.0,-0.17692810583484686
isophon,49,8,1500.0,-2.720110969677677
isophon,49,8,2000.0,-0.09461469857954796
isophon,49,8,3000.0,-11.145697402465444
isophon,49,8,4000.0,-11.484156575777448
isophon,49,8,6000.0,-4.562763297268376
isophon,49,8,8000.0,-0.33432225828461526
isophon,49,9,250.0,1.0736091119710949
isophon,49,9,500.0,2.8424257912111983
isophon,49,9,750.0,6.112892197682214
isophon,49,9,1000.0,-3.164361689177383
isophon,49,9,1500.0,-4.778111889178547
isophon,49,9,2000.0,-0.6598615424478709
isophon,49,9,3000.0,-13.854146181053892
isophon,49,9,4000.0,-12.03648960276307
isophon,49,9,6000.0,-8.283998649658145
isophon,49,9,8000.0,-4.52495871701386
isophon,49,10,250.0,-3.6079656332547785
isophon,49,10,500.0,2.2567365964779924
isophon,49,10,750.0,1.3341764297123007
isophon,49,10,1000.0,-5.833900558148912
isophon,49,10,1500.0,-4.946655557614193
isophon,49,10,2000.0,-1.1744807761834721
isophon,49,10,3000.0,-18.72109949923791
isophon,49,10,4000.0,-7.299467386115907
isophon,49,10,6000.0,-11.409065843910355
isophon,49,10,8000.0,-7.087318997014037
isophon,50,1,250.0,6.8515914451634075
isophon,50,1,500.0,-4.1873032346741965
isophon,50,1,750.0,0.49271355006613504
isophon,50,1,1000.0,3.4661801378532786
isophon,50,1,1500.0,-2.5089568108305533
isophon,50,1,2000.0,-2.159439213245115
isophon,50,1,3000.0,-4.196778551216701
isophon,50,1,4000.0,-14.926472036809606
isophon,50,1,6000.0,-16.079247651454786
isophon,50,1,8000.0,-32.91641709044823
isophon,50,2,250.0,1.9422614635262647
isophon,50,2,500.0,3.9177388471896535
isophon,50,2,750.0,-2.3483859562751874
isophon,50,2,1000.0,-0.19034082529160656
isophon,50,2,1500.0,2.2956186793852993
isophon,50,2,2000.0,-8.068572127494683
isophon,50,2,3000.0,-7.598713827588345
isophon,50,2,4000.0,-13.699100366658477
isophon,50,2,6000.0,-19.908751078701407
isophon,50,2,8000.0,-32.45348998072678
isophon,50,3,250.0,-2.4673550296848106
isophon,50,3,500.0,3.6677067715543927
isophon,50,3,750.0,0.974460927825163
isophon,50,3,1000.0,-0.2656253623811864
isophon,50,3,1500.0,0.46353323803869273
isophon,50,3,2000.0,-11.441014647840241
isophon,50,3,3000.0,-0.08640117087460553
isophon,50,3,4000.0,-10.941207698840415
isophon,50,3,6000.0,-15.275808998244202
isophon,50,3,8000.0,-28.789424771908003
isophon,50,4,250.0,0.45160259526292634
isophon,50,4,500.0,3.8255176557854114
isophon,50,4,750.0,2.6321922943773117
isophon,50,4,1000.0,3.147777593192046
isophon,50,4,1500.0,3.9726002070417863
isophon,50,4,2000.0,-9.024786862811936
isophon,50,4,3000.0,1.4621222913172716
isophon,50,4,4000.0,-3.549784206721533
isophon,50,4,6000.0,-5.542545034252356
isophon,50,4,8000.0,-24.29591698217947
isophon,50,5,250.0,-3.8253592251911925
isophon,50,5,500.0,9.309479967965181
isophon,50,5,750.0,2.7785331741278014
isophon,50,5,1000.0,5.142044748538986
isophon,50,5,1500.0,7.963420928590551
isophon,50,5,2000.0,-3.842964769506338
isophon,50,5,3000.0,3.919282845168709
isophon,50,5,4000.0,-0.30574607796796016
isophon,50,5,6000.0,0.6162595763100782
isophon,50,5,8000.0,-18.759448121539982
isophon,50,6,250.0,-1.9360479595433446
isophon,50,6,500.0,-3.5741367863455764
isophon,50,6,750.0,-6.540562885247283
isophon,50,6,1000.0,-3.152373618864317
isophon,50,6,1500.0,2.533697939121808
isophon,50,6,2000.0,0.7424711887523472
isophon,50,6,3000.0,2.845956015951387
isophon,50,6,4000.0,2.5676117702896306
isophon,50,6,6000.0,7.676784395411325
isophon,50,6,8000.0,-6.935114297791564
isophon,50,7,250.0,0.4335053265512556
isophon,50,7,500.0,-1.1525583572868783
isophon,50,7,750.0,-3.525709333739087
isophon,50,7,1000.0,-2.7376158319069077
isophon,50,7,1500.0,3.909725350576309
isophon,50,7,2000.0,1.3162919278308962
isophon,50,7,3000.0,4.250042215892265
isophon,50,7,4000.0,6.784291736058869
isophon,50,7,6000.0,8.774383041904557
isophon,50,7,8000.0,-6.670375102765163
isophon,50,8,250.0,1.0181267148805944
isophon,50,8,500.0,-0.09286170579714792
isophon,50,8,750.0,-0.9645600039913944
isophon,50,8,1000.0,-0.8258451262455679
isophon,50,8,1500.0,7.11696084301704
isophon,50,8,2000.0,-2.1961925461275484
isophon,50,8,3000.0,3.4633673990392495
isophon,50,8,4000.0,9.007507560177153
isophon,50,8,6000.0,9.227634140849695
isophon,50,8,8000.0,-3.8904570057853363
isophon,50,9,250.0,-1.1872949075464163
isophon,50,9,500.0,-0.7754907426252657
isophon,50,9,750.0,2.6601725172008344
isophon,50,9,1000.0,0.31905465809145994
isophon,50,9,1500.0,7.106071980302005
isophon,50,9,2000.0,-2.1465449196777797
isophon,50,9,3000.0,7.212399909794456
isophon,50,9,4000.0,12.893027688425953
isophon,50,9,6000.0,11.489891342599229
isophon,50,9,8000.0,-0.607015705140995
isophon,50,10,250.0,6.694122104355884
isophon,50,10,500.0,3.4286658042789924
isophon,50,10,750.0,7.317651093430399
isophon,50,10,1000.0,6.499724997731647
isophon,50,10,1500.0,9.432657979869163
isophon,50,10,2000.0,-0.7506384507413628
isophon,50,10,3000.0,7.087143761928061
isophon,50,10,4000.0,19.97890827101221
isophon,50,10,6000.0,16.061481884223184
isophon,50,10,8000.0,5.664152264503372
isophon,51,1,250.0,-39.036250289325835
isophon,51,1,500.0,-1.7702959659679038
isophon,51,1,750.0,-4.248368773186058
isophon,51,1,1000.0,2.0985301352069925
isophon,51,1,1500.0,-6.604543382266332
isophon,51,1,2000.0,3.508010857851488
isophon,51,1,3000.0,14.779391593933106
isophon,51,1,4000.0,6.621164427192934
isophon,51,1,6000.0,9.387216312596362
isophon,51,1,8000.0,23.38008243560791
isophon,51,2,250.0,-25.286567215468096
isophon,51,2,500.0,-3.851695450187677
isophon,51,2,750.0,-3.528108730029537
isophon,51,2,1000.0,-2.274573638614193
isophon,51,2,1500.0,-3.4741708438992234
isophon,51,2,2000.0,10.719489978003992
isophon,51,2,3000.0,9.307673628172182
isophon,51,2,4000.0,4.795540652443364
isophon,51,2,6000.0,-3.796823433551907
isophon,51,2,8000.0,4.82039710998535
isophon,51,3,250.0,-16.27706056496588
isophon,51,3,500.0,-5.291001800794703
isophon,51,3,750.0,1.9789511132044666
isophon,51,3,1000.0,-1.6905508437194996
isophon,51,3,1500.0,0.9851374280359835
isophon,51,3,2000.0,9.737991447611883
isophon,51,3,3000.0,-0.40557752657737467
isophon,51,3,4000.0,-3.991126621597971
isophon,51,3,6000.0,-10.725771300223755
isophon,51,3,8000.0,0.30614696702106414
isophon,51,4,250.0,-5.523332617101815
isophon,51,4,500.0,-3.0800826277085207
isophon,51,4,750.0,4.5986568564419485
isophon,51,4,1000.0,0.9576827462816624
isophon,51,4,1500.0,1.1149555192061484
isophon,51,4,2000.0,3.8849633040929064
isophon,51,4,3000.0,1.2250076309788938
isophon,51,4,4000.0,0.4605401961179325
isophon,51,4,6000.0,-11.362041187088778
isophon,51,4,8000.0,-8.093352490340834
isophon,51,5,250.0,5.395133386657605
isophon,51,5,500.0,1.9411866731615248
isophon,51,5,750.0,5.534631494286145
isophon,51,5,1000.0,1.861991792291633
isophon,51,5,1500.0,3.8393875870997363
isophon,51,5,2000.0,5.351712138769912
isophon,51,5,3000.0,1.6818068966552033
isophon,51,5,4000.0,3.311886264456774
isophon,51,5,6000.0,-4.355001933577384
isophon,51,5,8000.0,-6.792378872944056
isophon,51,6,250.0,-0.7807772006524942
isophon,51,6,500.0,2.6407189836478437
isophon,51,6,750.0,1.745788101000855
isophon,51,6,1000.0,-2.9958110220065493
isophon,51,6,1500.0,-1.121283420968723
isophon,51,6,2000.0,1.349764565616411
isophon,51,6,3000.0,-3.577926920484188
isophon,51,6,4000.0,-3.12447167072618
isophon,51,6,6000.0,-4.121654099456293
isophon,51,6,8000.0,-7.514769130298518
isophon,51,7,250.0,-2.035142059251271
isophon,51,7,500.0,3.7461443193815285
isophon,51,7,750.0,3.2216056550487906
isophon,51,7,1000.0,0.7463555327671401
isophon,51,7,1500.0,1.9184424770955957
isophon,51,7,2000.0,2.1921281559979064
isophon,51,7,3000.0,-1.7917456040967323
isophon,51,7,4000.0,-1.6578794695857368
isophon,51,7,6000.0,-0.42611284130985894
isophon,51,7,8000.0,-8.312255227188857
isophon,51,8,250.0,-0.2504174307186702
isophon,51,8,500.0,6.480494340534364
isophon,51,8,750.0,2.122818197490645
isophon,51,8,1000.0,1.7131042311528546
isophon,51,8,1500.0,4.684214828291033
isophon,51,8,2000.0,3.7161063010736513
isophon,51,8,3000.0,-5.371286414429406
isophon,51,8,4000.0,0.6983199936167068
isophon,51,8,6000.0,-1.8365554100660688
isophon,51,8,8000.0,-11.127224426269535
isophon,51,9,250.0,0.5920594957496235
isophon,51,9,500.0,6.6710893537378695
isophon,51,9,750.0,3.2180255221334875
isophon,51,9,1000.0,0.6663629175100425
isophon,51,9,1500.0,6.133719895006777
isophon,51,9,2000.0,5.437782001267266
isophon,51,9,3000.0,-4.674147644042975
isophon,51,9,4000.0,2.434639883832318
isophon,51,9,6000.0,0.5934962911092185
isophon,51,9,8000.0,-8.571936645507819
isophon,51,10,250.0,-0.05733578898950498
isophon,51,10,500.0,-0.8317384135396253
isophon,51,10,750.0,2.8553953274154793
isophon,51,10,1000.0,-0.06607370857230421
isophon,51,10,1500.0,7.196943591593836
isophon,51,10,2000.0,7.535747773639969
isophon,51,10,3000.0,-2.9151931762695256
isophon,51,10,4000.0,2.898056842618672
isophon,51,10,6000.0,1.9421707029616044
isophon,51,10,8000.0,-5.453778839111322
isophon,52,1,250.0,-11.177740765671544
isophon,52,1,500.0,-25.219968621585295
isophon,52,1,750.0,6.568630523681641
isophon,52,1,1000.0,10.001455612182617
isophon,52,1,1500.0,10.21866495132446
isophon,52,1,2000.0,-0.4691798141218353
isophon,52,1,3000.0,24.389214820861817
isophon,52,1,4000.0,24.181132098701262
isophon,52,1,6000.0,30.185019317397717
isophon,52,1,8000.0,68.0633359959921
isophon,52,2,250.0,-6.8752654319070245
isophon,52,2,500.0,-5.913904828394436
isophon,52,2,750.0,-1.5386326599121105
isophon,52,2,1000.0,-3.039378433227533
isophon,52,2,1500.0,3.448253212558413
isophon,52,2,2000.0,10.162594367699462
isophon,52,2,3000.0,11.168640823364257
isophon,52,2,4000.0,26.553187964427885
isophon,52,2,6000.0,23.04589302064612
isophon,52,2,8000.0,45.77713080287722
isophon,52,3,250.0,-5.286254241884222
isophon,52,3,500.0,-10.947672541679026
isophon,52,3,750.0,-4.287969073846476
isophon,52,3,1000.0,-2.4320234535336382
isophon,52,3,1500.0,-1.8539741516072255
isophon,52,3,2000.0,9.284837273237144
isophon,52,3,3000.0,0.14809331903119016
isophon,52,3,4000.0,16.59673113001101
isophon,52,3,6000.0,13.844435866790747
isophon,52,3,8000.0,31.166725487842285
isophon,52,4,250.0,-10.777613840888904
isophon,52,4,500.0,-12.400183769760346
isophon,52,4,750.0,-2.7866383244178508
isophon,52,4,1000.0,-1.6669941967094672
isophon,52,4,1500.0,-2.9010143641255297
isophon,52,4,2000.0,3.5066840178276095
isophon,52,4,3000.0,-7.114181818168703
isophon,52,4,4000.0,1.344296208875491
isophon,52,4,6000.0,1.9199577281747366
isophon,52,4,8000.0,26.50243794619803
isophon,52,5,250.0,-4.550051414144335
isophon,52,5,500.0,-6.634215343818127
isophon,52,5,750.0,0.2373546692959252
isophon,52,5,1000.0,5.217387605544062
isophon,52,5,1500.0,2.460667504740286
isophon,52,5,2000.0,-0.15068635903625704
isophon,52,5,3000.0,-4.2850234239561615
isophon,52,5,4000.0,2.916891781565809
isophon,52,5,6000.0,6.2998688078334055
isophon,52,5,8000.0,22.738473201893783
isophon,52,6,250.0,-4.0496968592075575
isophon,52,6,500.0,-3.9250988132701963
isophon,52,6,750.0,2.7509307281596165
isophon,52,6,1000.0,4.274492097673232
isophon,52,6,1500.0,-2.640452710646457
isophon,52,6,2000.0,-1.1285439364415026
isophon,52,6,3000.0,2.470070570184461
isophon,52,6,4000.0,7.270719220506592
isophon,52,6,6000.0,8.90155671543755
isophon,52,6,8000.0,22.68036910932976
isophon,52,7,250.0,-2.8474787819521055
isophon,52,7,500.0,-0.17748051938521314
isophon,52,7,750.0,3.0279452355742222
isophon,52,7,1000.0,9.388546942640517
isophon,52,7,1500.0,-1.463657730779829
isophon,52,7,2000.0,-2.3114824793545523
isophon,52,7,3000.0,5.885039689455141
isophon,52,7,4000.0,9.75939816964113
isophon,52,7,6000.0,6.268313974444908
isophon,52,7,8000.0,22.71755211852404
isophon,52,8,250.0,-0.6865268371426083
isophon,52,8,500.0,-0.4082981722413308
isophon,52,8,750.0,2.0425106023729995
isophon,52,8,1000.0,4.827720409331533
isophon,52,8,1500.0,-6.5287442016599755
isophon,52,8,2000.0,-1.767766889897743
isophon,52,8,3000.0,3.8511474182219985
isophon,52,8,4000.0,10.83471632921433
isophon,52,8,6000.0,5.810494936790462
isophon,52,8,8000.0,23.371078321893123
isophon,52,9,250.0,-0.27933414770288323
isophon,52,9,500.0,-1.9039137200527136
isophon,52,9,750.0,0.1240027537133983
isophon,52,9,1000.0,2.44823505022741
isophon,52,9,1500.0,-4.758635559081853
isophon,52,9,2000.0,0.9264249058671368
isophon,52,9,3000.0,-0.3389810294181643
isophon,52,9,4000.0,11.10686149291422
isophon,52,9,6000.0,5.82092175662477
isophon,52,9,8000.0,21.644109290137337
isophon,52,10,250.0,1.9504333540318726
isophon,52,10,500.0,-1.401484585218185
isophon,52,10,750.0,0.29724349975586506
isophon,52,10,1000.0,-1.1802993774414006
isophon,52,10,1500.0,-3.8364120483396675
isophon,52,10,2000.0,3.1213104937618255
isophon,52,10,3000.0,1.2528480529785213
isophon,52,10,4000.0,11.639687886143562
isophon,52,10,6000.0,6.678108158899249
isophon,52,10,8000.0,10.861703045831547
isophon,53,1,250.0,-2.10495511931812
isophon,53,1,500.0,26.3776493870211
isophon,53,1,750.0,11.548868500302707
isophon,53,1,1000.0,-1.3394865247502992
isophon,53,1,1500.0,-3.2386623575525206
isophon,53,1,2000.0,8.381660323334966
isophon,53,1,3000.0,1.9026221827559597
isophon,53,1,4000.0,-5.477214777256661
isophon,53,1,6000.0,3.1672889826250525
isophon,53,1,8000.0,32.060713119506836
isophon,53,2,250.0,4.370905521741804
isophon,53,2,500.0,17.898637705922958
isophon,53,2,750.0,15.205025115678776
isophon,53,2,1000.0,7.302528228363698
isophon,53,2,1500.0,9.228942388615465
isophon,53,2,2000.0,11.104623321799263
isophon,53,2,3000.0,6.95168728796239
isophon,53,2,4000.0,5.030636902128499
isophon,53,2,6000.0,-1.364515096865972
isophon,53,2,8000.0,17.976293248817697
isophon,53,3,250.0,-1.314229422388081
isophon,53,3,500.0,3.7051941493899108
isophon,53,3,750.0,5.7480762628794935
isophon,53,3,1000.0,-4.780966706206371
isophon,53,3,1500.0,9.780394967052231
isophon,53,3,2000.0,6.011856359101543
isophon,53,3,3000.0,-5.986099809571229
isophon,53,3,4000.0,2.242581907173161
isophon,53,3,6000.0,-4.724434518234034
isophon,53,3,8000.0,15.02503481932024
isophon,53,4,250.0,-7.138723612883524
isophon,53,4,500.0,-8.436930723391185
isophon,53,4,750.0,2.9060229733644576
isophon,53,4,1000.0,0.20553048320225287
isophon,53,4,1500.0,5.70503264670343
isophon,53,4,2000.0,5.335987343758397
isophon,53,4,3000.0,-13.973360313723418
isophon,53,4,4000.0,-0.3164047583076268
isophon,53,4,6000.0,-6.162804007602034
isophon,53,4,8000.0,4.047199180372843
isophon,53,5,250.0,-6.2568045125728275
isophon,53,5,500.0,0.6835308006209715
isophon,53,5,750.0,6.9412399234309134
isophon,53,5,1000.0,7.8500442036814775
isophon,53,5,1500.0,9.750943946755655
isophon,53,5,2000.0,6.731749526369896
isophon,53,5,3000.0,-10.851649936429936
isophon,53,5,4000.0,-0.4580257678547497
isophon,53,5,6000.0,-1.8761397456890307
isophon,53,5,8000.0,3.1822476153438117
isophon,53,6,250.0,-1.5351426673603896
isophon,53,6,500.0,-0.45123537723260654
isophon,53,6,750.0,3.3727063630036724
isophon,53,6,1000.0,2.2747321417447637
isophon,53,6,1500.0,6.717906587428786
isophon,53,6,2000.0,4.829649771109587
isophon,53,6,3000.0,-8.376037496375687
isophon,53,6,4000.0,-0.4884458492282704
isophon,53,6,6000.0,2.8963480808739916
isophon,53,6,8000.0,4.998599511216227
isophon,53,7,250.0,1.7608690501894984
isophon,53,7,500.0,2.118430058992246
isophon,53,7,750.0,6.04532551129644
isophon,53,7,1000.0,3.0456120748274884
isophon,53,7,1500.0,3.774204488775297
isophon,53,7,2000.0,4.393303183712234
isophon,53,7,3000.0,-3.7032374482682684
isophon,53,7,4000.0,4.640892425522878
isophon,53,7,6000.0,3.9320046751871587
isophon,53,7,8000.0,7.707502181482184
isophon,53,8,250.0,0.7342531388482314
isophon,53,8,500.0,0.6022166185381792
isophon,53,8,750.0,4.24192761470691
isophon,53,8,1000.0,2.541953949453614
isophon,53,8,1500.0,2.311248320750593
isophon,53,8,2000.0,-0.8807248262906455
isophon,53,8,3000.0,-5.009924332443049
isophon,53,8,4000.0,4.377698426266406
isophon,53,8,6000.0,5.420115095292289
isophon,53,8,8000.0,8.955849021949035
isophon,53,9,250.0,1.0561230565356112
isophon,53,9,500.0,0.7297927330212843
isophon,53,9,750.0,0.1253881607873808
isophon,53,9,1000.0,-0.9780455015710459
isophon,53,9,1500.0,-1.8493613371668545
isophon,53,9,2000.0,-3.3452419733598617
isophon,53,9,3000.0,-8.375973486723723
isophon,53,9,4000.0,-0.4977456149868118
isophon,53,9,6000.0,5.731241751822608
isophon,53,9,8000.0,9.448979458720643
isophon,53,10,250.0,0.7643880599082422
isophon,53,10,500.0,0.26188904284020964
isophon,53,10,750.0,-1.0901277890030627
isophon,53,10,1000.0,-4.072296345189159
isophon,53,10,1500.0,-1.17489809825247
isophon,53,10,2000.0,-3.414327588249918
isophon,53,10,3000.0,-7.17888628362077
isophon,53,10,4000.0,0.7550526966936957
isophon,53,10,6000.0,6.949070630995806
isophon,53,10,8000.0,10.926577114970641
isophon,54,1,250.0,-13.122723200174633
isophon,54,1,500.0,-4.574027777545297
isophon,54,1,750.0,-6.03035825042868
isophon,54,1,1000.0,0.22669367680239816
isophon,54,1,1500.0,2.035591481532828
isophon,54,1,2000.0,-7.953799924513433
isophon,54,1,3000.0,4.403609725107522
isophon,54,1,4000.0,5.635501308938672
isophon,54,1,6000.0,8.29090644833407
isophon,54,1,8000.0,21.105970136829402
isophon,54,2,250.0,-1.0981041481906217
isophon,54,2,500.0,-2.4063861703978304
isophon,54,2,750.0,-5.200811156102631
isophon,54,2,1000.0,-0.8588653904402577
isophon,54,2,1500.0,-3.0572404424739332
isophon,54,2,2000.0,8.006919749270033
isophon,54,2,3000.0,5.1724647508535995
isophon,54,2,4000.0,-1.7677501821615778
isophon,54,2,6000.0,5.514441887223995
isophon,54,2,8000.0,0.8780531031931673
isophon,54,3,250.0,2.419994186474206
isophon,54,3,500.0,5.464430480387101
isophon,54,3,750.0,0.33502868183564516
isophon,54,3,1000.0,0.4257589293979578
isophon,54,3,1500.0,-8.858578994075202
isophon,54,3,2000.0,-6.786935754924947
isophon,54,3,3000.0,-1.3778788246238776
isophon,54,3,4000.0,0.0030106780376115694
isophon,54,3,6000.0,3.1561763716827613
isophon,54,3,8000.0,7.122215184756897
isophon,54,4,250.0,1.8444803165497632
isophon,54,4,500.0,1.41901976703042
isophon,54,4,750.0,6.247790437637569
isophon,54,4,1000.0,-0.011043763698680209
isophon,54,4,1500.0,-5.054050979795349
isophon,54,4,2000.0,-11.116809270079003
isophon,54,4,3000.0,0.7351207114900831
isophon,54,4,4000.0,-3.9481395619478548
isophon,54,4,6000.0,3.8833317011678474
isophon,54,4,8000.0,7.073686220446319
isophon,54,5,250.0,1.0674126313953423
isophon,54,5,500.0,2.3059081299277153
isophon,54,5,750.0,5.781144235344328
isophon,54,5,1000.0,-1.3586809802262536
isophon,54,5,1500.0,-2.9207518529148047
isophon,54,5,2000.0,-5.7732013182388044
isophon,54,5,3000.0,5.1782088620356035
isophon,54,5,4000.0,-4.81208969713353
isophon,54,5,6000.0,7.76797376532798
isophon,54,5,8000.0,7.8335501863664945
isophon,54,6,250.0,3.0198706887540823
isophon,54,6,500.0,-3.134652282271176
isophon,54,6,750.0,2.9205198516227
isophon,54,6,1000.0,-4.19091293888215
isophon,54,6,1500.0,-6.512637691680922
isophon,54,6,2000.0,-6.330290171283806
isophon,54,6,3000.0,2.7457432181640655
isophon,54,6,4000.0,-7.2740464964017235
isophon,54,6,6000.0,3.548267617257224
isophon,54,6,8000.0,-2.30669791038612
isophon,54,7,250.0,-6.497070232909309
isophon,54,7,500.0,-7.112220237655038
isophon,54,7,750.0,-5.732735599705549
isophon,54,7,1000.0,-6.436549547391934
isophon,54,7,1500.0,-7.2447111191997635
isophon,54,7,2000.0,-5.332011903265425
isophon,54,7,3000.0,2.755310845820844
isophon,54,7,4000.0,-9.609652123694147
isophon,54,7,6000.0,1.1638360984424452
isophon,54,7,8000.0,0.3673996788610907
isophon,54,8,250.0,-5.612342853523799
isophon,54,8,500.0,-7.6646860131452
isophon,54,8,750.0,-6.737189742699641
isophon,54,8,1000.0,-3.715740844748865
isophon,54,8,1500.0,-9.442142515897388
isophon,54,8,2000.0,-5.611173789982686
isophon,54,8,3000.0,0.936329782629997
isophon,54,8,4000.0,-9.88336684142709
isophon,54,8,6000.0,0.6763866542120667
isophon,54,8,8000.0,-2.7529446431584574
isophon,54,9,250.0,-4.28354224209923
isophon,54,9,500.0,-7.768561606658267
isophon,54,9,750.0,-5.524255013040175
isophon,54,9,1000.0,-5.007305897812969
isophon,54,9,1500.0,-10.710652859736015
isophon,54,9,2000.0,-9.743839514217171
isophon,54,9,3000.0,-2.2280525587056275
isophon,54,9,4000.0,-7.281570753576332
isophon,54,9,6000.0,-1.9512687882659776
isophon,54,9,8000.0,-7.37563868592548
isophon,54,10,250.0,-7.768772209845565
isophon,54,10,500.0,-3.788727928372367
isophon,54,10,750.0,-5.036791628859731
isophon,54,10,1000.0,-4.242668678960172
isophon,54,10,1500.0,-11.414415533810129
isophon,54,10,2000.0,-13.47588458938813
isophon,54,10,3000.0,-9.669770626224533
isophon,54,10,4000.0,-4.697762980517808
isophon,54,10,6000.0,-0.011584175104260908
isophon,54,10,8000.0,-7.20542732808164
isophon,55,1,250.0,-12.093184088174645
isophon,55,1,500.0,-13.248254221210438
isophon,55,1,750.0,2.635574645996094
isophon,55,1,1000.0,-3.157194238360784
isophon,55,1,1500.0,-17.1249741226208
isophon,55,1,2000.0,-12.245510723289218
isophon,55,1,3000.0,-10.215418510437011
isophon,55,1,4000.0,-22.761287535373633
isophon,55,1,6000.0,-18.339867284717464
isophon,55,1,8000.0,1.1857950438657792
isophon,55,2,250.0,-8.84281708711596
isophon,55,2,500.0,-1.1552297416100998
isophon,55,2,750.0,4.157888832159095
isophon,55,2,1000.0,9.57857512080875
isophon,55,2,1500.0,-5.064383132892186
isophon,55,2,2000.0,-6.537380366943996
isophon,55,2,3000.0,-19.038365631103517
isophon,55,2,4000.0,-8.526208177148355
isophon,55,2,6000.0,-3.6022541228040623
isophon,55,2,8000.0,-6.720724154699752
isophon,55,3,250.0,-11.22709784033961
isophon,55,3,500.0,-8.267815516752641
isophon,55,3,750.0,-0.3677239665207779
isophon,55,3,1000.0,0.05490497999490174
isophon,55,3,1500.0,-4.826508530317163
isophon,55,3,2000.0,-0.35853847046607257
isophon,55,3,3000.0,-8.865543018712636
isophon,55,3,4000.0,3.2455591642544164
isophon,55,3,6000.0,2.127658130627978
isophon,55,3,8000.0,11.620585317834319
isophon,55,4,250.0,-0.8123797500375929
isophon,55,4,500.0,-7.351553200177079
isophon,55,4,750.0,3.166028412837278
isophon,55,4,1000.0,-2.1331497261319043
isophon,55,4,1500.0,-5.927129530437412
isophon,55,4,2000.0,3.2010836735375037
isophon,55,4,3000.0,-5.425043995713565
isophon,55,4,4000.0,-6.222959827707996
isophon,55,4,6000.0,4.052880939688407
isophon,55,4,8000.0,21.39973852440059
isophon,55,5,250.0,-2.499430178151073
isophon,55,5,500.0,3.0136327464567785
isophon,55,5,750.0,6.058625383710165
isophon,55,5,1000.0,4.517166220613845
isophon,55,5,1500.0,-0.08704724855459745
isophon,55,5,2000.0,2.10664277087713
isophon,55,5,3000.0,-2.254223271528673
isophon,55,5,4000.0,0.8273506843895859
isophon,55,5,6000.0,7.858521828419526
isophon,55,5,8000.0,10.295370448790862
isophon,55,6,250.0,4.179672207554262
isophon,55,6,500.0,5.1167151957230175
isophon,55,6,750.0,4.630638612198993
isophon,55,6,1000.0,2.8132069916640745
isophon,55,6,1500.0,-1.582221277578185
isophon,55,6,2000.0,-0.3194472832793309
isophon,55,6,3000.0,-3.50651986771895
isophon,55,6,4000.0,-1.038713139224697
isophon,55,6,6000.0,8.428551045161726
isophon,55,6,8000.0,10.16597551318955
isophon,55,7,250.0,5.989156882585689
isophon,55,7,500.0,4.186957940729812
isophon,55,7,750.0,4.665581167465177
isophon,55,7,1000.0,6.390234483931778
isophon,55,7,1500.0,4.144563924307079
isophon,55,7,2000.0,4.589623219015806
isophon,55,7,3000.0,2.773854125200984
isophon,55,7,4000.0,1.6145465089692976
isophon,55,7,6000.0,9.387133990592076
isophon,55,7,8000.0,12.454571144386065
isophon,55,8,250.0,5.217976166926988
isophon,55,8,500.0,0.9160335915271816
isophon,55,8,750.0,0.8785387189410443
isophon,55,8,1000.0,4.032114140228117
isophon,55,8,1500.0,1.8731367334568034
isophon,55,8,2000.0,4.150921817332616
isophon,55,8,3000.0,0.06899765576638117
isophon,55,8,4000.0,3.194654482752213
isophon,55,8,6000.0,10.348641553277318
isophon,55,8,8000.0,12.18212716399863
isophon,55,9,250.0,2.760521021526017
isophon,55,9,500.0,-0.1036866755843846
isophon,55,9,750.0,1.5691918945312437
isophon,55,9,1000.0,1.9022285023050074
isophon,55,9,1500.0,-1.4655054003756902
isophon,55,9,2000.0,3.7614151327401686
isophon,55,9,3000.0,-5.026381530761725
isophon,55,9,4000.0,2.065325218813257
isophon,55,9,6000.0,8.489297133023285
isophon,55,9,8000.0,11.977369993878682
isophon,55,10,250.0,2.5434168324353124
isophon,55,10,500.0,1.318993967008609
isophon,55,10,750.0,2.243490600585943
isophon,55,10,1000.0,-0.5397735595703068
isophon,55,10,1500.0,-2.5019842809320068
isophon,55,10,2000.0,-1.9923556159483269
isophon,55,10,3000.0,-2.5656944274902287
isophon,55,10,4000.0,2.8716880382221746
isophon,55,10,6000.0,-0.029113552376529128
isophon,55,10,8000.0,-0.10225140414543432
isophon,56,1,250.0,0.9693471741499131
isophon,56,1,500.0,6.935489208865841
isophon,56,1,750.0,-0.2633699117495798
isophon,56,1,1000.0,-8.44734721315344
isophon,56,1,1500.0,0.7313637693415203
isophon,56,1,2000.0,-3.1990080425532277
isophon,56,1,3000.0,-15.48264824334509
isophon,56,1,4000.0,-8.718539835581987
isophon,56,1,6000.0,-17.715771828298045
isophon,56,1,8000.0,-3.086232929126785
isophon,56,2,250.0,7.08988199597772
isophon,56,2,500.0,3.2567096997609433
isophon,56,2,750.0,-10.694460606128963
isophon,56,2,1000.0,-4.334855494555818
isophon,56,2,1500.0,-1.1817421684829554
isophon,56,2,2000.0,0.6548490108692597
isophon,56,2,3000.0,-3.726068633969245
isophon,56,2,4000.0,2.1643864033889226
isophon,56,2,6000.0,-0.09250156957637756
isophon,56,2,8000.0,-11.759360734278502
isophon,56,3,250.0,7.0702838474544905
isophon,56,3,500.0,-1.1117876727869316
isophon,56,3,750.0,-10.35079694215333
isophon,56,3,1000.0,3.215090843788232
isophon,56,3,1500.0,-5.856552512539466
isophon,56,3,2000.0,-1.6837867110536848
isophon,56,3,3000.0,6.327036774156618
isophon,56,3,4000.0,3.1482702052819462
isophon,56,3,6000.0,-7.403179029225576
isophon,56,3,8000.0,-14.172861422951307
isophon,56,4,250.0,4.231181498065304
isophon,56,4,500.0,-13.642600824001676
isophon,56,4,750.0,-6.41221301119954
isophon,56,4,1000.0,6.26132101515887
isophon,56,4,1500.0,-7.516945716360489
isophon,56,4,2000.0,2.8368770829609815
isophon,56,4,3000.0,1.8093329452728781
isophon,56,4,4000.0,2.679836977916871
isophon,56,4,6000.0,-13.348713191403974
isophon,56,4,8000.0,-17.391086892798484
isophon,56,5,250.0,3.295891512304024
isophon,56,5,500.0,-12.239223527606114
isophon,56,5,750.0,-7.0161496801425045
isophon,56,5,1000.0,3.095816759176664
isophon,56,5,1500.0,-12.568413319569174
isophon,56,5,2000.0,2.284159859950506
isophon,56,5,3000.0,-0.31083045199847703
isophon,56,5,4000.0,-2.7631472537154096
isophon,56,5,6000.0,-7.243512507615421
isophon,56,5,8000.0,-16.75982198508703
isophon,56,6,250.0,1.2585719156160877
isophon,56,6,500.0,-10.883956051476403
isophon,56,6,750.0,-7.730328976197853
isophon,56,6,1000.0,-0.13821273111862808
isophon,56,6,1500.0,-9.740417334336257
isophon,56,6,2000.0,2.028469384597571
isophon,56,6,3000.0,0.544396997431619
isophon,56,6,4000.0,-1.2074409140101068
isophon,56,6,6000.0,-11.001661001977283
isophon,56,6,8000.0,-20.221963718647785
isophon,56,7,250.0,1.6193757973713474
isophon,56,7,500.0,-7.435199419796717
isophon,56,7,750.0,-3.1676889897258462
isophon,56,7,1000.0,3.524894966504661
isophon,56,7,1500.0,-8.310259917020915
isophon,56,7,2000.0,-1.3562088655705367
isophon,56,7,3000.0,2.8090319740982466
isophon,56,7,4000.0,-0.6240791121825993
isophon,56,7,6000.0,-10.520232182340322
isophon,56,7,8000.0,-19.849084202948546
isophon,56,8,250.0,1.9801123850941735
isophon,56,8,500.0,-5.635969204773573
isophon,56,8,750.0,-0.8351833202403043
isophon,56,8,1000.0,5.032216054094263
isophon,56,8,1500.0,-8.204398327071559
isophon,56,8,2000.0,-1.1359035727581528
isophon,56,8,3000.0,-4.0709508364363955
isophon,56,8,4000.0,0.2127298085935081
isophon,56,8,6000.0,-10.782018183560382
isophon,56,8,8000.0,-19.704868038988252
isophon,56,9,250.0,2.2281191378411336
isophon,56,9,500.0,-4.244345806674033
isophon,56,9,750.0,1.1215751129699356
isophon,56,9,1000.0,6.658331863408122
isophon,56,9,1500.0,-7.6041249468714796
isophon,56,9,2000.0,0.38007115653888945
isophon,56,9,3000.0,-5.176723915205713
isophon,56,9,4000.0,-0.11271442632936157
isophon,56,9,6000.0,-15.077592110097413
isophon,56,9,8000.0,-20.109127073104375
isophon,56,10,250.0,1.7215951643612044
isophon,56,10,500.0,-3.9220349073389684
isophon,56,10,750.0,-0.014422637915046721
isophon,56,10,1000.0,5.609436487938126
isophon,56,10,1500.0,-6.675509544452396
isophon,56,10,2000.0,5.3610525974149255
isophon,56,10,3000.0,-0.6501553836393299
isophon,56,10,4000.0,3.8144226743687
isophon,56,10,6000.0,-11.707347530430155
isophon,56,10,8000.0,-15.608680326671532
isophon,57,1,250.0,8.161298016979856
isophon,57,1,500.0,17.390251059793215
isophon,57,1,750.0,7.786323716569008
isophon,57,1,1000.0,-2.1374330378744872
isophon,57,1,1500.0,8.63159904296981
isophon,57,1,2000.0,10.614578992387678
isophon,57,1,3000.0,5.917754238702386
isophon,57,1,4000.0,1.3794011386116836
isophon,57,1,6000.0,1.5702562783941687
isophon,57,1,8000.0,10.375632343108833
isophon,57,2,250.0,1.9019653657054718
isophon,57,2,500.0,-0.48354814929443535
isophon,57,2,750.0,0.9829479564123886
isophon,57,2,1000.0,-3.9461482647702866
isophon,57,2,1500.0,6.5689174887543516
isophon,57,2,2000.0,-1.7265690400804488
isophon,57,2,3000.0,0.8516884918799335
isophon,57,2,4000.0,-4.888999472035437
isophon,57,2,6000.0,0.13365554985972494
isophon,57,2,8000.0,9.351247403120226
isophon,57,3,250.0,4.912219852762064
isophon,57,3,500.0,7.374086507048247
isophon,57,3,750.0,5.941825807736777
isophon,57,3,1000.0,0.7916334466010255
isophon,57,3,1500.0,2.4831822782692115
isophon,57,3,2000.0,0.13868553856281096
isophon,57,3,3000.0,6.249514699862388
isophon,57,3,4000.0,1.1807566039666
isophon,57,3,6000.0,-3.0743923940772646
isophon,57,3,8000.0,7.060240576509045
isophon,57,4,250.0,3.905215114027982
isophon,57,4,500.0,-0.8006506727975449
isophon,57,4,750.0,0.024981578569224894
isophon,57,4,1000.0,-0.7102898906953641
isophon,57,4,1500.0,1.516447760586459
isophon,57,4,2000.0,5.517835559583602
isophon,57,4,3000.0,8.837361156304453
isophon,57,4,4000.0,4.4599472108548355
isophon,57,4,6000.0,3.856290471685824
isophon,57,4,8000.0,12.934129402081311
isophon,57,5,250.0,4.179574914943174
isophon,57,5,500.0,1.413020937239935
isophon,57,5,750.0,-2.108274378151691
isophon,57,5,1000.0,-1.4268657726853178
isophon,57,5,1500.0,-2.901977105044068
isophon,57,5,2000.0,-1.6790460286880915
isophon,57,5,3000.0,-2.3709670708016546
isophon,57,5,4000.0,-5.862428458350351
isophon,57,5,6000.0,2.0638783983177262
isophon,57,5,8000.0,4.933366896134345
isophon,57,6,250.0,3.2300572233888545
isophon,57,6,500.0,0.06650977101070055
isophon,57,6,750.0,-4.997516687723703
isophon,57,6,1000.0,-4.975520610269541
isophon,57,6,1500.0,-2.0596031202951792
isophon,57,6,2000.0,-4.3218597990017855
isophon,57,6,3000.0,-4.285506530559104
isophon,57,6,4000.0,-4.003358823988819
isophon,57,6,6000.0,0.7848277374650365
isophon,57,6,8000.0,-3.0937638078609666
isophon,57,7,250.0,-1.527066731786448
isophon,57,7,500.0,-8.104594642766742
isophon,57,7,750.0,-9.496564788818361
isophon,57,7,1000.0,-6.353350570606153
isophon,57,7,1500.0,-3.0440625002512007
isophon,57,7,2000.0,-4.460997469666921
isophon,57,7,3000.0,-5.879364550959835
isophon,57,7,4000.0,-4.015765538857863
isophon,57,7,6000.0,-2.9206225032440614
isophon,57,7,8000.0,-1.7924457439702195
isophon,57,8,250.0,-4.876852152970329
isophon,57,8,500.0,-7.748799920338399
isophon,57,8,750.0,-7.995499114990238
isophon,57,8,1000.0,-3.6373967033938612
isophon,57,8,1500.0,-1.6052905510559867
isophon,57,8,2000.0,-3.89129402248588
isophon,57,8,3000.0,-4.033394706742811
isophon,57,8,4000.0,-2.8992210916859165
isophon,57,8,6000.0,-2.6161559997767085
isophon,57,8,8000.0,-4.328867436783099
isophon,57,9,250.0,-6.0129047619568325
isophon,57,9,500.0,-7.322504831730427
isophon,57,9,750.0,-6.734522857666022
isophon,57,9,1000.0,-2.8285905490078562
isophon,57,9,1500.0,-0.3145316324817031
isophon,57,9,2000.0,-3.139266362308959
isophon,57,9,3000.0,-2.815408180587184
isophon,57,9,4000.0,-1.717898040174049
isophon,57,9,6000.0,-4.290527744263073
isophon,57,9,8000.0,-4.44442814924237
isophon,57,10,250.0,-4.721682617039093
isophon,57,10,500.0,-6.187091379047217
isophon,57,10,750.0,-5.733186340332026
isophon,57,10,1000.0,-4.01824476418922
isophon,57,10,1500.0,0.3156469268312776
isophon,57,10,2000.0,-1.6133750976974284
isophon,57,10,3000.0,-6.251702877350397
isophon,57,10,4000.0,-0.9759590415033301
isophon,57,10,6000.0,-3.86029105365472
isophon,57,10,8000.0,-2.3641451511704332
isophon,58,1,250.0,1.3288760315756818
isophon,58,1,500.0,5.7751233434156575
isophon,58,1,750.0,0.014080804551376502
isophon,58,1,1000.0,9.551213021290764
isophon,58,1,1500.0,-7.634021569451832
isophon,58,1,2000.0,-9.759141840415552
isophon,58,1,3000.0,9.906425510129555
isophon,58,1,4000.0,11.431529255853889
isophon,58,1,6000.0,11.374007907372487
isophon,58,1,8000.0,0.5617157106234032
isophon,58,2,250.0,10.399102300529023
isophon,58,2,500.0,7.064276611539988
isophon,58,2,750.0,-0.5443519966478192
isophon,58,2,1000.0,-0.6066182927829402
isophon,58,2,1500.0,-8.123197310983457
isophon,58,2,2000.0,-3.789127042522331
isophon,58,2,3000.0,1.8056273179992814
isophon,58,2,4000.0,0.6907075609037463
isophon,58,2,6000.0,14.526571222988728
isophon,58,2,8000.0,17.193321667507952
isophon,58,3,250.0,8.882824309764551
isophon,58,3,500.0,15.46236718443759
isophon,58,3,750.0,0.2572163588661951
isophon,58,3,1000.0,-4.326107899030461
isophon,58,3,1500.0,-9.434097201757211
isophon,58,3,2000.0,2.4869010296351206
isophon,58,3,3000.0,2.8511171349687743
isophon,58,3,4000.0,3.603704336703551
isophon,58,3,6000.0,9.645385126729963
isophon,58,3,8000.0,16.63395935631354
isophon,58,4,250.0,7.372055013242544
isophon,58,4,500.0,10.582480688185235
isophon,58,4,750.0,1.2734848100341054
isophon,58,4,1000.0,0.6048949516272444
isophon,58,4,1500.0,-7.121871644696526
isophon,58,4,2000.0,2.537180569088406
isophon,58,4,3000.0,2.3047546456578516
isophon,58,4,4000.0,5.806959397963837
isophon,58,4,6000.0,0.489788762126409
isophon,58,4,8000.0,-1.8373376029626485
isophon,58,5,250.0,-2.67753875201916
isophon,58,5,500.0,10.003958007513816
isophon,58,5,750.0,0.6654801000623252
isophon,58,5,1000.0,4.418816125475132
isophon,58,5,1500.0,-7.571018524178882
isophon,58,5,2000.0,0.12865859036767802
isophon,58,5,3000.0,-2.0558711445694513
isophon,58,5,4000.0,-5.259216306143273
isophon,58,5,6000.0,-5.55516405354247
isophon,58,5,8000.0,-9.116632694958568
isophon,58,6,250.0,-3.8832794006268188
isophon,58,6,500.0,7.029370980371311
isophon,58,6,750.0,-6.425720059208075
isophon,58,6,1000.0,-1.6424946787558383
isophon,58,6,1500.0,-8.814147978887831
isophon,58,6,2000.0,-0.4117221263490336
isophon,58,6,3000.0,2.644130983874277
isophon,58,6,4000.0,-2.4296213957444053
isophon,58,6,6000.0,-1.4893259929826428
isophon,58,6,8000.0,-5.520642496471069
isophon,58,7,250.0,-1.848684185719378
isophon,58,7,500.0,9.15211637625535
isophon,58,7,750.0,-6.678192474574033
isophon,58,7,1000.0,-0.6244152912666863
isophon,58,7,1500.0,-9.43255470193148
isophon,58,7,2000.0,-1.5039494572448575
isophon,58,7,3000.0,2.2566013524002955
isophon,58,7,4000.0,-4.504242024948653
isophon,58,7,6000.0,-5.603599399469999
isophon,58,7,8000.0,-3.726595717067923
isophon,58,8,250.0,-1.7165877235262883
isophon,58,8,500.0,9.537248889820106
isophon,58,8,750.0,-8.695439486333825
isophon,58,8,1000.0,-1.3073096491658447
isophon,58,8,1500.0,-9.758992666826373
isophon,58,8,2000.0,-2.408874116158671
isophon,58,8,3000.0,0.6255176813607051
isophon,58,8,4000.0,-2.5758485975910475
isophon,58,8,6000.0,-4.639953040272246
isophon,58,8,8000.0,-3.1896858222078777
isophon,58,9,250.0,-1.761956401674965
isophon,58,9,500.0,7.296233616796201
isophon,58,9,750.0,-9.446590532858451
isophon,58,9,1000.0,-1.6825707230958074
isophon,58,9,1500.0,-10.1266002065082
isophon,58,9,2000.0,-2.233518220044985
isophon,58,9,3000.0,-0.3185836973622145
isophon,58,9,4000.0,-1.9786476649370712
isophon,58,9,6000.0,-2.9338494603055096
isophon,58,9,8000.0,-3.3893036388545568
isophon,58,10,250.0,2.6083460559077167
isophon,58,10,500.0,-1.5229745636696919
isophon,58,10,750.0,-9.92536832758914
isophon,58,10,1000.0,-6.988162063662841
isophon,58,10,1500.0,-11.869245018078317
isophon,58,10,2000.0,-0.979941533957998
isophon,58,10,3000.0,2.9999460230014705
isophon,58,10,4000.0,1.64862458898223
isophon,58,10,6000.0,-2.3196042321704624
isophon,58,10,8000.0,-3.360954065161451
isophon,59,1,250.0,-9.72073499096716
isophon,59,1,500.0,-3.623154877988412
isophon,59,1,750.0,3.2018912971930718
isophon,59,1,1000.0,0.6432292636398103
isophon,59,1,1500.0,7.457437125701228
isophon,59,1,2000.0,13.10246083169957
isophon,59,1,3000.0,13.389899229630567
isophon,59,1,4000.0,5.104139770353775
isophon,59,1,6000.0,13.41718420245784
isophon,59,1,8000.0,14.772593405901432
isophon,59,2,250.0,7.6963381922640295
isophon,59,2,500.0,0.8781601553382004
isophon,59,2,750.0,-4.59032282940629
isophon,59,2,1000.0,-3.483148584126212
isophon,59,2,1500.0,12.267557250823423
isophon,59,2,2000.0,6.262296148850481
isophon,59,2,3000.0,8.255996236309514
isophon,59,2,4000.0,6.2712611379800975
isophon,59,2,6000.0,5.9015285105261555
isophon,59,2,8000.0,8.120341668386573
isophon,59,3,250.0,1.4730669157645764
isophon,59,3,500.0,-2.7373575634905336
isophon,59,3,750.0,-4.928291343605139
isophon,59,3,1000.0,4.4056674708924675
isophon,59,3,1500.0,17.705453049080397
isophon,59,3,2000.0,6.6317960366795035
isophon,59,3,3000.0,6.184693567041748
isophon,59,3,4000.0,1.3951707861877196
isophon,59,3,6000.0,10.51515942456156
isophon,59,3,8000.0,6.372276015791954
isophon,59,4,250.0,-7.2213529997997625
isophon,59,4,500.0,-10.615654411075255
isophon,59,4,750.0,-0.89120784609824
isophon,59,4,1000.0,2.980658484032219
isophon,59,4,1500.0,15.360706797413485
isophon,59,4,2000.0,3.112380300754566
isophon,59,4,3000.0,-0.2212245431516351
isophon,59,4,4000.0,-4.098317422583747
isophon,59,4,6000.0,5.910406870262847
isophon,59,4,8000.0,1.2146323566597346
isophon,59,5,250.0,-6.069262751613721
isophon,59,5,500.0,-0.28863926321081124
isophon,59,5,750.0,2.123592046660889
isophon,59,5,1000.0,5.9642931084801205
isophon,59,5,1500.0,11.513416126218516
isophon,59,5,2000.0,-5.149228309816067
isophon,59,5,3000.0,-4.237182335480398
isophon,59,5,4000.0,-6.420846395633788
isophon,59,5,6000.0,9.443762417990456
isophon,59,5,8000.0,5.3057432707157375
isophon,59,6,250.0,2.0688894954537176
isophon,59,6,500.0,-2.434159693700366
isophon,59,6,750.0,-1.0425108861873724
isophon,59,6,1000.0,2.2552453314642236
isophon,59,6,1500.0,5.541614335035973
isophon,59,6,2000.0,0.7105845310976378
isophon,59,6,3000.0,0.7900390651920475
isophon,59,6,4000.0,-6.25203747859787
isophon,59,6,6000.0,4.083514504534236
isophon,59,6,8000.0,3.9424622501237536
isophon,59,7,250.0,-6.662251906125974
isophon,59,7,500.0,-4.711315350004838
isophon,59,7,750.0,0.5296352347722006
isophon,59,7,1000.0,-1.8638705417216102
isophon,59,7,1500.0,4.942422058257392
isophon,59,7,2000.0,-3.024845124450337
isophon,59,7,3000.0,-2.091725474164832
isophon,59,7,4000.0,-6.636408274710348
isophon,59,7,6000.0,1.1021913206956668
isophon,59,7,8000.0,1.2292289570826966
isophon,59,8,250.0,-4.051755711775897
isophon,59,8,500.0,-7.109884036301182
isophon,59,8,750.0,-2.6172919720237076
isophon,59,8,1000.0,-1.8004505977346241
isophon,59,8,1500.0,2.795046823326942
isophon,59,8,2000.0,-5.035140072845394
isophon,59,8,3000.0,-5.484649226960897
isophon,59,8,4000.0,-5.363226497705483
isophon,59,8,6000.0,-0.23970122283500928
isophon,59,8,8000.0,1.7142133136560744
isophon,59,9,250.0,-3.0150994211319215
isophon,59,9,500.0,-8.234573758907942
isophon,59,9,750.0,-1.179251321063262
isophon,59,9,1000.0,-5.364034590194336
isophon,59,9,1500.0,0.517331531690445
isophon,59,9,2000.0,-7.172178843926858
isophon,59,9,3000.0,-3.1117262771974197
isophon,59,9,4000.0,-4.4067086625448155
isophon,59,9,6000.0,1.3231535976637048
isophon,59,9,8000.0,1.7690141886248227
isophon,59,10,250.0,-4.5555128372566145
isophon,59,10,500.0,-6.029445011813323
isophon,59,10,750.0,-0.12937000735894344
isophon,59,10,1000.0,-3.130889777332243
isophon,59,10,1500.0,0.9400577583250254
isophon,59,10,2000.0,-5.821921897579543
isophon,59,10,3000.0,-0.0123539066590439
isophon,59,10,4000.0,-3.5815807420304964
isophon,59,10,6000.0,1.9513049383789678
isophon,59,10,8000.0,2.4969252866074783
isophon,60,1,250.0,-7.173120663567559
isophon,60,1,500.0,-1.6955910801067091
isophon,60,1,750.0,0.1940083401456718
isophon,60,1,1000.0,0.16686860677992854
isophon,60,1,1500.0,-2.114832373541873
isophon,60,1,2000.0,-7.998432616540924
isophon,60,1,3000.0,15.407195396423338
isophon,60,1,4000.0,5.384098773838813
isophon,60,1,6000.0,-15.942475059195274
isophon,60,1,8000.0,-17.378018882693326
isophon,60,2,250.0,-3.9630391857862293
isophon,60,2,500.0,-5.956020373933498
isophon,60,2,750.0,0.8713499233074344
isophon,60,2,1000.0,-4.893705054699282
isophon,60,2,1500.0,11.206831810361251
isophon,60,2,2000.0,7.693433473893464
isophon,60,2,3000.0,13.824843072856616
isophon,60,2,4000.0,14.997247324513069
isophon,60,2,6000.0,-11.289282623827006
isophon,60,2,8000.0,-10.615715233526728
isophon,60,3,250.0,8.690225327289141
isophon,60,3,500.0,-6.3443486296110905
isophon,60,3,750.0,9.051474356695785
isophon,60,3,1000.0,-0.8338641023269702
isophon,60,3,1500.0,-1.8868138353383301
isophon,60,3,2000.0,5.822375065870176
isophon,60,3,3000.0,2.0188139763711916
isophon,60,3,4000.0,10.754477728582131
isophon,60,3,6000.0,-4.822743742586468
isophon,60,3,8000.0,-9.08541120652221
isophon,60,4,250.0,17.78559860188406
isophon,60,4,500.0,-2.072222132534094
isophon,60,4,750.0,6.94638259133805
isophon,60,4,1000.0,-1.9971080443716858
isophon,60,4,1500.0,-1.5307827391776243
isophon,60,4,2000.0,-2.9234149207310907
isophon,60,4,3000.0,-4.838520205547695
isophon,60,4,4000.0,6.653013175565263
isophon,60,4,6000.0,-2.333775997336687
isophon,60,4,8000.0,-2.3029789134213132
isophon,60,5,250.0,5.489513242362534
isophon,60,5,500.0,-2.1577266426569963
isophon,60,5,750.0,5.886467506068584
isophon,60,5,1000.0,1.510774720513183
isophon,60,5,1500.0,0.24191337342033137
isophon,60,5,2000.0,-1.6083613386206537
isophon,60,5,3000.0,-6.517138701948994
isophon,60,5,4000.0,5.499379170688769
isophon,60,5,6000.0,0.48136290465448894
isophon,60,5,8000.0,-7.450025386099753
isophon,60,6,250.0,0.09725893694800902
isophon,60,6,500.0,-1.4558833525362047
isophon,60,6,750.0,3.6509700196259445
isophon,60,6,1000.0,1.6953721423720935
isophon,60,6,1500.0,4.329589065354199
isophon,60,6,2000.0,2.9473370451532617
isophon,60,6,3000.0,-2.2354104914997777
isophon,60,6,4000.0,7.189084756472667
isophon,60,6,6000.0,-5.222845333845157
isophon,60,6,8000.0,-11.573964331468233
isophon,60,7,250.0,1.9587792724717303
isophon,60,7,500.0,-0.6473663649647392
isophon,60,7,750.0,0.4910738307397935
isophon,60,7,1000.0,-2.6644318175790005
isophon,60,7,1500.0,-4.080527884886365
isophon,60,7,2000.0,2.46879250247342
isophon,60,7,3000.0,-5.935309066323768
isophon,60,7,4000.0,3.683527790805954
isophon,60,7,6000.0,-4.077420676888622
isophon,60,7,8000.0,-9.4327046784761
isophon,60,8,250.0,2.3092415760843323
isophon,60,8,500.0,-1.3680806735936244
isophon,60,8,750.0,-0.5275687103795974
isophon,60,8,1000.0,-2.835901284086816
isophon,60,8,1500.0,-4.140431801963601
isophon,60,8,2000.0,-0.1576445321832125
isophon,60,8,3000.0,-11.694225716081462
isophon,60,8,4000.0,0.29311435692974896
isophon,60,8,6000.0,-3.568638369313291
isophon,60,8,8000.0,-8.851377652313644
isophon,60,9,250.0,3.7366712661926442
isophon,60,9,500.0,-1.6455663127803888
isophon,60,9,750.0,-1.068347075643345
isophon,60,9,1000.0,-1.735696537881367
isophon,60,9,1500.0,-4.663431031841412
isophon,60,9,2000.0,0.9105260066674958
isophon,60,9,3000.0,-14.618884124755866
isophon,60,9,4000.0,-0.22948367905429734
isophon,60,9,6000.0,-4.462369805721437
isophon,60,9,8000.0,-8.854898428014522
isophon,60,10,250.0,6.917707946308568
isophon,60,10,500.0,0.9048055472908203
isophon,60,10,750.0,-5.514643471750205
isophon,60,10,1000.0,-0.337537658552705
isophon,60,10,1500.0,-4.0264230496127595
isophon,60,10,2000.0,1.1225754618657078
isophon,60,10,3000.0,-11.457959747314447
isophon,60,10,4000.0,1.0426272491300068
isophon,60,10,6000.0,-3.8587767997753843
isophon,60,10,8000.0,-7.053948500148138
isophon,61,1,250.0,2.9080234648638985
isophon,61,1,500.0,-20.28506518327076
isophon,61,1,750.0,-24.433773994898992
isophon,61,1,1000.0,-6.506331973796444
isophon,61,1,1500.0,-7.8378379821017266
isophon,61,1,2000.0,-5.6243331575219955
isophon,61,1,3000.0,-9.799672775268554
isophon,61,1,4000.0,-19.126018874769365
isophon,61,1,6000.0,-19.118390180387408
isophon,61,1,8000.0,-29.41035424641902
isophon,61,2,250.0,-5.796111158576053
isophon,61,2,500.0,-7.897035115390679
isophon,61,2,750.0,0.11189869074016201
isophon,61,2,1000.0,2.6410478869380754
isophon,61,2,1500.0,-6.3939428461442915
isophon,61,2,2000.0,-2.330315154082591
isophon,61,2,3000.0,-5.742507738946273
isophon,61,2,4000.0,-17.312262968220843
isophon,61,2,6000.0,-4.852677222201095
isophon,61,2,8000.0,-30.100821783433204
isophon,61,3,250.0,-6.302313730513106
isophon,61,3,500.0,3.056988217721859
isophon,61,3,750.0,10.992431826984692
isophon,61,3,1000.0,2.6166547423115105
isophon,61,3,1500.0,-5.382819792951771
isophon,61,3,2000.0,2.2253039607653307
isophon,61,3,3000.0,2.487674733814984
isophon,61,3,4000.0,-6.955115384017567
isophon,61,3,6000.0,3.3752306763213014
isophon,61,3,8000.0,-24.847727131577486
isophon,61,4,250.0,-1.884941437745482
isophon,61,4,500.0,13.828654040824723
isophon,61,4,750.0,12.608832666135491
isophon,61,4,1000.0,-0.8152605870920979
isophon,61,4,1500.0,-0.5940415927595382
isophon,61,4,2000.0,4.144472753168799
isophon,61,4,3000.0,12.286241261082132
isophon,61,4,4000.0,7.285307774764945
isophon,61,4,6000.0,9.791597236229322
isophon,61,4,8000.0,-11.074005970688816
isophon,61,5,250.0,6.423267025853178
isophon,61,5,500.0,5.048068749743635
isophon,61,5,750.0,0.21540381063113045
isophon,61,5,1000.0,-2.595694730308878
isophon,61,5,1500.0,1.489105776408664
isophon,61,5,2000.0,7.866113000539741
isophon,61,5,3000.0,16.674368212747666
isophon,61,5,4000.0,2.764530813257693
isophon,61,5,6000.0,3.293880053855247
isophon,61,5,8000.0,-13.168517063166703
isophon,61,6,250.0,0.6013762047836337
isophon,61,6,500.0,-0.5197922186005286
isophon,61,6,750.0,-3.2760098815778633
isophon,61,6,1000.0,1.1534490511038484
isophon,61,6,1500.0,-0.7420865579716462
isophon,61,6,2000.0,3.483281723213537
isophon,61,6,3000.0,6.806208358414864
isophon,61,6,4000.0,-5.045188718006486
isophon,61,6,6000.0,0.5233022785263017
isophon,61,6,8000.0,-6.5855959471277
isophon,61,7,250.0,-3.091254189860308
isophon,61,7,500.0,-0.9457362399679141
isophon,61,7,750.0,-5.390973960585271
isophon,61,7,1000.0,-4.152857912772916
isophon,61,7,1500.0,-3.0044820311956073
isophon,61,7,2000.0,1.8353813115451345
isophon,61,7,3000.0,2.3473736137191565
isophon,61,7,4000.0,-5.245422393737769
isophon,61,7,6000.0,0.31033951462701737
isophon,61,7,8000.0,-6.784023411615948
isophon,61,8,250.0,-4.102124208716788
isophon,61,8,500.0,-0.501863148666672
isophon,61,8,750.0,-2.958800492221613
isophon,61,8,1000.0,-5.097822059100821
isophon,61,8,1500.0,-0.18152590694603532
isophon,61,8,2000.0,-2.8712944639319886
isophon,61,8,3000.0,-1.147541573087068
isophon,61,8,4000.0,-3.374001351967536
isophon,61,8,6000.0,-3.0353977008965813
isophon,61,8,8000.0,-9.671989169064446
isophon,61,9,250.0,-5.412051931459089
isophon,61,9,500.0,-3.5645492916491435
isophon,61,9,750.0,-0.23660865636423978
isophon,61,9,1000.0,-4.214131054407943
isophon,61,9,1500.0,1.2482393327173895
isophon,61,9,2000.0,-2.1574063688071305
isophon,61,9,3000.0,-5.0887289428711
isophon,61,9,4000.0,-1.8426177018879173
isophon,61,9,6000.0,-4.163004913330084
isophon,61,9,8000.0,-11.31880477905274
isophon,61,10,250.0,-3.0545122595042073
isophon,61,10,500.0,-2.4101976617215115
isophon,61,10,750.0,0.3056989547990554
isophon,61,10,1000.0,-1.6853924974986825
isophon,61,10,1500.0,1.5372449477397225
isophon,61,10,2000.0,-0.0741518632568301
isophon,61,10,3000.0,-2.952714538574213
isophon,61,10,4000.0,-1.407280617974635
isophon,61,10,6000.0,-2.763040161132807
isophon,61,10,8000.0,-7.117124176025385
isophon,62,1,250.0,9.495592630066682
isophon,62,1,500.0,0.27067016159311663
isophon,62,1,750.0,-25.268669657650292
isophon,62,1,1000.0,-6.46076885544673
isophon,62,1,1500.0,0.9049156526011757
isophon,62,1,2000.0,-18.834714652336928
isophon,62,1,3000.0,17.6942210779468
isophon,62,1,4000.0,-16.661912178983982
isophon,62,1,6000.0,-29.29751256650266
isophon,62,1,8000.0,-31.40757200834227
isophon,62,2,250.0,6.467154894907679
isophon,62,2,500.0,-1.486666821456609
isophon,62,2,750.0,-5.170165601062365
isophon,62,2,1000.0,-2.6754872735975823
isophon,62,2,1500.0,1.6320122949627915
isophon,62,2,2000.0,-4.472009260275186
isophon,62,2,3000.0,2.2398035378312144
isophon,62,2,4000.0,-3.1753957115355718
isophon,62,2,6000.0,-9.408144415478105
isophon,62,2,8000.0,-21.164579293076486
isophon,62,3,250.0,0.49691754050880377
isophon,62,3,500.0,-3.739689182650835
isophon,62,3,750.0,-7.0369267630596255
isophon,62,3,1000.0,0.36949538919134284
isophon,62,3,1500.0,3.7330643303477586
isophon,62,3,2000.0,-0.6916058449469489
isophon,62,3,3000.0,1.0758528087285697
isophon,62,3,4000.0,-0.6181544654222648
isophon,62,3,6000.0,-3.963018317979561
isophon,62,3,8000.0,-20.04121702669704
isophon,62,4,250.0,4.064044729758905
isophon,62,4,500.0,3.0248717620870735
isophon,62,4,750.0,-6.345672519758409
isophon,62,4,1000.0,0.20477698889762053
isophon,62,4,1500.0,3.233317149678612
isophon,62,4,2000.0,10.40936728740482
isophon,62,4,3000.0,9.268874014351653
isophon,62,4,4000.0,5.012892379107726
isophon,62,4,6000.0,0.2684514104205533
isophon,62,4,8000.0,-16.730450996343336
isophon,62,5,250.0,-2.015098121198193
isophon,62,5,500.0,-6.391373937543591
isophon,62,5,750.0,-3.2711054287710937
isophon,62,5,1000.0,-0.48650343797031326
isophon,62,5,1500.0,4.880805399993704
isophon,62,5,2000.0,7.364704206033224
isophon,62,5,3000.0,3.2563026893968186
isophon,62,5,4000.0,1.145957744358725
isophon,62,5,6000.0,-2.4375740037099405
isophon,62,5,8000.0,-14.564080970832606
isophon,62,6,250.0,3.7788482165775434
isophon,62,6,500.0,-7.017308711983162
isophon,62,6,750.0,-4.881389490913875
isophon,62,6,1000.0,-5.684369428691639
isophon,62,6,1500.0,-2.267147628450104
isophon,62,6,2000.0,-2.5316715402316134
isophon,62,6,3000.0,-5.481045747598216
isophon,62,6,4000.0,-10.49516214636806
isophon,62,6,6000.0,-5.6414931655343565
isophon,62,6,8000.0,-12.271778046310587
isophon,62,7,250.0,5.570376751085746
isophon,62,7,500.0,-5.721504133363354
isophon,62,7,750.0,-3.4779599286363094
isophon,62,7,1000.0,-4.450991356750279
isophon,62,7,1500.0,-2.2588770858148877
isophon,62,7,2000.0,-2.472609615442579
isophon,62,7,3000.0,-6.243603384274536
isophon,62,7,4000.0,-9.9629881504071
isophon,62,7,6000.0,-4.35813018021058
isophon,62,7,8000.0,-10.8065354715242
isophon,62,8,250.0,3.0732070988619427
isophon,62,8,500.0,-4.505897252485454
isophon,62,8,750.0,-3.698393940816217
isophon,62,8,1000.0,-3.9194690799383807
isophon,62,8,1500.0,-4.3835004092531875
isophon,62,8,2000.0,-2.957107472911858
isophon,62,8,3000.0,-6.054732860831521
isophon,62,8,4000.0,-11.13482595435569
isophon,62,8,6000.0,-3.8796387062333793
isophon,62,8,8000.0,-10.30191628733968
isophon,62,9,250.0,0.09658854503170744
isophon,62,9,500.0,-3.918841416390549
isophon,62,9,750.0,-4.601498132031523
isophon,62,9,1000.0,-3.9932075801180673
isophon,62,9,1500.0,-7.353548193126528
isophon,62,9,2000.0,-4.462078108696886
isophon,62,9,3000.0,-6.7838260822136505
isophon,62,9,4000.0,-9.43958623973819
isophon,62,9,6000.0,-3.6805332535096085
isophon,62,9,8000.0,-10.272416283410593
isophon,62,10,250.0,-5.364348800425205
isophon,62,10,500.0,-7.89662057563595
isophon,62,10,750.0,-3.197910217730495
isophon,62,10,1000.0,-4.86569454146192
isophon,62,10,1500.0,-6.484430585964944
isophon,62,10,2000.0,-9.560673700365285
isophon,62,10,3000.0,-8.51547009599193
isophon,62,10,4000.0,-8.256016085745983
isophon,62,10,6000.0,-2.8679655691342845
isophon,62,10,8000.0,-8.56238770166604
isophon,63,1,250.0,-15.010317347122054
isophon,63,1,500.0,0.6552890629987047
isophon,63,1,750.0,-4.481187494713467
isophon,63,1,1000.0,4.686505204207677
isophon,63,1,1500.0,-3.246752953099005
isophon,63,1,2000.0,9.081903227690347
isophon,63,1,3000.0,-10.135396993901196
isophon,63,1,4000.0,24.920449203792174
isophon,63,1,6000.0,17.786109880398243
isophon,63,1,8000.0,18.695879376728897
isophon,63,2,250.0,-7.709898454511432
isophon,63,2,500.0,1.464500411188098
isophon,63,2,750.0,7.561111806999499
isophon,63,2,1000.0,-2.354884639876218
isophon,63,2,1500.0,15.229794948129424
isophon,63,2,2000.0,3.9377377997287653
isophon,63,2,3000.0,-2.639534901417676
isophon,63,2,4000.0,7.482044156669744
isophon,63,2,6000.0,1.0127210861495541
isophon,63,2,8000.0,8.617425452399473
isophon,63,3,250.0,0.463645782547502
isophon,63,3,500.0,-5.976347492468051
isophon,63,3,750.0,1.1056929780543427
isophon,63,3,1000.0,1.793631400976885
isophon,63,3,1500.0,7.553085681137468
isophon,63,3,2000.0,-2.1995411912617158
isophon,63,3,3000.0,-3.1648970026761276
isophon,63,3,4000.0,1.9598397029843682
isophon,63,3,6000.0,0.3034759870277668
isophon,63,3,8000.0,3.4395723361851935
isophon,63,4,250.0,8.232368385707701
isophon,63,4,500.0,-6.79911925210223
isophon,63,4,750.0,-4.050117120355949
isophon,63,4,1000.0,3.650985645616771
isophon,63,4,1500.0,11.47674820620908
isophon,63,4,2000.0,-0.625066178072089
isophon,63,4,3000.0,2.013852507651549
isophon,63,4,4000.0,2.3971598452045697
isophon,63,4,6000.0,1.8107186720048816
isophon,63,4,8000.0,-5.9800005134395775
isophon,63,5,250.0,2.817698325720343
isophon,63,5,500.0,3.647968725545482
isophon,63,5,750.0,-8.612982190925536
isophon,63,5,1000.0,-2.2291772493270656
isophon,63,5,1500.0,3.625247615670446
isophon,63,5,2000.0,-8.611384773030295
isophon,63,5,3000.0,5.2083843009283015
isophon,63,5,4000.0,9.217212538776579
isophon,63,5,6000.0,4.305403740696519
isophon,63,5,8000.0,0.3350261894412796
isophon,63,6,250.0,9.684565927068348
isophon,63,6,500.0,7.049190077065958
isophon,63,6,750.0,-3.774775968613028
isophon,63,6,1000.0,3.3672391777657396
isophon,63,6,1500.0,12.586434379441826
isophon,63,6,2000.0,0.26241316472024323
isophon,63,6,3000.0,6.101828468853185
isophon,63,6,4000.0,11.693401367475715
isophon,63,6,6000.0,10.302774261115474
isophon,63,6,8000.0,5.121892797107307
isophon,63,7,250.0,14.453304269883375
isophon,63,7,500.0,0.2139036610177385
isophon,63,7,750.0,-1.1872802286370359
isophon,63,7,1000.0,-1.4019094846896536
isophon,63,7,1500.0,12.332838751353208
isophon,63,7,2000.0,4.318121363386609
isophon,63,7,3000.0,9.422883914215404
isophon,63,7,4000.0,12.622973924075794
isophon,63,7,6000.0,7.996806861227071
isophon,63,7,8000.0,5.2683480278201955
isophon,63,8,250.0,12.930980054575215
isophon,63,8,500.0,4.617219357772228
isophon,63,8,750.0,3.31885075025383
isophon,63,8,1000.0,1.9432316368090596
isophon,63,8,1500.0,15.132168089738713
isophon,63,8,2000.0,6.753818966304777
isophon,63,8,3000.0,10.330290875689542
isophon,63,8,4000.0,13.349049761649795
isophon,63,8,6000.0,9.580530795539303
isophon,63,8,8000.0,7.083253431736523
isophon,63,9,250.0,11.754032137972985
isophon,63,9,500.0,7.467842067304645
isophon,63,9,750.0,6.79112998066222
isophon,63,9,1000.0,3.8054656868581844
isophon,63,9,1500.0,15.904552175965733
isophon,63,9,2000.0,8.90186046590253
isophon,63,9,3000.0,12.667862129601446
isophon,63,9,4000.0,12.804195677090448
isophon,63,9,6000.0,10.90370023773761
isophon,63,9,8000.0,8.329617231344585
isophon,63,10,250.0,8.248948683777854
isophon,63,10,500.0,7.642574361146174
isophon,63,10,750.0,7.249272872326742
isophon,63,10,1000.0,5.9293815452343495
isophon,63,10,1500.0,10.223357463172235
isophon,63,10,2000.0,10.454492242934563
isophon,63,10,3000.0,12.928380688641681
isophon,63,10,4000.0,11.805610890851938
isophon,63,10,6000.0,9.34686958885564
isophon,63,10,8000.0,8.132238769531256
isophon,64,1,250.0,-12.818249021930313
isophon,64,1,500.0,-1.2397682285235518
isophon,64,1,750.0,5.020446178855508
isophon,64,1,1000.0,4.729952812254226
isophon,64,1,1500.0,6.108563032963659
isophon,64,1,2000.0,2.9381040642224434
isophon,64,1,3000.0,12.760624079938921
isophon,64,1,4000.0,12.184298318292264
isophon,64,1,6000.0,-11.29472359958055
isophon,64,1,8000.0,-12.40681293835695
isophon,64,2,250.0,-11.27257200601153
isophon,64,2,500.0,-0.5214657850485196
isophon,64,2,750.0,-1.1262675441627863
isophon,64,2,1000.0,4.173064601122036
isophon,64,2,1500.0,3.7151469750337327
isophon,64,2,2000.0,-0.03559002409360801
isophon,64,2,3000.0,0.305848431328414
isophon,64,2,4000.0,2.7763632445937105
isophon,64,2,6000.0,-3.8794067455934
isophon,64,2,8000.0,-16.020283588054767
isophon,64,3,250.0,-4.876589742235765
isophon,64,3,500.0,-7.651555817169282
isophon,64,3,750.0,-8.027575141341856
isophon,64,3,1000.0,-2.230785286325826
isophon,64,3,1500.0,-0.03273295792811837
isophon,64,3,2000.0,-0.5510543606816043
isophon,64,3,3000.0,1.760082439890482
isophon,64,3,4000.0,1.6609121099221227
isophon,64,3,6000.0,-3.035036628658659
isophon,64,3,8000.0,-12.521512454631917
isophon,64,4,250.0,-1.1330318951433895
isophon,64,4,500.0,-6.650054832068747
isophon,64,4,750.0,-6.640955789859092
isophon,64,4,1000.0,-2.436057137344534
isophon,64,4,1500.0,-3.449327148381883
isophon,64,4,2000.0,-2.986428636851187
isophon,64,4,3000.0,1.689972381333746
isophon,64,4,4000.0,4.0325541177792275
isophon,64,4,6000.0,-2.3896741471741336
isophon,64,4,8000.0,-13.404171357184339
isophon,64,5,250.0,-3.3423129741265996
isophon,64,5,500.0,-1.6478400314123292
isophon,64,5,750.0,-0.7894789753925551
isophon,64,5,1000.0,-1.7185491303034723
isophon,64,5,1500.0,-0.1646827932764836
isophon,64,5,2000.0,-3.1312290937456027
isophon,64,5,3000.0,-3.6409531976686935
isophon,64,5,4000.0,6.556790386753164
isophon,64,5,6000.0,1.492633016159786
isophon,64,5,8000.0,-8.462428040533965
isophon,64,6,250.0,-9.286677687502475
isophon,64,6,500.0,2.372532749471617
isophon,64,6,750.0,1.1712860412055761
isophon,64,6,1000.0,2.5703901024926097
isophon,64,6,1500.0,2.571407260511265
isophon,64,6,2000.0,-0.953266085146069
isophon,64,6,3000.0,-1.0127846193413177
isophon,64,6,4000.0,3.698635123842422
isophon,64,6,6000.0,1.1721494476458076
isophon,64,6,8000.0,-12.946037972875999
isophon,64,7,250.0,-5.8765361830133855
isophon,64,7,500.0,1.7824222515112638
isophon,64,7,750.0,6.238504113118765
isophon,64,7,1000.0,1.9972388166134465
isophon,64,7,1500.0,1.5825327797948887
isophon,64,7,2000.0,-2.7441583248920125
isophon,64,7,3000.0,1.6969030643496268
isophon,64,7,4000.0,4.716039039051012
isophon,64,7,6000.0,2.071444961157951
isophon,64,7,8000.0,-10.939639286632186
isophon,64,8,250.0,-6.188190148235378
isophon,64,8,500.0,0.6465241780416733
isophon,64,8,750.0,2.965729258499749
isophon,64,8,1000.0,-1.9169889619475953
isophon,64,8,1500.0,0.04809383023965097
isophon,64,8,2000.0,-1.90459952242675
isophon,64,8,3000.0,1.0831609335512695
isophon,64,8,4000.0,4.128909583929342
isophon,64,8,6000.0,0.685571225838558
isophon,64,8,8000.0,-12.647334081845955
isophon,64,9,250.0,-6.92685197911041
isophon,64,9,500.0,-0.016010357570436895
isophon,64,9,750.0,-0.43141132357864365
isophon,64,9,1000.0,-3.770075957107622
isophon,64,9,1500.0,-0.5591441554844749
isophon,64,9,2000.0,-3.8444085018383447
isophon,64,9,3000.0,0.027059410800177375
isophon,64,9,4000.0,1.001829938804903
isophon,64,9,6000.0,-1.8609825478988995
isophon,64,9,8000.0,-14.451533903387059
isophon,64,10,250.0,-3.449449170107698
isophon,64,10,500.0,-0.900368662189635
isophon,64,10,750.0,0.169594235294241
isophon,64,10,1000.0,-5.65753191601037
isophon,64,10,1500.0,-2.6686078174902548
isophon,64,10,2000.0,-4.2093996574975705
isophon,64,10,3000.0,-2.1909183910366323
isophon,64,10,4000.0,-5.488961831627023
isophon,64,10,6000.0,-6.40407745925161
isophon,64,10,8000.0,-10.905088043212885
isophon,65,1,250.0,-1.0255804599202776
isophon,65,1,500.0,6.067208924848771
isophon,65,1,750.0,0.8615981503184855
isophon,65,1,1000.0,-8.683512311111137
isophon,65,1,1500.0,2.839720031907831
isophon,65,1,2000.0,11.489093697744607
isophon,65,1,3000.0,2.9924035631051993
isophon,65,1,4000.0,1.3832710628379061
isophon,65,1,6000.0,2.767247145440564
isophon,65,1,8000.0,-14.934021188713047
isophon,65,2,250.0,10.990661222533618
isophon,65,2,500.0,-0.5854293856944253
isophon,65,2,750.0,-3.517866821872161
isophon,65,2,1000.0,-1.5569051032171473
isophon,65,2,1500.0,6.002922175850841
isophon,65,2,2000.0,-7.391831015583648
isophon,65,2,3000.0,-2.1178026678226445
isophon,65,2,4000.0,-0.09703268386024888
isophon,65,2,6000.0,2.8643996295922136
isophon,65,2,8000.0,-12.96556717267552
isophon,65,3,250.0,4.40890915988664
isophon,65,3,500.0,-1.4120132695726895
isophon,65,3,750.0,-0.17851642876221518
isophon,65,3,1000.0,-2.5239000972334225
isophon,65,3,1500.0,-0.8527564721288812
isophon,65,3,2000.0,-4.544367354287772
isophon,65,3,3000.0,-0.9294200994632718
isophon,65,3,4000.0,0.2952125182047496
isophon,65,3,6000.0,2.8903051267714375
isophon,65,3,8000.0,-14.196151679582258
isophon,65,4,250.0,1.8752313390255466
isophon,65,4,500.0,-9.102962006590658
isophon,65,4,750.0,-8.357407128660995
isophon,65,4,1000.0,0.405811702032679
isophon,65,4,1500.0,-0.1430880098727556
isophon,65,4,2000.0,-3.4100565949779735
isophon,65,4,3000.0,-1.329496774206362
isophon,65,4,4000.0,1.7158459893696403
isophon,65,4,6000.0,2.7854400178246976
isophon,65,4,8000.0,-14.750752801627442
isophon,65,5,250.0,-6.181435276230928
isophon,65,5,500.0,-1.0415241608817496
isophon,65,5,750.0,-3.1970065989046503
isophon,65,5,1000.0,7.060863388014766
isophon,65,5,1500.0,4.67638362990381
isophon,65,5,2000.0,-1.4817162058520523
isophon,65,5,3000.0,-3.5830300451039534
isophon,65,5,4000.0,-7.247174069950503
isophon,65,5,6000.0,0.7974852344123491
isophon,65,5,8000.0,-11.76150802511134
isophon,65,6,250.0,-0.721172388326238
isophon,65,6,500.0,-4.058268501717976
isophon,65,6,750.0,-8.967678587398439
isophon,65,6,1000.0,4.814491785413836
isophon,65,6,1500.0,0.10011122245107629
isophon,65,6,2000.0,0.2581714324125386
isophon,65,6,3000.0,-2.242249121330275
isophon,65,6,4000.0,-3.916073431527707
isophon,65,6,6000.0,4.077887740979392
isophon,65,6,8000.0,-7.63620711452181
isophon,65,7,250.0,5.222832004451021
isophon,65,7,500.0,2.1154583080445093
isophon,65,7,750.0,-2.898728485229057
isophon,65,7,1000.0,6.16433512204307
isophon,65,7,1500.0,0.7535325140386533
isophon,65,7,2000.0,-0.6890568031331554
isophon,65,7,3000.0,-0.9824950999029625
isophon,65,7,4000.0,-1.8936090730165347
isophon,65,7,6000.0,5.411955409280438
isophon,65,7,8000.0,-6.537589062153899
isophon,65,8,250.0,7.775721919836627
isophon,65,8,500.0,6.902883504238773
isophon,65,8,750.0,0.5692255446160175
isophon,65,8,1000.0,10.422227580699172
isophon,65,8,1500.0,4.984291642347699
isophon,65,8,2000.0,-2.460193095588437
isophon,65,8,3000.0,-3.2733088182581014
isophon,65,8,4000.0,0.31830613606554437
isophon,65,8,6000.0,6.184646292456009
isophon,65,8,8000.0,-4.208169071173089
isophon,65,9,250.0,9.52963700449915
isophon,65,9,500.0,9.904634536420488
isophon,65,9,750.0,3.995956030289662
isophon,65,9,1000.0,13.91848976217804
isophon,65,9,1500.0,7.998933545349331
isophon,65,9,2000.0,-5.281273237352053
isophon,65,9,3000.0,-1.0633306884765688
isophon,65,9,4000.0,1.402893812221393
isophon,65,9,6000.0,5.571623041562049
isophon,65,9,8000.0,-1.871687987196566
isophon,65,10,250.0,10.88764641459096
isophon,65,10,500.0,3.3076435946875904
isophon,65,10,750.0,-1.9394749585725037
isophon,65,10,1000.0,13.514042863093039
isophon,65,10,1500.0,11.422670246474283
isophon,65,10,2000.0,-1.715711554055403
isophon,65,10,3000.0,0.7801803588867244
isophon,65,10,4000.0,2.7630038245436452
isophon,65,10,6000.0,6.808125696218312
isophon,65,10,8000.0,-1.1639398137671577
isophon,66,1,250.0,-14.564471765629875
isophon,66,1,500.0,-12.280848501495484
isophon,66,1,750.0,-0.6704439565856859
isophon,66,1,1000.0,5.2129902275533055
isophon,66,1,1500.0,-4.076235360299663
isophon,66,1,2000.0,-10.931657307964144
isophon,66,1,3000.0,-5.388764284774467
isophon,66,1,4000.0,12.351512384863398
isophon,66,1,6000.0,-5.27283371188426
isophon,66,1,8000.0,9.473380806039941
isophon,66,2,250.0,-9.291554465061154
isophon,66,2,500.0,1.2171934489493879
isophon,66,2,750.0,4.605906958547195
isophon,66,2,1000.0,7.469433888378028
isophon,66,2,1500.0,0.016292326791258915
isophon,66,2,2000.0,-0.7087746295677064
isophon,66,2,3000.0,1.263908938851614
isophon,66,2,4000.0,-0.8737989187400643
isophon,66,2,6000.0,9.852321011956548
isophon,66,2,8000.0,7.6642141347138875
isophon,66,3,250.0,-3.0858156248340265
isophon,66,3,500.0,-6.38097217784869
isophon,66,3,750.0,-3.462768226568002
isophon,66,3,1000.0,-1.7660649893576306
isophon,66,3,1500.0,-0.22178158589066754
isophon,66,3,2000.0,2.0921356154425226
isophon,66,3,3000.0,0.7222005473066986
isophon,66,3,4000.0,-1.053659799104821
isophon,66,3,6000.0,3.1858929575329
isophon,66,3,8000.0,13.596931561712864
isophon,66,4,250.0,0.5631243289789154
isophon,66,4,500.0,-7.249847116509073
isophon,66,4,750.0,-3.211462525702629
isophon,66,4,1000.0,-2.561707499821779
isophon,66,4,1500.0,-6.594113725331454
isophon,66,4,2000.0,2.8821322886662273
isophon,66,4,3000.0,-1.6871221696542875
isophon,66,4,4000.0,-2.7645317592908327
isophon,66,4,6000.0,1.4312820511984654
isophon,66,4,8000.0,12.031854923575594
isophon,66,5,250.0,-0.7601606911134411
isophon,66,5,500.0,0.8065905345182358
isophon,66,5,750.0,2.363305292367727
isophon,66,5,1000.0,-1.2172106796170254
isophon,66,5,1500.0,-2.470306773843845
isophon,66,5,2000.0,2.366408803278631
isophon,66,5,3000.0,-3.0629905794758088
isophon,66,5,4000.0,0.7202995091343212
isophon,66,5,6000.0,4.2031826518727655
isophon,66,5,8000.0,13.901393705245965
isophon,66,6,250.0,-9.3653100013764
isophon,66,6,500.0,2.316328428411154
isophon,66,6,750.0,5.132929307096788
isophon,66,6,1000.0,3.177414028642133
isophon,66,6,1500.0,-1.2294922535151471
isophon,66,6,2000.0,3.4585190341633307
isophon,66,6,3000.0,-2.4042607457597995
isophon,66,6,4000.0,0.05176169401214281
isophon,66,6,6000.0,3.997975528066064
isophon,66,6,8000.0,8.985301236760648
isophon,66,7,250.0,-7.365304065193001
isophon,66,7,500.0,1.987059750884498
isophon,66,7,750.0,3.3263663735523323
isophon,66,7,1000.0,4.778850372061669
isophon,66,7,1500.0,-1.8772881376657011
isophon,66,7,2000.0,2.955337611117386
isophon,66,7,3000.0,0.0404924278574299
isophon,66,7,4000.0,0.8988486942423606
isophon,66,7,6000.0,3.0756385822158734
isophon,66,7,8000.0,9.876171825793833
isophon,66,8,250.0,-8.111186204144829
isophon,66,8,500.0,-0.8131245315965572
isophon,66,8,750.0,-0.7014596109542168
isophon,66,8,1000.0,-0.0985394716602741
isophon,66,8,1500.0,-4.9021728077827476
isophon,66,8,2000.0,3.72489663050429
isophon,66,8,3000.0,0.4738254760131184
isophon,66,8,4000.0,1.2684499179083986
isophon,66,8,6000.0,1.7053690517125943
isophon,66,8,8000.0,6.634411936449297
isophon,66,9,250.0,-9.123893779396496
isophon,66,9,500.0,-2.8602509774073894
isophon,66,9,750.0,1.854260700075912
isophon,66,9,1000.0,-1.8878468845553869
isophon,66,9,1500.0,-5.536919653465219
isophon,66,9,2000.0,2.206790581265267
isophon,66,9,3000.0,0.110266005442341
isophon,66,9,4000.0,-0.964347846529364
isophon,66,9,6000.0,-0.5215551207923852
isophon,66,9,8000.0,2.4813085275843605
isophon,66,10,250.0,-5.716390864931768
isophon,66,10,500.0,-3.0944954702456187
isophon,66,10,750.0,1.4279642650900257
isophon,66,10,1000.0,-5.20695106917853
isophon,66,10,1500.0,-8.021486505084795
isophon,66,10,2000.0,0.872868703878126
isophon,66,10,3000.0,0.37874207146640515
isophon,66,10,4000.0,-5.768955883835304
isophon,66,10,6000.0,-3.2133574121155135
isophon,66,10,8000.0,2.9643100523745147
isophon,67,1,250.0,21.083417859023534
isophon,67,1,500.0,2.2944630048465626
isophon,67,1,750.0,7.306725985031193
isophon,67,1,1000.0,12.066580018643904
isophon,67,1,1500.0,3.652329471809651
isophon,67,1,2000.0,-6.648739230236174
isophon,67,1,3000.0,-10.553183384557002
isophon,67,1,4000.0,5.153552441453115
isophon,67,1,6000.0,-7.934696225836561
isophon,67,1,8000.0,7.2220638503813746
isophon,67,2,250.0,2.1690877711400134
isophon,67,2,500.0,4.250344335454145
isophon,67,2,750.0,7.13983953741122
isophon,67,2,1000.0,2.1567573623966467
isophon,67,2,1500.0,3.030027953755109
isophon,67,2,2000.0,-4.769040154003065
isophon,67,2,3000.0,-0.8511565429850521
isophon,67,2,4000.0,6.041113595105969
isophon,67,2,6000.0,-2.209764832123014
isophon,67,2,8000.0,6.078589531883722
isophon,67,3,250.0,3.3449472326285843
isophon,67,3,500.0,5.262623643611917
isophon,67,3,750.0,4.350599997251749
isophon,67,3,1000.0,-3.196714908576766
isophon,67,3,1500.0,-5.732622270235424
isophon,67,3,2000.0,-4.129060224088178
isophon,67,3,3000.0,-2.331495072290437
isophon,67,3,4000.0,5.110290591300327
isophon,67,3,6000.0,-2.546992538306739
isophon,67,3,8000.0,3.78424934329756
isophon,67,4,250.0,-3.5001526935070046
isophon,67,4,500.0,-0.5280839214857735
isophon,67,4,750.0,1.4935727879510097
isophon,67,4,1000.0,-2.0877798944515717
isophon,67,4,1500.0,-8.437841179506364
isophon,67,4,2000.0,-10.016504971829121
isophon,67,4,3000.0,-4.232713037188958
isophon,67,4,4000.0,0.06890548100719229
isophon,67,4,6000.0,-5.6166195515407225
isophon,67,4,8000.0,3.241320194591296
isophon,67,5,250.0,1.8594049670999766
isophon,67,5,500.0,5.156794043746999
isophon,67,5,750.0,3.407667935511455
isophon,67,5,1000.0,0.2860074667935635
isophon,67,5,1500.0,-8.398149047798427
isophon,67,5,2000.0,-9.187884530453786
isophon,67,5,3000.0,-2.953915398124664
isophon,67,5,4000.0,3.001270924203311
isophon,67,5,6000.0,-5.014475052785414
isophon,67,5,8000.0,1.3025052750361823
isophon,67,6,250.0,-1.718688298176403
isophon,67,6,500.0,-0.23951841994097833
isophon,67,6,750.0,3.210156932250598
isophon,67,6,1000.0,5.206056402536504
isophon,67,6,1500.0,-2.487798324074433
isophon,67,6,2000.0,-4.588364809281288
isophon,67,6,3000.0,-0.37494174895108756
isophon,67,6,4000.0,1.736529093237749
isophon,67,6,6000.0,-3.6289647586429226
isophon,67,6,8000.0,2.685985664935046
isophon,67,7,250.0,-0.12500653820619334
isophon,67,7,500.0,4.06564332905603
isophon,67,7,750.0,3.1096219195003414
isophon,67,7,1000.0,1.7000194310450922
isophon,67,7,1500.0,-0.8509546592681687
isophon,67,7,2000.0,-3.794118524001121
isophon,67,7,3000.0,2.0052438485523254
isophon,67,7,4000.0,4.091363205341224
isophon,67,7,6000.0,-2.698493006044103
isophon,67,7,8000.0,2.552592131462717
isophon,67,8,250.0,-2.506544220492998
isophon,67,8,500.0,3.9377754683493578
isophon,67,8,750.0,3.7900619145003276
isophon,67,8,1000.0,0.7544908127303103
isophon,67,8,1500.0,-1.9601580079574035
isophon,67,8,2000.0,-6.707270200998764
isophon,67,8,3000.0,2.784872724643165
isophon,67,8,4000.0,5.9049633414981315
isophon,67,8,6000.0,-1.969796347296196
isophon,67,8,8000.0,3.408601860465339
isophon,67,9,250.0,-4.594077421392839
isophon,67,9,500.0,4.0653539787129205
isophon,67,9,750.0,3.7015984867463203
isophon,67,9,1000.0,1.2374061702002734
isophon,67,9,1500.0,-4.990569896452428
isophon,67,9,2000.0,-7.94298308990011
isophon,67,9,3000.0,1.4846747668307785
isophon,67,9,4000.0,6.921198102829621
isophon,67,9,6000.0,-0.7536799185414651
isophon,67,9,8000.0,3.8222150072413683
isophon,67,10,250.0,-1.3346709054353738
isophon,67,10,500.0,6.4042637320111595
isophon,67,10,750.0,2.55431810512259
isophon,67,10,1000.0,2.0950746542320786
isophon,67,10,1500.0,-3.4245768268187646
isophon,67,10,2000.0,-6.007841553253996
isophon,67,10,3000.0,1.2873022040975997
isophon,67,10,4000.0,8.38373972335171
isophon,67,10,6000.0,1.0302484867802377
isophon,67,10,8000.0,3.3109799777876248
isophon,68,1,250.0,-10.590525043263511
isophon,68,1,500.0,7.251021084336369
isophon,68,1,750.0,15.53731689277025
isophon,68,1,1000.0,2.5264604906281534
isophon,68,1,1500.0,0.4000376207701777
isophon,68,1,2000.0,-0.6714449598116801
isophon,68,1,3000.0,-0.024154660611308998
isophon,68,1,4000.0,8.823343478049253
isophon,68,1,6000.0,-10.818865693902211
isophon,68,1,8000.0,5.8338274230629565
isophon,68,2,250.0,-8.099973548910192
isophon,68,2,500.0,-1.6732029515783609
isophon,68,2,750.0,5.391977271153834
isophon,68,2,1000.0,1.1808334413187538
isophon,68,2,1500.0,-1.0574363228375034
isophon,68,2,2000.0,-1.7867340490901995
isophon,68,2,3000.0,0.09177495802737212
isophon,68,2,4000.0,2.551115603675825
isophon,68,2,6000.0,-10.657929799656742
isophon,68,2,8000.0,-3.1737549188698324
isophon,68,3,250.0,-5.304787428104362
isophon,68,3,500.0,-8.502622681781048
isophon,68,3,750.0,-1.4459083988372754
isophon,68,3,1000.0,-2.5738493555302
isophon,68,3,1500.0,3.612699072244567
isophon,68,3,2000.0,1.422784524948483
isophon,68,3,3000.0,0.8969812072246697
isophon,68,3,4000.0,5.38311366217286
isophon,68,3,6000.0,-4.052348759848272
isophon,68,3,8000.0,-1.442891104232288
isophon,68,4,250.0,0.6280817285470306
isophon,68,4,500.0,-0.8074494763058624
isophon,68,4,750.0,2.26225934802018
isophon,68,4,1000.0,2.9037719734127165
isophon,68,4,1500.0,6.130194103226273
isophon,68,4,2000.0,7.245482812242827
isophon,68,4,3000.0,7.935752353097087
isophon,68,4,4000.0,15.064227032626562
isophon,68,4,6000.0,7.32190224822719
isophon,68,4,8000.0,1.8590935567032147
isophon,68,5,250.0,2.2602628807106555
isophon,68,5,500.0,4.110457132804015
isophon,68,5,750.0,8.92271058345446
isophon,68,5,1000.0,11.329275941457723
isophon,68,5,1500.0,14.22868235645393
isophon,68,5,2000.0,13.837553479374918
isophon,68,5,3000.0,16.506647707871068
isophon,68,5,4000.0,18.982247240526448
isophon,68,5,6000.0,8.62177560121249
isophon,68,5,8000.0,5.578145252620004
isophon,68,6,250.0,-4.035183005499277
isophon,68,6,500.0,10.699012151228885
isophon,68,6,750.0,13.698030568395339
isophon,68,6,1000.0,11.803056971329454
isophon,68,6,1500.0,10.203660001942652
isophon,68,6,2000.0,17.014531807583282
isophon,68,6,3000.0,20.826112162363728
isophon,68,6,4000.0,24.123646361144537
isophon,68,6,6000.0,11.959540416821369
isophon,68,6,8000.0,8.706677117222895
isophon,68,7,250.0,2.6126916292562186
isophon,68,7,500.0,9.653630230792146
isophon,68,7,750.0,15.493627756015997
isophon,68,7,1000.0,16.332134923907432
isophon,68,7,1500.0,11.31811894287064
isophon,68,7,2000.0,14.854118322154292
isophon,68,7,3000.0,22.608885106939667
isophon,68,7,4000.0,24.339293308233167
isophon,68,7,6000.0,13.002787277060065
isophon,68,7,8000.0,6.922861505599016
isophon,68,8,250.0,3.689204196678361
isophon,68,8,500.0,8.013711548150411
isophon,68,8,750.0,12.114823939614098
isophon,68,8,1000.0,10.183806517863118
isophon,68,8,1500.0,12.302485876291172
isophon,68,8,2000.0,12.460597392234462
isophon,68,8,3000.0,20.558222373817102
isophon,68,8,4000.0,21.957577673028254
isophon,68,8,6000.0,14.067011466445734
isophon,68,8,8000.0,7.497015568775495
isophon,68,9,250.0,3.245250665759528
isophon,68,9,500.0,8.680481982724572
isophon,68,9,750.0,10.791152833996378
isophon,68,9,1000.0,8.284500400719722
isophon,68,9,1500.0,11.696758089122156
isophon,68,9,2000.0,12.309566593638195
isophon,68,9,3000.0,17.342724636315538
isophon,68,9,4000.0,19.012419918525083
isophon,68,9,6000.0,15.236142758693887
isophon,68,9,8000.0,8.054262135439956
isophon,68,10,250.0,5.9687458944560206
isophon,68,10,500.0,7.882948621050531
isophon,68,10,750.0,8.159889271285493
isophon,68,10,1000.0,11.290706824160793
isophon,68,10,1500.0,11.340903654066082
isophon,68,10,2000.0,12.214505526800181
isophon,68,10,3000.0,17.321781895273162
isophon,68,10,4000.0,16.77547022283403
isophon,68,10,6000.0,15.447154835610178
isophon,68,10,8000.0,9.200172226292082
isophon,69,1,250.0,-5.137213953628816
isophon,69,1,500.0,2.2915550705627936
isophon,69,1,750.0,9.796354043785698
isophon,69,1,1000.0,12.422109439347864
isophon,69,1,1500.0,8.505125002489677
isophon,69,1,2000.0,-0.6821826381625442
isophon,69,1,3000.0,-5.842577314681577
isophon,69,1,4000.0,-15.520009770923679
isophon,69,1,6000.0,-11.559170089352008
isophon,69,1,8000.0,-27.289714648281176
isophon,69,2,250.0,-1.211731704369413
isophon,69,2,500.0,8.913528452332876
isophon,69,2,750.0,4.844396497551131
isophon,69,2,1000.0,3.1919179939120568
isophon,69,2,1500.0,3.017172343358169
isophon,69,2,2000.0,-3.181782753331845
isophon,69,2,3000.0,-2.982170160254725
isophon,69,2,4000.0,1.944341350005402
isophon,69,2,6000.0,-7.05670614865555
isophon,69,2,8000.0,-20.57759625817117
isophon,69,3,250.0,1.9518973844912608
isophon,69,3,500.0,8.021364011253354
isophon,69,3,750.0,-1.9379029246791077
isophon,69,3,1000.0,-0.7336480068652236
isophon,69,3,1500.0,2.655299232644296
isophon,69,3,2000.0,1.980183375395697
isophon,69,3,3000.0,1.8389571093634487
isophon,69,3,4000.0,8.98663533340465
isophon,69,3,6000.0,-2.296567327288102
isophon,69,3,8000.0,-14.567947869165693
isophon,69,4,250.0,-0.145068002581354
isophon,69,4,500.0,10.547157854686276
isophon,69,4,750.0,3.0287732703894505
isophon,69,4,1000.0,2.4811837689081386
isophon,69,4,1500.0,-0.7288677772997403
isophon,69,4,2000.0,-2.548272392110505
isophon,69,4,3000.0,2.9146887226223157
isophon,69,4,4000.0,6.646402764825865
isophon,69,4,6000.0,0.39764110743374204
isophon,69,4,8000.0,-16.133319961337023
isophon,69,5,250.0,-1.4196129760068175
isophon,69,5,500.0,-0.6917280233355427
isophon,69,5,750.0,-1.1247958096250983
isophon,69,5,1000.0,-3.4623775005082393
isophon,69,5,1500.0,-5.409922258832623
isophon,69,5,2000.0,-4.947664823295369
isophon,69,5,3000.0,1.2787890666855475
isophon,69,5,4000.0,4.260400916369164
isophon,69,5,6000.0,-2.2753822331826257
isophon,69,5,8000.0,-12.504797730079176
isophon,69,6,250.0,4.743349421063229
isophon,69,6,500.0,-3.099354355608625
isophon,69,6,750.0,-2.4506581882760656
isophon,69,6,1000.0,-3.6565464542585318
isophon,69,6,1500.0,-3.5852837064343106
isophon,69,6,2000.0,-2.0539007317135685
isophon,69,6,3000.0,2.7231235522647808
isophon,69,6,4000.0,6.21568467021882
isophon,69,6,6000.0,0.3975806339161494
isophon,69,6,8000.0,-11.733087314109241
isophon,69,7,250.0,2.9438975092369617
isophon,69,7,500.0,0.25402250747626454
isophon,69,7,750.0,0.47661081999619626
isophon,69,7,1000.0,-0.9790399983709506
isophon,69,7,1500.0,-3.314711936029383
isophon,69,7,2000.0,-6.00640901038112
isophon,69,7,3000.0,4.602099572258268
isophon,69,7,4000.0,6.785223868948634
isophon,69,7,6000.0,2.411771847842914
isophon,69,7,8000.0,-9.759480892261152
isophon,69,8,250.0,4.563683796947231
isophon,69,8,500.0,2.4220530890796823
isophon,69,8,750.0,0.533181184910319
isophon,69,8,1000.0,-1.8681727756712263
isophon,69,8,1500.0,-2.592753304588257
isophon,69,8,2000.0,-3.941577412047536
isophon,69,8,3000.0,2.078670890995383
isophon,69,8,4000.0,9.181951023412566
isophon,69,8,6000.0,3.5192398851834383
isophon,69,8,8000.0,-11.562600295055361
isophon,69,9,250.0,5.670936572031806
isophon,69,9,500.0,3.2408171883294017
isophon,69,9,750.0,-0.04502340012298589
isophon,69,9,1000.0,-1.2377240817448012
isophon,69,9,1500.0,-2.2627790419538343
isophon,69,9,2000.0,-3.2463711919548075
isophon,69,9,3000.0,-0.44547982325765645
isophon,69,9,4000.0,11.139747323918996
isophon,69,9,6000.0,3.8052312609832057
isophon,69,9,8000.0,-9.514650864166683
isophon,69,10,250.0,7.547995219193837
isophon,69,10,500.0,2.72286900596481
isophon,69,10,750.0,1.4808231929800968
isophon,69,10,1000.0,-0.72363077470186
isophon,69,10,1500.0,0.12601097367949876
isophon,69,10,2000.0,-4.055071136649886
isophon,69,10,3000.0,0.8691481448748135
isophon,69,10,4000.0,12.035741996179738
isophon,69,10,6000.0,0.5572956113235676
isophon,69,10,8000.0,-7.205882408175199
isophon,70,1,250.0,3.689540477094482
isophon,70,1,500.0,-0.06320790997948933
isophon,70,1,750.0,-4.506820477343197
isophon,70,1,1000.0,-4.306536877004007
isophon,70,1,1500.0,10.405494048905439
isophon,70,1,2000.0,29.33178071421164
isophon,70,1,3000.0,11.33752790083534
isophon,70,1,4000.0,-7.652655465930408
isophon,70,1,6000.0,5.24310707324392
isophon,70,1,8000.0,13.217752043008403
isophon,70,2,250.0,0.0792778749329699
isophon,70,2,500.0,1.1431958658255894
isophon,70,2,750.0,-3.24645183096402
isophon,70,2,1000.0,-2.9899462900466602
isophon,70,2,1500.0,-1.7713008682354996
isophon,70,2,2000.0,4.017062651897604
isophon,70,2,3000.0,-1.0764607072797787
isophon,70,2,4000.0,0.9015729292319463
isophon,70,2,6000.0,-6.185985487000352
isophon,70,2,8000.0,-0.741346207670901
isophon,70,3,250.0,-3.0142905747969593
isophon,70,3,500.0,0.07848884765941477
isophon,70,3,750.0,-3.3392450818363812
isophon,70,3,1000.0,-2.8470801739384015
isophon,70,3,1500.0,6.861449743991983
isophon,70,3,2000.0,9.531547558475808
isophon,70,3,3000.0,3.4727788107822164
isophon,70,3,4000.0,-0.36619625226174435
isophon,70,3,6000.0,-4.600411804069211
isophon,70,3,8000.0,-2.2656805924590913
isophon,70,4,250.0,-0.2885370805564662
isophon,70,4,500.0,3.5768286789474217
isophon,70,4,750.0,-1.4872770303023515
isophon,70,4,1000.0,0.5500280209461152
isophon,70,4,1500.0,6.075987619425163
isophon,70,4,2000.0,6.850963339211006
isophon,70,4,3000.0,5.813319541619791
isophon,70,4,4000.0,-1.2991929355396508
isophon,70,4,6000.0,-8.039421770188383
isophon,70,4,8000.0,-8.212466957244587
isophon,70,5,250.0,9.247296161584913
isophon,70,5,500.0,4.487213050661978
isophon,70,5,750.0,2.746735633671875
isophon,70,5,1000.0,6.557623261842622
isophon,70,5,1500.0,5.181364557960563
isophon,70,5,2000.0,2.748131056934426
isophon,70,5,3000.0,-1.4371628591513286
isophon,70,5,4000.0,1.4614659393967742
isophon,70,5,6000.0,-3.563099731488151
isophon,70,5,8000.0,-10.194886628658736
isophon,70,6,250.0,4.261630594309338
isophon,70,6,500.0,-0.5518507268993318
isophon,70,6,750.0,1.6143813975629655
isophon,70,6,1000.0,-2.651080926174629
isophon,70,6,1500.0,1.9030513233537931
isophon,70,6,2000.0,-0.30601029050285433
isophon,70,6,3000.0,1.223355801051369
isophon,70,6,4000.0,3.0402878182357966
isophon,70,6,6000.0,-4.3673540458303535
isophon,70,6,8000.0,-5.306321585671043
isophon,70,7,250.0,5.535289432842802
isophon,70,7,500.0,5.946356116659089
isophon,70,7,750.0,2.2745766461279686
isophon,70,7,1000.0,0.8953458091381634
isophon,70,7,1500.0,6.417700564780972
isophon,70,7,2000.0,-1.1200908170683306
isophon,70,7,3000.0,1.5435381697274693
isophon,70,7,4000.0,3.196751859983351
isophon,70,7,6000.0,1.046342528813554
isophon,70,7,8000.0,-8.542898375094822
isophon,70,8,250.0,4.280459129945356
isophon,70,8,500.0,4.12675510089251
isophon,70,8,750.0,2.6947984821594844
isophon,70,8,1000.0,4.228218355638106
isophon,70,8,1500.0,6.090076501795963
isophon,70,8,2000.0,2.3882009335060843
isophon,70,8,3000.0,3.2338317903546567
isophon,70,8,4000.0,5.6052825039899545
isophon,70,8,6000.0,2.0135097022943
isophon,70,8,8000.0,-5.810975738801716
isophon,70,9,250.0,0.8832799229156905
isophon,70,9,500.0,2.6618463181773535
isophon,70,9,750.0,2.859442059551867
isophon,70,9,1000.0,5.67831705200409
isophon,70,9,1500.0,4.8572883160223626
isophon,70,9,2000.0,2.885725285657884
isophon,70,9,3000.0,7.810261491650593
isophon,70,9,4000.0,6.73997672420839
isophon,70,9,6000.0,1.3016673292249976
isophon,70,9,8000.0,-3.297903784141127
isophon,70,10,250.0,2.0927262339477863
isophon,70,10,500.0,3.1439438774008863
isophon,70,10,750.0,4.581343550192415
isophon,70,10,1000.0,0.18937146771368418
isophon,70,10,1500.0,2.900737652229566
isophon,70,10,2000.0,3.8784938940288214
isophon,70,10,3000.0,5.959187448575278
isophon,70,10,4000.0,6.986234552834645
isophon,70,10,6000.0,2.9539765892581897
isophon,70,10,8000.0,0.4991480591768749
isophon,71,1,250.0,-12.07576185595397
isophon,71,1,500.0,1.3936296960716277
isophon,71,1,750.0,0.9511635700420555
isophon,71,1,1000.0,0.7224941690703446
isophon,71,1,1500.0,-18.317523782441796
isophon,71,1,2000.0,-11.684929683055124
isophon,71,1,3000.0,-5.851343284962525
isophon,71,1,4000.0,-1.1211595725322638
isophon,71,1,6000.0,8.773377648638814
isophon,71,1,8000.0,7.861830786283548
isophon,71,2,250.0,-2.49202833299411
isophon,71,2,500.0,2.7800543303555116
isophon,71,2,750.0,9.174583151473932
isophon,71,2,1000.0,6.7879052752289155
isophon,71,2,1500.0,1.218092119489306
isophon,71,2,2000.0,11.730553776407703
isophon,71,2,3000.0,-2.7845504653770377
isophon,71,2,4000.0,-3.841083752247087
isophon,71,2,6000.0,-1.439031419475839
isophon,71,2,8000.0,2.515993961851393
isophon,71,3,250.0,-4.274583866105544
isophon,71,3,500.0,7.132821274317415
isophon,71,3,750.0,5.9532124841869205
isophon,71,3,1000.0,3.0803484837924486
isophon,71,3,1500.0,7.1056006106724325
isophon,71,3,2000.0,9.371656616153913
isophon,71,3,3000.0,1.2665933908519236
isophon,71,3,4000.0,0.15537766843264933
isophon,71,3,6000.0,2.603173442817649
isophon,71,3,8000.0,5.911383991569892
isophon,71,4,250.0,-4.029416404358244
isophon,71,4,500.0,4.398683022172463
isophon,71,4,750.0,2.215764043353005
isophon,71,4,1000.0,-5.035829444631233
isophon,71,4,1500.0,1.8166590938112819
isophon,71,4,2000.0,9.067032142416465
isophon,71,4,3000.0,-2.7526258877538794
isophon,71,4,4000.0,0.12928461713414663
isophon,71,4,6000.0,-0.8163014820684538
isophon,71,4,8000.0,4.114386724677075
isophon,71,5,250.0,1.2566408985321829
isophon,71,5,500.0,5.009283422978825
isophon,71,5,750.0,-1.5151377412409772
isophon,71,5,1000.0,-4.380708876888292
isophon,71,5,1500.0,1.4948927622248505
isophon,71,5,2000.0,9.500888155784565
isophon,71,5,3000.0,-5.999138077820334
isophon,71,5,4000.0,-1.6395067251039848
isophon,71,5,6000.0,-1.2913885140111319
isophon,71,5,8000.0,-1.6175543076825107
isophon,71,6,250.0,0.32261089754007344
isophon,71,6,500.0,-2.4306668713349353
isophon,71,6,750.0,-3.5189830370837
isophon,71,6,1000.0,-4.591005961210186
isophon,71,6,1500.0,2.6654690918035726
isophon,71,6,2000.0,4.013431335844643
isophon,71,6,3000.0,-3.918455070458137
isophon,71,6,4000.0,3.029357660506136
isophon,71,6,6000.0,2.060060935627021
isophon,71,6,8000.0,2.2544693807539886
isophon,71,7,250.0,3.375414356626848
isophon,71,7,500.0,-0.7384784623770742
isophon,71,7,750.0,-1.9434790205805115
isophon,71,7,1000.0,-1.3730551924192156
isophon,71,7,1500.0,5.7208999292729175
isophon,71,7,2000.0,8.969370412008914
isophon,71,7,3000.0,-5.7886017067433215
isophon,71,7,4000.0,1.403627036976829
isophon,71,7,6000.0,0.7585758332870398
isophon,71,7,8000.0,-0.5917055615796443
isophon,71,8,250.0,0.13308726428724071
isophon,71,8,500.0,-1.0240778380504167
isophon,71,8,750.0,-1.2936059664395856
isophon,71,8,1000.0,-1.3026465732061325
isophon,71,8,1500.0,4.619950003007489
isophon,71,8,2000.0,8.183600255796406
isophon,71,8,3000.0,-3.9268215993431284
isophon,71,8,4000.0,-2.722004993634627
isophon,71,8,6000.0,0.06671544212056801
isophon,71,8,8000.0,0.607832459786593
isophon,71,9,250.0,-2.038187896107715
isophon,71,9,500.0,-1.0397545354695978
isophon,71,9,750.0,-2.578206757142837
isophon,71,9,1000.0,-2.4123363951194676
isophon,71,9,1500.0,2.905511791298906
isophon,71,9,2000.0,9.2857847239665
isophon,71,9,3000.0,1.0346186492587321
isophon,71,9,4000.0,-3.61578945508586
isophon,71,9,6000.0,-0.30246596428590067
isophon,71,9,8000.0,1.2857056072403594
isophon,71,10,250.0,0.7719524378429838
isophon,71,10,500.0,-4.9436230303825255
isophon,71,10,750.0,-5.757406427860914
isophon,71,10,1000.0,-6.053818428574459
isophon,71,10,1500.0,-1.4217168467367287
isophon,71,10,2000.0,9.758467649135781
isophon,71,10,3000.0,3.6003353299283987
isophon,71,10,4000.0,-1.8180680020740425
isophon,71,10,6000.0,-1.0051810755821151
isophon,71,10,8000.0,-0.2368734842070097
isophon,72,1,250.0,-3.4173541800995793
isophon,72,1,500.0,-12.237397819023982
isophon,72,1,750.0,-11.554638454823362
isophon,72,1,1000.0,-15.010193520173218
isophon,72,1,1500.0,-6.751324265906007
isophon,72,1,2000.0,-10.81793971004629
isophon,72,1,3000.0,-7.391841107485263
isophon,72,1,4000.0,-0.5682322433905256
isophon,72,1,6000.0,-7.3985226984059835
isophon,72,1,8000.0,-17.13963888196264
isophon,72,2,250.0,-5.0274633028112135
isophon,72,2,500.0,-3.7691606907825275
isophon,72,2,750.0,-8.68419847594572
isophon,72,2,1000.0,2.044709230053627
isophon,72,2,1500.0,3.7055079319383424
isophon,72,2,2000.0,4.740687053621436
isophon,72,2,3000.0,2.3058561467461516
isophon,72,2,4000.0,6.6830704535476855
isophon,72,2,6000.0,-2.4483952955310713
isophon,72,2,8000.0,-13.595044438506676
isophon,72,3,250.0,-2.7747751941545857
isophon,72,3,500.0,-0.8264797825091108
isophon,72,3,750.0,-4.659732697078127
isophon,72,3,1000.0,-7.355818777831516
isophon,72,3,1500.0,-4.660070897522132
isophon,72,3,2000.0,-3.1069404074961255
isophon,72,3,3000.0,2.152736632935742
isophon,72,3,4000.0,5.073733363653147
isophon,72,3,6000.0,5.75551000042033
isophon,72,3,8000.0,-8.153757512182253
isophon,72,4,250.0,-0.8587835915216573
isophon,72,4,500.0,0.38449010071198586
isophon,72,4,750.0,2.4414598108589303
isophon,72,4,1000.0,-0.8512175643928828
isophon,72,4,1500.0,-2.7902727740552393
isophon,72,4,2000.0,-6.92456224137463
isophon,72,4,3000.0,-0.25091757475533427
isophon,72,4,4000.0,3.6644061569519693
isophon,72,4,6000.0,5.124073559962369
isophon,72,4,8000.0,-2.1572830872656823
isophon,72,5,250.0,2.6813421908999118
isophon,72,5,500.0,5.608533895355961
isophon,72,5,750.0,6.798775050535639
isophon,72,5,1000.0,2.865766722281478
isophon,72,5,1500.0,0.7587016805000673
isophon,72,5,2000.0,-3.6401614683729377
isophon,72,5,3000.0,-5.119673039436165
isophon,72,5,4000.0,0.09533359167552646
isophon,72,5,6000.0,0.9795697213670564
isophon,72,5,8000.0,-6.761048651769045
isophon,72,6,250.0,-2.592278991152412
isophon,72,6,500.0,5.801147557370996
isophon,72,6,750.0,2.599153988207604
isophon,72,6,1000.0,-1.8865509909853841
isophon,72,6,1500.0,5.600734188496659
isophon,72,6,2000.0,1.2546351066381476
isophon,72,6,3000.0,-1.3323461519344164
isophon,72,6,4000.0,-2.1496623901102936
isophon,72,6,6000.0,-2.0630436289068683
isophon,72,6,8000.0,-2.2221194136306934
isophon,72,7,250.0,-3.231521109666801
isophon,72,7,500.0,-5.6705545477381065
isophon,72,7,750.0,-2.069707622349597
isophon,72,7,1000.0,-0.42611981342895433
isophon,72,7,1500.0,2.553249697318634
isophon,72,7,2000.0,3.7849571807102933
isophon,72,7,3000.0,-0.19516755936369634
isophon,72,7,4000.0,-0.48289080879800395
isophon,72,7,6000.0,-3.6312669120376313
isophon,72,7,8000.0,-1.0360099038422845
isophon,72,8,250.0,-2.567814352275448
isophon,72,8,500.0,-4.309275872153577
isophon,72,8,750.0,-2.3307768662416066
isophon,72,8,1000.0,-2.850911765177642
isophon,72,8,1500.0,-0.18943479645082562
isophon,72,8,2000.0,-0.2898900626775145
isophon,72,8,3000.0,-1.734814488118218
isophon,72,8,4000.0,-3.2484585827927646
isophon,72,8,6000.0,-2.788243700998038
isophon,72,8,8000.0,-0.12413744342951816
isophon,72,9,250.0,-2.2555669296380785
isophon,72,9,500.0,-2.7769896097082096
isophon,72,9,750.0,-2.4148028526008005
isophon,72,9,1000.0,-4.949965535309801
isophon,72,9,1500.0,-4.78394433200792
isophon,72,9,2000.0,-5.376698717387754
isophon,72,9,3000.0,-3.8248227383158593
isophon,72,9,4000.0,-3.5091386372494924
isophon,72,9,6000.0,-4.178251403263417
isophon,72,9,8000.0,0.4092214315450775
isophon,72,10,250.0,-5.566307684555554
isophon,72,10,500.0,-3.8808481073233736
isophon,72,10,750.0,-2.400554412196712
isophon,72,10,1000.0,-2.8104501828757975
isophon,72,10,1500.0,-2.992466210029619
isophon,72,10,2000.0,-7.425716596733565
isophon,72,10,3000.0,-5.103280390626267
isophon,72,10,4000.0,-2.245366571209999
isophon,72,10,6000.0,-2.906280395574626
isophon,72,10,8000.0,1.552188471774656
isophon,73,1,250.0,12.642516803237271
isophon,73,1,500.0,-25.575122389512387
isophon,73,1,750.0,-15.263403234722517
isophon,73,1,1000.0,-1.7735253693316793
isophon,73,1,1500.0,3.0344433177885684
isophon,73,1,2000.0,-18.54256835202662
isophon,73,1,3000.0,7.355937833719054
isophon,73,1,4000.0,-4.158764537023899
isophon,73,1,6000.0,-3.0610297912518263
isophon,73,1,8000.0,10.454665162854866
isophon,73,2,250.0,2.013234706706996
isophon,73,2,500.0,-11.127104233180873
isophon,73,2,750.0,-0.7553250112328556
isophon,73,2,1000.0,2.7588829745490813
isophon,73,2,1500.0,-4.03018746344766
isophon,73,2,2000.0,-1.9590049152727715
isophon,73,2,3000.0,-1.588556968078052
isophon,73,2,4000.0,1.1381194675487762
isophon,73,2,6000.0,0.1064586602455222
isophon,73,2,8000.0,12.405198708049213
isophon,73,3,250.0,-10.242234966943329
isophon,73,3,500.0,-8.874888893634605
isophon,73,3,750.0,-0.5676991067160628
isophon,73,3,1000.0,0.7224891162977514
isophon,73,3,1500.0,0.18402109927335175
isophon,73,3,2000.0,-1.3637969062140343
isophon,73,3,3000.0,0.9173374978023787
isophon,73,3,4000.0,3.083801039382365
isophon,73,3,6000.0,1.4833599107695647
isophon,73,3,8000.0,13.839255124570812
isophon,73,4,250.0,-9.218231921937516
isophon,73,4,500.0,-8.890733661733236
isophon,73,4,750.0,2.197915111562125
isophon,73,4,1000.0,3.142188906267336
isophon,73,4,1500.0,4.994055941260839
isophon,73,4,2000.0,3.6205427549690796
isophon,73,4,3000.0,-1.6581726174684377
isophon,73,4,4000.0,-2.8269361114563765
isophon,73,4,6000.0,-2.4702964219136163
isophon,73,4,8000.0,12.994744497536118
isophon,73,5,250.0,-1.2814808564091322
isophon,73,5,500.0,-2.2947500562955554
isophon,73,5,750.0,1.7271364777231213
isophon,73,5,1000.0,3.230762393832009
isophon,73,5,1500.0,5.005767757385115
isophon,73,5,2000.0,5.605615408823994
isophon,73,5,3000.0,1.2566423203284103
isophon,73,5,4000.0,-0.6156409714056679
isophon,73,5,6000.0,-2.1061272195775445
isophon,73,5,8000.0,9.84778588267713
isophon,73,6,250.0,4.987600119595385
isophon,73,6,500.0,-2.7538674490186565
isophon,73,6,750.0,2.9330174312168538
isophon,73,6,1000.0,-2.6759075281240996
isophon,73,6,1500.0,-3.5470069776922344
isophon,73,6,2000.0,-4.405323435108031
isophon,73,6,3000.0,-6.591743782589887
isophon,73,6,4000.0,-6.842593007019943
isophon,73,6,6000.0,0.4356390155601133
isophon,73,6,8000.0,13.126508607002123
isophon,73,7,250.0,-2.81675208829769
isophon,73,7,500.0,1.303483568176091
isophon,73,7,750.0,3.211390400085037
isophon,73,7,1000.0,4.142417230868205
isophon,73,7,1500.0,-3.50182599374871
isophon,73,7,2000.0,-7.011372991973815
isophon,73,7,3000.0,-9.188609695322498
isophon,73,7,4000.0,-4.438425193022681
isophon,73,7,6000.0,-2.0653243292448735
isophon,73,7,8000.0,11.105418357798612
isophon,73,8,250.0,-2.187789029186135
isophon,73,8,500.0,-0.2839462270462434
isophon,73,8,750.0,3.178024378069324
isophon,73,8,1000.0,3.749151737158215
isophon,73,8,1500.0,-6.855038998776735
isophon,73,8,2000.0,-9.002578803704338
isophon,73,8,3000.0,-10.650238964005524
isophon,73,8,4000.0,-4.058030849270253
isophon,73,8,6000.0,-1.0365580581903657
isophon,73,8,8000.0,11.940408488238347
isophon,73,9,250.0,-3.3846285305693016
isophon,73,9,500.0,0.9442743566648488
isophon,73,9,750.0,3.0561893771634914
isophon,73,9,1000.0,1.4884492762825374
isophon,73,9,1500.0,-4.328795937006916
isophon,73,9,2000.0,-11.043832323151449
isophon,73,9,3000.0,-11.231975224415109
isophon,73,9,4000.0,-4.658507368678045
isophon,73,9,6000.0,0.0886356780384574
isophon,73,9,8000.0,12.116944690102855
isophon,73,10,250.0,-3.462918720809796
isophon,73,10,500.0,-3.189612977562362
isophon,73,10,750.0,-0.17972601731949567
isophon,73,10,1000.0,-3.3575783004451836
isophon,73,10,1500.0,-0.8658467383739179
isophon,73,10,2000.0,-7.034740649114639
isophon,73,10,3000.0,-7.724365063894666
isophon,73,10,4000.0,-2.028055835964679
isophon,73,10,6000.0,-0.004107329666126702
isophon,73,10,8000.0,11.097842217444878
isophon,74,1,250.0,8.104468675638728
isophon,74,1,500.0,-2.226359797936162
isophon,74,1,750.0,-2.5308911011199626
isophon,74,1,1000.0,-5.688107415697971
isophon,74,1,1500.0,1.5410354679776788
isophon,74,1,2000.0,3.5466699223922546
isophon,74,1,3000.0,-4.641145789458108
isophon,74,1,4000.0,1.962405058348665
isophon,74,1,6000.0,-5.870443000933562
isophon,74,1,8000.0,-8.152436249275723
isophon,74,2,250.0,2.8173571557442614
isophon,74,2,500.0,4.770682412885279
isophon,74,2,750.0,1.7332967592443822
isophon,74,2,1000.0,-9.83058640522232
isophon,74,2,1500.0,-6.39208725988388
isophon,74,2,2000.0,-2.0524213932957593
isophon,74,2,3000.0,0.530787447384057
isophon,74,2,4000.0,1.8904988834494958
isophon,74,2,6000.0,0.9698869091852202
isophon,74,2,8000.0,0.2743592324916051
isophon,74,3,250.0,3.6900485040685567
isophon,74,3,500.0,10.409715482248146
isophon,74,3,750.0,5.799974372036104
isophon,74,3,1000.0,-4.039648249672936
isophon,74,3,1500.0,-0.9046032200570551
isophon,74,3,2000.0,1.6410364540644622
isophon,74,3,3000.0,3.080991816199372
isophon,74,3,4000.0,4.197909126528202
isophon,74,3,6000.0,3.327986987987643
isophon,74,3,8000.0,-2.0414850637754682
isophon,74,4,250.0,-0.11161547980701414
isophon,74,4,500.0,9.750758574975322
isophon,74,4,750.0,0.03772355549342876
isophon,74,4,1000.0,-2.2464660512515024
isophon,74,4,1500.0,0.7231938006162011
isophon,74,4,2000.0,4.292022584981893
isophon,74,4,3000.0,3.358944356870225
isophon,74,4,4000.0,4.870601891845837
isophon,74,4,6000.0,0.0612627451064327
isophon,74,4,8000.0,-4.049252887510377
isophon,74,5,250.0,-2.197040548573611
isophon,74,5,500.0,10.761827831810336
isophon,74,5,750.0,1.9013881036455018
isophon,74,5,1000.0,-0.43654484212714806
isophon,74,5,1500.0,1.7949515604319402
isophon,74,5,2000.0,0.7064647937394994
isophon,74,5,3000.0,2.0536122629944344
isophon,74,5,4000.0,2.5043746420865034
isophon,74,5,6000.0,0.06391116875913383
isophon,74,5,8000.0,-1.6185000687932956
isophon,74,6,250.0,-0.11856285370588182
isophon,74,6,500.0,-5.534913958446296
isophon,74,6,750.0,-6.578028013863474
isophon,74,6,1000.0,-2.7681954219268334
isophon,74,6,1500.0,0.9212328397345715
isophon,74,6,2000.0,0.34895064484732075
isophon,74,6,3000.0,-1.8704257435010305
isophon,74,6,4000.0,0.7192340357185856
isophon,74,6,6000.0,1.379831132426304
isophon,74,6,8000.0,1.742637506470487
isophon,74,7,250.0,-5.508525052918657
isophon,74,7,500.0,-3.2895365322769834
isophon,74,7,750.0,-4.152665557902907
isophon,74,7,1000.0,-1.9453229327740758
isophon,74,7,1500.0,-2.809736913253886
isophon,74,7,2000.0,-0.7595395883490568
isophon,74,7,3000.0,-0.8261773172754516
isophon,74,7,4000.0,-0.48158489359236967
isophon,74,7,6000.0,-0.20138276162147406
isophon,74,7,8000.0,1.1034529179117385
isophon,74,8,250.0,-5.80607062405474
isophon,74,8,500.0,-2.4482836276131508
isophon,74,8,750.0,-4.318716183497088
isophon,74,8,1000.0,-1.6841860036560519
isophon,74,8,1500.0,-1.108984162854128
isophon,74,8,2000.0,-5.5516942517056975
isophon,74,8,3000.0,-1.68706796121117
isophon,74,8,4000.0,0.3876972035530457
isophon,74,8,6000.0,0.6904948818695402
isophon,74,8,8000.0,-0.008958524631580644
isophon,74,9,250.0,-6.08021454837332
isophon,74,9,500.0,-1.8666246917300242
isophon,74,9,750.0,-2.3380979126193324
isophon,74,9,1000.0,-0.5710121311963974
isophon,74,9,1500.0,0.2853723416096443
isophon,74,9,2000.0,-3.971739158152147
isophon,74,9,3000.0,-1.042152352200361
isophon,74,9,4000.0,-1.2448227906051983
isophon,74,9,6000.0,-0.1677350641175508
isophon,74,9,8000.0,-1.0598083505023226
isophon,74,10,250.0,-3.604547779993709
isophon,74,10,500.0,-0.13232197955805702
isophon,74,10,750.0,-1.03212134311147
isophon,74,10,1000.0,2.9019931474810363
isophon,74,10,1500.0,2.486301416605869
isophon,74,10,2000.0,-2.093010260091063
isophon,74,10,3000.0,-0.22594727732807485
isophon,74,10,4000.0,-0.9765564657555785
isophon,74,10,6000.0,1.114500204506541
isophon,74,10,8000.0,1.3195838233832689
isophon,75,1,250.0,-12.452666843488487
isophon,75,1,500.0,-14.82865183874199
isophon,75,1,750.0,-6.378574854359833
isophon,75,1,1000.0,-2.4738171499273136
isophon,75,1,1500.0,8.593188342662035
isophon,75,1,2000.0,4.220777681664517
isophon,75,1,3000.0,5.77374222989053
isophon,75,1,4000.0,10.043689476203998
isophon,75,1,6000.0,29.825504992929062
isophon,75,1,8000.0,16.15061408343982
isophon,75,2,250.0,0.42987379884921495
isophon,75,2,500.0,-5.271227177182638
isophon,75,2,750.0,-4.254960891827011
isophon,75,2,1000.0,2.163431043326831
isophon,75,2,1500.0,8.981647187505835
isophon,75,2,2000.0,5.283573582635022
isophon,75,2,3000.0,4.64323892160904
isophon,75,2,4000.0,4.238684043000568
isophon,75,2,6000.0,6.122842168415417
isophon,75,2,8000.0,-0.6656371752160197
isophon,75,3,250.0,2.0376200873056405
isophon,75,3,500.0,-2.3144399470824766
isophon,75,3,750.0,-0.661191473257773
isophon,75,3,1000.0,-0.7741365904280002
isophon,75,3,1500.0,3.0585935654332914
isophon,75,3,2000.0,5.17068153051833
isophon,75,3,3000.0,-2.089063847867962
isophon,75,3,4000.0,-4.226099002231322
isophon,75,3,6000.0,9.21722592759258
isophon,75,3,8000.0,-5.112023967003523
isophon,75,4,250.0,-4.820529456655606
isophon,75,4,500.0,-3.686373917963479
isophon,75,4,750.0,-0.018245367405000934
isophon,75,4,1000.0,1.5647183358703387
isophon,75,4,1500.0,1.3566264520487437
isophon,75,4,2000.0,0.21731716526082323
isophon,75,4,3000.0,-10.216382769519655
isophon,75,4,4000.0,-11.118104343769659
isophon,75,4,6000.0,-0.19130041794298336
isophon,75,4,8000.0,-7.990035730032929
isophon,75,5,250.0,1.2584160812324825
isophon,75,5,500.0,-2.473427577023486
isophon,75,5,750.0,1.4733366987489092
isophon,75,5,1000.0,2.3209781878336457
isophon,75,5,1500.0,2.2779859877533966
isophon,75,5,2000.0,-0.2024803135884099
isophon,75,5,3000.0,-6.021740646724538
isophon,75,5,4000.0,-6.804070894274844
isophon,75,5,6000.0,-1.668897015337663
isophon,75,5,8000.0,-6.308184579124173
isophon,75,6,250.0,5.383713686580265
isophon,75,6,500.0,-3.163896713102403
isophon,75,6,750.0,-0.8977693513412248
isophon,75,6,1000.0,1.4001749674790744
isophon,75,6,1500.0,4.383540473281599
isophon,75,6,2000.0,7.315924950977447
isophon,75,6,3000.0,-3.7316005170635265
isophon,75,6,4000.0,-4.11230229911672
isophon,75,6,6000.0,2.445613036809533
isophon,75,6,8000.0,-0.8163896433677564
isophon,75,7,250.0,1.8755346150573189
isophon,75,7,500.0,0.37660642049903004
isophon,75,7,750.0,-1.8234032920337881
isophon,75,7,1000.0,3.5188468055693534
isophon,75,7,1500.0,6.605297314858902
isophon,75,7,2000.0,4.323353827965491
isophon,75,7,3000.0,-2.6786812494323016
isophon,75,7,4000.0,-0.036825022975236266
isophon,75,7,6000.0,3.6742633660707895
isophon,75,7,8000.0,0.8660116859990268
isophon,75,8,250.0,1.2005458768449842
isophon,75,8,500.0,-4.956677108124623
isophon,75,8,750.0,-5.674470710967427
isophon,75,8,1000.0,2.3172070540576613
isophon,75,8,1500.0,8.06382984981758
isophon,75,8,2000.0,5.692911659868486
isophon,75,8,3000.0,-4.267416835771968
isophon,75,8,4000.0,-5.479250284511622
isophon,75,8,6000.0,1.3477265183910703
isophon,75,8,8000.0,2.457802628770537
isophon,75,9,250.0,0.8942680239075003
isophon,75,9,500.0,-9.087832173591394
isophon,75,9,750.0,-3.034117613566309
isophon,75,9,1000.0,1.3128139467348774
isophon,75,9,1500.0,8.455486990044989
isophon,75,9,2000.0,8.112266792302378
isophon,75,9,3000.0,-3.002091842773112
isophon,75,9,4000.0,-6.675071697434831
isophon,75,9,6000.0,0.9993913199470228
isophon,75,9,8000.0,3.0455590692587435
isophon,75,10,250.0,2.0418858222159315
isophon,75,10,500.0,-7.154456602869388
isophon,75,10,750.0,-0.7186834789481082
isophon,75,10,1000.0,0.08129710031178661
isophon,75,10,1500.0,4.541922993350468
isophon,75,10,2000.0,5.778757068966172
isophon,75,10,3000.0,0.12660327751123646
isophon,75,10,4000.0,-4.091862938665699
isophon,75,10,6000.0,1.3907585483821947
isophon,75,10,8000.0,1.7136623812541245
isophon,76,1,250.0,14.806798330772182
isophon,76,1,500.0,-5.472440661910127
isophon,76,1,750.0,1.9876378128247723
isophon,76,1,1000.0,1.1423909867058626
isophon,76,1,1500.0,5.738377124560884
isophon,76,1,2000.0,4.533095039303589
isophon,76,1,3000.0,18.636454236872467
isophon,76,1,4000.0,-8.63307722491632
isophon,76,1,6000.0,-1.4190888182153003
isophon,76,1,8000.0,10.46383330086124
isophon,76,2,250.0,9.165944639720578
isophon,76,2,500.0,8.668297043489275
isophon,76,2,750.0,4.492722170346781
isophon,76,2,1000.0,4.223103688767239
isophon,76,2,1500.0,-7.703167265470313
isophon,76,2,2000.0,-1.3202592000685627
isophon,76,2,3000.0,4.127110815230367
isophon,76,2,4000.0,-2.6825981161603067
isophon,76,2,6000.0,0.34951622966899265
isophon,76,2,8000.0,14.49410017876572
isophon,76,3,250.0,-0.26487137400292227
isophon,76,3,500.0,0.9548756011100892
isophon,76,3,750.0,1.7330699361509545
isophon,76,3,1000.0,6.026967862995164
isophon,76,3,1500.0,-7.019245392431785
isophon,76,3,2000.0,-3.970138513754719
isophon,76,3,3000.0,0.18893008474090323
isophon,76,3,4000.0,-4.35971474317941
isophon,76,3,6000.0,-5.349738310277331
isophon,76,3,8000.0,6.380599057782959
isophon,76,4,250.0,-3.731345501685894
isophon,76,4,500.0,-4.756312562022231
isophon,76,4,750.0,-0.9887896792728839
isophon,76,4,1000.0,-0.7084805715827684
isophon,76,4,1500.0,-10.891875581320846
isophon,76,4,2000.0,-2.7879494075426265
isophon,76,4,3000.0,-1.9300174461409654
isophon,76,4,4000.0,-2.6976152748601976
isophon,76,4,6000.0,-3.5689159888913338
isophon,76,4,8000.0,3.2964251838785543
isophon,76,5,250.0,6.886983707910659
isophon,76,5,500.0,5.668459906158972
isophon,76,5,750.0,7.220677324660585
isophon,76,5,1000.0,8.069160111344203
isophon,76,5,1500.0,-4.740257794068754
isophon,76,5,2000.0,2.6179777164808087
isophon,76,5,3000.0,2.1317527986134905
isophon,76,5,4000.0,2.535891184413771
isophon,76,5,6000.0,1.7267465476474086
isophon,76,5,8000.0,8.342447872222593
isophon,76,6,250.0,6.0979908570569705
isophon,76,6,500.0,5.386910796611318
isophon,76,6,750.0,3.8872394877378866
isophon,76,6,1000.0,1.6825310836577074
isophon,76,6,1500.0,-5.35415484103568
isophon,76,6,2000.0,-0.37676785907402177
isophon,76,6,3000.0,4.744731747135418
isophon,76,6,4000.0,7.968957183709037
isophon,76,6,6000.0,6.9074080736199335
isophon,76,6,8000.0,11.9916293397943
isophon,76,7,250.0,10.251423169068687
isophon,76,7,500.0,7.141915871131161
isophon,76,7,750.0,6.163847831905514
isophon,76,7,1000.0,5.4716637928656695
isophon,76,7,1500.0,2.3588440123796204
isophon,76,7,2000.0,1.6125736999511702
isophon,76,7,3000.0,9.986130363098809
isophon,76,7,4000.0,12.517450395434878
isophon,76,7,6000.0,9.168832018202338
isophon,76,7,8000.0,11.581776465133458
isophon,76,8,250.0,9.175143737792965
isophon,76,8,500.0,9.317088726662647
isophon,76,8,750.0,9.73599317671652
isophon,76,8,1000.0,7.7206073173323375
isophon,76,8,1500.0,4.943107082488638
isophon,76,8,2000.0,4.629622955322262
isophon,76,8,3000.0,13.339043232303268
isophon,76,8,4000.0,13.969793197145393
isophon,76,8,6000.0,9.885380129076381
isophon,76,8,8000.0,14.082274424449224
isophon,76,9,250.0,8.503510437011712
isophon,76,9,500.0,10.66603007495712
isophon,76,9,750.0,11.494215813854154
isophon,76,9,1000.0,9.384636798217798
isophon,76,9,1500.0,5.47182768308798
isophon,76,9,2000.0,7.028111419677728
isophon,76,9,3000.0,12.232972097232832
isophon,76,9,4000.0,13.834889242379575
isophon,76,9,6000.0,11.50128399616763
isophon,76,9,8000.0,16.156085320345085
isophon,76,10,250.0,7.405004882812506
isophon,76,10,500.0,10.351390369956917
isophon,76,10,750.0,11.294744083381786
isophon,76,10,1000.0,12.235198739619477
isophon,76,10,1500.0,7.39707548443937
isophon,76,10,2000.0,8.295236968994146
isophon,76,10,3000.0,12.098498484486981
isophon,76,10,4000.0,12.582105987912485
isophon,76,10,6000.0,11.885412848258227
isophon,76,10,8000.0,15.780865954982318
isophon,77,1,250.0,-8.033997019913244
isophon,77,1,500.0,4.2175089792155305
isophon,77,1,750.0,-16.34318909593773
isophon,77,1,1000.0,-7.998375596991401
isophon,77,1,1500.0,-4.723744095148618
isophon,77,1,2000.0,9.67604840711239
isophon,77,1,3000.0,-21.72520037623744
isophon,77,1,4000.0,-16.047683157717756
isophon,77,1,6000.0,-31.0314864306671
isophon,77,1,8000.0,-22.108054059950035
isophon,77,2,250.0,-7.937747104250491
isophon,77,2,500.0,2.962630293943228
isophon,77,2,750.0,-2.4134537820963686
isophon,77,2,1000.0,4.801828618934849
isophon,77,2,1500.0,-1.8558699265085181
isophon,77,2,2000.0,-3.2313192623790314
isophon,77,2,3000.0,2.9075730071378985
isophon,77,2,4000.0,-1.8790310197283588
isophon,77,2,6000.0,-4.854109878682195
isophon,77,2,8000.0,-8.925101438876283
isophon,77,3,250.0,-2.3770274900657284
isophon,77,3,500.0,7.364725429948351
isophon,77,3,750.0,-0.5839982890480684
isophon,77,3,1000.0,-1.843419708769602
isophon,77,3,1500.0,4.033092842087562
isophon,77,3,2000.0,-3.010501477670161
isophon,77,3,3000.0,-0.029891727187674633
isophon,77,3,4000.0,-1.821374177213599
isophon,77,3,6000.0,-2.5693344956730186
isophon,77,3,8000.0,-5.252939759458215
isophon,77,4,250.0,4.8301258262874285
isophon,77,4,500.0,9.769806784011323
isophon,77,4,750.0,-1.4396220041513175
isophon,77,4,1000.0,-6.395113595138369
isophon,77,4,1500.0,1.4282176774049162
isophon,77,4,2000.0,3.6544842192585634
isophon,77,4,3000.0,-1.8301080103140634
isophon,77,4,4000.0,1.7314314213047055
isophon,77,4,6000.0,1.8562795267363015
isophon,77,4,8000.0,-3.6580459581982296
isophon,77,5,250.0,5.023630813037784
isophon,77,5,500.0,15.967952487821677
isophon,77,5,750.0,1.4334187070024456
isophon,77,5,1000.0,-4.647498235803738
isophon,77,5,1500.0,1.8163817218633653
isophon,77,5,2000.0,7.324343942440549
isophon,77,5,3000.0,2.9195122814661403
isophon,77,5,4000.0,5.925609652137169
isophon,77,5,6000.0,2.824527955405557
isophon,77,5,8000.0,-2.7168478520528225
isophon,77,6,250.0,0.6208591026792476
isophon,77,6,500.0,0.18264634475752928
isophon,77,6,750.0,-2.035028053417136
isophon,77,6,1000.0,-4.210266565726755
isophon,77,6,1500.0,-2.732672301883028
isophon,77,6,2000.0,-1.6559426216843178
isophon,77,6,3000.0,-5.306866845523572
isophon,77,6,4000.0,-0.4682352605355504
isophon,77,6,6000.0,-0.8183114124931308
isophon,77,6,8000.0,2.084463736016801
isophon,77,7,250.0,-0.7065964002497083
isophon,77,7,500.0,1.8481631359577193
isophon,77,7,750.0,-0.5200814072735085
isophon,77,7,1000.0,-8.905723571865096
isophon,77,7,1500.0,-1.1094809180534781
isophon,77,7,2000.0,-4.325001973281715
isophon,77,7,3000.0,-5.054821486218245
isophon,77,7,4000.0,-4.746958011433378
isophon,77,7,6000.0,-0.9271037400447995
isophon,77,7,8000.0,2.4377965091112657
isophon,77,8,250.0,2.006622909427051
isophon,77,8,500.0,2.8518992957057065
isophon,77,8,750.0,-2.2261355224962784
isophon,77,8,1000.0,-5.762743854298762
isophon,77,8,1500.0,-1.6738093223760018
isophon,77,8,2000.0,-3.2611699272599566
isophon,77,8,3000.0,-3.5523117876307424
isophon,77,8,4000.0,-5.244392609382118
isophon,77,8,6000.0,-1.6409516457071618
isophon,77,8,8000.0,2.153719579870355
isophon,77,9,250.0,3.441131462057953
isophon,77,9,500.0,2.4997635034194587
isophon,77,9,750.0,-4.020160241883161
isophon,77,9,1000.0,-4.485880387769541
isophon,77,9,1500.0,-3.8317049898876547
isophon,77,9,2000.0,-2.6032220239445536
isophon,77,9,3000.0,-2.9849257782841505
isophon,77,9,4000.0,-6.896539072771176
isophon,77,9,6000.0,-3.342096999448046
isophon,77,9,8000.0,1.0501241915957564
isophon,77,10,250.0,0.7482720658620963
isophon,77,10,500.0,-8.452542916780999
isophon,77,10,750.0,-5.077197411025409
isophon,77,10,1000.0,-5.788951404794787
isophon,77,10,1500.0,-7.530508130232036
isophon,77,10,2000.0,-1.8961567779859791
isophon,77,10,3000.0,-0.853477558743549
isophon,77,10,4000.0,-6.351045173595963
isophon,77,10,6000.0,-2.8127536869057934
isophon,77,10,8000.0,0.8200629977484795
isophon,78,1,250.0,-0.135740552877067
isophon,78,1,500.0,23.110184455196375
isophon,78,1,750.0,21.06728465072531
isophon,78,1,1000.0,31.694948897106165
isophon,78,1,1500.0,15.38250565588892
isophon,78,1,2000.0,-6.00341715213753
isophon,78,1,3000.0,-11.484267687768863
isophon,78,1,4000.0,17.819814567448987
isophon,78,1,6000.0,44.753886655319064
isophon,78,1,8000.0,9.755633728762533
isophon,78,2,250.0,1.3171810092417644
isophon,78,2,500.0,14.843170379342126
isophon,78,2,750.0,7.318833833962131
isophon,78,2,1000.0,-2.9400029306325166
isophon,78,2,1500.0,8.347660020377191
isophon,78,2,2000.0,0.32254358017564755
isophon,78,2,3000.0,0.046455086413971
isophon,78,2,4000.0,7.9050590782066195
isophon,78,2,6000.0,16.299071190919193
isophon,78,2,8000.0,4.8384588184764254
isophon,78,3,250.0,-10.472832776301573
isophon,78,3,500.0,-3.5340327907940434
isophon,78,3,750.0,-2.9239849863794944
isophon,78,3,1000.0,-0.45905818727872827
isophon,78,3,1500.0,5.325540358216287
isophon,78,3,2000.0,-3.819271916565782
isophon,78,3,3000.0,-3.7664371197376596
isophon,78,3,4000.0,-6.014799764525321
isophon,78,3,6000.0,3.523092444987469
isophon,78,3,8000.0,2.9302672924886224
isophon,78,4,250.0,-13.640999729831705
isophon,78,4,500.0,-3.757712270083701
isophon,78,4,750.0,-5.883457311167177
isophon,78,4,1000.0,-0.4150746110530008
isophon,78,4,1500.0,7.271742195968812
isophon,78,4,2000.0,-0.33644054537212753
isophon,78,4,3000.0,-4.558998543391041
isophon,78,4,4000.0,5.528754740938439
isophon,78,4,6000.0,4.784141003910207
isophon,78,4,8000.0,0.6717970518503193
isophon,78,5,250.0,-9.304520050590753
isophon,78,5,500.0,1.15326905058852
isophon,78,5,750.0,-2.198617348381177
isophon,78,5,1000.0,1.324836109897447
isophon,78,5,1500.0,12.851569986606194
isophon,78,5,2000.0,10.155506208863613
isophon,78,5,3000.0,4.145228769324191
isophon,78,5,4000.0,10.251594503063231
isophon,78,5,6000.0,7.29135783734003
isophon,78,5,8000.0,4.852912553548435
isophon,78,6,250.0,5.577376913388861
isophon,78,6,500.0,12.80237121221991
isophon,78,6,750.0,10.219612547609657
isophon,78,6,1000.0,12.93525008084471
isophon,78,6,1500.0,22.957150736117896
isophon,78,6,2000.0,21.80041902358839
isophon,78,6,3000.0,15.133477219069178
isophon,78,6,4000.0,23.563622853893307
isophon,78,6,6000.0,15.791210275315507
isophon,78,6,8000.0,10.534714769124605
isophon,78,7,250.0,14.164588352030464
isophon,78,7,500.0,14.04362914965705
isophon,78,7,750.0,14.806068078930423
isophon,78,7,1000.0,16.039610092654314
isophon,78,7,1500.0,25.133381678474805
isophon,78,7,2000.0,27.15015132890781
isophon,78,7,3000.0,21.59330268650966
isophon,78,7,4000.0,24.92602097039601
isophon,78,7,6000.0,15.367260705736868
isophon,78,7,8000.0,11.455404771566009
isophon,78,8,250.0,14.697959498027288
isophon,78,8,500.0,20.841405814789965
isophon,78,8,750.0,17.619822497427265
isophon,78,8,1000.0,15.727208145128387
isophon,78,8,1500.0,27.41086413086738
isophon,78,8,2000.0,29.607279451493923
isophon,78,8,3000.0,25.284778973413935
isophon,78,8,4000.0,23.19445373535156
isophon,78,8,6000.0,15.12332264975538
isophon,78,8,8000.0,9.09561207159976
isophon,78,9,250.0,14.217000579226749
isophon,78,9,500.0,24.708652762836948
isophon,78,9,750.0,17.460316643400063
isophon,78,9,1000.0,14.70401187734636
isophon,78,9,1500.0,25.47508521294067
isophon,78,9,2000.0,30.35415258412756
isophon,78,9,3000.0,27.747365107304333
isophon,78,9,4000.0,21.08417602539062
isophon,78,9,6000.0,15.316920265170452
isophon,78,9,8000.0,7.883475439518165
isophon,78,10,250.0,12.852572356247208
isophon,78,10,500.0,21.587393940471216
isophon,78,10,750.0,16.40991799418549
isophon,78,10,1000.0,12.200643920898443
isophon,78,10,1500.0,19.34766235351563
isophon,78,10,2000.0,30.614577678752738
isophon,78,10,3000.0,24.365762227715663
isophon,78,10,4000.0,17.548757934570318
isophon,78,10,6000.0,14.563602232560442
isophon,78,10,8000.0,4.720697784423834
isophon,79,1,250.0,-23.791803312566742
isophon,79,1,500.0,-0.4989990524444696
isophon,79,1,750.0,3.895702722430199
isophon,79,1,1000.0,-4.541559408886005
isophon,79,1,1500.0,-2.6562658109102273
isophon,79,1,2000.0,-18.509566446327014
isophon,79,1,3000.0,-4.765078803241735
isophon,79,1,4000.0,-24.427361046568905
isophon,79,1,6000.0,1.642037724259012
isophon,79,1,8000.0,-11.54061182539104
isophon,79,2,250.0,2.131245277150825
isophon,79,2,500.0,9.281047958021368
isophon,79,2,750.0,8.436008767851888
isophon,79,2,1000.0,2.31166396070239
isophon,79,2,1500.0,-0.6484605573986499
isophon,79,2,2000.0,-3.463672552739318
isophon,79,2,3000.0,-10.089109904808694
isophon,79,2,4000.0,-5.960155907775743
isophon,79,2,6000.0,14.085309957126725
isophon,79,2,8000.0,-5.224180162430372
isophon,79,3,250.0,-8.243669691569167
isophon,79,3,500.0,-2.1069057817807106
isophon,79,3,750.0,3.700784681187457
isophon,79,3,1000.0,-0.3247779550958896
isophon,79,3,1500.0,1.6600573414835864
isophon,79,3,2000.0,3.829415671480092
isophon,79,3,3000.0,-0.5670733140135127
isophon,79,3,4000.0,-2.167062707230542
isophon,79,3,6000.0,18.78588947683599
isophon,79,3,8000.0,1.99350869629194
isophon,79,4,250.0,-5.8665931269962925
isophon,79,4,500.0,-4.303146717771995
isophon,79,4,750.0,-0.7734779393722704
isophon,79,4,1000.0,-4.051571410485963
isophon,79,4,1500.0,4.150945928719935
isophon,79,4,2000.0,8.514983908007409
isophon,79,4,3000.0,2.5595637868676846
isophon,79,4,4000.0,-2.151819288787081
isophon,79,4,6000.0,15.125199127272793
isophon,79,4,8000.0,6.059068692352994
isophon,79,5,250.0,-0.7919881147382171
isophon,79,5,500.0,-3.573453426782777
isophon,79,5,750.0,0.6676355222681423
isophon,79,5,1000.0,-1.364864999753749
isophon,79,5,1500.0,6.32056961238338
isophon,79,5,2000.0,7.972616145436831
isophon,79,5,3000.0,5.768096969024384
isophon,79,5,4000.0,2.1454722954148764
isophon,79,5,6000.0,4.358968652800598
isophon,79,5,8000.0,6.478148995325299
isophon,79,6,250.0,2.3571452752747035
isophon,79,6,500.0,3.0258358990028427
isophon,79,6,750.0,4.763971380534343
isophon,79,6,1000.0,-1.85560382289016
isophon,79,6,1500.0,1.5881960292223596
isophon,79,6,2000.0,0.4926723826855124
isophon,79,6,3000.0,-0.3586906576745008
isophon,79,6,4000.0,-0.44034258659763736
isophon,79,6,6000.0,9.54530949573632
isophon,79,6,8000.0,11.54094190962374
isophon,79,7,250.0,1.3358169249047904
isophon,79,7,500.0,0.6734194283156256
isophon,79,7,750.0,5.452945320850347
isophon,79,7,1000.0,0.82233479820826
isophon,79,7,1500.0,4.2441036697791645
isophon,79,7,2000.0,3.25926474175931
isophon,79,7,3000.0,2.833996202228562
isophon,79,7,4000.0,1.6377218180235644
isophon,79,7,6000.0,8.816019154342655
isophon,79,7,8000.0,11.366547924937365
isophon,79,8,250.0,-2.200456340376448
isophon,79,8,500.0,2.3037241346641366
isophon,79,8,750.0,5.126955056130583
isophon,79,8,1000.0,0.9530236745557374
isophon,79,8,1500.0,2.043444656754218
isophon,79,8,2000.0,3.817669713106895
isophon,79,8,3000.0,6.721550791384544
isophon,79,8,4000.0,2.2453141778775034
isophon,79,8,6000.0,6.513176068991527
isophon,79,8,8000.0,11.531510153372352
isophon,79,9,250.0,-2.5474351451696577
isophon,79,9,500.0,3.5003409860694035
isophon,79,9,750.0,4.78586542939243
isophon,79,9,1000.0,-0.5895609271957625
isophon,79,9,1500.0,1.4892890210764165
isophon,79,9,2000.0,3.6656614632898226
isophon,79,9,3000.0,8.08245340503484
isophon,79,9,4000.0,2.3666269959213793
isophon,79,9,6000.0,4.632393770566537
isophon,79,9,8000.0,10.9640292885164
isophon,79,10,250.0,0.6889715344965879
isophon,79,10,500.0,3.117401075838899
isophon,79,10,750.0,5.537595142306145
isophon,79,10,1000.0,-2.919847657478755
isophon,79,10,1500.0,2.4528096930654755
isophon,79,10,2000.0,2.3406083894832364
isophon,79,10,3000.0,2.946478424493165
isophon,79,10,4000.0,3.170944341037341
isophon,79,10,6000.0,5.022418621733564
isophon,79,10,8000.0,9.939289709276935
isophon,80,1,250.0,-5.8669474881549775
isophon,80,1,500.0,-9.02099588971943
isophon,80,1,750.0,-8.00377402125342
isophon,80,1,1000.0,0.2892776190811972
isophon,80,1,1500.0,1.3721629632326824
isophon,80,1,2000.0,10.379039673226295
isophon,80,1,3000.0,0.2984860223311756
isophon,80,1,4000.0,-1.724354891663154
isophon,80,1,6000.0,-9.262732966748558
isophon,80,1,8000.0,-0.6679375304264141
isophon,80,2,250.0,-4.273806334020122
isophon,80,2,500.0,-6.135175530568873
isophon,80,2,750.0,-1.4319319871926695
isophon,80,2,1000.0,1.3427807818866313
isophon,80,2,1500.0,0.6363236022182264
isophon,80,2,2000.0,3.4671245917952547
isophon,80,2,3000.0,18.582203854676223
isophon,80,2,4000.0,9.95305574831579
isophon,80,2,6000.0,-7.178973804029653
isophon,80,2,8000.0,5.300386358189897
isophon,80,3,250.0,0.6493080452183335
isophon,80,3,500.0,-6.179449637533054
isophon,80,3,750.0,-0.519508009780111
isophon,80,3,1000.0,-2.963110695503403
isophon,80,3,1500.0,-7.735472556918552
isophon,80,3,2000.0,4.115762214001748
isophon,80,3,3000.0,5.34747538696179
isophon,80,3,4000.0,6.648762921730821
isophon,80,3,6000.0,-3.1257092831150572
isophon,80,3,8000.0,7.207154215486639
isophon,80,4,250.0,-9.862969022780149
isophon,80,4,500.0,-5.383923369990981
isophon,80,4,750.0,0.8500211735801741
isophon,80,4,1000.0,-0.9365062898580163
isophon,80,4,1500.0,-3.0354579097862597
isophon,80,4,2000.0,-4.128297702435802
isophon,80,4,3000.0,0.18758762153704822
isophon,80,4,4000.0,-5.05080239542859
isophon,80,4,6000.0,-0.678212348893922
isophon,80,4,8000.0,9.759093928586282
isophon,80,5,250.0,-7.481273659607723
isophon,80,5,500.0,-1.1357861465435093
isophon,80,5,750.0,3.1819377890747518
isophon,80,5,1000.0,1.3785169066594989
isophon,80,5,1500.0,-1.4565961417148543
isophon,80,5,2000.0,-2.752181032447737
isophon,80,5,3000.0,0.3082941139863209
isophon,80,5,4000.0,-4.282069519277513
isophon,80,5,6000.0,-0.974038576601103
isophon,80,5,8000.0,8.483837440732643
isophon,80,6,250.0,0.2812821304809461
isophon,80,6,500.0,1.7919707249055108
isophon,80,6,750.0,2.9690230080842497
isophon,80,6,1000.0,5.168128460084603
isophon,80,6,1500.0,2.06117867423292
isophon,80,6,2000.0,0.8089966408921043
isophon,80,6,3000.0,2.31190037619335
isophon,80,6,4000.0,-1.9902321264546003
isophon,80,6,6000.0,-0.2662996445814514
isophon,80,6,8000.0,4.597972464544924
isophon,80,7,250.0,3.3757322622783335
isophon,80,7,500.0,1.6706600833006746
isophon,80,7,750.0,1.3678447445409887
isophon,80,7,1000.0,-1.0006574525600627
isophon,80,7,1500.0,-0.2354794209211235
isophon,80,7,2000.0,-1.6744563615354338
isophon,80,7,3000.0,3.0576292885468632
isophon,80,7,4000.0,-2.6129369903163564
isophon,80,7,6000.0,0.012857606460059401
isophon,80,7,8000.0,4.045252885969802
isophon,80,8,250.0,0.9611394100693076
isophon,80,8,500.0,4.1227250460610065
isophon,80,8,750.0,1.800084713754373
isophon,80,8,1000.0,-2.0306370846317776
isophon,80,8,1500.0,1.874720602585768
isophon,80,8,2000.0,-3.718446223581239
isophon,80,8,3000.0,-2.408347994609528
isophon,80,8,4000.0,-1.8658888427018212
isophon,80,8,6000.0,0.3547717353979749
isophon,80,8,8000.0,3.8370866847751586
isophon,80,9,250.0,1.6924103725740451
isophon,80,9,500.0,6.066043002589822
isophon,80,9,750.0,-1.2531408315162622
isophon,80,9,1000.0,-1.584089917494964
isophon,80,9,1500.0,3.6509546241733233
isophon,80,9,2000.0,-7.010206186831127
isophon,80,9,3000.0,-5.502886810302712
isophon,80,9,4000.0,-1.5666599185346115
isophon,80,9,6000.0,1.2039483224628782
isophon,80,9,8000.0,2.888714440478722
isophon,80,10,250.0,-1.374306812675826
isophon,80,10,500.0,-5.066237817590448
isophon,80,10,750.0,-0.06672055968091684
isophon,80,10,1000.0,1.7573314357550203
isophon,80,10,1500.0,5.47208336065863
isophon,80,10,2000.0,-5.334539031982416
isophon,80,10,3000.0,-3.3261848449706832
isophon,80,10,4000.0,-0.8513307287956309
isophon,80,10,6000.0,2.2058717232702065
isophon,80,10,8000.0,2.2297570510188223
isophon,81,1,250.0,23.56807214891768
isophon,81,1,500.0,3.183562576053344
isophon,81,1,750.0,1.3480847549438408
isophon,81,1,1000.0,3.0780080032348636
isophon,81,1,1500.0,2.002265960633572
isophon,81,1,2000.0,4.082491961132266
isophon,81,1,3000.0,5.410692520141602
isophon,81,1,4000.0,-5.024536336420361
isophon,81,1,6000.0,16.283488064986024
isophon,81,1,8000.0,-28.719592781456782
isophon,81,2,250.0,9.577246629807007
isophon,81,2,500.0,-0.95250618852495
isophon,81,2,750.0,3.0367643869232523
isophon,81,2,1000.0,-3.267363420606763
isophon,81,2,1500.0,-0.11190403029288376
isophon,81,2,2000.0,-5.639664190041671
isophon,81,2,3000.0,-3.0817215728759777
isophon,81,2,4000.0,-16.53387652979478
isophon,81,2,6000.0,11.20940878891141
isophon,81,2,8000.0,-19.941257027923257
isophon,81,3,250.0,3.7629248559497626
isophon,81,3,500.0,5.8508388805162
isophon,81,3,750.0,8.083274378056345
isophon,81,3,1000.0,-0.10004047628417823
isophon,81,3,1500.0,-3.8589236757428793
isophon,81,3,2000.0,-3.5196531431107587
isophon,81,3,3000.0,-1.1308326980136343
isophon,81,3,4000.0,-2.089072242469129
isophon,81,3,6000.0,10.628788690763393
isophon,81,3,8000.0,-9.775466090819933
isophon,81,4,250.0,-1.1373019654101597
isophon,81,4,500.0,3.694926986538718
isophon,81,4,750.0,7.558342409814514
isophon,81,4,1000.0,0.0035244195525052646
isophon,81,4,1500.0,-7.113052794952239
isophon,81,4,2000.0,0.23089813823642658
isophon,81,4,3000.0,1.383153020556236
isophon,81,4,4000.0,1.4941577236061931
isophon,81,4,6000.0,8.217741502384825
isophon,81,4,8000.0,-9.135796242609246
isophon,81,5,250.0,-5.558182301729403
isophon,81,5,500.0,0.7588403269177775
isophon,81,5,750.0,4.306883371197969
isophon,81,5,1000.0,-2.0821580399898068
isophon,81,5,1500.0,-9.868001834089853
isophon,81,5,2000.0,-6.223449466799536
isophon,81,5,3000.0,-2.5111433482807115
isophon,81,5,4000.0,-7.4311842369887415
isophon,81,5,6000.0,3.4199605481642834
isophon,81,5,8000.0,-5.2318899229151015
isophon,81,6,250.0,-7.405571339119817
isophon,81,6,500.0,-9.282431740913864
isophon,81,6,750.0,-1.4825834688465562
isophon,81,6,1000.0,2.6359242536422016
isophon,81,6,1500.0,-1.197881816035732
isophon,81,6,2000.0,4.04210123113549
isophon,81,6,3000.0,4.680907310898974
isophon,81,6,4000.0,-0.4254403620657854
isophon,81,6,6000.0,9.666452354949328
isophon,81,6,8000.0,-2.2532807471446574
isophon,81,7,250.0,-7.624521002223645
isophon,81,7,500.0,-7.176692943569336
isophon,81,7,750.0,-7.537020787096125
isophon,81,7,1000.0,-3.967515496933686
isophon,81,7,1500.0,1.698867250864751
isophon,81,7,2000.0,-2.5546559542786866
isophon,81,7,3000.0,-2.035882600580308
isophon,81,7,4000.0,-4.836351783802101
isophon,81,7,6000.0,9.909563424644631
isophon,81,7,8000.0,-0.446785717362161
isophon,81,8,250.0,-7.509414851945479
isophon,81,8,500.0,-5.281205897944417
isophon,81,8,750.0,-5.7308878359324495
isophon,81,8,1000.0,-2.0488839670275354
isophon,81,8,1500.0,4.672002689710112
isophon,81,8,2000.0,-1.3029576654193988
isophon,81,8,3000.0,1.271386520872042
isophon,81,8,4000.0,-5.8603995589285915
isophon,81,8,6000.0,8.40541069681467
isophon,81,8,8000.0,0.5336912200175732
isophon,81,9,250.0,-6.807694595089728
isophon,81,9,500.0,-3.5076902068980615
isophon,81,9,750.0,-3.613303222656171
isophon,81,9,1000.0,-0.011265864000193915
isophon,81,9,1500.0,6.656950050264186
isophon,81,9,2000.0,0.9441113611334799
isophon,81,9,3000.0,4.024164071961309
isophon,81,9,4000.0,-4.681521584647513
isophon,81,9,6000.0,5.7603268882987635
isophon,81,9,8000.0,0.9433118371238294
isophon,81,10,250.0,-3.94448653968567
isophon,81,10,500.0,-1.080116745505265
isophon,81,10,750.0,-2.3181701660155483
isophon,81,10,1000.0,1.9205359857083977
isophon,81,10,1500.0,7.309440239263836
isophon,81,10,2000.0,-5.064535784970474
isophon,81,10,3000.0,-0.29757398428728266
isophon,81,10,4000.0,-3.5479917743590192
isophon,81,10,6000.0,-1.2235008239745895
isophon,81,10,8000.0,1.726129911453242
isophon,82,1,250.0,-14.500478409089894
isophon,82,1,500.0,-1.2010181516680731
isophon,82,1,750.0,4.916570888272572
isophon,82,1,1000.0,4.074596837983574
isophon,82,1,1500.0,-11.853560578484185
isophon,82,1,2000.0,-14.729858889886096
isophon,82,1,3000.0,-4.992118692321185
isophon,82,1,4000.0,6.3315997013177
isophon,82,1,6000.0,-13.094155128759596
isophon,82,1,8000.0,9.20995050999619
isophon,82,2,250.0,-3.938731261372837
isophon,82,2,500.0,-4.979676489552382
isophon,82,2,750.0,5.963622668317349
isophon,82,2,1000.0,5.285589914964035
isophon,82,2,1500.0,4.041521755874108
isophon,82,2,2000.0,-7.885006192492163
isophon,82,2,3000.0,-11.065134531213559
isophon,82,2,4000.0,-1.2928286761229657
isophon,82,2,6000.0,10.86510289229237
isophon,82,2,8000.0,16.282859365560995
isophon,82,3,250.0,1.1990733512651985
isophon,82,3,500.0,-7.0956611763583055
isophon,82,3,750.0,2.2376420611542187
isophon,82,3,1000.0,1.6538789260119557
isophon,82,3,1500.0,4.342852566378873
isophon,82,3,2000.0,2.146216152196679
isophon,82,3,3000.0,0.7964376543632952
isophon,82,3,4000.0,4.454337506017836
isophon,82,3,6000.0,6.729370336733723
isophon,82,3,8000.0,25.820561525594897
isophon,82,4,250.0,7.927600310593547
isophon,82,4,500.0,-8.781670133646799
isophon,82,4,750.0,2.977397454070143
isophon,82,4,1000.0,-0.5847623747036721
isophon,82,4,1500.0,-0.17848117545758413
isophon,82,4,2000.0,4.733815064076666
isophon,82,4,3000.0,2.541630842133216
isophon,82,4,4000.0,7.278657293737396
isophon,82,4,6000.0,7.605016011582265
isophon,82,4,8000.0,29.29055447063388
isophon,82,5,250.0,-4.7861304667647175
isophon,82,5,500.0,-1.9197114851239974
isophon,82,5,750.0,3.213545414043935
isophon,82,5,1000.0,-6.215591482466891
isophon,82,5,1500.0,-3.0106439057109213
isophon,82,5,2000.0,5.93859767384231
isophon,82,5,3000.0,5.178795525216408
isophon,82,5,4000.0,6.515458010985569
isophon,82,5,6000.0,7.383690972102855
isophon,82,5,8000.0,25.1595484505294
isophon,82,6,250.0,-2.8158370640773995
isophon,82,6,500.0,3.5942342368755504
isophon,82,6,750.0,4.1544142380247
isophon,82,6,1000.0,-5.629447251036453
isophon,82,6,1500.0,-8.251235778038335
isophon,82,6,2000.0,-3.7866254744175194
isophon,82,6,3000.0,-8.696017667413798
isophon,82,6,4000.0,-1.821968581558849
isophon,82,6,6000.0,3.6128321931225713
isophon,82,6,8000.0,20.8192925959371
isophon,82,7,250.0,-1.2695671550083603
isophon,82,7,500.0,-0.9073150605413929
isophon,82,7,750.0,5.983712947821843
isophon,82,7,1000.0,-4.698573338368192
isophon,82,7,1500.0,-7.088833692054436
isophon,82,7,2000.0,-1.8496466057054022
isophon,82,7,3000.0,-9.353496887168802
isophon,82,7,4000.0,-1.6196384961696424
isophon,82,7,6000.0,0.1580366341532624
isophon,82,7,8000.0,18.40048274700004
isophon,82,8,250.0,-1.21683871223334
isophon,82,8,500.0,-2.701951723799368
isophon,82,8,750.0,5.6730992768590625
isophon,82,8,1000.0,-2.0092282596092588
isophon,82,8,1500.0,-6.053394520441074
isophon,82,8,2000.0,0.8882329300447935
isophon,82,8,3000.0,-7.112181005142858
isophon,82,8,4000.0,-1.3493566268170127
isophon,82,8,6000.0,0.057404063861511645
isophon,82,8,8000.0,16.46406791867797
isophon,82,9,250.0,-1.0736346939261523
isophon,82,9,500.0,-1.893422875937432
isophon,82,9,750.0,4.629895990386487
isophon,82,9,1000.0,1.343272552835444
isophon,82,9,1500.0,-2.369332502476894
isophon,82,9,2000.0,3.9940900724214146
isophon,82,9,3000.0,-3.763328776218998
isophon,82,9,4000.0,-3.8129265863488087
isophon,82,9,6000.0,0.7458285673077256
isophon,82,9,8000.0,14.093534665996216
isophon,82,10,250.0,-4.659658999682648
isophon,82,10,500.0,-7.667573879282429
isophon,82,10,750.0,0.44169322433927505
isophon,82,10,1000.0,-2.111543672064485
isophon,82,10,1500.0,-3.279113364084992
isophon,82,10,2000.0,1.8837260811911989
isophon,82,10,3000.0,-1.7803970733730523
isophon,82,10,4000.0,-4.1989424636801544
isophon,82,10,6000.0,1.9271183884071093
isophon,82,10,8000.0,10.445313934601032
isophon,83,1,250.0,12.096787446534123
isophon,83,1,500.0,25.919798019459733
isophon,83,1,750.0,17.08578162534775
isophon,83,1,1000.0,5.98260734283577
isophon,83,1,1500.0,-8.332495733472037
isophon,83,1,2000.0,-6.234478776690452
isophon,83,1,3000.0,-1.09622307515221
isophon,83,1,4000.0,16.060465248560746
isophon,83,1,6000.0,6.741870860778192
isophon,83,1,8000.0,6.2734927541604435
isophon,83,2,250.0,9.44795526855934
isophon,83,2,500.0,2.4540463670584813
isophon,83,2,750.0,0.13612813157111248
isophon,83,2,1000.0,0.7404348641173897
isophon,83,2,1500.0,-2.812515115890662
isophon,83,2,2000.0,0.35813723882273507
isophon,83,2,3000.0,2.7509881032444525
isophon,83,2,4000.0,3.0326083617161714
isophon,83,2,6000.0,6.285062109269376
isophon,83,2,8000.0,0.6047436167931153
isophon,83,3,250.0,-4.143415682483564
isophon,83,3,500.0,-3.7766412352383583
isophon,83,3,750.0,-0.4641048434709205
isophon,83,3,1000.0,-1.0652310915892826
isophon,83,3,1500.0,-3.039940031368431
isophon,83,3,2000.0,1.7912100828971944
isophon,83,3,3000.0,-0.4596491109198553
isophon,83,3,4000.0,-2.2779565608309156
isophon,83,3,6000.0,0.8069744929990605
isophon,83,3,8000.0,-2.769739843334307
isophon,83,4,250.0,-6.403794268190339
isophon,83,4,500.0,-6.2494825535247855
isophon,83,4,750.0,-0.8144459251567326
isophon,83,4,1000.0,-0.5381257825668371
isophon,83,4,1500.0,-3.4014236113351046
isophon,83,4,2000.0,2.7106202700765323
isophon,83,4,3000.0,-1.5535519342776354
isophon,83,4,4000.0,-2.625874114942107
isophon,83,4,6000.0,-0.6041800411361749
isophon,83,4,8000.0,-0.7810679358358499
isophon,83,5,250.0,-0.4379920173845875
isophon,83,5,500.0,-6.015211996131285
isophon,83,5,750.0,-3.765767779852112
isophon,83,5,1000.0,-4.7446593829074
isophon,83,5,1500.0,-3.6447359246627684
isophon,83,5,2000.0,3.6691152791488264
isophon,83,5,3000.0,-1.397449328546955
isophon,83,5,4000.0,-6.212068953128352
isophon,83,5,6000.0,-3.140498896961205
isophon,83,5,8000.0,-7.878998077179872
isophon,83,6,250.0,0.6305749611026243
isophon,83,6,500.0,1.1636382179856497
isophon,83,6,750.0,2.7549713598421164
isophon,83,6,1000.0,1.0519364699963347
isophon,83,6,1500.0,0.7004343608773098
isophon,83,6,2000.0,2.2412878979092454
isophon,83,6,3000.0,1.0143670153697144
isophon,83,6,4000.0,-1.4505310954393167
isophon,83,6,6000.0,-0.7144229268053834
isophon,83,6,8000.0,-4.850756925926689
isophon,83,7,250.0,0.724157655941724
isophon,83,7,500.0,0.2736240465489175
isophon,83,7,750.0,-0.7184764120313645
isophon,83,7,1000.0,1.3850885653737066
isophon,83,7,1500.0,0.5454418520300521
isophon,83,7,2000.0,2.326902449736238
isophon,83,7,3000.0,3.878770381332572
isophon,83,7,4000.0,2.3788490839467045
isophon,83,7,6000.0,-4.237904926684351
isophon,83,7,8000.0,-2.8522661727528487
isophon,83,8,250.0,0.8866765962514194
isophon,83,8,500.0,0.674272114134169
isophon,83,8,750.0,-0.12095554346505821
isophon,83,8,1000.0,-0.4924163191745663
isophon,83,8,1500.0,-2.9981626978535445
isophon,83,8,2000.0,-4.05461642379916
isophon,83,8,3000.0,-0.8293801729263777
isophon,83,8,4000.0,2.007563544678888
isophon,83,8,6000.0,-4.468284686561844
isophon,83,8,8000.0,-7.0414347962049675
isophon,83,9,250.0,1.6516752628076858
isophon,83,9,500.0,1.4192823936251244
isophon,83,9,750.0,-4.0647058506343825
isophon,83,9,1000.0,-2.986169713440475
isophon,83,9,1500.0,-5.668026222728528
isophon,83,9,2000.0,-4.230672456601383
isophon,83,9,3000.0,-3.239802016700935
isophon,83,9,4000.0,-1.7234373809100134
isophon,83,9,6000.0,-5.66712513276407
isophon,83,9,8000.0,-7.488471069335944
isophon,83,10,250.0,3.801758351427239
isophon,83,10,500.0,5.41951707473082
isophon,83,10,750.0,-4.142671737348081
isophon,83,10,1000.0,0.7756142828004755
isophon,83,10,1500.0,-1.665992675331509
isophon,83,10,2000.0,-0.49506320670110426
isophon,83,10,3000.0,-0.7806968767818319
isophon,83,10,4000.0,-0.8509512089289473
isophon,83,10,6000.0,-3.4658910382503763
isophon,83,10,8000.0,-6.840768432617182
isophon,84,1,250.0,1.3631515514958892
isophon,84,1,500.0,17.044632995733352
isophon,84,1,750.0,1.2177842303062576
isophon,84,1,1000.0,1.419749932969836
isophon,84,1,1500.0,-4.719870412428378
isophon,84,1,2000.0,12.190029300377091
isophon,84,1,3000.0,0.060192424053468585
isophon,84,1,4000.0,-11.43271733861917
isophon,84,1,6000.0,-21.272072986420312
isophon,84,1,8000.0,-32.52627001475476
isophon,84,2,250.0,-12.530646829176462
isophon,84,2,500.0,17.480513756039507
isophon,84,2,750.0,6.109229804285391
isophon,84,2,1000.0,-2.5884572266808377
isophon,84,2,1500.0,5.290769810434256
isophon,84,2,2000.0,12.42137004954865
isophon,84,2,3000.0,6.319299657926351
isophon,84,2,4000.0,-6.993603933526373
isophon,84,2,6000.0,-13.751275790985744
isophon,84,2,8000.0,-24.113692014838293
isophon,84,3,250.0,-4.654763992044266
isophon,84,3,500.0,4.623932522474398
isophon,84,3,750.0,-1.736159724668262
isophon,84,3,1000.0,-0.9975425625734147
isophon,84,3,1500.0,13.992692540795375
isophon,84,3,2000.0,14.521209647018537
isophon,84,3,3000.0,9.076932985960738
isophon,84,3,4000.0,-2.280097880870045
isophon,84,3,6000.0,-6.052620242890043
isophon,84,3,8000.0,-27.596017332617834
isophon,84,4,250.0,2.1000140168027883
isophon,84,4,500.0,5.021331670469351
isophon,84,4,750.0,-3.7574075946324683
isophon,84,4,1000.0,0.9422850729473282
isophon,84,4,1500.0,10.130901263129203
isophon,84,4,2000.0,10.893720368000942
isophon,84,4,3000.0,14.358357000805185
isophon,84,4,4000.0,7.475391258249658
isophon,84,4,6000.0,3.9312411462701107
isophon,84,4,8000.0,-22.362770109717445
isophon,84,5,250.0,-1.4103727477558579
isophon,84,5,500.0,-2.4097150015892623
isophon,84,5,750.0,-7.053969175550193
isophon,84,5,1000.0,-8.596244268628283
isophon,84,5,1500.0,3.6600020865318754
isophon,84,5,2000.0,7.669875165874998
isophon,84,5,3000.0,8.416232614010454
isophon,84,5,4000.0,6.287421188199005
isophon,84,5,6000.0,5.736134238065645
isophon,84,5,8000.0,-12.380228605811197
isophon,84,6,250.0,1.5213339019552592
isophon,84,6,500.0,8.97465426141099
isophon,84,6,750.0,-1.1735316579361097
isophon,84,6,1000.0,-5.574601663647826
isophon,84,6,1500.0,6.243757038749948
isophon,84,6,2000.0,11.980386606936761
isophon,84,6,3000.0,9.193668175812789
isophon,84,6,4000.0,6.011133993899435
isophon,84,6,6000.0,5.713201444658736
isophon,84,6,8000.0,-15.763093498932463
isophon,84,7,250.0,2.4793858965134348
isophon,84,7,500.0,10.11651537572736
isophon,84,7,750.0,1.831134290706629
isophon,84,7,1000.0,-2.1377465895351264
isophon,84,7,1500.0,8.796711490351953
isophon,84,7,2000.0,11.608293356057843
isophon,84,7,3000.0,10.494485411296694
isophon,84,7,4000.0,8.24134538538705
isophon,84,7,6000.0,11.90626797039495
isophon,84,7,8000.0,-16.48850450685852
isophon,84,8,250.0,3.450978583611601
isophon,84,8,500.0,9.462156469758995
isophon,84,8,750.0,2.5194317430113102
isophon,84,8,1000.0,-1.161096110496004
isophon,84,8,1500.0,11.640909369029714
isophon,84,8,2000.0,14.513243901444554
isophon,84,8,3000.0,10.72181805259197
isophon,84,8,4000.0,1.8578234849828732
isophon,84,8,6000.0,7.429483670425753
isophon,84,8,8000.0,-16.041439736193837
isophon,84,9,250.0,2.879973728313942
isophon,84,9,500.0,6.833236575662141
isophon,84,9,750.0,4.542679723351284
isophon,84,9,1000.0,0.24449560640067602
isophon,84,9,1500.0,11.923772128522145
isophon,84,9,2000.0,16.210210039749242
isophon,84,9,3000.0,11.516350105832998
isophon,84,9,4000.0,2.409709947948002
isophon,84,9,6000.0,3.86524617306533
isophon,84,9,8000.0,-14.123627781215262
isophon,84,10,250.0,4.336178177378969
isophon,84,10,500.0,7.218473423227266
isophon,84,10,750.0,5.7229857220800255
isophon,84,10,1000.0,4.708084011109349
isophon,84,10,1500.0,10.078224617344006
isophon,84,10,2000.0,12.786680329309732
isophon,84,10,3000.0,8.11847379455547
isophon,84,10,4000.0,1.8365586412566586
isophon,84,10,6000.0,-0.5991760253906193
isophon,84,10,8000.0,-9.514409637451166
isophon,85,1,250.0,9.707479239019904
isophon,85,1,500.0,6.3568355778713865
isophon,85,1,750.0,11.870650119283113
isophon,85,1,1000.0,-7.270146195107678
isophon,85,1,1500.0,13.42412867659607
isophon,85,1,2000.0,6.94481567801779
isophon,85,1,3000.0,8.172573473259192
isophon,85,1,4000.0,6.975895127708981
isophon,85,1,6000.0,-5.710181439788897
isophon,85,1,8000.0,-13.818909522302874
isophon,85,2,250.0,16.742705366487073
isophon,85,2,500.0,-5.552295319812117
isophon,85,2,750.0,-3.1517487221903053
isophon,85,2,1000.0,-1.5059547324138407
isophon,85,2,1500.0,7.635066322949825
isophon,85,2,2000.0,-4.96389388007249
isophon,85,2,3000.0,-0.6006694514670556
isophon,85,2,4000.0,0.05235423800408512
isophon,85,2,6000.0,5.657276050596138
isophon,85,2,8000.0,-10.401322501886114
isophon,85,3,250.0,7.024286343722949
isophon,85,3,500.0,0.49695855096885566
isophon,85,3,750.0,-4.490839053386637
isophon,85,3,1000.0,-1.5088019640873256
isophon,85,3,1500.0,3.092199952099861
isophon,85,3,2000.0,-5.683955035518949
isophon,85,3,3000.0,5.011853913502293
isophon,85,3,4000.0,4.336570372097654
isophon,85,3,6000.0,-0.8808957885211441
isophon,85,3,8000.0,-1.4046450541126774
isophon,85,4,250.0,7.587643756638968
isophon,85,4,500.0,4.64740061618663
isophon,85,4,750.0,-9.91749746455929
isophon,85,4,1000.0,-1.8015664711633548
isophon,85,4,1500.0,-3.391659228817531
isophon,85,4,2000.0,-4.1601873264627045
isophon,85,4,3000.0,5.473710516316203
isophon,85,4,4000.0,6.312597916607018
isophon,85,4,6000.0,-0.7437638994835964
isophon,85,4,8000.0,2.7229711300349777
isophon,85,5,250.0,5.2836391155965
isophon,85,5,500.0,-2.773641592606708
isophon,85,5,750.0,-8.701592911727204
isophon,85,5,1000.0,-5.651235922051697
isophon,85,5,1500.0,-8.033320540289992
isophon,85,5,2000.0,-6.381836666442169
isophon,85,5,3000.0,-2.7185898446665817
isophon,85,5,4000.0,0.6842761661293366
isophon,85,5,6000.0,-10.009117431377888
isophon,85,5,8000.0,-0.5743112347685155
isophon,85,6,250.0,-7.917113898557716
isophon,85,6,500.0,3.7145773609593817
isophon,85,6,750.0,-2.329490171872351
isophon,85,6,1000.0,-0.4805440801616072
isophon,85,6,1500.0,-1.2656686892682814
isophon,85,6,2000.0,-0.5778153363220753
isophon,85,6,3000.0,0.3645750381493116
isophon,85,6,4000.0,0.03969673144810315
isophon,85,6,6000.0,-9.691166388189572
isophon,85,6,8000.0,-5.571374267344538
isophon,85,7,250.0,-6.223504799509513
isophon,85,7,500.0,-3.079495962020502
isophon,85,7,750.0,-5.548182278406429
isophon,85,7,1000.0,1.8915209819086982
isophon,85,7,1500.0,-3.6684563014023013
isophon,85,7,2000.0,-2.3567528266081723
isophon,85,7,3000.0,-3.976073018849064
isophon,85,7,4000.0,-5.797899557286442
isophon,85,7,6000.0,-8.455823723239888
isophon,85,7,8000.0,-2.8639139816030195
isophon,85,8,250.0,-5.372178622922945
isophon,85,8,500.0,-1.614264341820956
isophon,85,8,750.0,-8.131198986491881
isophon,85,8,1000.0,-1.4217222058805277
isophon,85,8,1500.0,-4.442471511198832
isophon,85,8,2000.0,-4.315708906158321
isophon,85,8,3000.0,-6.434057132550407
isophon,85,8,4000.0,-2.4951128031966476
isophon,85,8,6000.0,-8.143273050049501
isophon,85,8,8000.0,-3.6708150034746154
isophon,85,9,250.0,-4.799904587721528
isophon,85,9,500.0,-1.5796960409606413
isophon,85,9,750.0,-8.201462463776764
isophon,85,9,1000.0,-4.927567553738697
isophon,85,9,1500.0,-5.755685007761173
isophon,85,9,2000.0,-6.979482914006013
isophon,85,9,3000.0,-4.150006079461406
isophon,85,9,4000.0,-1.5781802477151246
isophon,85,9,6000.0,-9.42131974131479
isophon,85,9,8000.0,-5.306060833002377
isophon,85,10,250.0,-4.134397596792951
isophon,85,10,500.0,-2.1778088282994474
isophon,85,10,750.0,-7.202791181322141
isophon,85,10,1000.0,-8.292538331596631
isophon,85,10,1500.0,-7.148634159073467
isophon,85,10,2000.0,-11.70327101954419
isophon,85,10,3000.0,-7.4186980307948005
isophon,85,10,4000.0,-1.8543219639417146
isophon,85,10,6000.0,-13.398183016476892
isophon,85,10,8000.0,-8.150511844500997
isophon,86,1,250.0,-16.963272301250754
isophon,86,1,500.0,-29.94627738848206
isophon,86,1,750.0,-23.24689222723338
isophon,86,1,1000.0,-9.773913354875987
isophon,86,1,1500.0,-7.626260677910722
isophon,86,1,2000.0,5.751987084590759
isophon,86,1,3000.0,10.658289540073937
isophon,86,1,4000.0,24.906536424987603
isophon,86,1,6000.0,1.4365330489652308
isophon,86,1,8000.0,26.15841345384913
isophon,86,2,250.0,-14.42219768491772
isophon,86,2,500.0,-9.572085062440053
isophon,86,2,750.0,-8.381110023463151
isophon,86,2,1000.0,-1.3498533682918321
isophon,86,2,1500.0,1.9175172442769508
isophon,86,2,2000.0,4.958119210753587
isophon,86,2,3000.0,12.439754706975314
isophon,86,2,4000.0,22.360701819614803
isophon,86,2,6000.0,4.831806857238178
isophon,86,2,8000.0,26.53294728659064
isophon,86,3,250.0,-9.346324765181151
isophon,86,3,500.0,-5.935305947522664
isophon,86,3,750.0,-4.236295120343982
isophon,86,3,1000.0,-5.694392711207286
isophon,86,3,1500.0,-5.899491203987239
isophon,86,3,2000.0,-0.19637660018008773
isophon,86,3,3000.0,5.772479828912211
isophon,86,3,4000.0,13.808250977176932
isophon,86,3,6000.0,-1.3455088133750053
isophon,86,3,8000.0,11.566791699498651
isophon,86,4,250.0,-1.719860924397608
isophon,86,4,500.0,-6.720540131112102
isophon,86,4,750.0,-2.044749191694166
isophon,86,4,1000.0,-1.3503391564797624
isophon,86,4,1500.0,-3.695849021389762
isophon,86,4,2000.0,-2.3879748845982647
isophon,86,4,3000.0,-2.364052627323588
isophon,86,4,4000.0,-0.9159338219068331
isophon,86,4,6000.0,-3.724717111327891
isophon,86,4,8000.0,0.8775731354616596
isophon,86,5,250.0,-4.865277902457322
isophon,86,5,500.0,4.1882218851172155
isophon,86,5,750.0,6.090585867373619
isophon,86,5,1000.0,6.672792747158425
isophon,86,5,1500.0,-2.7439333893729554
isophon,86,5,2000.0,-6.6551671658568665
isophon,86,5,3000.0,-7.7377877553808645
isophon,86,5,4000.0,-3.134934512976173
isophon,86,5,6000.0,-5.18408714611914
isophon,86,5,8000.0,0.24458861223423867
isophon,86,6,250.0,2.34183993653987
isophon,86,6,500.0,6.589536595477966
isophon,86,6,750.0,8.003269901113569
isophon,86,6,1000.0,3.2463664561431074
isophon,86,6,1500.0,-2.3949700662070654
isophon,86,6,2000.0,-4.800340555350431
isophon,86,6,3000.0,-5.702457201865343
isophon,86,6,4000.0,1.646111539013262
isophon,86,6,6000.0,-3.830720051939352
isophon,86,6,8000.0,-1.6704441155291647
isophon,86,7,250.0,-0.3495003601806701
isophon,86,7,500.0,6.522270164140082
isophon,86,7,750.0,5.100693845492472
isophon,86,7,1000.0,-1.610177412031831
isophon,86,7,1500.0,1.1456186142714984
isophon,86,7,2000.0,-7.619644637475233
isophon,86,7,3000.0,-4.756038571428618
isophon,86,7,4000.0,4.951885588970413
isophon,86,7,6000.0,-1.1623094345917906
isophon,86,7,8000.0,0.02829690747961422
isophon,86,8,250.0,1.4886149542981855
isophon,86,8,500.0,8.331013977585997
isophon,86,8,750.0,4.080563692865638
isophon,86,8,1000.0,-2.8513399985732235
isophon,86,8,1500.0,0.37168820949842996
isophon,86,8,2000.0,-4.82384551761335
isophon,86,8,3000.0,-0.1804475732087667
isophon,86,8,4000.0,8.359141991511706
isophon,86,8,6000.0,0.7349141430350699
isophon,86,8,8000.0,2.450443068922951
isophon,86,9,250.0,2.3445069290662275
isophon,86,9,500.0,8.977619997565412
isophon,86,9,750.0,3.152809084665222
isophon,86,9,1000.0,-2.5446505234170047
isophon,86,9,1500.0,0.5063923946769648
isophon,86,9,2000.0,-3.334445505609864
isophon,86,9,3000.0,5.143667164970623
isophon,86,9,4000.0,10.433929419217222
isophon,86,9,6000.0,1.7965467693731227
isophon,86,9,8000.0,4.457135785811289
isophon,86,10,250.0,3.3621605123590257
isophon,86,10,500.0,6.351960517069415
isophon,86,10,750.0,1.4269495965803571
isophon,86,10,1000.0,-2.7204669325791286
isophon,86,10,1500.0,-3.115071297247084
isophon,86,10,2000.0,-0.09226508131644096
isophon,86,10,3000.0,7.1870408504053955
isophon,86,10,4000.0,11.693200929576221
isophon,86,10,6000.0,3.7348194836575033
isophon,86,10,8000.0,4.681563951795127
isophon,87,1,250.0,-4.656436889843576
isophon,87,1,500.0,0.7648092129442148
isophon,87,1,750.0,2.993232103161546
isophon,87,1,1000.0,-1.0046255142995193
isophon,87,1,1500.0,-10.850310340983299
isophon,87,1,2000.0,0.8992463674613518
isophon,87,1,3000.0,6.572661837108683
isophon,87,1,4000.0,6.353909215678755
isophon,87,1,6000.0,13.745843254362512
isophon,87,1,8000.0,17.402848452127984
isophon,87,2,250.0,5.726204924341232
isophon,87,2,500.0,4.9862394233937835
isophon,87,2,750.0,2.2650449384878755
isophon,87,2,1000.0,4.799354691869638
isophon,87,2,1500.0,-1.4212372545605945
isophon,87,2,2000.0,-0.8287001315468387
isophon,87,2,3000.0,5.1395662639728386
isophon,87,2,4000.0,10.920408420898156
isophon,87,2,6000.0,12.649892318388595
isophon,87,2,8000.0,16.072928765593673
isophon,87,3,250.0,7.102882755283829
isophon,87,3,500.0,7.205496180647984
isophon,87,3,750.0,6.203069468644941
isophon,87,3,1000.0,7.2316439226375735
isophon,87,3,1500.0,2.5796284162581316
isophon,87,3,2000.0,1.999416856030976
isophon,87,3,3000.0,6.150915501937348
isophon,87,3,4000.0,10.675856764926749
isophon,87,3,6000.0,15.292872834438228
isophon,87,3,8000.0,14.346826622048823
isophon,87,4,250.0,12.978034661842386
isophon,87,4,500.0,9.262381242525663
isophon,87,4,750.0,8.994377088788283
isophon,87,4,1000.0,4.534725424594683
isophon,87,4,1500.0,5.492502636565035
isophon,87,4,2000.0,5.164252848760739
isophon,87,4,3000.0,5.492638314628962
isophon,87,4,4000.0,12.438740218038632
isophon,87,4,6000.0,15.605345074222868
isophon,87,4,8000.0,15.199477643342263
isophon,87,5,250.0,-2.678493474467359
isophon,87,5,500.0,-3.917742280812533
isophon,87,5,750.0,-4.180903800697308
isophon,87,5,1000.0,0.30609900707253246
isophon,87,5,1500.0,-0.10895021401967142
isophon,87,5,2000.0,0.8363717819729573
isophon,87,5,3000.0,8.239533126535264
isophon,87,5,4000.0,15.069742481671724
isophon,87,5,6000.0,9.295644861072844
isophon,87,5,8000.0,0.7486285653348972
isophon,87,6,250.0,0.3941181813072774
isophon,87,6,500.0,-1.4806989123717216
isophon,87,6,750.0,-1.6556840026646427
isophon,87,6,1000.0,-1.2381515609703655
isophon,87,6,1500.0,-1.9317592700324155
isophon,87,6,2000.0,-4.832954252602548
isophon,87,6,3000.0,2.2907992099582657
isophon,87,6,4000.0,12.69861225527913
isophon,87,6,6000.0,6.768603335050059
isophon,87,6,8000.0,2.9474969315614743
isophon,87,7,250.0,1.9604547803835004
isophon,87,7,500.0,-2.453352417528137
isophon,87,7,750.0,-2.13929765270278
isophon,87,7,1000.0,-0.16556915988550713
isophon,87,7,1500.0,-0.02279317782257806
isophon,87,7,2000.0,-2.6728602000118116
isophon,87,7,3000.0,-2.295438227634861
isophon,87,7,4000.0,6.619070597379718
isophon,87,7,6000.0,4.012164529066496
isophon,87,7,8000.0,1.9020137036096543
isophon,87,8,250.0,1.2803202445826116
isophon,87,8,500.0,-1.3565734340751732
isophon,87,8,750.0,0.18714662184424924
isophon,87,8,1000.0,2.9495638008962715
isophon,87,8,1500.0,1.119530699958105
isophon,87,8,2000.0,0.3603421017800059
isophon,87,8,3000.0,-0.38665070108062594
isophon,87,8,4000.0,3.6389832542040352
isophon,87,8,6000.0,4.775113266426871
isophon,87,8,8000.0,3.2845051058260992
isophon,87,9,250.0,2.183154641961508
isophon,87,9,500.0,0.06785072781120505
isophon,87,9,750.0,0.9557129741605763
isophon,87,9,1000.0,4.4810838913741975
isophon,87,9,1500.0,1.574441111557718
isophon,87,9,2000.0,2.421170445278719
isophon,87,9,3000.0,3.206286885297189
isophon,87,9,4000.0,4.4159245016388695
isophon,87,9,6000.0,4.5947903851299685
isophon,87,9,8000.0,4.193798463422553
isophon,87,10,250.0,3.6474281128354846
isophon,87,10,500.0,1.9804487632171828
isophon,87,10,750.0,0.2857086220757594
isophon,87,10,1000.0,5.420055847247397
isophon,87,10,1500.0,-1.305089188889184
isophon,87,10,2000.0,0.5504205772742523
isophon,87,10,3000.0,4.459148419102306
isophon,87,10,4000.0,4.801188398230906
isophon,87,10,6000.0,2.012006648224002
isophon,87,10,8000.0,3.9040885926864632
isophon,88,1,250.0,20.708929370722217
isophon,88,1,500.0,0.26869167817439177
isophon,88,1,750.0,-8.781489080525667
isophon,88,1,1000.0,-5.579263532630975
isophon,88,1,1500.0,12.255598669577068
isophon,88,1,2000.0,29.0753708897374
isophon,88,1,3000.0,-2.8773015687820944
isophon,88,1,4000.0,6.053763284786612
isophon,88,1,6000.0,33.01473686034828
isophon,88,1,8000.0,33.97053833087023
isophon,88,2,250.0,-3.0086879040560035
isophon,88,2,500.0,-5.97390232530924
isophon,88,2,750.0,-2.239559172976165
isophon,88,2,1000.0,-1.6408177453118356
isophon,88,2,1500.0,2.4488199990009747
isophon,88,2,2000.0,7.8259685461214445
isophon,88,2,3000.0,1.424102629875705
isophon,88,2,4000.0,-0.8799106336965963
isophon,88,2,6000.0,5.206219980571902
isophon,88,2,8000.0,18.775556588883916
isophon,88,3,250.0,-1.92213220042688
isophon,88,3,500.0,-8.805890871076357
isophon,88,3,750.0,-2.860850936960553
isophon,88,3,1000.0,2.4295563395470836
isophon,88,3,1500.0,2.4583932888734523
isophon,88,3,2000.0,-4.839485008114053
isophon,88,3,3000.0,-1.5438164728761876
isophon,88,3,4000.0,1.1738955152798525
isophon,88,3,6000.0,-0.5064503614780875
isophon,88,3,8000.0,7.179104851652724
isophon,88,4,250.0,-2.190300651692837
isophon,88,4,500.0,-6.9760015397736055
isophon,88,4,750.0,-5.041470221182948
isophon,88,4,1000.0,-1.5425499221054295
isophon,88,4,1500.0,1.6945317624171992
isophon,88,4,2000.0,-5.412467919402729
isophon,88,4,3000.0,0.4786645815640327
isophon,88,4,4000.0,0.6537193418038925
isophon,88,4,6000.0,-2.381795524886769
isophon,88,4,8000.0,1.1242804650506883
isophon,88,5,250.0,2.466093355208372
isophon,88,5,500.0,-4.028964322103434
isophon,88,5,750.0,-3.848484248373282
isophon,88,5,1000.0,3.9439144066992426
isophon,88,5,1500.0,1.0229473655111008
isophon,88,5,2000.0,-5.73085268233703
isophon,88,5,3000.0,-2.22562591606858
isophon,88,5,4000.0,1.9657153147411464
isophon,88,5,6000.0,0.9170512771548402
isophon,88,5,8000.0,1.819481984724618
isophon,88,6,250.0,-0.2226555039517848
isophon,88,6,500.0,-6.010622305148587
isophon,88,6,750.0,-1.8899963584172497
isophon,88,6,1000.0,5.023083145817623
isophon,88,6,1500.0,4.561698157409708
isophon,88,6,2000.0,1.072832165383943
isophon,88,6,3000.0,-1.4694313919741404
isophon,88,6,4000.0,-3.5067209480535837
isophon,88,6,6000.0,-4.673203384106216
isophon,88,6,8000.0,-5.5916910147441286
isophon,88,7,250.0,1.3315210040432248
isophon,88,7,500.0,-5.728589790483738
isophon,88,7,750.0,-2.227150512251228
isophon,88,7,1000.0,1.3870339555402893
isophon,88,7,1500.0,3.290594766446617
isophon,88,7,2000.0,0.5446290143314911
isophon,88,7,3000.0,-1.9659551531011346
isophon,88,7,4000.0,-3.3238240094615037
isophon,88,7,6000.0,-2.490603999191393
isophon,88,7,8000.0,-5.498135086326087
isophon,88,8,250.0,0.7600033491874285
isophon,88,8,500.0,-2.7190795397504814
isophon,88,8,750.0,0.25310390271812366
isophon,88,8,1000.0,1.087920466959659
isophon,88,8,1500.0,3.2073054521671907
isophon,88,8,2000.0,1.2466946264866152
isophon,88,8,3000.0,-1.1740514763676657
isophon,88,8,4000.0,-1.0525905796368136
isophon,88,8,6000.0,-1.69195716163334
isophon,88,8,8000.0,-5.788004582954642
isophon,88,9,250.0,0.6663284133796736
isophon,88,9,500.0,-1.6173059948985582
isophon,88,9,750.0,3.076017632470581
isophon,88,9,1000.0,1.1352009281392839
isophon,88,9,1500.0,0.15670104730098444
isophon,88,9,2000.0,0.5842590214516719
isophon,88,9,3000.0,-2.4101550768837825
isophon,88,9,4000.0,0.5302387663388686
isophon,88,9,6000.0,-0.46998331802005566
isophon,88,9,8000.0,-4.3749827371995025
isophon,88,10,250.0,-1.4011719910048868
isophon,88,10,500.0,3.7901062401488588
isophon,88,10,750.0,7.190026155642528
isophon,88,10,1000.0,7.006750439412215
isophon,88,10,1500.0,4.1572312215521805
isophon,88,10,2000.0,1.145596054780313
isophon,88,10,3000.0,-5.774918617706248
isophon,88,10,4000.0,-5.208216726218595
isophon,88,10,6000.0,-1.2891872073949315
isophon,88,10,8000.0,-3.7239587663110996
isophon,89,1,250.0,-0.42042973563695796
isophon,89,1,500.0,1.211323519766843
isophon,89,1,750.0,-2.935520036600984
isophon,89,1,1000.0,-1.4495893401920341
isophon,89,1,1500.0,-8.40570593066387
isophon,89,1,2000.0,-2.459373517733326
isophon,89,1,3000.0,-7.515363239256999
isophon,89,1,4000.0,-0.7259338629913756
isophon,89,1,6000.0,-7.707460386486787
isophon,89,1,8000.0,-7.719764378026014
isophon,89,2,250.0,8.675581680689362
isophon,89,2,500.0,-2.7340809645961315
isophon,89,2,750.0,2.0572625153971558
isophon,89,2,1000.0,4.559012646069263
isophon,89,2,1500.0,-6.887645752588611
isophon,89,2,2000.0,-14.51388132802819
isophon,89,2,3000.0,-7.286201522743113
isophon,89,2,4000.0,-2.2020053730107634
isophon,89,2,6000.0,2.642554106351639
isophon,89,2,8000.0,7.157081416803621
isophon,89,3,250.0,2.6729793975008818
isophon,89,3,500.0,-3.2313875876212137
isophon,89,3,750.0,1.064891520627043
isophon,89,3,1000.0,2.7467068727222
isophon,89,3,1500.0,-3.4880183308222996
isophon,89,3,2000.0,-6.164696048764483
isophon,89,3,3000.0,-1.1096534847579989
isophon,89,3,4000.0,0.013173041397806173
isophon,89,3,6000.0,1.333564727244493
isophon,89,3,8000.0,8.384442813346595
isophon,89,4,250.0,-6.574915157046277
isophon,89,4,500.0,-3.5663690097562295
isophon,89,4,750.0,2.8393490923910463
isophon,89,4,1000.0,0.6300132414445727
isophon,89,4,1500.0,0.34931078762993195
isophon,89,4,2000.0,-2.7394518774405157
isophon,89,4,3000.0,1.400645255820038
isophon,89,4,4000.0,-0.4211637773310173
isophon,89,4,6000.0,8.935922257490972
isophon,89,4,8000.0,12.499460737643858
isophon,89,5,250.0,-5.373683626104565
isophon,89,5,500.0,-6.110119265939375
isophon,89,5,750.0,0.8589212145121081
isophon,89,5,1000.0,-4.218247314516901
isophon,89,5,1500.0,-0.8125966932835098
isophon,89,5,2000.0,0.3249949994793013
isophon,89,5,3000.0,1.4075079122925445
isophon,89,5,4000.0,-2.968040152522363
isophon,89,5,6000.0,3.8397109383148518
isophon,89,5,8000.0,14.39162466706172
isophon,89,6,250.0,-1.4385396126414918
isophon,89,6,500.0,-4.581956886771849
isophon,89,6,750.0,-0.4648314342586417
isophon,89,6,1000.0,0.9074702183691272
isophon,89,6,1500.0,2.0379426564310705
isophon,89,6,2000.0,3.3459275980447103
isophon,89,6,3000.0,4.790462187324692
isophon,89,6,4000.0,-0.6542360089062385
isophon,89,6,6000.0,6.8959730876772625
isophon,89,6,8000.0,18.486579075909248
isophon,89,7,250.0,-3.108816361434549
isophon,89,7,500.0,-2.1935599614102017
isophon,89,7,750.0,2.0177819220758835
isophon,89,7,1000.0,4.426895184069622
isophon,89,7,1500.0,3.4055935526537127
isophon,89,7,2000.0,3.5566495849989224
isophon,89,7,3000.0,6.583255549169834
isophon,89,7,4000.0,-0.871393127441408
isophon,89,7,6000.0,5.121687286066134
isophon,89,7,8000.0,17.858067792442228
isophon,89,8,250.0,-1.647611319257166
isophon,89,8,500.0,-1.8059980356240146
isophon,89,8,750.0,2.7029223665112596
isophon,89,8,1000.0,6.834252819567666
isophon,89,8,1500.0,3.246089077591691
isophon,89,8,2000.0,2.5903513603026624
isophon,89,8,3000.0,5.7119051337024445
isophon,89,8,4000.0,0.1783671569824179
isophon,89,8,6000.0,5.580398456874747
isophon,89,8,8000.0,18.067373595995946
isophon,89,9,250.0,-1.5687709750243357
isophon,89,9,500.0,-1.0604742797917055
isophon,89,9,750.0,4.129021163916903
isophon,89,9,1000.0,6.982654311606424
isophon,89,9,1500.0,1.3479857762251868
isophon,89,9,2000.0,0.6462408767230556
isophon,89,9,3000.0,2.182204429909035
isophon,89,9,4000.0,0.5491380310058531
isophon,89,9,6000.0,6.169081885117407
isophon,89,9,8000.0,17.298086146854246
isophon,89,10,250.0,-0.14208772971980466
isophon,89,10,500.0,0.23488699124823142
isophon,89,10,750.0,4.345876611082232
isophon,89,10,1000.0,0.7211593627929744
isophon,89,10,1500.0,-0.8725523653185121
isophon,89,10,2000.0,1.0283124109561754
isophon,89,10,3000.0,1.1549102235750865
isophon,89,10,4000.0,0.5416740417480526
isophon,89,10,6000.0,6.231174298878372
isophon,89,10,8000.0,16.071558040247538
isophon,90,1,250.0,4.717660895676218
isophon,90,1,500.0,7.904252102959976
isophon,90,1,750.0,10.188097562869444
isophon,90,1,1000.0,3.187887580889509
isophon,90,1,1500.0,-2.5877529690783234
isophon,90,1,2000.0,-0.11568892123688101
isophon,90,1,3000.0,-1.5097442842360351
isophon,90,1,4000.0,-6.27306004365046
isophon,90,1,6000.0,-9.6762833228033
isophon,90,1,8000.0,-26.019364428937934
isophon,90,2,250.0,9.81898205645956
isophon,90,2,500.0,11.086688195962097
isophon,90,2,750.0,12.964847985559672
isophon,90,2,1000.0,6.785365337719654
isophon,90,2,1500.0,-6.949452472851561
isophon,90,2,2000.0,-11.069579680902507
isophon,90,2,3000.0,-6.864020467065231
isophon,90,2,4000.0,-6.203925219414401
isophon,90,2,6000.0,1.6716333429546353
isophon,90,2,8000.0,-10.416831622541451
isophon,90,3,250.0,4.75880988787101
isophon,90,3,500.0,8.832730848357102
isophon,90,3,750.0,9.93967770273187
isophon,90,3,1000.0,3.2474354798999343
isophon,90,3,1500.0,-3.8714333692762324
isophon,90,3,2000.0,-3.670070507144345
isophon,90,3,3000.0,-5.299894722899566
isophon,90,3,4000.0,-3.7349612909821133
isophon,90,3,6000.0,4.442106002545984
isophon,90,3,8000.0,-8.259958511949662
isophon,90,4,250.0,-2.4584809764641165
isophon,90,4,500.0,6.383123431265233
isophon,90,4,750.0,9.942864503685144
isophon,90,4,1000.0,0.08068920580004146
isophon,90,4,1500.0,0.8424499842084714
isophon,90,4,2000.0,0.6176765514223064
isophon,90,4,3000.0,-2.488899605841752
isophon,90,4,4000.0,-4.3456746918814275
isophon,90,4,6000.0,1.2048501922635069
isophon,90,4,8000.0,-3.3922674560546824
isophon,90,5,250.0,-2.5865375246981017
isophon,90,5,500.0,0.9412472238409038
isophon,90,5,750.0,4.674724248139398
isophon,90,5,1000.0,-5.593491455141901
isophon,90,5,1500.0,0.6113429250183344
isophon,90,5,2000.0,2.793095105864367
isophon,90,5,3000.0,-5.421262462312072
isophon,90,5,4000.0,-6.896025353999661
isophon,90,5,6000.0,-3.83474456856041
isophon,90,5,8000.0,-1.114628601074216
isophon,90,6,250.0,-0.586183188928473
isophon,90,6,500.0,2.524092306525617
isophon,90,6,750.0,2.98386695820642
isophon,90,6,1000.0,-0.5584263880761853
isophon,90,6,1500.0,2.6078187344403574
isophon,90,6,2000.0,5.865818454213411
isophon,90,6,3000.0,-1.7935673948004762
isophon,90,6,4000.0,-4.484445437265265
isophon,90,6,6000.0,-0.6150154028166099
isophon,90,6,8000.0,3.573956146240235
isophon,90,7,250.0,-1.5427280783072064
isophon,90,7,500.0,4.82648932017635
isophon,90,7,750.0,5.110401358381807
isophon,90,7,1000.0,2.432327312975872
isophon,90,7,1500.0,3.514088181897108
isophon,90,7,2000.0,6.145872199090064
isophon,90,7,3000.0,0.030921401901835566
isophon,90,7,4000.0,-4.271734712619448
isophon,90,7,6000.0,-1.4717776477872917
isophon,90,7,8000.0,3.863950805664061
isophon,90,8,250.0,0.08885344502746761
isophon,90,8,500.0,4.848056224591602
isophon,90,8,750.0,5.5830562801293695
isophon,90,8,1000.0,4.681905254870401
isophon,90,8,1500.0,4.016058501735671
isophon,90,8,2000.0,4.77700357580143
isophon,90,8,3000.0,1.0331654859571273
isophon,90,8,4000.0,-2.341623130344445
isophon,90,8,6000.0,-0.8409887949733843
isophon,90,8,8000.0,4.501128692626949
isophon,90,9,250.0,0.5183649457541151
isophon,90,9,500.0,5.152087889171867
isophon,90,9,750.0,6.880675185826476
isophon,90,9,1000.0,4.972781875082987
isophon,90,9,1500.0,2.5766944830114085
isophon,90,9,2000.0,3.111341516674301
isophon,90,9,3000.0,-2.1677208116170164
isophon,90,9,4000.0,-1.0801815659272194
isophon,90,9,6000.0,0.05025959389995194
isophon,90,9,8000.0,4.2399301147460875
isophon,90,10,250.0,1.9470163770306357
isophon,90,10,500.0,6.921732548735179
isophon,90,10,750.0,7.506227990810814
isophon,90,10,1000.0,-1.11764297485351
isophon,90,10,1500.0,-0.13925636383639528
isophon,90,10,2000.0,4.005136317192964
isophon,90,10,3000.0,-1.163334915024194
isophon,90,10,4000.0,-0.5277111233028222
isophon,90,10,6000.0,0.5070619663643186
isophon,90,10,8000.0,3.6321701049804744
isophon,91,1,250.0,4.588629399535886
isophon,91,1,500.0,-0.9040829330319937
isophon,91,1,750.0,13.973443978713746
isophon,91,1,1000.0,21.752649151846775
isophon,91,1,1500.0,14.487116774003415
isophon,91,1,2000.0,8.633771523383253
isophon,91,1,3000.0,-7.161913031799486
isophon,91,1,4000.0,-3.9564700329034252
isophon,91,1,6000.0,-6.487285368715206
isophon,91,1,8000.0,-26.067063799315918
isophon,91,2,250.0,0.12281259500728225
isophon,91,2,500.0,1.7837599450063593
isophon,91,2,750.0,-0.8088586995035172
isophon,91,2,1000.0,4.71553023272255
isophon,91,2,1500.0,2.050057345043342
isophon,91,2,2000.0,-0.5190025687353099
isophon,91,2,3000.0,-7.736157193141963
isophon,91,2,4000.0,-4.482558997636204
isophon,91,2,6000.0,-7.012911637114996
isophon,91,2,8000.0,-8.939973187222378
isophon,91,3,250.0,0.1164798028206917
isophon,91,3,500.0,0.1127625964696648
isophon,91,3,750.0,-2.566626533560111
isophon,91,3,1000.0,2.3841002391478696
isophon,91,3,1500.0,8.166489632894738
isophon,91,3,2000.0,-4.82984669132162
isophon,91,3,3000.0,-10.805797647770845
isophon,91,3,4000.0,-6.110812448448144
isophon,91,3,6000.0,-11.00021456876
isophon,91,3,8000.0,-1.5330546853669205
isophon,91,4,250.0,-6.2583865791303595
isophon,91,4,500.0,1.5379618297313726
isophon,91,4,750.0,0.836739482341244
isophon,91,4,1000.0,-1.7184428666156748
isophon,91,4,1500.0,5.0643299554571115
isophon,91,4,2000.0,6.436662348544161
isophon,91,4,3000.0,-5.284163901351548
isophon,91,4,4000.0,-1.8171158704732449
isophon,91,4,6000.0,-2.0831217214266786
isophon,91,4,8000.0,0.21266339390776068
isophon,91,5,250.0,1.5824919477832395
isophon,91,5,500.0,4.802966430032754
isophon,91,5,750.0,1.8637983881052236
isophon,91,5,1000.0,-3.1038458768655204
isophon,91,5,1500.0,5.508149651248516
isophon,91,5,2000.0,7.730669312052001
isophon,91,5,3000.0,2.062876188582976
isophon,91,5,4000.0,4.482430883575091
isophon,91,5,6000.0,1.503537711072866
isophon,91,5,8000.0,-1.1414352164917574
isophon,91,6,250.0,-3.2779616989231357
isophon,91,6,500.0,11.733329708017749
isophon,91,6,750.0,6.625695113593423
isophon,91,6,1000.0,1.0323091753287628
isophon,91,6,1500.0,1.1282577856051006
isophon,91,6,2000.0,0.038305430836445
isophon,91,6,3000.0,3.5733189535380774
isophon,91,6,4000.0,0.8097591808234483
isophon,91,6,6000.0,-0.844616548294951
isophon,91,6,8000.0,-3.1765623159194263
isophon,91,7,250.0,1.4003328256189178
isophon,91,7,500.0,1.3638811288638237
isophon,91,7,750.0,1.7463278900976604
isophon,91,7,1000.0,0.04819062595639423
isophon,91,7,1500.0,-0.14089015031149188
isophon,91,7,2000.0,3.0063338971247617
isophon,91,7,3000.0,1.375021200021294
isophon,91,7,4000.0,1.8067077100313185
isophon,91,7,6000.0,0.8829598421558842
isophon,91,7,8000.0,-5.282678617293357
isophon,91,8,250.0,-5.080292531345378
isophon,91,8,500.0,-4.870599413586945
isophon,91,8,750.0,-0.6337511553296906
isophon,91,8,1000.0,-1.2828654737433993
isophon,91,8,1500.0,-1.4527931142683315
isophon,91,8,2000.0,1.674355542280935
isophon,91,8,3000.0,1.2121327140921636
isophon,91,8,4000.0,1.0069884070261566
isophon,91,8,6000.0,0.47488756558441025
isophon,91,8,8000.0,-3.952549440186118
isophon,91,9,250.0,-4.897935150326504
isophon,91,9,500.0,-3.599117525977917
isophon,91,9,750.0,0.43139040304163245
isophon,91,9,1000.0,-2.6662150553498236
isophon,91,9,1500.0,-2.1495804924885675
isophon,91,9,2000.0,1.6042177261237214
isophon,91,9,3000.0,0.6176488406068898
isophon,91,9,4000.0,1.596978338201339
isophon,91,9,6000.0,0.20312265727693557
isophon,91,9,8000.0,-2.8080232869656925
isophon,91,10,250.0,-1.9124367990086455
isophon,91,10,500.0,-1.6766928852351697
isophon,91,10,750.0,1.6651815202089892
isophon,91,10,1000.0,-1.639855098584448
isophon,91,10,1500.0,-1.9943066285091362
isophon,91,10,2000.0,-2.24404059646092
isophon,91,10,3000.0,-0.4944411194627918
isophon,91,10,4000.0,2.112706344824886
isophon,91,10,6000.0,1.375114665748555
isophon,91,10,8000.0,-1.2020102563989923
isophon,92,1,250.0,20.74180156152444
isophon,92,1,500.0,-5.356049958990241
isophon,92,1,750.0,-1.9697787100661799
isophon,92,1,1000.0,8.19926673222335
isophon,92,1,1500.0,-4.4173240371397355
isophon,92,1,2000.0,-3.267188833998233
isophon,92,1,3000.0,-2.715318561436078
isophon,92,1,4000.0,0.869752826609755
isophon,92,1,6000.0,24.582735439537856
isophon,92,1,8000.0,-10.01228774109211
isophon,92,2,250.0,7.145982627277064
isophon,92,2,500.0,-9.855911922411607
isophon,92,2,750.0,-15.84226289004988
isophon,92,2,1000.0,2.909878641187291
isophon,92,2,1500.0,3.2855724237385004
isophon,92,2,2000.0,1.9183617960863302
isophon,92,2,3000.0,0.642972483854777
isophon,92,2,4000.0,-5.743473000490056
isophon,92,2,6000.0,6.653843088116716
isophon,92,2,8000.0,-1.7256119085988786
isophon,92,3,250.0,3.807207655381305
isophon,92,3,500.0,-8.140967112352826
isophon,92,3,750.0,-10.293503332100428
isophon,92,3,1000.0,0.8613441646000979
isophon,92,3,1500.0,0.39767166211308336
isophon,92,3,2000.0,-0.30167528776033237
isophon,92,3,3000.0,2.4734388640608955
isophon,92,3,4000.0,-3.1137141811403666
isophon,92,3,6000.0,0.060491832592347805
isophon,92,3,8000.0,1.7968473052284821
isophon,92,4,250.0,3.6954856610928033
isophon,92,4,500.0,-4.958767484197821
isophon,92,4,750.0,-9.60360884966093
isophon,92,4,1000.0,-1.3484519853847985
isophon,92,4,1500.0,-0.2261819692313196
isophon,92,4,2000.0,-2.2173646773937747
isophon,92,4,3000.0,2.8555315845908353
isophon,92,4,4000.0,-2.5008536191275113
isophon,92,4,6000.0,-2.374417215322765
isophon,92,4,8000.0,-5.122994558029561
isophon,92,5,250.0,0.22175122505764477
isophon,92,5,500.0,-8.54990685797712
isophon,92,5,750.0,-12.030864076628617
isophon,92,5,1000.0,-6.767189190993406
isophon,92,5,1500.0,-1.9676698278370282
isophon,92,5,2000.0,-2.59640166990593
isophon,92,5,3000.0,2.6153901356162237
isophon,92,5,4000.0,-2.5659309811880604
isophon,92,5,6000.0,-3.847589385364671
isophon,92,5,8000.0,-6.109103068165851
isophon,92,6,250.0,-5.921782138261904
isophon,92,6,500.0,-8.993286749070222
isophon,92,6,750.0,-11.001457672937235
isophon,92,6,1000.0,-6.692859396294168
isophon,92,6,1500.0,-3.5173328965731088
isophon,92,6,2000.0,-4.664632037095998
isophon,92,6,3000.0,-4.352901671248887
isophon,92,6,4000.0,-8.188454120607545
isophon,92,6,6000.0,-7.796464749948257
isophon,92,6,8000.0,-10.991037770605047
isophon,92,7,250.0,-4.604207217607609
isophon,92,7,500.0,-11.06419937133785
isophon,92,7,750.0,-9.919369867258666
isophon,92,7,1000.0,-8.539261146693349
isophon,92,7,1500.0,-3.8020208921057304
isophon,92,7,2000.0,-7.648808038062512
isophon,92,7,3000.0,-7.370628485574514
isophon,92,7,4000.0,-10.69263641357422
isophon,92,7,6000.0,-6.661507011435276
isophon,92,7,8000.0,-10.87607715702238
isophon,92,8,250.0,-6.258349113691551
isophon,92,8,500.0,-9.10680053710935
isophon,92,8,750.0,-7.753289514200532
isophon,92,8,1000.0,-5.7834785721223625
isophon,92,8,1500.0,-3.2012803846696443
isophon,92,8,2000.0,-6.163845710130815
isophon,92,8,3000.0,-6.344794196487868
isophon,92,8,4000.0,-9.774685363769535
isophon,92,8,6000.0,-7.915626206193892
isophon,92,8,8000.0,-10.423235140211787
isophon,92,9,250.0,-8.528126238880816
isophon,92,9,500.0,-8.475211181640603
isophon,92,9,750.0,-6.759163823311411
isophon,92,9,1000.0,-4.759528179916799
isophon,92,9,1500.0,-2.07700009398431
isophon,92,9,2000.0,-5.269238621899447
isophon,92,9,3000.0,-4.562360267044511
isophon,92,9,4000.0,-9.06800369262696
isophon,92,9,6000.0,-7.124793961632193
isophon,92,9,8000.0,-10.268125431286407
isophon,92,10,250.0,-6.333512878417963
isophon,92,10,500.0,-6.515077209472636
isophon,92,10,750.0,-5.566682664934746
isophon,92,10,1000.0,-4.234419344748872
isophon,92,10,1500.0,-3.5275179857200385
isophon,92,10,2000.0,-3.963389840359625
isophon,92,10,3000.0,-6.042306518554682
isophon,92,10,4000.0,-8.723100280761713
isophon,92,10,6000.0,-6.401353779297153
isophon,92,10,8000.0,-8.554568925921004
isophon,93,1,250.0,6.48944708234302
isophon,93,1,500.0,-3.9325774635681725
isophon,93,1,750.0,-1.8320886184386609
isophon,93,1,1000.0,-6.113999838253633
isophon,93,1,1500.0,5.4292385755535975
isophon,93,1,2000.0,2.9416883402544727
isophon,93,1,3000.0,-1.7890090233003093
isophon,93,1,4000.0,2.0481202483952643
isophon,93,1,6000.0,-3.825178458487585
isophon,93,1,8000.0,-6.973517567593603
isophon,93,2,250.0,4.073638286766112
isophon,93,2,500.0,-1.418011908292243
isophon,93,2,750.0,-2.6689284880304456
isophon,93,2,1000.0,-5.029125384281016
isophon,93,2,1500.0,-4.274036917736424
isophon,93,2,2000.0,-5.326777960303872
isophon,93,2,3000.0,0.7186765390498095
isophon,93,2,4000.0,0.11673797671292618
isophon,93,2,6000.0,-1.5179913942973826
isophon,93,2,8000.0,-1.4010274023055445
isophon,93,3,250.0,4.048799352470581
isophon,93,3,500.0,2.376924866457429
isophon,93,3,750.0,-0.4443498280714664
isophon,93,3,1000.0,-0.1358115295530382
isophon,93,3,1500.0,0.11842030421772165
isophon,93,3,2000.0,-2.8891562084883162
isophon,93,3,3000.0,1.191016278657898
isophon,93,3,4000.0,1.1482036785161682
isophon,93,3,6000.0,-1.679904810995282
isophon,93,3,8000.0,-7.197670645769691
isophon,93,4,250.0,-1.607667392399577
isophon,93,4,500.0,2.7164450056913836
isophon,93,4,750.0,-5.14040212751425
isophon,93,4,1000.0,1.423726962138801
isophon,93,4,1500.0,-0.05622040993397093
isophon,93,4,2000.0,-2.1410126949987927
isophon,93,4,3000.0,-0.28445878270945
isophon,93,4,4000.0,1.8694198845045946
isophon,93,4,6000.0,-5.861373760556802
isophon,93,4,8000.0,-12.777248031058804
isophon,93,5,250.0,-2.6577066578138044
isophon,93,5,500.0,5.6596150182907365
isophon,93,5,750.0,-2.101968373132806
isophon,93,5,1000.0,4.2032000033285755
isophon,93,5,1500.0,1.2044338377314858
isophon,93,5,2000.0,-5.031971779956379
isophon,93,5,3000.0,-1.0469516314793452
isophon,93,5,4000.0,0.1676571688040127
isophon,93,5,6000.0,-5.4155453581357165
isophon,93,5,8000.0,-9.81400094559703
isophon,93,6,250.0,-0.7714476543231683
isophon,93,6,500.0,-5.0798897542322266
isophon,93,6,750.0,-7.6889198852490495
isophon,93,6,1000.0,0.7293923120792982
isophon,93,6,1500.0,0.050724981561913296
isophon,93,6,2000.0,-3.2862131465433606
isophon,93,6,3000.0,-5.164680352949603
isophon,93,6,4000.0,-3.94866306664035
isophon,93,6,6000.0,-2.84679261467258
isophon,93,6,8000.0,-6.096535714407267
isophon,93,7,250.0,-5.7758241349678485
isophon,93,7,500.0,-2.574751366596672
isophon,93,7,750.0,-3.6901973001332635
isophon,93,7,1000.0,-2.356654674595063
isophon,93,7,1500.0,-3.6582790046678895
isophon,93,7,2000.0,-3.6876193685526175
isophon,93,7,3000.0,-2.993966991168321
isophon,93,7,4000.0,-3.9445725061238335
isophon,93,7,6000.0,-5.679679405686542
isophon,93,7,8000.0,-6.1453572654761075
isophon,93,8,250.0,-4.373660204521542
isophon,93,8,500.0,-4.241848419514824
isophon,93,8,750.0,-2.6832879283376627
isophon,93,8,1000.0,-1.922205413859686
isophon,93,8,1500.0,-1.473584979048269
isophon,93,8,2000.0,-7.816375728686552
isophon,93,8,3000.0,-4.246191472771187
isophon,93,8,4000.0,-3.165488350659018
isophon,93,8,6000.0,-4.2555183919903925
isophon,93,8,8000.0,-5.904595595516298
isophon,93,9,250.0,-4.040184168557843
isophon,93,9,500.0,-2.58796078752799
isophon,93,9,750.0,0.9651799115982982
isophon,93,9,1000.0,-0.126152515648144
isophon,93,9,1500.0,0.8072536513967208
isophon,93,9,2000.0,-5.555959463543346
isophon,93,9,3000.0,-3.510317160298129
isophon,93,9,4000.0,-5.004996845579683
isophon,93,9,6000.0,-2.7067603972522107
isophon,93,9,8000.0,-5.801806581564449
isophon,93,10,250.0,-0.9331968595011659
isophon,93,10,500.0,-0.09081967628759458
isophon,93,10,750.0,3.1898537036247347
isophon,93,10,1000.0,4.724084797242767
isophon,93,10,1500.0,3.9013058522831443
isophon,93,10,2000.0,-2.8541129013113107
isophon,93,10,3000.0,-2.610404892039071
isophon,93,10,4000.0,-4.09631135078736
isophon,93,10,6000.0,-0.5080456225376224
isophon,93,10,8000.0,-2.8568532002057196
isophon,94,1,250.0,-5.980228596835161
isophon,94,1,500.0,3.770121214068709
isophon,94,1,750.0,1.554589216755062
isophon,94,1,1000.0,-0.9274975567607271
isophon,94,1,1500.0,17.54983473325228
isophon,94,1,2000.0,5.709477445356555
isophon,94,1,3000.0,10.140298435518304
isophon,94,1,4000.0,6.311700539409955
isophon,94,1,6000.0,10.017214810808092
isophon,94,1,8000.0,0.7841391546722036
isophon,94,2,250.0,-0.9890358642628883
isophon,94,2,500.0,-5.237591052320397
isophon,94,2,750.0,4.628096319161784
isophon,94,2,1000.0,2.902367818318112
isophon,94,2,1500.0,14.17090579225244
isophon,94,2,2000.0,4.982291450653179
isophon,94,2,3000.0,-6.526800186367183
isophon,94,2,4000.0,2.338126385177617
isophon,94,2,6000.0,14.738836087750379
isophon,94,2,8000.0,0.3985137614042884
isophon,94,3,250.0,-1.9995515994323227
isophon,94,3,500.0,-2.897531990068984
isophon,94,3,750.0,0.15963250524308137
isophon,94,3,1000.0,2.609857250931512
isophon,94,3,1500.0,8.341390477037478
isophon,94,3,2000.0,2.0270489858530922
isophon,94,3,3000.0,-2.575227317022467
isophon,94,3,4000.0,4.671064751202749
isophon,94,3,6000.0,12.0703197320937
isophon,94,3,8000.0,7.9186418758925825
isophon,94,4,250.0,1.001181411684371
isophon,94,4,500.0,-2.8858661151119662
isophon,94,4,750.0,-3.9106780680740627
isophon,94,4,1000.0,-0.970666795341316
isophon,94,4,1500.0,0.07461580227079878
isophon,94,4,2000.0,1.202996922797567
isophon,94,4,3000.0,-4.522336548812888
isophon,94,4,4000.0,4.3353374597045615
isophon,94,4,6000.0,8.630931627321502
isophon,94,4,8000.0,10.192570164236962
isophon,94,5,250.0,3.9086878125799984
isophon,94,5,500.0,-7.6872290314055505
isophon,94,5,750.0,-2.2486449091765763
isophon,94,5,1000.0,-4.121036216454712
isophon,94,5,1500.0,-7.523536343912156
isophon,94,5,2000.0,-2.1787347686189236
isophon,94,5,3000.0,-6.502310946788029
isophon,94,5,4000.0,0.1695550922528497
isophon,94,5,6000.0,2.2361221492756727
isophon,94,5,8000.0,6.5451848984045
isophon,94,6,250.0,-6.269340826480544
isophon,94,6,500.0,0.1792658761941368
isophon,94,6,750.0,5.310167692955545
isophon,94,6,1000.0,2.411088009359787
isophon,94,6,1500.0,1.2351208235246247
isophon,94,6,2000.0,4.611581170793002
isophon,94,6,3000.0,-2.513765307779039
isophon,94,6,4000.0,0.4796142124296807
isophon,94,6,6000.0,3.3698195566277747
isophon,94,6,8000.0,1.1204056107139877
isophon,94,7,250.0,-4.738441974603873
isophon,94,7,500.0,-6.411068340614122
isophon,94,7,750.0,2.9929230701595344
isophon,94,7,1000.0,6.212644018846575
isophon,94,7,1500.0,2.1582987218964433
isophon,94,7,2000.0,4.350429599560869
isophon,94,7,3000.0,-4.135488595872431
isophon,94,7,4000.0,-1.6759175789217835
isophon,94,7,6000.0,4.661260240180567
isophon,94,7,8000.0,4.27085247637666
isophon,94,8,250.0,-4.6173989509169076
isophon,94,8,500.0,-5.531081827601824
isophon,94,8,750.0,-1.147847981432335
isophon,94,8,1000.0,1.930227104462233
isophon,94,8,1500.0,0.41762122240753285
isophon,94,8,2000.0,3.0922996881467526
isophon,94,8,3000.0,-4.009693738757704
isophon,94,8,4000.0,2.7822969756244476
isophon,94,8,6000.0,5.172177102864296
isophon,94,8,8000.0,3.9158972115981214
isophon,94,9,250.0,-4.588624006219078
isophon,94,9,500.0,-5.2730307878555465
isophon,94,9,750.0,-2.959729005563247
isophon,94,9,1000.0,-2.217438702189426
isophon,94,9,1500.0,-0.017357804857510928
isophon,94,9,2000.0,1.0514920719451055
isophon,94,9,3000.0,-11.011932725913894
isophon,94,9,4000.0,4.633879454296974
isophon,94,9,6000.0,3.152325333430653
isophon,94,9,8000.0,2.5158705294098667
isophon,94,10,250.0,-4.703372678110469
isophon,94,10,500.0,-6.341113199964113
isophon,94,10,750.0,-1.988967015028777
isophon,94,10,1000.0,-8.955412741375568
isophon,94,10,1500.0,1.7193402226211134
isophon,94,10,2000.0,-3.2061602130820575
isophon,94,10,3000.0,-15.198974468289109
isophon,94,10,4000.0,5.101190663491863
isophon,94,10,6000.0,0.16858504701041
isophon,94,10,8000.0,-0.8797140375002073
isophon,95,1,250.0,-14.125106134360053
isophon,95,1,500.0,-7.2568330026144
isophon,95,1,750.0,-6.351782467711956
isophon,95,1,1000.0,3.1345333098982735
isophon,95,1,1500.0,-0.11386269845677077
isophon,95,1,2000.0,-5.293617241231843
isophon,95,1,3000.0,19.952666110992432
isophon,95,1,4000.0,14.495789833068848
isophon,95,1,6000.0,-5.235383607254477
isophon,95,1,8000.0,-14.991772748740331
isophon,95,2,250.0,-14.131422052893086
isophon,95,2,500.0,-1.3925134373715338
isophon,95,2,750.0,-2.114601098095889
isophon,95,2,1000.0,-6.926498090384598
isophon,95,2,1500.0,1.5915179403972672
isophon,95,2,2000.0,0.06951309805619843
isophon,95,2,3000.0,9.408027990230693
isophon,95,2,4000.0,1.0509173583984364
isophon,95,2,6000.0,-6.088099542546743
isophon,95,2,8000.0,-27.778385474274373
isophon,95,3,250.0,-3.069693418723233
isophon,95,3,500.0,1.0264486271208142
isophon,95,3,750.0,-1.5860100901365684
isophon,95,3,1000.0,-5.313756438895851
isophon,95,3,1500.0,-0.15679793598030756
isophon,95,3,2000.0,2.6618416969916296
isophon,95,3,3000.0,2.654402317390371
isophon,95,3,4000.0,0.9671489309056369
isophon,95,3,6000.0,-4.907977460835937
isophon,95,3,8000.0,-21.215134435861515
isophon,95,4,250.0,7.471814932623872
isophon,95,4,500.0,-1.1622703705583177
isophon,95,4,750.0,-1.6586019733336599
isophon,95,4,1000.0,-0.0075805365159595794
isophon,95,4,1500.0,-3.5182820205917835
isophon,95,4,2000.0,-7.2299715790456816
isophon,95,4,3000.0,0.42256900786779283
isophon,95,4,4000.0,2.1032905574213174
isophon,95,4,6000.0,-0.9383595337799875
isophon,95,4,8000.0,-13.24117612558517
isophon,95,5,250.0,15.064417341630332
isophon,95,5,500.0,3.8447063777745285
isophon,95,5,750.0,3.759964530927249
isophon,95,5,1000.0,5.7437664796638614
isophon,95,5,1500.0,2.617719230557924
isophon,95,5,2000.0,-2.173380069285585
isophon,95,5,3000.0,-0.03663442466078948
isophon,95,5,4000.0,6.7882653057856
isophon,95,5,6000.0,4.59032025183059
isophon,95,5,8000.0,-6.720050574708779
isophon,95,6,250.0,6.985355503972016
isophon,95,6,500.0,8.553839650841738
isophon,95,6,750.0,9.967506881225077
isophon,95,6,1000.0,4.551982368453736
isophon,95,6,1500.0,-8.004462408911934
isophon,95,6,2000.0,-9.029987533588994
isophon,95,6,3000.0,-1.967538418957787
isophon,95,6,4000.0,5.013122323061836
isophon,95,6,6000.0,6.127837767667103
isophon,95,6,8000.0,-0.355538046041886
isophon,95,7,250.0,6.870424691288136
isophon,95,7,500.0,9.675904658982418
isophon,95,7,750.0,9.299714206762815
isophon,95,7,1000.0,6.793469898448123
isophon,95,7,1500.0,-7.0329105835063785
isophon,95,7,2000.0,-10.14835546822647
isophon,95,7,3000.0,-0.7074870395324382
isophon,95,7,4000.0,3.234905562765249
isophon,95,7,6000.0,5.640000351685174
isophon,95,7,8000.0,-2.85890633372577
isophon,95,8,250.0,6.952135165352431
isophon,95,8,500.0,2.0973320141832374
isophon,95,8,750.0,9.034314860948214
isophon,95,8,1000.0,4.209394947713264
isophon,95,8,1500.0,-6.3793235310054115
isophon,95,8,2000.0,-8.332947863748785
isophon,95,8,3000.0,-4.34903708693362
isophon,95,8,4000.0,-0.34385739698247164
isophon,95,8,6000.0,4.74586477893871
isophon,95,8,8000.0,-2.224604139244107
isophon,95,9,250.0,6.609921933872528
isophon,95,9,500.0,-0.9398072025297779
isophon,95,9,750.0,7.418310824011755
isophon,95,9,1000.0,2.9128724059380176
isophon,95,9,1500.0,-5.403776229114442
isophon,95,9,2000.0,-6.635350389195452
isophon,95,9,3000.0,-8.295123224516189
isophon,95,9,4000.0,-3.992956038881573
isophon,95,9,6000.0,5.556096239113188
isophon,95,9,8000.0,-2.58550423839489
isophon,95,10,250.0,2.8280377371160768
isophon,95,10,500.0,0.025293033651905716
isophon,95,10,750.0,7.016799808335264
isophon,95,10,1000.0,2.6073313368322317
isophon,95,10,1500.0,-4.389641150471547
isophon,95,10,2000.0,-5.159546021526609
isophon,95,10,3000.0,-7.888890838623041
isophon,95,10,4000.0,-3.536144668031966
isophon,95,10,6000.0,5.814483399362857
isophon,95,10,8000.0,-1.6721537465068934
isophon,96,1,250.0,23.55349760150787
isophon,96,1,500.0,-2.5507273118955283
isophon,96,1,750.0,1.3501347151768925
isophon,96,1,1000.0,7.674138436765759
isophon,96,1,1500.0,2.582125019276532
isophon,96,1,2000.0,-0.5873064197560325
isophon,96,1,3000.0,-0.3152665788607578
isophon,96,1,4000.0,0.1328865242683719
isophon,96,1,6000.0,8.86942308791842
isophon,96,1,8000.0,-12.329016950003393
isophon,96,2,250.0,11.449669880897318
isophon,96,2,500.0,-7.614460658983887
isophon,96,2,750.0,-13.612929829927296
isophon,96,2,1000.0,2.3499235318892744
isophon,96,2,1500.0,4.938068586660563
isophon,96,2,2000.0,4.305553456314698
isophon,96,2,3000.0,-2.744963260213325
isophon,96,2,4000.0,-8.919774540407701
isophon,96,2,6000.0,5.049601687342559
isophon,96,2,8000.0,-3.2205288912208943
isophon,96,3,250.0,5.54075368197212
isophon,96,3,500.0,-7.158369761278621
isophon,96,3,750.0,-9.915808545201983
isophon,96,3,1000.0,-1.2526470624724055
isophon,96,3,1500.0,0.21155686905173354
isophon,96,3,2000.0,2.54973305893148
isophon,96,3,3000.0,-0.00659585226622994
isophon,96,3,4000.0,-5.564233402256761
isophon,96,3,6000.0,-0.2283247471861216
isophon,96,3,8000.0,1.888205247361796
isophon,96,4,250.0,4.239698223791322
isophon,96,4,500.0,-6.1615491614439435
isophon,96,4,750.0,-10.464372809074831
isophon,96,4,1000.0,-4.26159465233799
isophon,96,4,1500.0,-2.918707148179948
isophon,96,4,2000.0,1.2448571935791932
isophon,96,4,3000.0,1.3569012287055955
isophon,96,4,4000.0,-5.029162786501004
isophon,96,4,6000.0,-3.592695934713433
isophon,96,4,8000.0,-2.6469439385389393
isophon,96,5,250.0,2.173645827954033
isophon,96,5,500.0,-8.640326627264244
isophon,96,5,750.0,-13.072094561929006
isophon,96,5,1000.0,-9.321925175527042
isophon,96,5,1500.0,-4.524215672260425
isophon,96,5,2000.0,0.6328986677233956
isophon,96,5,3000.0,1.1484818103284482
isophon,96,5,4000.0,-4.03667561606845
isophon,96,5,6000.0,-4.282010088067665
isophon,96,5,8000.0,-3.8788317193756683
isophon,96,6,250.0,-5.367879730969065
isophon,96,6,500.0,-8.825108190720627
isophon,96,6,750.0,-11.433958883031437
isophon,96,6,1000.0,-8.66691691085856
isophon,96,6,1500.0,-5.396478807021936
isophon,96,6,2000.0,-1.1094543693366603
isophon,96,6,3000.0,-3.640332803175795
isophon,96,6,4000.0,-8.078223554807835
isophon,96,6,6000.0,-7.415483980482236
isophon,96,6,8000.0,-8.137812942461451
isophon,96,7,250.0,-4.934270439146843
isophon,96,7,500.0,-11.077093048095705
isophon,96,7,750.0,-10.95313847279833
isophon,96,7,1000.0,-9.822677409264529
isophon,96,7,1500.0,-4.725838882136415
isophon,96,7,2000.0,-2.91945497880792
isophon,96,7,3000.0,-5.878733013220469
isophon,96,7,4000.0,-9.727191635447198
isophon,96,7,6000.0,-6.449720402744276
isophon,96,7,8000.0,-7.566541084595187
isophon,96,8,250.0,-6.2135863648472025
isophon,96,8,500.0,-10.529907684326176
isophon,96,8,750.0,-9.038835734757726
isophon,96,8,1000.0,-7.4134190715801225
isophon,96,8,1500.0,-3.364490712283043
isophon,96,8,2000.0,-0.9023596940614027
isophon,96,8,3000.0,-4.126355498151497
isophon,96,8,4000.0,-7.737155642119589
isophon,96,8,6000.0,-8.021993584344202
isophon,96,8,8000.0,-7.062402993586787
isophon,96,9,250.0,-6.485527306949152
isophon,96,9,500.0,-10.610705413818366
isophon,96,9,750.0,-8.260328767417903
isophon,96,9,1000.0,-5.992745894071916
isophon,96,9,1500.0,-1.7010306247588005
isophon,96,9,2000.0,0.6755903615763117
isophon,96,9,3000.0,-1.1331661826552732
isophon,96,9,4000.0,-6.060123605111954
isophon,96,9,6000.0,-7.204484752905202
isophon,96,9,8000.0,-7.10742628726959
isophon,96,10,250.0,-5.216031120330797
isophon,96,10,500.0,-8.000283813476557
isophon,96,10,750.0,-6.813012610794431
isophon,96,10,1000.0,-5.459541561460767
isophon,96,10,1500.0,-1.9200218345738165
isophon,96,10,2000.0,2.5480762990001864
isophon,96,10,3000.0,-1.1464782995419398
isophon,96,10,4000.0,-5.053873231750458
isophon,96,10,6000.0,-6.363141873935817
isophon,96,10,8000.0,-6.116774437029449
isophon,97,1,250.0,0.022434789111912323
isophon,97,1,500.0,-11.871606195249598
isophon,97,1,750.0,-13.182702373543819
isophon,97,1,1000.0,-1.7427636605527255
isophon,97,1,1500.0,3.0220501609854793
isophon,97,1,2000.0,-6.729210038533083
isophon,97,1,3000.0,-3.7537649582215025
isophon,97,1,4000.0,-8.349445719134593
isophon,97,1,6000.0,9.197696429155911
isophon,97,1,8000.0,17.705303663717274
isophon,97,2,250.0,4.818634922294564
isophon,97,2,500.0,7.113491039450764
isophon,97,2,750.0,-0.8518414582995035
isophon,97,2,1000.0,-1.697518686474396
isophon,97,2,1500.0,3.2919602509489607
isophon,97,2,2000.0,-2.8087887997030236
isophon,97,2,3000.0,-0.7320193739866738
isophon,97,2,4000.0,10.354496692664355
isophon,97,2,6000.0,12.465000567375043
isophon,97,2,8000.0,19.137154520317182
isophon,97,3,250.0,8.805834767347221
isophon,97,3,500.0,6.719808807394301
isophon,97,3,750.0,-3.0812224870711873
isophon,97,3,1000.0,-3.157450192260711
isophon,97,3,1500.0,2.5888160247677803
isophon,97,3,2000.0,4.05385755816269
isophon,97,3,3000.0,4.402011387732074
isophon,97,3,4000.0,13.271702106258203
isophon,97,3,6000.0,12.699062941772468
isophon,97,3,8000.0,22.562990549369914
isophon,97,4,250.0,10.244135538127978
isophon,97,4,500.0,10.224143532426183
isophon,97,4,750.0,3.976538890297874
isophon,97,4,1000.0,1.8211210376364733
isophon,97,4,1500.0,3.758434500149008
isophon,97,4,2000.0,2.3958836582061167
isophon,97,4,3000.0,4.485569491338623
isophon,97,4,4000.0,7.817696406857635
isophon,97,4,6000.0,9.917048953820895
isophon,97,4,8000.0,16.11197648171955
isophon,97,5,250.0,2.0679137817510167
isophon,97,5,500.0,3.9963186792503222
isophon,97,5,750.0,3.969098280850389
isophon,97,5,1000.0,-2.245268322753418
isophon,97,5,1500.0,1.6861774402933634
isophon,97,5,2000.0,0.7991098953792601
isophon,97,5,3000.0,6.46355505341738
isophon,97,5,4000.0,8.301505740861785
isophon,97,5,6000.0,7.7570437996436965
isophon,97,5,8000.0,18.25251130227619
isophon,97,6,250.0,10.875010675308928
isophon,97,6,500.0,3.1451741666335096
isophon,97,6,750.0,3.8154777765284678
isophon,97,6,1000.0,-1.4595737993369227
isophon,97,6,1500.0,-0.4139975686531727
isophon,97,6,2000.0,4.595638740716311
isophon,97,6,3000.0,8.002363456326805
isophon,97,6,4000.0,12.364170984749506
isophon,97,6,6000.0,11.177416295181246
isophon,97,6,8000.0,17.293056943195126
isophon,97,7,250.0,12.28917286965401
isophon,97,7,500.0,7.2018890366379225
isophon,97,7,750.0,7.645340457430649
isophon,97,7,1000.0,5.352329742232101
isophon,97,7,1500.0,2.54829249067528
isophon,97,7,2000.0,5.322439016639862
isophon,97,7,3000.0,11.832408622342427
isophon,97,7,4000.0,13.138761766215637
isophon,97,7,6000.0,11.04020311720869
isophon,97,7,8000.0,16.096147458331842
isophon,97,8,250.0,11.708079021472997
isophon,97,8,500.0,8.558619884862892
isophon,97,8,750.0,8.09365824293161
isophon,97,8,1000.0,4.431119456799237
isophon,97,8,1500.0,2.5043502162738207
isophon,97,8,2000.0,7.102133239340901
isophon,97,8,3000.0,8.835074487778186
isophon,97,8,4000.0,13.900768335137812
isophon,97,8,6000.0,11.813493007578472
isophon,97,8,8000.0,13.459804077148519
isophon,97,9,250.0,10.44858135226228
isophon,97,9,500.0,9.866117378267376
isophon,97,9,750.0,7.930761639935696
isophon,97,9,1000.0,5.100506263667043
isophon,97,9,1500.0,1.4055855090315816
isophon,97,9,2000.0,7.628679795395911
isophon,97,9,3000.0,5.445065460205072
isophon,97,9,4000.0,13.609799297212163
isophon,97,9,6000.0,11.822244297982607
isophon,97,9,8000.0,13.79761596679694
isophon,97,10,250.0,10.63062803314044
isophon,97,10,500.0,7.998793548963448
isophon,97,10,750.0,7.965173125033232
isophon,97,10,1000.0,4.68598874013378
isophon,97,10,1500.0,2.6934617972192
isophon,97,10,2000.0,4.3485740276063325
isophon,97,10,3000.0,6.465780639648443
isophon,97,10,4000.0,12.830725438437312
isophon,97,10,6000.0,8.67547478255797
isophon,97,10,8000.0,12.370188140869203
isophon,98,1,250.0,-3.1007331437087657
isophon,98,1,500.0,5.597183081332268
isophon,98,1,750.0,9.45450788894317
isophon,98,1,1000.0,-15.01577123914771
isophon,98,1,1500.0,12.42513394937869
isophon,98,1,2000.0,19.667224683537512
isophon,98,1,3000.0,-4.772376770657161
isophon,98,1,4000.0,-12.894758537421865
isophon,98,1,6000.0,-10.017593885143668
isophon,98,1,8000.0,-28.770895235726528
isophon,98,2,250.0,-11.775143756602745
isophon,98,2,500.0,-9.280229349259656
isophon,98,2,750.0,-11.718660170867437
isophon,98,2,1000.0,-17.57400077248245
isophon,98,2,1500.0,-9.516984563180841
isophon,98,2,2000.0,-2.832153725421776
isophon,98,2,3000.0,1.5426912455064468
isophon,98,2,4000.0,-0.7167841387895635
isophon,98,2,6000.0,-13.384674819403457
isophon,98,2,8000.0,-25.357566244518694
isophon,98,3,250.0,-6.981857359933656
isophon,98,3,500.0,-11.394452603453075
isophon,98,3,750.0,-12.137503139516198
isophon,98,3,1000.0,-11.767148965841812
isophon,98,3,1500.0,-4.969522412019742
isophon,98,3,2000.0,-1.1160834547404335
isophon,98,3,3000.0,0.9887980643055698
isophon,98,3,4000.0,1.305179528965553
isophon,98,3,6000.0,-12.073321597222929
isophon,98,3,8000.0,-26.061517005988122
isophon,98,4,250.0,-7.771020315791958
isophon,98,4,500.0,-7.337456851845062
isophon,98,4,750.0,-14.44215012138379
isophon,98,4,1000.0,-7.413376382834002
isophon,98,4,1500.0,-2.5250329038655366
isophon,98,4,2000.0,-6.888404097161924
isophon,98,4,3000.0,2.083465350541289
isophon,98,4,4000.0,3.9363236708611993
isophon,98,4,6000.0,-8.231777971706336
isophon,98,4,8000.0,-23.14256389055376
isophon,98,5,250.0,-5.1858159499105625
isophon,98,5,500.0,-5.809156664366981
isophon,98,5,750.0,-12.161744735919271
isophon,98,5,1000.0,-5.284392465597676
isophon,98,5,1500.0,-1.797702866137115
isophon,98,5,2000.0,-4.610378789897581
isophon,98,5,3000.0,3.7627391192589243
isophon,98,5,4000.0,5.5237118416132915
isophon,98,5,6000.0,-7.773522294365748
isophon,98,5,8000.0,-21.464948977808803
isophon,98,6,250.0,-4.463017152118113
isophon,98,6,500.0,-9.951623302675983
isophon,98,6,750.0,-10.359807982424414
isophon,98,6,1000.0,-1.2865540256562724
isophon,98,6,1500.0,1.1101292930692637
isophon,98,6,2000.0,-2.032474294768136
isophon,98,6,3000.0,4.043637790426274
isophon,98,6,4000.0,9.255082217709443
isophon,98,6,6000.0,-6.79263548263431
isophon,98,6,8000.0,-19.45734640127884
isophon,98,7,250.0,-5.925193265465481
isophon,98,7,500.0,-5.739564969794159
isophon,98,7,750.0,-6.179374085224907
isophon,98,7,1000.0,-3.1317499701849982
isophon,98,7,1500.0,-0.7144433060022095
isophon,98,7,2000.0,-3.0115601601442137
isophon,98,7,3000.0,5.30818866798441
isophon,98,7,4000.0,10.592098136960473
isophon,98,7,6000.0,-4.279477995936475
isophon,98,7,8000.0,-19.340858624972512
isophon,98,8,250.0,-2.7526692557877936
isophon,98,8,500.0,-4.212181117736463
isophon,98,8,750.0,-6.540789451763999
isophon,98,8,1000.0,-4.702885399616349
isophon,98,8,1500.0,-1.98762342916514
isophon,98,8,2000.0,-0.8686360281986083
isophon,98,8,3000.0,5.530009727509878
isophon,98,8,4000.0,11.017323228231774
isophon,98,8,6000.0,-3.320871565833201
isophon,98,8,8000.0,-17.70467332268285
isophon,98,9,250.0,-1.0619551561612184
isophon,98,9,500.0,-1.7801567251544839
isophon,98,9,750.0,-3.668691153167998
isophon,98,9,1000.0,-5.882060089111334
isophon,98,9,1500.0,-0.863599091655928
isophon,98,9,2000.0,0.4954027012591524
isophon,98,9,3000.0,4.993274075405083
isophon,98,9,4000.0,10.780053470401072
isophon,98,9,6000.0,-1.6903225136577902
isophon,98,9,8000.0,-15.889179676468132
isophon,98,10,250.0,1.7346697149117176
isophon,98,10,500.0,-0.5261608863744414
isophon,98,10,750.0,-2.3664853091352853
isophon,98,10,1000.0,-1.749070739746088
isophon,98,10,1500.0,1.3260690695683763
isophon,98,10,2000.0,2.0454079902971216
isophon,98,10,3000.0,5.150549436321015
isophon,98,10,4000.0,10.456664199381592
isophon,98,10,6000.0,-0.2272711842231132
isophon,98,10,8000.0,-13.627393972430042
isophon,99,1,250.0,-34.69611821370057
isophon,99,1,500.0,-15.721596934893583
isophon,99,1,750.0,-1.6682444443744942
isophon,99,1,1000.0,-4.964703124503153
isophon,99,1,1500.0,-8.67106309493144
isophon,99,1,2000.0,7.28363297906273
isophon,99,1,3000.0,-0.2115971584093188
isophon,99,1,4000.0,0.5065999812868256
isophon,99,1,6000.0,9.134479052281335
isophon,99,1,8000.0,17.004988964045708
isophon,99,2,250.0,-20.109819663842202
isophon,99,2,500.0,-18.554294525558433
isophon,99,2,750.0,5.806515254900884
isophon,99,2,1000.0,-5.3877500910842855
isophon,99,2,1500.0,-7.628295907266249
isophon,99,2,2000.0,8.607552865650817
isophon,99,2,3000.0,2.698374031662354
isophon,99,2,4000.0,10.365909267072396
isophon,99,2,6000.0,11.414592679962993
isophon,99,2,8000.0,6.33415800467462
isophon,99,3,250.0,-20.604369507899193
isophon,99,3,500.0,-12.990041855037433
isophon,99,3,750.0,4.454239274756318
isophon,99,3,1000.0,0.634754309432978
isophon,99,3,1500.0,-4.054932340097238
isophon,99,3,2000.0,10.510900401310536
isophon,99,3,3000.0,-0.2867545863946219
isophon,99,3,4000.0,8.743972900265447
isophon,99,3,6000.0,1.1611776303178516
isophon,99,3,8000.0,-0.8356430110861055
isophon,99,4,250.0,-15.443439392252984
isophon,99,4,500.0,-9.26275846226686
isophon,99,4,750.0,1.2011893916921679
isophon,99,4,1000.0,2.371605734248803
isophon,99,4,1500.0,-9.22785976507933
isophon,99,4,2000.0,1.7267823302506145
isophon,99,4,3000.0,-9.226977004169328
isophon,99,4,4000.0,-2.002676256656315
isophon,99,4,6000.0,-4.027546655658384
isophon,99,4,8000.0,-3.432209870615111
isophon,99,5,250.0,-11.463501778053484
isophon,99,5,500.0,-2.242007217003426
isophon,99,5,750.0,-1.338103192348413
isophon,99,5,1000.0,4.912236028722802
isophon,99,5,1500.0,-7.975604870452642
isophon,99,5,2000.0,4.375754965046255
isophon,99,5,3000.0,-8.996701983821282
isophon,99,5,4000.0,0.08727673784404999
isophon,99,5,6000.0,-2.5626843989658568
isophon,99,5,8000.0,-1.9856618532956816
isophon,99,6,250.0,-2.4034671394782805
isophon,99,6,500.0,1.5938001908914288
isophon,99,6,750.0,-1.2610081829684816
isophon,99,6,1000.0,2.911279874211573
isophon,99,6,1500.0,-6.472975704663213
isophon,99,6,2000.0,2.9716919642017388
isophon,99,6,3000.0,-4.75391273422953
isophon,99,6,4000.0,0.7592370067376208
isophon,99,6,6000.0,-4.315913805385364
isophon,99,6,8000.0,-13.175342317292731
isophon,99,7,250.0,2.93594390797179
isophon,99,7,500.0,-3.147942101860423
isophon,99,7,750.0,-4.49362074056981
isophon,99,7,1000.0,3.2047453693132155
isophon,99,7,1500.0,-2.793141046763637
isophon,99,7,2000.0,4.816488805401448
isophon,99,7,3000.0,-2.3373733610472414
isophon,99,7,4000.0,2.7696984460379213
isophon,99,7,6000.0,-0.6892563086976793
isophon,99,7,8000.0,-10.84649256457844
isophon,99,8,250.0,0.43598221015976435
isophon,99,8,500.0,-3.1702948582001795
isophon,99,8,750.0,-4.49048635008694
isophon,99,8,1000.0,-0.1463546342858706
isophon,99,8,1500.0,-3.4188535722594224
isophon,99,8,2000.0,7.811679824930067
isophon,99,8,3000.0,0.6720706516438781
isophon,99,8,4000.0,3.7227659307932157
isophon,99,8,6000.0,1.3955631593203037
isophon,99,8,8000.0,-9.022487599285341
isophon,99,9,250.0,-1.2627582028745081
isophon,99,9,500.0,-6.15255412252607
isophon,99,9,750.0,-4.864534909799687
isophon,99,9,1000.0,-4.152758786022645
isophon,99,9,1500.0,-5.418723234072303
isophon,99,9,2000.0,9.142105929700492
isophon,99,9,3000.0,2.9387427922216176
isophon,99,9,4000.0,4.349961394204641
isophon,99,9,6000.0,2.2730399990453947
isophon,99,9,8000.0,-6.308594604747057
isophon,99,10,250.0,6.141205806269227
isophon,99,10,500.0,-1.1210491489298136
isophon,99,10,750.0,-0.512669501649043
isophon,99,10,1000.0,-1.4175206502061712
isophon,99,10,1500.0,-4.370859851739098
isophon,99,10,2000.0,7.307396246047915
isophon,99,10,3000.0,0.17730586408902127
isophon,99,10,4000.0,1.6426288432407432
isophon,99,10,6000.0,-3.8948670832624828
isophon,99,10,8000.0,-13.46251997648254
isophon,100,1,250.0,2.379545071507607
isophon,100,1,500.0,-10.698884033324703
isophon,100,1,750.0,-16.847936914366556
isophon,100,1,1000.0,-12.512255604240607
isophon,100,1,1500.0,1.806288005104875
isophon,100,1,2000.0,-11.262065814539284
isophon,100,1,3000.0,-10.277112506807569
isophon,100,1,4000.0,-10.981921962132468
isophon,100,1,6000.0,0.1832273059068541
isophon,100,1,8000.0,10.273399668289542
isophon,100,2,250.0,10.469453704885112
isophon,100,2,500.0,0.5915243129429939
isophon,100,2,750.0,-1.9371114318754223
isophon,100,2,1000.0,1.5220111297061578
isophon,100,2,1500.0,3.5415207650824527
isophon,100,2,2000.0,0.36547147959259974
isophon,100,2,3000.0,-5.286491703292683
isophon,100,2,4000.0,-1.389327438509568
isophon,100,2,6000.0,15.170370834115204
isophon,100,2,8000.0,22.175512665205424
isophon,100,3,250.0,11.89567334120811
isophon,100,3,500.0,6.477764326112194
isophon,100,3,750.0,5.519359385972109
isophon,100,3,1000.0,-1.6106326659587182
isophon,100,3,1500.0,0.9738129118605627
isophon,100,3,2000.0,5.522156169172391
isophon,100,3,3000.0,0.5820105932848065
isophon,100,3,4000.0,-2.455195681276038
isophon,100,3,6000.0,14.86127446710347
isophon,100,3,8000.0,23.524073630386113
isophon,100,4,250.0,12.602725295073554
isophon,100,4,500.0,4.6156263030893285
isophon,100,4,750.0,6.13029271808405
isophon,100,4,1000.0,0.5014458405948261
isophon,100,4,1500.0,4.203661536220324
isophon,100,4,2000.0,8.483420176172146
isophon,100,4,3000.0,0.36608901987963804
isophon,100,4,4000.0,-2.5832245098779936
isophon,100,4,6000.0,8.356315015919051
isophon,100,4,8000.0,27.313697166751382
isophon,100,5,250.0,9.047107000293678
isophon,100,5,500.0,4.512467321568678
isophon,100,5,750.0,0.841333610305611
isophon,100,5,1000.0,-0.9196109473471239
isophon,100,5,1500.0,3.9515089412832936
isophon,100,5,2000.0,6.637894792307463
isophon,100,5,3000.0,1.2272886744547975
isophon,100,5,4000.0,-3.2478412851733793
isophon,100,5,6000.0,6.409306112753981
isophon,100,5,8000.0,23.696117649011043
isophon,100,6,250.0,5.879418769634881
isophon,100,6,500.0,-1.6464970833438457
isophon,100,6,750.0,-2.7528352645299066
isophon,100,6,1000.0,-6.779711055903178
isophon,100,6,1500.0,-0.5151506685921561
isophon,100,6,2000.0,4.948483335930405
isophon,100,6,3000.0,0.7057002380955595
isophon,100,6,4000.0,-7.669321253350262
isophon,100,6,6000.0,3.374271487687892
isophon,100,6,8000.0,22.0174768451879
isophon,100,7,250.0,0.5409224351831483
isophon,100,7,500.0,-0.6279441490765123
isophon,100,7,750.0,-2.1530753366978104
isophon,100,7,1000.0,-6.727640135095598
isophon,100,7,1500.0,-0.9317263176886286
isophon,100,7,2000.0,3.389850365820166
isophon,100,7,3000.0,-1.4622998006941401
isophon,100,7,4000.0,-11.676711575485612
isophon,100,7,6000.0,2.8456899855947597
isophon,100,7,8000.0,22.976080736754767
isophon,100,8,250.0,3.6705264128913626
isophon,100,8,500.0,0.37911218964940474
isophon,100,8,750.0,-0.16493879324731608
isophon,100,8,1000.0,-2.9074766278963438
isophon,100,8,1500.0,-0.511037501622468
isophon,100,8,2000.0,1.7216335426641223
isophon,100,8,3000.0,-6.102978866424749
isophon,100,8,4000.0,-14.22136669971593
isophon,100,8,6000.0,2.6177921720940276
isophon,100,8,8000.0,22.33597289023716
isophon,100,9,250.0,5.922059026546748
isophon,100,9,500.0,1.380567762278531
isophon,100,9,750.0,2.6215516846956746
isophon,100,9,1000.0,-0.5093862855691924
isophon,100,9,1500.0,-0.4126497213909204
isophon,100,9,2000.0,-0.27707471461661726
isophon,100,9,3000.0,-14.239898502118024
isophon,100,9,4000.0,-12.892869850183317
isophon,100,9,6000.0,2.2722357028688975
isophon,100,9,8000.0,21.05078066943642
isophon,100,10,250.0,0.28526386703077833
isophon,100,10,500.0,-6.341489871311211
isophon,100,10,750.0,-7.277372716196936
isophon,100,10,1000.0,-5.726899385949821
isophon,100,10,1500.0,-1.7953005495808725
isophon,100,10,2000.0,-0.9091433927893888
isophon,100,10,3000.0,-10.534648725757023
isophon,100,10,4000.0,-10.39404249970569
isophon,100,10,6000.0,3.3887847248547587
isophon,100,10,8000.0,21.788683073421595
isophon,101,1,250.0,-13.03383370627197
isophon,101,1,500.0,-12.036452508070681
isophon,101,1,750.0,-1.2670989093529386
isophon,101,1,1000.0,1.3592848773030823
isophon,101,1,1500.0,-1.9198065261465587
isophon,101,1,2000.0,-9.026842971574212
isophon,101,1,3000.0,2.7801074557866627
isophon,101,1,4000.0,5.682911434199639
isophon,101,1,6000.0,-7.888614473986209
isophon,101,1,8000.0,-2.5972808948939132
isophon,101,2,250.0,-6.397147258554696
isophon,101,2,500.0,2.3497035594663345
isophon,101,2,750.0,1.3036209001746997
isophon,101,2,1000.0,4.644525904387351
isophon,101,2,1500.0,1.261110612540989
isophon,101,2,2000.0,-7.2644498745794195
isophon,101,2,3000.0,-0.2460534594354158
isophon,101,2,4000.0,-7.461651941728377
isophon,101,2,6000.0,8.605359026258625
isophon,101,2,8000.0,-0.999146414588381
isophon,101,3,250.0,1.7280876684936999
isophon,101,3,500.0,-0.38232226577196116
isophon,101,3,750.0,0.286531035055134
isophon,101,3,1000.0,-0.9031368692340891
isophon,101,3,1500.0,4.039650252445163
isophon,101,3,2000.0,0.45137085613762906
isophon,101,3,3000.0,-0.732780616896207
isophon,101,3,4000.0,-3.7933152523356455
isophon,101,3,6000.0,1.6924744559716771
isophon,101,3,8000.0,5.920704178443174
isophon,101,4,250.0,6.4544537384206535
isophon,101,4,500.0,-0.5414228836359172
isophon,101,4,750.0,1.28605114016473
isophon,101,4,1000.0,1.4331520495777568
isophon,101,4,1500.0,-1.521989638592629
isophon,101,4,2000.0,3.2442417226042437
isophon,101,4,3000.0,2.497331688773386
isophon,101,4,4000.0,2.7868454728229892
isophon,101,4,6000.0,3.130166742758746
isophon,101,4,8000.0,5.811365533718856
isophon,101,5,250.0,4.358610134243776
isophon,101,5,500.0,8.138787940268088
isophon,101,5,750.0,8.55145654773004
isophon,101,5,1000.0,4.0456144146937305
isophon,101,5,1500.0,4.248973273715677
isophon,101,5,2000.0,3.682201617192959
isophon,101,5,3000.0,1.246777744813187
isophon,101,5,4000.0,6.863867392581824
isophon,101,5,6000.0,6.27696809506071
isophon,101,5,8000.0,9.119108499169087
isophon,101,6,250.0,-5.993858213404863
isophon,101,6,500.0,8.924663373411207
isophon,101,6,750.0,10.904486288861548
isophon,101,6,1000.0,8.034828560042286
isophon,101,6,1500.0,4.9362122997049624
isophon,101,6,2000.0,8.375128855583611
isophon,101,6,3000.0,2.715820241800756
isophon,101,6,4000.0,4.241211810145529
isophon,101,6,6000.0,6.45014167512457
isophon,101,6,8000.0,8.553309190565685
isophon,101,7,250.0,-3.194039310356416
isophon,101,7,500.0,7.95581315751231
isophon,101,7,750.0,9.979454540168078
isophon,101,7,1000.0,8.994866061563812
isophon,101,7,1500.0,4.8124827006148365
isophon,101,7,2000.0,8.883521152370164
isophon,101,7,3000.0,5.287358919232247
isophon,101,7,4000.0,5.360028356644051
isophon,101,7,6000.0,5.440760029963187
isophon,101,7,8000.0,9.071386030357715
isophon,101,8,250.0,-4.353946449062647
isophon,101,8,500.0,5.555499777505148
isophon,101,8,750.0,8.632686637466435
isophon,101,8,1000.0,4.084333347629368
isophon,101,8,1500.0,0.7511934673720049
isophon,101,8,2000.0,9.122369759194697
isophon,101,8,3000.0,3.23989234458935
isophon,101,8,4000.0,5.250829045064691
isophon,101,8,6000.0,4.1539133871764875
isophon,101,8,8000.0,5.168511037519551
isophon,101,9,250.0,-5.64327314820099
isophon,101,9,500.0,3.6642234921388166
isophon,101,9,750.0,5.109981198232958
isophon,101,9,1000.0,1.5643219215082667
isophon,101,9,1500.0,-0.673475919933054
isophon,101,9,2000.0,7.903219119973855
isophon,101,9,3000.0,0.8647778190941011
isophon,101,9,4000.0,3.303963735643464
isophon,101,9,6000.0,2.299299056525271
isophon,101,9,8000.0,0.9895360913549922
isophon,101,10,250.0,-2.5171792944345555
isophon,101,10,500.0,3.3915540172797023
isophon,101,10,750.0,5.694187530596096
isophon,101,10,1000.0,-2.4059059635716125
isophon,101,10,1500.0,-3.5116874308128274
isophon,101,10,2000.0,7.097573259473535
isophon,101,10,3000.0,1.2929160228527223
isophon,101,10,4000.0,-2.3437191305082763
isophon,101,10,6000.0,-1.475177812740469
isophon,101,10,8000.0,1.7816309197568643
isophon,102,1,250.0,20.670293394843014
isophon,102,1,500.0,0.23462913373313654
isophon,102,1,750.0,7.267260892715456
isophon,102,1,1000.0,-1.7230748426672449
isophon,102,1,1500.0,2.2993097977229056
isophon,102,1,2000.0,1.9782169625456731
isophon,102,1,3000.0,2.814373566821274
isophon,102,1,4000.0,-9.770999462133886
isophon,102,1,6000.0,-6.902303383661916
isophon,102,1,8000.0,-15.31151531897683
isophon,102,2,250.0,11.492480973706122
isophon,102,2,500.0,-2.971116131956677
isophon,102,2,750.0,-0.7170254576392949
isophon,102,2,1000.0,-3.485818817684134
isophon,102,2,1500.0,-1.3416521950884714
isophon,102,2,2000.0,0.5467748901198206
isophon,102,2,3000.0,1.4503717764965955
isophon,102,2,4000.0,1.6608829865531334
isophon,102,2,6000.0,-4.203074909410503
isophon,102,2,8000.0,-9.38646140466129
isophon,102,3,250.0,10.843521602797892
isophon,102,3,500.0,-1.784949273930735
isophon,102,3,750.0,-4.081009138556325
isophon,102,3,1000.0,-1.8046396453623288
isophon,102,3,1500.0,0.31524752694443237
isophon,102,3,2000.0,2.608595377849781
isophon,102,3,3000.0,2.2212529011933384
isophon,102,3,4000.0,2.4111498070500375
isophon,102,3,6000.0,-3.0976061611022487
isophon,102,3,8000.0,-13.310574291355806
isophon,102,4,250.0,6.027155566557994
isophon,102,4,500.0,-3.404541933032945
isophon,102,4,750.0,-4.383339523865573
isophon,102,4,1000.0,-1.1909829821261013
isophon,102,4,1500.0,-1.273169747008609
isophon,102,4,2000.0,1.6120208181892224
isophon,102,4,3000.0,0.811530146112915
isophon,102,4,4000.0,4.47606431990512
isophon,102,4,6000.0,-4.852521874435013
isophon,102,4,8000.0,-16.61152923728598
isophon,102,5,250.0,7.022258207633584
isophon,102,5,500.0,-1.5703949459330175
isophon,102,5,750.0,-2.196959878439472
isophon,102,5,1000.0,1.478938254564909
isophon,102,5,1500.0,-0.4505267868911176
isophon,102,5,2000.0,-1.7922088254187685
isophon,102,5,3000.0,-0.5759077604509457
isophon,102,5,4000.0,0.7954680981374196
isophon,102,5,6000.0,-3.314146573752467
isophon,102,5,8000.0,-12.236771194010387
isophon,102,6,250.0,7.736814682480258
isophon,102,6,500.0,-4.757554420566677
isophon,102,6,750.0,-8.010776870220496
isophon,102,6,1000.0,-1.9789028937366169
isophon,102,6,1500.0,-1.393850694118285
isophon,102,6,2000.0,-0.7320262214886384
isophon,102,6,3000.0,-2.0136037291987066
isophon,102,6,4000.0,-0.8291361557846528
isophon,102,6,6000.0,-0.2545145028762761
isophon,102,6,8000.0,-7.995857526798019
isophon,102,7,250.0,1.2095187051683354
isophon,102,7,500.0,-2.0373546446111845
isophon,102,7,750.0,-5.143635474831299
isophon,102,7,1000.0,-4.988267429339501
isophon,102,7,1500.0,-4.719010163212374
isophon,102,7,2000.0,-0.06785890165014052
isophon,102,7,3000.0,1.0140159612839312
isophon,102,7,4000.0,-0.03863236189314989
isophon,102,7,6000.0,-3.763625971230823
isophon,102,7,8000.0,-7.674936696927631
isophon,102,8,250.0,0.4481953072553324
isophon,102,8,500.0,-3.312249309234204
isophon,102,8,750.0,-5.475436063065487
isophon,102,8,1000.0,-6.181928322099637
isophon,102,8,1500.0,-2.2310087044918845
isophon,102,8,2000.0,-3.197927800525676
isophon,102,8,3000.0,0.3778216579460434
isophon,102,8,4000.0,1.5847727601401829
isophon,102,8,6000.0,-2.3098447709201366
isophon,102,8,8000.0,-6.815456881235946
isophon,102,9,250.0,0.2350114803976595
isophon,102,9,500.0,-2.8361710366782376
isophon,102,9,750.0,-3.5437429255377566
isophon,102,9,1000.0,-4.8811328123072
isophon,102,9,1500.0,-0.31835937797936253
isophon,102,9,2000.0,-0.8000677928324791
isophon,102,9,3000.0,2.5961697029843123
isophon,102,9,4000.0,0.9206429749143439
isophon,102,9,6000.0,-1.0965197443803447
isophon,102,9,8000.0,-6.1175217481796125
isophon,102,10,250.0,1.3776179290249218
isophon,102,10,500.0,-1.1031345751460009
isophon,102,10,750.0,-1.9720057816143424
isophon,102,10,1000.0,-0.8386822154204623
isophon,102,10,1500.0,3.0087232124486007
isophon,102,10,2000.0,1.7064936637165573
isophon,102,10,3000.0,2.9270736667681234
isophon,102,10,4000.0,1.4833161022875316
isophon,102,10,6000.0,0.8908647868833128
isophon,102,10,8000.0,-3.117707736948148
isophon,103,1,250.0,2.7834550551222854
isophon,103,1,500.0,-26.06074289062078
isophon,103,1,750.0,-27.64841144684104
isophon,103,1,1000.0,3.441695387741106
isophon,103,1,1500.0,-16.807683027706993
isophon,103,1,2000.0,-34.43273721530072
isophon,103,1,3000.0,-29.51053668599303
isophon,103,1,4000.0,-6.790168676469591
isophon,103,1,6000.0,-12.225349188426293
isophon,103,1,8000.0,31.690777868974692
isophon,103,2,250.0,-6.063587844355396
isophon,103,2,500.0,-2.8375435530286666
isophon,103,2,750.0,-17.78344820434485
isophon,103,2,1000.0,-0.27004559747319945
isophon,103,2,1500.0,-3.1179640500855186
isophon,103,2,2000.0,-10.448839957824418
isophon,103,2,3000.0,-0.13914591757672667
isophon,103,2,4000.0,3.7970288019060945
isophon,103,2,6000.0,5.995042858095331
isophon,103,2,8000.0,35.80190061525619
isophon,103,3,250.0,-0.06593117617522637
isophon,103,3,500.0,9.1519245771376
isophon,103,3,750.0,-4.851199930187121
isophon,103,3,1000.0,0.036383315559483265
isophon,103,3,1500.0,-1.9776938734735907
isophon,103,3,2000.0,-6.542116040279041
isophon,103,3,3000.0,-0.44575142760281494
isophon,103,3,4000.0,6.399772369712295
isophon,103,3,6000.0,11.85974650347508
isophon,103,3,8000.0,44.2089774101177
isophon,103,4,250.0,-3.2113606857386827
isophon,103,4,500.0,17.09733440338981
isophon,103,4,750.0,6.005367912258393
isophon,103,4,1000.0,4.786516722678144
isophon,103,4,1500.0,3.12709572181285
isophon,103,4,2000.0,-4.725750376860631
isophon,103,4,3000.0,-4.832053791328704
isophon,103,4,4000.0,5.367898630404994
isophon,103,4,6000.0,15.90981503115465
isophon,103,4,8000.0,48.08525588429775
isophon,103,5,250.0,-0.5780243336452742
isophon,103,5,500.0,0.7300639745198225
isophon,103,5,750.0,-2.766841329937037
isophon,103,5,1000.0,-0.7969350815122169
isophon,103,5,1500.0,3.543782218057544
isophon,103,5,2000.0,-5.700448025630763
isophon,103,5,3000.0,-3.074977724696751
isophon,103,5,4000.0,6.74337973605364
isophon,103,5,6000.0,13.20850216290873
isophon,103,5,8000.0,40.69711529899264
isophon,103,6,250.0,-6.532620052382953
isophon,103,6,500.0,-8.20422670160977
isophon,103,6,750.0,-3.9193144914303417
isophon,103,6,1000.0,4.733780992258772
isophon,103,6,1500.0,5.849859032409768
isophon,103,6,2000.0,0.27037314521511746
isophon,103,6,3000.0,-0.8238731367361396
isophon,103,6,4000.0,6.169894998460151
isophon,103,6,6000.0,10.091838381441008
isophon,103,6,8000.0,28.586848957192103
isophon,103,7,250.0,-5.203618802623893
isophon,103,7,500.0,-6.423842247056157
isophon,103,7,750.0,-2.098319490729139
isophon,103,7,1000.0,5.790850540651931
isophon,103,7,1500.0,5.225043287669536
isophon,103,7,2000.0,-3.978445241144911
isophon,103,7,3000.0,-5.817454872373759
isophon,103,7,4000.0,-2.695891116753387
isophon,103,7,6000.0,7.833391580962669
isophon,103,7,8000.0,27.683918155195457
isophon,103,8,250.0,-5.51173108292528
isophon,103,8,500.0,-9.127314170192378
isophon,103,8,750.0,-4.432114233788724
isophon,103,8,1000.0,5.441847160677412
isophon,103,8,1500.0,4.133253465646618
isophon,103,8,2000.0,-4.12588765469981
isophon,103,8,3000.0,-6.414259630766509
isophon,103,8,4000.0,-1.401641307650138
isophon,103,8,6000.0,7.851961786187815
isophon,103,8,8000.0,21.877599873848922
isophon,103,9,250.0,-4.155907596369602
isophon,103,9,500.0,-9.45677686001487
isophon,103,9,750.0,-5.826724143580648
isophon,103,9,1000.0,6.950297601190272
isophon,103,9,1500.0,4.506123112229744
isophon,103,9,2000.0,-3.614941947055172
isophon,103,9,3000.0,-7.388890445709748
isophon,103,9,4000.0,-0.35003842272506347
isophon,103,9,6000.0,8.034915075841468
isophon,103,9,8000.0,13.821735885388335
isophon,103,10,250.0,-0.2896161629724361
isophon,103,10,500.0,-8.313395720263571
isophon,103,10,750.0,-6.742265944126316
isophon,103,10,1000.0,0.4738053523385446
isophon,103,10,1500.0,-5.240556691299673
isophon,103,10,2000.0,-5.1805214076145205
isophon,103,10,3000.0,-2.3592918436127235
isophon,103,10,4000.0,1.8112081833283327
isophon,103,10,6000.0,8.44821167079013
isophon,103,10,8000.0,9.787878947515509
isophon,104,1,250.0,-8.741981428010163
isophon,104,1,500.0,-39.87174326349421
isophon,104,1,750.0,-40.722329040034936
isophon,104,1,1000.0,-40.47957248811633
isophon,104,1,1500.0,-29.330019802022434
isophon,104,1,2000.0,-13.950415893272577
isophon,104,1,3000.0,-21.147176712071456
isophon,104,1,4000.0,-1.6337330612959349
isophon,104,1,6000.0,-13.215152743853338
isophon,104,1,8000.0,-1.6167250033141443
isophon,104,2,250.0,-1.519157924475465
isophon,104,2,500.0,1.4946997769646941
isophon,104,2,750.0,-0.8416192539290819
isophon,104,2,1000.0,-1.7760849460304655
isophon,104,2,1500.0,0.0006453684892733236
isophon,104,2,2000.0,1.3711814695405309
isophon,104,2,3000.0,-0.08886474436252456
isophon,104,2,4000.0,11.219983296096814
isophon,104,2,6000.0,13.67992969933502
isophon,104,2,8000.0,18.026639389122224
isophon,104,3,250.0,9.961459880493535
isophon,104,3,500.0,19.753943069107294
isophon,104,3,750.0,20.250414751433
isophon,104,3,1000.0,14.64579454342244
isophon,104,3,1500.0,11.657951045623946
isophon,104,3,2000.0,11.039448376687716
isophon,104,3,3000.0,12.328032656560751
isophon,104,3,4000.0,22.63407005757142
isophon,104,3,6000.0,24.859443357514607
isophon,104,3,8000.0,28.632370920322586
isophon,104,4,250.0,15.927786883210757
isophon,104,4,500.0,33.556841114500926
isophon,104,4,750.0,33.42429666140946
isophon,104,4,1000.0,25.567201323971616
isophon,104,4,1500.0,24.646887785806314
isophon,104,4,2000.0,22.629089469725372
isophon,104,4,3000.0,22.985316380512145
isophon,104,4,4000.0,30.856628498733528
isophon,104,4,6000.0,35.53077845575224
isophon,104,4,8000.0,36.902204765900805
isophon,104,5,250.0,13.878368801127664
isophon,104,5,500.0,36.86505694171485
isophon,104,5,750.0,31.69498812774998
isophon,104,5,1000.0,19.014435732355636
isophon,104,5,1500.0,26.973632877231523
isophon,104,5,2000.0,23.174254585239638
isophon,104,5,3000.0,23.3942930264909
isophon,104,5,4000.0,27.221996441215907
isophon,104,5,6000.0,32.21662589828716
isophon,104,5,8000.0,34.510133086611674
isophon,104,6,250.0,15.027341384892296
isophon,104,6,500.0,26.748902042919838
isophon,104,6,750.0,26.340328903248903
isophon,104,6,1000.0,19.17613464947638
isophon,104,6,1500.0,25.219260611476756
isophon,104,6,2000.0,23.75430904045841
isophon,104,6,3000.0,22.28092252700384
isophon,104,6,4000.0,19.721750861808715
isophon,104,6,6000.0,20.087018119987462
isophon,104,6,8000.0,26.163582945507954
isophon,104,7,250.0,10.879383163662993
isophon,104,7,500.0,21.55139225725108
isophon,104,7,750.0,24.003210712725263
isophon,104,7,1000.0,18.063861061880004
isophon,104,7,1500.0,19.352698103888372
isophon,104,7,2000.0,21.332654564317366
isophon,104,7,3000.0,18.938445544152273
isophon,104,7,4000.0,16.49788020439395
isophon,104,7,6000.0,16.793230690319163
isophon,104,7,8000.0,20.52072486654062
isophon,104,8,250.0,11.14860453873031
isophon,104,8,500.0,17.897261495939617
isophon,104,8,750.0,20.99848526599054
isophon,104,8,1000.0,19.692083628001825
isophon,104,8,1500.0,18.401051088571805
isophon,104,8,2000.0,18.987830729509298
isophon,104,8,3000.0,13.370609385337346
isophon,104,8,4000.0,6.968142497354037
isophon,104,8,6000.0,11.162250823435798
isophon,104,8,8000.0,14.680947670655058
isophon,104,9,250.0,10.214686053668856
isophon,104,9,500.0,14.972366050019232
isophon,104,9,750.0,19.05241586248323
isophon,104,9,1000.0,17.36100644052462
isophon,104,9,1500.0,16.83278958094853
isophon,104,9,2000.0,15.581429149406972
isophon,104,9,3000.0,5.437673771790756
isophon,104,9,4000.0,-2.138672675353291
isophon,104,9,6000.0,6.946348220738926
isophon,104,9,8000.0,11.11808574900732
isophon,104,10,250.0,-4.7041345999458315
isophon,104,10,500.0,13.270323743134867
isophon,104,10,750.0,16.440333582603017
isophon,104,10,1000.0,13.243214538962278
isophon,104,10,1500.0,11.761590124408428
isophon,104,10,2000.0,10.357943844103133
isophon,104,10,3000.0,3.499365926571869
isophon,104,10,4000.0,-4.425279235839838
isophon,104,10,6000.0,1.366290363178905
isophon,104,10,8000.0,9.461074910741374
isophon,105,1,250.0,-22.894309423142772
isophon,105,1,500.0,7.852335404202149
isophon,105,1,750.0,11.569185624536475
isophon,105,1,1000.0,2.1747789131470068
isophon,105,1,1500.0,9.702977061495053
isophon,105,1,2000.0,4.2865569952779765
isophon,105,1,3000.0,5.806453500555278
isophon,105,1,4000.0,-11.41994500284838
isophon,105,1,6000.0,9.878790894197095
isophon,105,1,8000.0,-12.396764835540296
isophon,105,2,250.0,-0.42039226689428943
isophon,105,2,500.0,5.190382150432185
isophon,105,2,750.0,1.2085180907747954
isophon,105,2,1000.0,2.3055235880232843
isophon,105,2,1500.0,7.278594979118694
isophon,105,2,2000.0,-1.4839900073720358
isophon,105,2,3000.0,-6.178412823714552
isophon,105,2,4000.0,-2.795056815211197
isophon,105,2,6000.0,2.5268828504873113
isophon,105,2,8000.0,-13.413082122445687
isophon,105,3,250.0,-5.328288650290887
isophon,105,3,500.0,0.21325666085729011
isophon,105,3,750.0,-2.793067996332425
isophon,105,3,1000.0,-5.269291060524168
isophon,105,3,1500.0,4.100782788044086
isophon,105,3,2000.0,2.116927302039471
isophon,105,3,3000.0,0.049458686730872614
isophon,105,3,4000.0,-2.199263919160117
isophon,105,3,6000.0,6.432994116406547
isophon,105,3,8000.0,-10.271504417383909
isophon,105,4,250.0,-9.702891979012932
isophon,105,4,500.0,-1.506606497440302
isophon,105,4,750.0,-4.712230073896066
isophon,105,4,1000.0,-6.353478501317099
isophon,105,4,1500.0,2.082549293529695
isophon,105,4,2000.0,2.2165805062909385
isophon,105,4,3000.0,-2.1258261211092986
isophon,105,4,4000.0,-3.401782179830377
isophon,105,4,6000.0,3.070540379961372
isophon,105,4,8000.0,-7.492000632297831
isophon,105,5,250.0,-5.168411829951893
isophon,105,5,500.0,-3.282007666909408
isophon,105,5,750.0,-2.572008477505122
isophon,105,5,1000.0,-3.4190491983244726
isophon,105,5,1500.0,1.6665775482639447
isophon,105,5,2000.0,2.0763297036100568
isophon,105,5,3000.0,-0.8182288988439552
isophon,105,5,4000.0,-0.00054876778091284
isophon,105,5,6000.0,-0.9343388822130976
isophon,105,5,8000.0,-4.971182376016316
isophon,105,6,250.0,-2.0014958160460594
isophon,105,6,500.0,5.1483005975073866
isophon,105,6,750.0,2.7604446231333952
isophon,105,6,1000.0,-0.8683121384455887
isophon,105,6,1500.0,-2.573519720665871
isophon,105,6,2000.0,-2.0452106598873883
isophon,105,6,3000.0,-2.060815256351944
isophon,105,6,4000.0,-0.21881315739057072
isophon,105,6,6000.0,3.5694588014649042
isophon,105,6,8000.0,-0.04355899908571814
isophon,105,7,250.0,-1.8340825542277344
isophon,105,7,500.0,4.178574175195479
isophon,105,7,750.0,4.620386220692254
isophon,105,7,1000.0,2.119153987895885
isophon,105,7,1500.0,0.5484252739027795
isophon,105,7,2000.0,0.3937874606842371
isophon,105,7,3000.0,1.8758450823643074
isophon,105,7,4000.0,2.594339838104034
isophon,105,7,6000.0,5.3713297604040235
isophon,105,7,8000.0,0.4294283378993242
isophon,105,8,250.0,-4.297544658600685
isophon,105,8,500.0,4.140188585233943
isophon,105,8,750.0,5.2659905145330725
isophon,105,8,1000.0,2.283040553665444
isophon,105,8,1500.0,-0.25512659780170566
isophon,105,8,2000.0,1.4078268652884702
isophon,105,8,3000.0,5.590250800240838
isophon,105,8,4000.0,3.210555268338055
isophon,105,8,6000.0,4.239802828522855
isophon,105,8,8000.0,1.7798288878663016
isophon,105,9,250.0,-4.130054466145211
isophon,105,9,500.0,6.505030231444991
isophon,105,9,750.0,6.385896002749746
isophon,105,9,1000.0,0.6942690263941813
isophon,105,9,1500.0,-0.7281775130032031
isophon,105,9,2000.0,0.536477672843759
isophon,105,9,3000.0,6.724355994941817
isophon,105,9,4000.0,3.1120048408150183
isophon,105,9,6000.0,5.840608960080374
isophon,105,9,8000.0,3.006509710681499
isophon,105,10,250.0,-0.7326435836664444
isophon,105,10,500.0,6.047338396779793
isophon,105,10,750.0,7.526468027397996
isophon,105,10,1000.0,0.4133812425736494
isophon,105,10,1500.0,0.9918581490494347
isophon,105,10,2000.0,-1.0112358093261662
isophon,105,10,3000.0,3.199741989286153
isophon,105,10,4000.0,3.6317916933385277
isophon,105,10,6000.0,6.047603873633122
isophon,105,10,8000.0,3.8659088604657654
isophon,106,1,250.0,-11.659784175519917
isophon,106,1,500.0,-13.255832148235669
isophon,106,1,750.0,-5.122215844832716
isophon,106,1,1000.0,-1.9735164662733737
isophon,106,1,1500.0,-4.592086052702427
isophon,106,1,2000.0,-9.238243254429726
isophon,106,1,3000.0,26.15195413094923
isophon,106,1,4000.0,16.178780519563766
isophon,106,1,6000.0,-6.4197182741913466
isophon,106,1,8000.0,3.3086861639356613
isophon,106,2,250.0,-9.583470148836412
isophon,106,2,500.0,-6.595474915804175
isophon,106,2,750.0,0.2855705222596896
isophon,106,2,1000.0,3.8116083442568183
isophon,106,2,1500.0,2.4374148135563516
isophon,106,2,2000.0,3.893731294513522
isophon,106,2,3000.0,8.104218985397743
isophon,106,2,4000.0,8.236753637013358
isophon,106,2,6000.0,-15.221344362651564
isophon,106,2,8000.0,1.6378265519009858
isophon,106,3,250.0,0.15664763331608356
isophon,106,3,500.0,-5.460818227174485
isophon,106,3,750.0,-3.6556267855200844
isophon,106,3,1000.0,2.1934303924190033
isophon,106,3,1500.0,0.039272408075312626
isophon,106,3,2000.0,0.10397917435188475
isophon,106,3,3000.0,-2.9585826184379016
isophon,106,3,4000.0,2.5312064685543874
isophon,106,3,6000.0,-7.369109340408599
isophon,106,3,8000.0,-0.7002771585485448
isophon,106,4,250.0,8.50629890922778
isophon,106,4,500.0,-5.902646964802997
isophon,106,4,750.0,-6.802138758710171
isophon,106,4,1000.0,-4.408375434106233
isophon,106,4,1500.0,-8.615979427778768
isophon,106,4,2000.0,-16.188614650734962
isophon,106,4,3000.0,-8.034334929040767
isophon,106,4,4000.0,-0.976388432507747
isophon,106,4,6000.0,-5.569425356225608
isophon,106,4,8000.0,1.5248358503780395
isophon,106,5,250.0,-0.5965095529166717
isophon,106,5,500.0,-9.277286220299487
isophon,106,5,750.0,-2.2859983925266647
isophon,106,5,1000.0,2.539359637940734
isophon,106,5,1500.0,-5.522718429052702
isophon,106,5,2000.0,-13.462255592059108
isophon,106,5,3000.0,-8.131982315241117
isophon,106,5,4000.0,-0.09290301500485043
isophon,106,5,6000.0,-0.20992920763039535
isophon,106,5,8000.0,-1.8880647098140457
isophon,106,6,250.0,-5.457176133355091
isophon,106,6,500.0,-3.748388441414363
isophon,106,6,750.0,2.4111763370665074
isophon,106,6,1000.0,6.3580947632514295
isophon,106,6,1500.0,2.7903520550893575
isophon,106,6,2000.0,-5.571831418462196
isophon,106,6,3000.0,-1.0589310011701372
isophon,106,6,4000.0,5.683223714182986
isophon,106,6,6000.0,-2.8302073836671013
isophon,106,6,8000.0,-5.315957659482962
isophon,106,7,250.0,-1.5941990676019486
isophon,106,7,500.0,-0.4255681541487064
isophon,106,7,750.0,4.108062776152067
isophon,106,7,1000.0,2.5137889232492796
isophon,106,7,1500.0,1.9247925315324181
isophon,106,7,2000.0,-2.4718920347290947
isophon,106,7,3000.0,-0.7873848329400062
isophon,106,7,4000.0,4.954328869731697
isophon,106,7,6000.0,-0.8716947622230151
isophon,106,7,8000.0,-3.084064264882187
isophon,106,8,250.0,-0.09400869987619842
isophon,106,8,500.0,0.46048915019684955
isophon,106,8,750.0,5.933118933216321
isophon,106,8,1000.0,3.1665187821703284
isophon,106,8,1500.0,3.067930122522071
isophon,106,8,2000.0,-2.5367986869813848
isophon,106,8,3000.0,-1.6885372195704775
isophon,106,8,4000.0,2.410429890838742
isophon,106,8,6000.0,0.8441438711669917
isophon,106,8,8000.0,-1.2803425064774245
isophon,106,9,250.0,1.1319037039135509
isophon,106,9,500.0,1.3303651437744577
isophon,106,9,750.0,6.486968725252723
isophon,106,9,1000.0,5.434363257375395
isophon,106,9,1500.0,2.952114522878105
isophon,106,9,2000.0,-0.40881358046280525
isophon,106,9,3000.0,-1.7405746420019454
isophon,106,9,4000.0,1.8364551755137342
isophon,106,9,6000.0,1.3880496771524662
isophon,106,9,8000.0,0.19541837051778543
isophon,106,10,250.0,3.4486222912523203
isophon,106,10,500.0,3.857083576946934
isophon,106,10,750.0,4.341751857462
isophon,106,10,1000.0,8.55930495115976
isophon,106,10,1500.0,4.706664580606841
isophon,106,10,2000.0,1.0413090472126356
isophon,106,10,3000.0,0.7507937214874545
isophon,106,10,4000.0,3.0938267975482887
isophon,106,10,6000.0,2.941417146714741
isophon,106,10,8000.0,1.5679768141817192
isophon,107,1,250.0,-5.90482546380008
isophon,107,1,500.0,-11.938984685270967
isophon,107,1,750.0,-14.151829984549096
isophon,107,1,1000.0,-15.658251827757482
isophon,107,1,1500.0,-17.845375550897657
isophon,107,1,2000.0,-15.204143910623046
isophon,107,1,3000.0,-5.532470397455654
isophon,107,1,4000.0,-5.635820453481642
isophon,107,1,6000.0,-0.7318988423431563
isophon,107,1,8000.0,1.0853214179892916
isophon,107,2,250.0,3.4965655979860273
isophon,107,2,500.0,2.5411914691368906
isophon,107,2,750.0,-2.5301284021298613
isophon,107,2,1000.0,-5.246296919591543
isophon,107,2,1500.0,-2.2088748764955426
isophon,107,2,2000.0,-0.5776425608847546
isophon,107,2,3000.0,2.5855381170295857
isophon,107,2,4000.0,3.9955339043339393
isophon,107,2,6000.0,1.871920968097868
isophon,107,2,8000.0,0.04773473019288588
isophon,107,3,250.0,1.9651137451880913
isophon,107,3,500.0,4.118913237170034
isophon,107,3,750.0,0.6202183107617429
isophon,107,3,1000.0,-0.23915094780652169
isophon,107,3,1500.0,-0.08355309475687989
isophon,107,3,2000.0,-0.12628388640521848
isophon,107,3,3000.0,-0.40094731031483377
isophon,107,3,4000.0,2.0126176302157006
isophon,107,3,6000.0,-0.30332155784327597
isophon,107,3,8000.0,-2.686168274564565
isophon,107,4,250.0,0.7525776791666772
isophon,107,4,500.0,2.5069374660622543
isophon,107,4,750.0,1.4910095994398205
isophon,107,4,1000.0,-0.7028780600954576
isophon,107,4,1500.0,2.611104974103995
isophon,107,4,2000.0,0.5813470300927293
isophon,107,4,3000.0,-3.2716372303928694
isophon,107,4,4000.0,-3.9982624307692163
isophon,107,4,6000.0,-3.3652747562329353
isophon,107,4,8000.0,-3.483270898079823
isophon,107,5,250.0,-3.355805528316523
isophon,107,5,500.0,-0.8839953498419817
isophon,107,5,750.0,-0.492097015010188
isophon,107,5,1000.0,-1.2001848103254247
isophon,107,5,1500.0,0.6781207268630851
isophon,107,5,2000.0,-1.1665406472120594
isophon,107,5,3000.0,-2.9739228964408966
isophon,107,5,4000.0,-3.137956350376612
isophon,107,5,6000.0,-5.318588829291116
isophon,107,5,8000.0,-5.343113853940835
isophon,107,6,250.0,0.3207611087803173
isophon,107,6,500.0,0.2728447187258496
isophon,107,6,750.0,-0.837526562924154
isophon,107,6,1000.0,-0.36723120895948114
isophon,107,6,1500.0,4.110533426896822
isophon,107,6,2000.0,1.4922939239982185
isophon,107,6,3000.0,-1.5901711292313223
isophon,107,6,4000.0,-0.8268992069195065
isophon,107,6,6000.0,-4.109905731625233
isophon,107,6,8000.0,-3.084492244530068
isophon,107,7,250.0,-0.2943712211682765
isophon,107,7,500.0,1.3155678829589732
isophon,107,7,750.0,0.9654948037103708
isophon,107,7,1000.0,1.7275056298814633
isophon,107,7,1500.0,5.086196258476733
isophon,107,7,2000.0,3.6107975288662573
isophon,107,7,3000.0,-1.2335355537480268
isophon,107,7,4000.0,-0.5581518990379948
isophon,107,7,6000.0,-3.4747288421049802
isophon,107,7,8000.0,-2.931770339232685
isophon,107,8,250.0,-0.883007917228241
isophon,107,8,500.0,4.775677396291343
isophon,107,8,750.0,3.1008493617067074
isophon,107,8,1000.0,3.5911242665417262
isophon,107,8,1500.0,5.259867321107492
isophon,107,8,2000.0,4.260336250585283
isophon,107,8,3000.0,0.8905967737827893
isophon,107,8,4000.0,-0.7025544881789045
isophon,107,8,6000.0,-3.051408913406746
isophon,107,8,8000.0,-2.780852667699463
isophon,107,9,250.0,-1.2761041969903033
isophon,107,9,500.0,4.801113540542445
isophon,107,9,750.0,4.298980770198881
isophon,107,9,1000.0,3.0453274863358644
isophon,107,9,1500.0,5.138279354938064
isophon,107,9,2000.0,4.973641179751624
isophon,107,9,3000.0,2.5054560517026374
isophon,107,9,4000.0,-0.8478558164097763
isophon,107,9,6000.0,-2.2040330342983196
isophon,107,9,8000.0,-2.4545169014709955
isophon,107,10,250.0,-3.3187306408262742
isophon,107,10,500.0,-1.079949288952065
isophon,107,10,750.0,-1.4458116419316127
isophon,107,10,1000.0,-2.109343928958225
isophon,107,10,1500.0,-0.6622743725529574
isophon,107,10,2000.0,-1.3767330595838416
isophon,107,10,3000.0,-0.7126260791437602
isophon,107,10,4000.0,-2.938092721916476
isophon,107,10,6000.0,-3.4205368446699396
isophon,107,10,8000.0,-6.184945063692069
isophon,108,1,250.0,24.881747084469545
isophon,108,1,500.0,-8.880149158830875
isophon,108,1,750.0,2.761680638708924
isophon,108,1,1000.0,2.7911771597138717
isophon,108,1,1500.0,-3.9756286645365577
isophon,108,1,2000.0,-1.8833331654446965
isophon,108,1,3000.0,-9.026401179967436
isophon,108,1,4000.0,7.166644986403668
isophon,108,1,6000.0,-5.019530759928315
isophon,108,1,8000.0,-20.40211908866243
isophon,108,2,250.0,3.0044920453892487
isophon,108,2,500.0,-7.760726063427136
isophon,108,2,750.0,-1.0404895347519556
isophon,108,2,1000.0,-7.8550856881741
isophon,108,2,1500.0,14.543618686293833
isophon,108,2,2000.0,5.45181313378653
isophon,108,2,3000.0,-4.1689714452959095
isophon,108,2,4000.0,-0.8147407760371834
isophon,108,2,6000.0,-1.790824594346354
isophon,108,2,8000.0,-10.936115551364182
isophon,108,3,250.0,1.42497899147169
isophon,108,3,500.0,-0.5386231857751795
isophon,108,3,750.0,-0.2117903784403552
isophon,108,3,1000.0,2.2066374748301527
isophon,108,3,1500.0,8.490397819652756
isophon,108,3,2000.0,-0.8142869024843833
isophon,108,3,3000.0,-1.7805292298680797
isophon,108,3,4000.0,6.483074347564255
isophon,108,3,6000.0,0.811622342225462
isophon,108,3,8000.0,-9.608661900212823
isophon,108,4,250.0,-6.483358964592213
isophon,108,4,500.0,-2.1541181316960376
isophon,108,4,750.0,-0.7591532178133775
isophon,108,4,1000.0,2.629464946929886
isophon,108,4,1500.0,0.8711793524803113
isophon,108,4,2000.0,-5.710385951549455
isophon,108,4,3000.0,-2.9152933002031602
isophon,108,4,4000.0,0.20856213200873697
isophon,108,4,6000.0,1.0533810469393927
isophon,108,4,8000.0,-8.551621054525356
isophon,108,5,250.0,1.0027937496534491
isophon,108,5,500.0,2.237910055373632
isophon,108,5,750.0,-0.3803440585131028
isophon,108,5,1000.0,-2.074294127697385
isophon,108,5,1500.0,-2.986600576479532
isophon,108,5,2000.0,-6.043313799746343
isophon,108,5,3000.0,-0.3562842539725324
isophon,108,5,4000.0,2.6294255705482357
isophon,108,5,6000.0,6.142871008869733
isophon,108,5,8000.0,-2.6022204595378184
isophon,108,6,250.0,-2.161336715430508
isophon,108,6,500.0,2.841556065853183
isophon,108,6,750.0,3.5561553150193106
isophon,108,6,1000.0,5.170674715086108
isophon,108,6,1500.0,2.3326734991239704
isophon,108,6,2000.0,1.0423940334503783
isophon,108,6,3000.0,1.565741464123107
isophon,108,6,4000.0,3.604492794413545
isophon,108,6,6000.0,5.621783466783739
isophon,108,6,8000.0,3.400285384300304
isophon,108,7,250.0,-6.597807452701488
isophon,108,7,500.0,-0.9641966110312126
isophon,108,7,750.0,-0.48819822083164865
isophon,108,7,1000.0,-1.98571461557691
isophon,108,7,1500.0,-1.0353119576624152
isophon,108,7,2000.0,-4.007907226377114
isophon,108,7,3000.0,-0.9626711026782857
isophon,108,7,4000.0,2.8194125924517834
isophon,108,7,6000.0,3.4851123033785427
isophon,108,7,8000.0,-0.32007412197943097
isophon,108,8,250.0,-3.21962016162378
isophon,108,8,500.0,0.09494979573774742
isophon,108,8,750.0,0.8180053025331517
isophon,108,8,1000.0,-3.0530243980832523
isophon,108,8,1500.0,-3.235846789320732
isophon,108,8,2000.0,-7.457553737869063
isophon,108,8,3000.0,-2.5994165287880975
isophon,108,8,4000.0,1.666857970185717
isophon,108,8,6000.0,0.4115430892484824
isophon,108,8,8000.0,-3.0908505968008626
isophon,108,9,250.0,-1.110545405916099
isophon,108,9,500.0,1.9383034182442742
isophon,108,9,750.0,2.3838946582308864
isophon,108,9,1000.0,-1.380330824314882
isophon,108,9,1500.0,-2.4479492176300965
isophon,108,9,2000.0,-5.650181620061275
isophon,108,9,3000.0,-1.7926010817979403
isophon,108,9,4000.0,-1.4073217867365173
isophon,108,9,6000.0,-1.8369011044043901
isophon,108,9,8000.0,-6.231454933157053
isophon,108,10,250.0,1.9243985821708947
isophon,108,10,500.0,5.018812216800015
isophon,108,10,750.0,4.2717039526951055
isophon,108,10,1000.0,2.766831106178387
isophon,108,10,1500.0,0.1424828065029402
isophon,108,10,2000.0,-2.492390510006885
isophon,108,10,3000.0,0.2335294232701841
isophon,108,10,4000.0,-2.696940352699528
isophon,108,10,6000.0,-1.5134688361453925
isophon,108,10,8000.0,-11.160449947049372
isophon,109,1,250.0,9.034506578436734
isophon,109,1,500.0,2.1084045300880376
isophon,109,1,750.0,-10.770307195371032
isophon,109,1,1000.0,1.015451249810333
isophon,109,1,1500.0,3.7668267088748877
isophon,109,1,2000.0,-8.327530458641135
isophon,109,1,3000.0,-9.596648965129532
isophon,109,1,4000.0,-2.2464429112305098
isophon,109,1,6000.0,-14.072552116904887
isophon,109,1,8000.0,-1.4429402184806293
isophon,109,2,250.0,-1.5051172027967255
isophon,109,2,500.0,-7.827518339586206
isophon,109,2,750.0,-8.831974733195452
isophon,109,2,1000.0,3.12914854654381
isophon,109,2,1500.0,-4.784642457137167
isophon,109,2,2000.0,1.4134213438890484
isophon,109,2,3000.0,-5.27230587260307
isophon,109,2,4000.0,-2.196051014756648
isophon,109,2,6000.0,-7.892667038705895
isophon,109,2,8000.0,-5.1693498692636695
isophon,109,3,250.0,5.520550815880682
isophon,109,3,500.0,-2.355734624649557
isophon,109,3,750.0,-4.295941246605949
isophon,109,3,1000.0,0.23694091351757152
isophon,109,3,1500.0,-3.864014712801904
isophon,109,3,2000.0,3.21601006883256
isophon,109,3,3000.0,-0.060669615877074534
isophon,109,3,4000.0,2.8697199570163576
isophon,109,3,6000.0,1.6516680802158135
isophon,109,3,8000.0,-0.8781334664590474
isophon,109,4,250.0,7.086057266876381
isophon,109,4,500.0,-3.3382432495287873
isophon,109,4,750.0,0.6011613050294358
isophon,109,4,1000.0,-0.19925740894763067
isophon,109,4,1500.0,1.772562486281771
isophon,109,4,2000.0,-2.919392096100026
isophon,109,4,3000.0,3.568734390573624
isophon,109,4,4000.0,9.636808222825948
isophon,109,4,6000.0,8.531454730591747
isophon,109,4,8000.0,3.633883955582945
isophon,109,5,250.0,3.018698281312709
isophon,109,5,500.0,-5.901172625177239
isophon,109,5,750.0,2.524096259472799
isophon,109,5,1000.0,1.6716608190359068
isophon,109,5,1500.0,5.1206465578726466
isophon,109,5,2000.0,-0.8722903469233216
isophon,109,5,3000.0,3.0015892439382412
isophon,109,5,4000.0,7.826211587576282
isophon,109,5,6000.0,1.9511183899454778
isophon,109,5,8000.0,0.725940961503099
isophon,109,6,250.0,7.067763109605835
isophon,109,6,500.0,-3.7982887799712444
isophon,109,6,750.0,-1.023907921437484
isophon,109,6,1000.0,-5.586840179239061
isophon,109,6,1500.0,-1.1457695850445617
isophon,109,6,2000.0,-5.112923366617892
isophon,109,6,3000.0,-5.09604825849442
isophon,109,6,4000.0,-4.020754932509533
isophon,109,6,6000.0,-2.308125340439801
isophon,109,6,8000.0,4.2926853903465485
isophon,109,7,250.0,3.806684497122518
isophon,109,7,500.0,-2.8150855002221817
isophon,109,7,750.0,-2.4546174319190186
isophon,109,7,1000.0,-4.950411737279069
isophon,109,7,1500.0,-2.1570034439053245
isophon,109,7,2000.0,-4.964763476395163
isophon,109,7,3000.0,-9.034602973068587
isophon,109,7,4000.0,-6.736186221379924
isophon,109,7,6000.0,-2.7577804297092143
isophon,109,7,8000.0,0.7510478092602426
isophon,109,8,250.0,1.1344607359053214
isophon,109,8,500.0,-2.7033308060602224
isophon,109,8,750.0,-3.4840275023137224
isophon,109,8,1000.0,-5.587250756498989
isophon,109,8,1500.0,-5.187651245809903
isophon,109,8,2000.0,-7.264136108234695
isophon,109,8,3000.0,-7.49898088765454
isophon,109,8,4000.0,-6.376615499958419
isophon,109,8,6000.0,-2.872141445669442
isophon,109,8,8000.0,-0.060611394612905656
isophon,109,9,250.0,-0.008718528586811658
isophon,109,9,500.0,-4.895869106743902
isophon,109,9,750.0,-3.7217043524820497
isophon,109,9,1000.0,-5.038578172306103
isophon,109,9,1500.0,-5.250398851808384
isophon,109,9,2000.0,-7.70405614024493
isophon,109,9,3000.0,-7.109040628257318
isophon,109,9,4000.0,-5.713941190461128
isophon,109,9,6000.0,-2.8003780941854757
isophon,109,9,8000.0,-1.6408177481432915
isophon,109,10,250.0,-6.262232111050025
isophon,109,10,500.0,-10.519375598488026
isophon,109,10,750.0,-2.2773538842750725
isophon,109,10,1000.0,-3.058462567788169
isophon,109,10,1500.0,-4.609774410994362
isophon,109,10,2000.0,-6.0329484202183465
isophon,109,10,3000.0,-4.962991186779931
isophon,109,10,4000.0,-4.611077019919634
isophon,109,10,6000.0,-2.461610369881811
isophon,109,10,8000.0,-1.4559253206176663
isophon,110,1,250.0,-5.289380069087301
isophon,110,1,500.0,5.781835311824308
isophon,110,1,750.0,16.95053607940674
isophon,110,1,1000.0,4.974226149098143
isophon,110,1,1500.0,3.733225055245235
isophon,110,1,2000.0,-5.925315225815297
isophon,110,1,3000.0,9.152396963979868
isophon,110,1,4000.0,16.372020817231345
isophon,110,1,6000.0,1.121599108198609
isophon,110,1,8000.0,25.504748646110997
isophon,110,2,250.0,-4.5478595187846125
isophon,110,2,500.0,0.10745217819990671
isophon,110,2,750.0,8.366535873413085
isophon,110,2,1000.0,-0.760498648960052
isophon,110,2,1500.0,-2.8544191252020426
isophon,110,2,2000.0,5.298155092841597
isophon,110,2,3000.0,-0.16344124812310667
isophon,110,2,4000.0,4.355745373246776
isophon,110,2,6000.0,-0.9619047484057006
isophon,110,2,8000.0,13.2048118529042
isophon,110,3,250.0,-5.527005755733995
isophon,110,3,500.0,-7.923155026894108
isophon,110,3,750.0,0.8194939738305891
isophon,110,3,1000.0,-7.117537463794363
isophon,110,3,1500.0,-4.273959192935536
isophon,110,3,2000.0,5.908532611013328
isophon,110,3,3000.0,0.7962013783514266
isophon,110,3,4000.0,5.038288452144727
isophon,110,3,6000.0,3.019466712306766
isophon,110,3,8000.0,13.059604026330064
isophon,110,4,250.0,-1.1697453714812411
isophon,110,4,500.0,-2.8597442237121697
isophon,110,4,750.0,3.8171298690603805
isophon,110,4,1000.0,-2.856517692837045
isophon,110,4,1500.0,-0.4393685898843245
isophon,110,4,2000.0,4.998135574793949
isophon,110,4,3000.0,3.4576867538132774
isophon,110,4,4000.0,10.732474352324573
isophon,110,4,6000.0,10.460455267896648
isophon,110,4,8000.0,14.543131551025041
isophon,110,5,250.0,-0.3536929922481846
isophon,110,5,500.0,-0.20140655542004993
isophon,110,5,750.0,7.887577240507241
isophon,110,5,1000.0,3.708622449058609
isophon,110,5,1500.0,5.831273989911693
isophon,110,5,2000.0,9.552779620058573
isophon,110,5,3000.0,10.852195700834642
isophon,110,5,4000.0,13.589352429099662
isophon,110,5,6000.0,9.577500330920657
isophon,110,5,8000.0,14.62619323730469
isophon,110,6,250.0,-6.434513077532841
isophon,110,6,500.0,5.1381966916885204
isophon,110,6,750.0,11.132375366727942
isophon,110,6,1000.0,3.3016628467735103
isophon,110,6,1500.0,1.78293624646237
isophon,110,6,2000.0,10.49761800218613
isophon,110,6,3000.0,13.243587895010847
isophon,110,6,4000.0,16.690588670699555
isophon,110,6,6000.0,11.200411018482143
isophon,110,6,8000.0,16.18603958129883
isophon,110,7,250.0,-0.471418459399672
isophon,110,7,500.0,3.9494163532242084
isophon,110,7,750.0,12.539653677373053
isophon,110,7,1000.0,8.271428472662365
isophon,110,7,1500.0,2.958642829508321
isophon,110,7,2000.0,8.843486496247252
isophon,110,7,3000.0,14.157224882228974
isophon,110,7,4000.0,16.01894462648812
isophon,110,7,6000.0,10.632368694901885
isophon,110,7,8000.0,13.516691284179686
isophon,110,8,250.0,0.5011433305889028
isophon,110,8,500.0,1.621516466254235
isophon,110,8,750.0,8.43696355853423
isophon,110,8,1000.0,1.9454164455804062
isophon,110,8,1500.0,4.012374687860913
isophon,110,8,2000.0,6.698962883624034
isophon,110,8,3000.0,11.391347676088088
isophon,110,8,4000.0,13.571296589380964
isophon,110,8,6000.0,11.03854375956314
isophon,110,8,8000.0,12.957248229980465
isophon,110,9,250.0,0.22166697636774302
isophon,110,9,500.0,2.3874842777878342
isophon,110,9,750.0,3.1567083594737966
isophon,110,9,1000.0,0.42832761703388655
isophon,110,9,1500.0,3.93268676335191
isophon,110,9,2000.0,7.000029186099212
isophon,110,9,3000.0,9.243994473142351
isophon,110,9,4000.0,10.714956906483991
isophon,110,9,6000.0,11.497507702633825
isophon,110,9,8000.0,11.997082672119134
isophon,110,10,250.0,3.8518141416546428
isophon,110,10,500.0,2.625193593706868
isophon,110,10,750.0,1.470228576660162
isophon,110,10,1000.0,3.3387128274950726
isophon,110,10,1500.0,3.73755825937144
isophon,110,10,2000.0,7.223873987478285
isophon,110,10,3000.0,10.292682319993474
isophon,110,10,4000.0,9.18775803517417
isophon,110,10,6000.0,11.524211754462797
isophon,110,10,8000.0,11.519434356689459
isophon,111,1,250.0,-7.73255087471297
isophon,111,1,500.0,-2.661944452923933
isophon,111,1,750.0,-2.349105152131216
isophon,111,1,1000.0,11.714685725447016
isophon,111,1,1500.0,0.11548322271637801
isophon,111,1,2000.0,7.292062652010699
isophon,111,1,3000.0,7.33485646518028
isophon,111,1,4000.0,7.25525992821165
isophon,111,1,6000.0,-3.0889552347382505
isophon,111,1,8000.0,-27.56893085536074
isophon,111,2,250.0,9.12994350394844
isophon,111,2,500.0,-11.957304258314906
isophon,111,2,750.0,-6.860024420478439
isophon,111,2,1000.0,1.093742157684332
isophon,111,2,1500.0,-13.251065553544095
isophon,111,2,2000.0,-5.284949734412081
isophon,111,2,3000.0,-6.700876426070195
isophon,111,2,4000.0,-8.7449824995253
isophon,111,2,6000.0,3.707383636683602
isophon,111,2,8000.0,-10.225212300610487
isophon,111,3,250.0,10.118889179236973
isophon,111,3,500.0,-6.423516136275296
isophon,111,3,750.0,-6.952676526481866
isophon,111,3,1000.0,3.503409242924164
isophon,111,3,1500.0,-7.125761746728131
isophon,111,3,2000.0,-5.035702375684764
isophon,111,3,3000.0,-3.2039397528158986
isophon,111,3,4000.0,-6.018960738040249
isophon,111,3,6000.0,5.045563198828887
isophon,111,3,8000.0,-1.1430152014836281
isophon,111,4,250.0,0.7658749870855672
isophon,111,4,500.0,-2.055068885359617
isophon,111,4,750.0,-4.111360619385991
isophon,111,4,1000.0,-2.548172799766917
isophon,111,4,1500.0,-4.9946815751819145
isophon,111,4,2000.0,3.745562916426607
isophon,111,4,3000.0,0.5022004413146988
isophon,111,4,4000.0,-4.211474674471958
isophon,111,4,6000.0,-6.32248562101779
isophon,111,4,8000.0,3.452430568954526
isophon,111,5,250.0,-0.7690674855876694
isophon,111,5,500.0,-2.582848655197367
isophon,111,5,750.0,-4.098121815330501
isophon,111,5,1000.0,-3.976515923555496
isophon,111,5,1500.0,-8.737116353185115
isophon,111,5,2000.0,-2.9268655464394158
isophon,111,5,3000.0,-2.1893972846659153
isophon,111,5,4000.0,-3.1991336273251534
isophon,111,5,6000.0,-6.17652408937478
isophon,111,5,8000.0,-1.8989062677007098
isophon,111,6,250.0,-2.813502582552033
isophon,111,6,500.0,-0.335794074833359
isophon,111,6,750.0,2.12112518673257
isophon,111,6,1000.0,1.2246153630656096
isophon,111,6,1500.0,-2.3597564817130916
isophon,111,6,2000.0,-0.07345940192297462
isophon,111,6,3000.0,3.6288925936096916
isophon,111,6,4000.0,1.6485744832752829
isophon,111,6,6000.0,-2.951562592547276
isophon,111,6,8000.0,-4.66580111353008
isophon,111,7,250.0,0.7403755847101365
isophon,111,7,500.0,1.8781643010210445
isophon,111,7,750.0,3.330800610474128
isophon,111,7,1000.0,-2.3135037712548012
isophon,111,7,1500.0,-1.1522310315284443
isophon,111,7,2000.0,0.9486215684767529
isophon,111,7,3000.0,-1.0179127420898055
isophon,111,7,4000.0,3.957689793857014
isophon,111,7,6000.0,0.9019527481617757
isophon,111,7,8000.0,-5.356170398978108
isophon,111,8,250.0,-0.59140829586282
isophon,111,8,500.0,0.8266596001811024
isophon,111,8,750.0,-1.787087487852034
isophon,111,8,1000.0,-4.346368574403726
isophon,111,8,1500.0,-1.5801158057089424
isophon,111,8,2000.0,2.9282909479969277
isophon,111,8,3000.0,1.1690663039505722
isophon,111,8,4000.0,-0.9261908124998399
isophon,111,8,6000.0,1.5691270438498321
isophon,111,8,8000.0,-3.0707679016189644
isophon,111,9,250.0,-1.9161846039734058
isophon,111,9,500.0,-1.8916754107048916
isophon,111,9,750.0,-4.349937254404509
isophon,111,9,1000.0,-5.743397533734068
isophon,111,9,1500.0,-2.73106428632299
isophon,111,9,2000.0,1.0263693266191467
isophon,111,9,3000.0,3.878394402228409
isophon,111,9,4000.0,-3.033956600009361
isophon,111,9,6000.0,2.441634568650997
isophon,111,9,8000.0,-0.4681318890975348
isophon,111,10,250.0,-6.986356671654789
isophon,111,10,500.0,0.8177425117443278
isophon,111,10,750.0,-2.305206767800314
isophon,111,10,1000.0,-7.52010879516601
isophon,111,10,1500.0,-5.184724495543179
isophon,111,10,2000.0,-7.059843823855445
isophon,111,10,3000.0,1.3259784517257316
isophon,111,10,4000.0,-7.8186977656342975
isophon,111,10,6000.0,-1.3498379871086001
isophon,111,10,8000.0,-4.380885271394362
isophon,112,1,250.0,-4.215437025663931
isophon,112,1,500.0,-2.608226560607548
isophon,112,1,750.0,-5.082124264359948
isophon,112,1,1000.0,8.230315341830135
isophon,112,1,1500.0,3.0074478441509314
isophon,112,1,2000.0,12.594242761737803
isophon,112,1,3000.0,-13.089018888972731
isophon,112,1,4000.0,-4.794938276688072
isophon,112,1,6000.0,-6.534470376591798
isophon,112,1,8000.0,-8.98156069183463
isophon,112,2,250.0,1.6439469770216135
isophon,112,2,500.0,2.450832920302787
isophon,112,2,750.0,-0.5502848550443673
isophon,112,2,1000.0,-7.272947604490696
isophon,112,2,1500.0,-5.507951227770491
isophon,112,2,2000.0,5.874705653734281
isophon,112,2,3000.0,-1.2356517952863726
isophon,112,2,4000.0,8.307967813014216
isophon,112,2,6000.0,-1.9610726157880407
isophon,112,2,8000.0,-12.3764942054746
isophon,112,3,250.0,3.4047047558899237
isophon,112,3,500.0,-3.3670310632128633
isophon,112,3,750.0,-5.5446757785916105
isophon,112,3,1000.0,-3.5304915823771523
isophon,112,3,1500.0,-0.9591133087121904
isophon,112,3,2000.0,-0.5354363950501551
isophon,112,3,3000.0,-2.447601013077403
isophon,112,3,4000.0,1.4862165649380046
isophon,112,3,6000.0,0.8934089374754706
isophon,112,3,8000.0,-12.408593509673821
isophon,112,4,250.0,-5.332499109664923
isophon,112,4,500.0,-2.008862790946864
isophon,112,4,750.0,-0.33987297942239536
isophon,112,4,1000.0,2.099888481494574
isophon,112,4,1500.0,3.2871093896528976
isophon,112,4,2000.0,-1.8762311620670715
isophon,112,4,3000.0,-8.7189041691786
isophon,112,4,4000.0,-0.1425144624850958
isophon,112,4,6000.0,-0.47525293450178197
isophon,112,4,8000.0,-10.519653232574228
isophon,112,5,250.0,-1.1977665155958306
isophon,112,5,500.0,5.072345857734788
isophon,112,5,750.0,1.9773056406150857
isophon,112,5,1000.0,-1.2170130062445423
isophon,112,5,1500.0,4.662785715681977
isophon,112,5,2000.0,0.8840972102888998
isophon,112,5,3000.0,-4.178748747929873
isophon,112,5,4000.0,1.2618711454013152
isophon,112,5,6000.0,0.6369317048895766
isophon,112,5,8000.0,-4.111273258208996
isophon,112,6,250.0,8.74152776541004
isophon,112,6,500.0,8.378534084960663
isophon,112,6,750.0,3.0120286554044213
isophon,112,6,1000.0,2.6687882773967857
isophon,112,6,1500.0,10.405348165854761
isophon,112,6,2000.0,7.842693117751594
isophon,112,6,3000.0,2.7006958491464843
isophon,112,6,4000.0,9.89433564455561
isophon,112,6,6000.0,5.057694375462361
isophon,112,6,8000.0,-1.1915418835115759
isophon,112,7,250.0,9.09367950439453
isophon,112,7,500.0,11.043281353471343
isophon,112,7,750.0,6.5407666753962275
isophon,112,7,1000.0,7.659511413534602
isophon,112,7,1500.0,14.697865497493837
isophon,112,7,2000.0,7.730113790668867
isophon,112,7,3000.0,8.262981355045312
isophon,112,7,4000.0,10.167181091308592
isophon,112,7,6000.0,3.303097454837598
isophon,112,7,8000.0,-0.9927299328279844
isophon,112,8,250.0,9.584323425292965
isophon,112,8,500.0,14.768540600297513
isophon,112,8,750.0,9.68589387595766
isophon,112,8,1000.0,9.982580798947765
isophon,112,8,1500.0,13.029105310548545
isophon,112,8,2000.0,9.36589524145414
isophon,112,8,3000.0,13.073611990886164
isophon,112,8,4000.0,11.634616394042965
isophon,112,8,6000.0,5.275841552449975
isophon,112,8,8000.0,2.576443345980607
isophon,112,9,250.0,9.227143249511712
isophon,112,9,500.0,16.378355663774073
isophon,112,9,750.0,10.655379027458252
isophon,112,9,1000.0,10.251816207649938
isophon,112,9,1500.0,11.433846847659225
isophon,112,9,2000.0,11.342789066796485
isophon,112,9,3000.0,17.803171927892677
isophon,112,9,4000.0,11.411934814453119
isophon,112,9,6000.0,6.64164945337609
isophon,112,9,8000.0,6.275926683382934
isophon,112,10,250.0,7.883985900878912
isophon,112,10,500.0,10.135202789306646
isophon,112,10,750.0,10.329139193733027
isophon,112,10,1000.0,7.729389020968625
isophon,112,10,1500.0,8.965627663144431
isophon,112,10,2000.0,12.43772092816701
isophon,112,10,3000.0,16.416117568551925
isophon,112,10,4000.0,9.67477645874024
isophon,112,10,6000.0,8.034666833813574
isophon,112,10,8000.0,5.97989120483399
isophon,113,1,250.0,1.4995264101381451
isophon,113,1,500.0,15.329746838563985
isophon,113,1,750.0,-2.9051260280141804
isophon,113,1,1000.0,0.7819130631194469
isophon,113,1,1500.0,11.705275978268375
isophon,113,1,2000.0,7.602174743243609
isophon,113,1,3000.0,12.601430779024838
isophon,113,1,4000.0,-1.0446995569527218
isophon,113,1,6000.0,-5.622162560694264
isophon,113,1,8000.0,5.181546180246826
isophon,113,2,250.0,-9.242300200681143
isophon,113,2,500.0,1.7584541413402732
isophon,113,2,750.0,-3.3243493236654587
isophon,113,2,1000.0,-7.818148717688231
isophon,113,2,1500.0,-4.7185320191595395
isophon,113,2,2000.0,3.5938661648615664
isophon,113,2,3000.0,-2.023723083047699
isophon,113,2,4000.0,5.532263912770588
isophon,113,2,6000.0,4.2704669179535415
isophon,113,2,8000.0,11.003413645532248
isophon,113,3,250.0,-5.827812323903402
isophon,113,3,500.0,3.789472222394309
isophon,113,3,750.0,4.675917856504043
isophon,113,3,1000.0,-1.2799081813954274
isophon,113,3,1500.0,-1.8441231176994108
isophon,113,3,2000.0,4.059018304990531
isophon,113,3,3000.0,-0.3607373464121508
isophon,113,3,4000.0,0.5124353362083127
isophon,113,3,6000.0,3.8443530068658873
isophon,113,3,8000.0,9.961701299819794
isophon,113,4,250.0,-1.7373823858025332
isophon,113,4,500.0,6.425301097987187
isophon,113,4,750.0,5.495566610907531
isophon,113,4,1000.0,2.791720721113407
isophon,113,4,1500.0,3.601685747121323
isophon,113,4,2000.0,1.9231937930940575
isophon,113,4,3000.0,1.8476130514563351
isophon,113,4,4000.0,-1.3956891154866327
isophon,113,4,6000.0,4.733589435490202
isophon,113,4,8000.0,12.26978111819598
isophon,113,5,250.0,1.2806858677388107
isophon,113,5,500.0,-2.9085686470109096
isophon,113,5,750.0,-0.313632315359186
isophon,113,5,1000.0,-2.9439816726056165
isophon,113,5,1500.0,-0.14849550900746067
isophon,113,5,2000.0,-2.2582224302875034
isophon,113,5,3000.0,-1.5596793803900653
isophon,113,5,4000.0,-5.91253255687586
isophon,113,5,6000.0,2.1500520565851673
isophon,113,5,8000.0,9.357139329832066
isophon,113,6,250.0,3.3126403446221815
isophon,113,6,500.0,1.6987703942365187
isophon,113,6,750.0,2.4225313851069785
isophon,113,6,1000.0,-0.5047132475142746
isophon,113,6,1500.0,-2.92420982248359
isophon,113,6,2000.0,1.2773498375905632
isophon,113,6,3000.0,-0.29995000918320613
isophon,113,6,4000.0,-4.282652185782098
isophon,113,6,6000.0,2.710127282415243
isophon,113,6,8000.0,9.710510454524055
isophon,113,7,250.0,-2.856183119940866
isophon,113,7,500.0,2.796266919600626
isophon,113,7,750.0,3.8015617185958206
isophon,113,7,1000.0,1.8591021688988434
isophon,113,7,1500.0,-2.8177626312922968
isophon,113,7,2000.0,1.6277302914047311
isophon,113,7,3000.0,-0.9543080253787792
isophon,113,7,4000.0,-5.903150482177736
isophon,113,7,6000.0,1.8134535458429752
isophon,113,7,8000.0,8.731866968918808
isophon,113,8,250.0,-2.168886487786679
isophon,113,8,500.0,-0.6088646841433274
isophon,113,8,750.0,2.163159351097434
isophon,113,8,1000.0,3.3289629834530103
isophon,113,8,1500.0,-0.7073557034629658
isophon,113,8,2000.0,2.935133742052159
isophon,113,8,3000.0,0.6916083963935336
isophon,113,8,4000.0,-5.0116009521484415
isophon,113,8,6000.0,1.8368199398859417
isophon,113,8,8000.0,8.081796705105944
isophon,113,9,250.0,-2.1492337336091936
isophon,113,9,500.0,-4.272074960109279
isophon,113,9,750.0,0.6897350316892812
isophon,113,9,1000.0,3.256983764203156
isophon,113,9,1500.0,1.4864523268992968
isophon,113,9,2000.0,1.8491609572892997
isophon,113,9,3000.0,0.982633328895929
isophon,113,9,4000.0,-4.486319580078131
isophon,113,9,6000.0,2.2536952450617207
isophon,113,9,8000.0,6.5247112508826035
isophon,113,10,250.0,1.7653892192141143
isophon,113,10,500.0,-0.9590420800404047
isophon,113,10,750.0,1.5676593629171691
isophon,113,10,1000.0,-5.93481356460147
isophon,113,10,1500.0,-4.161520663924023
isophon,113,10,2000.0,-2.285800403909519
isophon,113,10,3000.0,-4.961855961599042
isophon,113,10,4000.0,-3.1748558044433537
isophon,113,10,6000.0,-1.231931304931635
isophon,113,10,8000.0,4.953482015647253
isophon,114,1,250.0,2.1050669883467563
isophon,114,1,500.0,4.675636675697035
isophon,114,1,750.0,4.535916110674364
isophon,114,1,1000.0,-3.1836432790218225
isophon,114,1,1500.0,-11.086147857622436
isophon,114,1,2000.0,-0.06850241235946442
isophon,114,1,3000.0,6.487434357216969
isophon,114,1,4000.0,-4.98398504463276
isophon,114,1,6000.0,-3.458595369364531
isophon,114,1,8000.0,4.039423007034742
isophon,114,2,250.0,12.91391784280507
isophon,114,2,500.0,5.669579683832438
isophon,114,2,750.0,-1.1239626206136961
isophon,114,2,1000.0,1.8070505395376983
isophon,114,2,1500.0,-1.0962411664330602
isophon,114,2,2000.0,2.0171772538397192
isophon,114,2,3000.0,1.3313905604202319
isophon,114,2,4000.0,2.0175486916749037
isophon,114,2,6000.0,1.8580069712168807
isophon,114,2,8000.0,3.7278570109639446
isophon,114,3,250.0,14.988547777707879
isophon,114,3,500.0,8.064896486870381
isophon,114,3,750.0,2.507962125749671
isophon,114,3,1000.0,4.360146661618515
isophon,114,3,1500.0,2.9588065184977097
isophon,114,3,2000.0,6.111145748047079
isophon,114,3,3000.0,4.023051251876893
isophon,114,3,4000.0,3.872535842966201
isophon,114,3,6000.0,6.689739686610608
isophon,114,3,8000.0,4.607760545013619
isophon,114,4,250.0,21.669843186424032
isophon,114,4,500.0,10.268624182230809
isophon,114,4,750.0,5.639212310510445
isophon,114,4,1000.0,2.9664148140997924
isophon,114,4,1500.0,5.571780848020595
isophon,114,4,2000.0,9.816504154759343
isophon,114,4,3000.0,4.36616716552156
isophon,114,4,4000.0,7.5949674657111075
isophon,114,4,6000.0,8.75919685871834
isophon,114,4,8000.0,7.225905440949816
isophon,114,5,250.0,2.401522916640488
isophon,114,5,500.0,-1.6759896209390774
isophon,114,5,750.0,-4.278305889760688
isophon,114,5,1000.0,-1.4512365305155868
isophon,114,5,1500.0,0.6605943126429707
isophon,114,5,2000.0,6.060530727508819
isophon,114,5,3000.0,7.3985168582784695
isophon,114,5,4000.0,11.209387508404859
isophon,114,5,6000.0,5.116331612767169
isophon,114,5,8000.0,-0.9410132787469507
isophon,114,6,250.0,4.302913031696136
isophon,114,6,500.0,0.8171639764091907
isophon,114,6,750.0,-1.0111625552641073
isophon,114,6,1000.0,-2.3654404321619467
isophon,114,6,1500.0,0.01283035586024539
isophon,114,6,2000.0,1.8068385111157
isophon,114,6,3000.0,1.1298214665036994
isophon,114,6,4000.0,3.6949524601213284
isophon,114,6,6000.0,1.538179270992785
isophon,114,6,8000.0,2.457718550596411
isophon,114,7,250.0,5.443183354653613
isophon,114,7,500.0,-1.0584464676398682
isophon,114,7,750.0,-1.2114556973874926
isophon,114,7,1000.0,-0.9398595155778224
isophon,114,7,1500.0,3.05206069318578
isophon,114,7,2000.0,3.6788947251187096
isophon,114,7,3000.0,-1.1400751644681435
isophon,114,7,4000.0,-2.3261282558749627
isophon,114,7,6000.0,-0.12359199709742086
isophon,114,7,8000.0,2.1813608778503095
isophon,114,8,250.0,4.451964702196577
isophon,114,8,500.0,-0.3921194163151114
isophon,114,8,750.0,0.7798691615548279
isophon,114,8,1000.0,1.7446822833992286
isophon,114,8,1500.0,5.078944664640275
isophon,114,8,2000.0,6.795977889179468
isophon,114,8,3000.0,1.5451692527983738
isophon,114,8,4000.0,-3.4954425192168372
isophon,114,8,6000.0,0.9804036995396359
isophon,114,8,8000.0,4.09875211569107
isophon,114,9,250.0,5.300390264856873
isophon,114,9,500.0,0.504946421479076
isophon,114,9,750.0,0.9443859491417896
isophon,114,9,1000.0,3.279144349657514
isophon,114,9,1500.0,6.115938979721832
isophon,114,9,2000.0,8.594522865782793
isophon,114,9,3000.0,3.193349069900421
isophon,114,9,4000.0,-1.971767344784709
isophon,114,9,6000.0,1.0304592172123677
isophon,114,9,8000.0,5.585624320348856
isophon,114,10,250.0,6.297921496799148
isophon,114,10,500.0,2.4664810958032177
isophon,114,10,750.0,0.45534031962789356
isophon,114,10,1000.0,4.146918136046381
isophon,114,10,1500.0,2.9162698109727216
isophon,114,10,2000.0,6.083920795077759
isophon,114,10,3000.0,4.4018727705827985
isophon,114,10,4000.0,-1.3332059146858057
isophon,114,10,6000.0,-1.2766757701300548
isophon,114,10,8000.0,5.886249722667429
isophon,115,1,250.0,2.195448032202684
isophon,115,1,500.0,16.058917648591162
isophon,115,1,750.0,-14.694261038643596
isophon,115,1,1000.0,-4.1466098532909115
isophon,115,1,1500.0,-13.506388174856575
isophon,115,1,2000.0,-17.525540943451404
isophon,115,1,3000.0,-4.20504007508049
isophon,115,1,4000.0,14.969912727505552
isophon,115,1,6000.0,15.589130535481218
isophon,115,1,8000.0,0.07496748082034799
isophon,115,2,250.0,6.0440625610399366
isophon,115,2,500.0,-0.8469598642710565
isophon,115,2,750.0,-3.2498805364879857
isophon,115,2,1000.0,3.9030887130336893
isophon,115,2,1500.0,0.22768310222208754
isophon,115,2,2000.0,-2.4023549362116654
isophon,115,2,3000.0,3.6525912292248535
isophon,115,2,4000.0,-0.8265652407574606
isophon,115,2,6000.0,0.006748005916051625
isophon,115,2,8000.0,1.807037543624844
isophon,115,3,250.0,0.9435684644872424
isophon,115,3,500.0,3.956856518538885
isophon,115,3,750.0,-4.203451735244258
isophon,115,3,1000.0,1.2380138591700103
isophon,115,3,1500.0,-0.06295911597155168
isophon,115,3,2000.0,-3.340798148080765
isophon,115,3,3000.0,0.08719279535704061
isophon,115,3,4000.0,-0.7215109194684004
isophon,115,3,6000.0,-5.096293851156091
isophon,115,3,8000.0,-0.23817997887536535
isophon,115,4,250.0,-1.7359957008959839
isophon,115,4,500.0,0.8934518445295225
isophon,115,4,750.0,-6.46412371118511
isophon,115,4,1000.0,-2.960613113643248
isophon,115,4,1500.0,-0.47637140724681615
isophon,115,4,2000.0,2.19422046847167
isophon,115,4,3000.0,-2.058077157661316
isophon,115,4,4000.0,-5.061219513326222
isophon,115,4,6000.0,-8.325899669343897
isophon,115,4,8000.0,-1.0726213237286402
isophon,115,5,250.0,2.54829538938624
isophon,115,5,500.0,-9.747068586063861
isophon,115,5,750.0,-4.817547968957044
isophon,115,5,1000.0,-3.1578887489822165
isophon,115,5,1500.0,-0.37578608591880425
isophon,115,5,2000.0,1.8542474931144284
isophon,115,5,3000.0,0.18112568607739377
isophon,115,5,4000.0,-3.896324920654294
isophon,115,5,6000.0,-5.293671551980708
isophon,115,5,8000.0,1.7329993062439115
isophon,115,6,250.0,-7.8866499332888225
isophon,115,6,500.0,-3.516130174139761
isophon,115,6,750.0,-1.9887766999375458
isophon,115,6,1000.0,-0.7869689565440439
isophon,115,6,1500.0,3.970414755907271
isophon,115,6,2000.0,1.8839869763977788
isophon,115,6,3000.0,4.523803858322552
isophon,115,6,4000.0,3.9056860351562506
isophon,115,6,6000.0,-0.14368291399735256
isophon,115,6,8000.0,4.913848256362883
isophon,115,7,250.0,-3.709783920571681
isophon,115,7,500.0,0.9194121327761735
isophon,115,7,750.0,4.134194087435603
isophon,115,7,1000.0,5.136190919513837
isophon,115,7,1500.0,3.6688639819637956
isophon,115,7,2000.0,-0.009098381313066284
isophon,115,7,3000.0,2.1254729515041078
isophon,115,7,4000.0,7.443456726074217
isophon,115,7,6000.0,1.8944153794666363
isophon,115,7,8000.0,4.712678007958857
isophon,115,8,250.0,-0.569212757969396
isophon,115,8,500.0,0.3622779024009901
isophon,115,8,750.0,1.6539625788977048
isophon,115,8,1000.0,1.4422014445571563
isophon,115,8,1500.0,2.7591773709433483
isophon,115,8,2000.0,0.4994063220826064
isophon,115,8,3000.0,5.473777267302097
isophon,115,8,4000.0,8.016582031249996
isophon,115,8,6000.0,3.6767890801114618
isophon,115,8,8000.0,6.476319226222415
isophon,115,9,250.0,0.7144576805012974
isophon,115,9,500.0,-1.3163418374464158
isophon,115,9,750.0,0.6796793508262056
isophon,115,9,1000.0,0.5604213811370471
isophon,115,9,1500.0,4.695609083797578
isophon,115,9,2000.0,0.8263065255711979
isophon,115,9,3000.0,9.088812638546116
isophon,115,9,4000.0,7.5192880249023375
isophon,115,9,6000.0,5.641176774293271
isophon,115,9,8000.0,8.234803263000003
isophon,115,10,250.0,-1.1720317945097918
isophon,115,10,500.0,-0.23401682513656397
isophon,115,10,750.0,-1.1182991027831974
isophon,115,10,1000.0,-1.5722709655760951
isophon,115,10,1500.0,7.016181085472454
isophon,115,10,2000.0,3.336044206123802
isophon,115,10,3000.0,10.214126086508088
isophon,115,10,4000.0,7.682688140869146
isophon,115,10,6000.0,7.551360214858789
isophon,115,10,8000.0,8.587906846772512
isophon,116,1,250.0,2.9369636218979736
isophon,116,1,500.0,4.321775825836738
isophon,116,1,750.0,-8.962015704415315
isophon,116,1,1000.0,-8.14345564612352
isophon,116,1,1500.0,7.914037371232631
isophon,116,1,2000.0,8.946303547450626
isophon,116,1,3000.0,-7.760223534242954
isophon,116,1,4000.0,7.4943782509831465
isophon,116,1,6000.0,-2.131183540191124
isophon,116,1,8000.0,-26.365716772409087
isophon,116,2,250.0,8.307645674125041
isophon,116,2,500.0,8.219073839132946
isophon,116,2,750.0,1.416331704702884
isophon,116,2,1000.0,0.27071939025753977
isophon,116,2,1500.0,8.024451413173907
isophon,116,2,2000.0,-0.61479892617551
isophon,116,2,3000.0,0.5531508351818815
isophon,116,2,4000.0,-9.9482941076688
isophon,116,2,6000.0,-0.7702771311175098
isophon,116,2,8000.0,-16.831285396898437
isophon,116,3,250.0,2.772073710964108
isophon,116,3,500.0,0.7516311606182171
isophon,116,3,750.0,2.212116796318668
isophon,116,3,1000.0,1.6552622783038657
isophon,116,3,1500.0,7.1601220132153145
isophon,116,3,2000.0,-1.0653712363896375
isophon,116,3,3000.0,-4.484710752748725
isophon,116,3,4000.0,-2.267146423186361
isophon,116,3,6000.0,-1.1683593772238794
isophon,116,3,8000.0,-9.411645088591314
isophon,116,4,250.0,1.6786722030904286
isophon,116,4,500.0,-2.0540408071140064
isophon,116,4,750.0,-1.722740542615071
isophon,116,4,1000.0,-0.6315726150676539
isophon,116,4,1500.0,-1.7449332811682439
isophon,116,4,2000.0,0.30184965021148
isophon,116,4,3000.0,-0.6940900942564241
isophon,116,4,4000.0,5.522678697133301
isophon,116,4,6000.0,-0.7851569938439695
isophon,116,4,8000.0,-5.2365835130730005
isophon,116,5,250.0,-1.579328348917329
isophon,116,5,500.0,-0.7778497958610302
isophon,116,5,750.0,-0.749733538083845
isophon,116,5,1000.0,-4.218199014952333
isophon,116,5,1500.0,-1.4413023361923933
isophon,116,5,2000.0,1.751511848726821
isophon,116,5,3000.0,-2.716958581019668
isophon,116,5,4000.0,-3.0336448332659103
isophon,116,5,6000.0,-0.6794806819406176
isophon,116,5,8000.0,-4.821929682149403
isophon,116,6,250.0,-3.506495448035011
isophon,116,6,500.0,-1.0030240888611957
isophon,116,6,750.0,-1.8517597842662212
isophon,116,6,1000.0,-2.4417821198129985
isophon,116,6,1500.0,-1.416468438842628
isophon,116,6,2000.0,3.7742648100091998
isophon,116,6,3000.0,-1.485330735441707
isophon,116,6,4000.0,-1.8758455138910364
isophon,116,6,6000.0,-0.14754844807964673
isophon,116,6,8000.0,-1.609439471123494
isophon,116,7,250.0,-3.2051558254148915
isophon,116,7,500.0,-8.751796011437861
isophon,116,7,750.0,-4.676845758786243
isophon,116,7,1000.0,-3.9742840892681244
isophon,116,7,1500.0,-3.068160229350795
isophon,116,7,2000.0,-0.9098862338710205
isophon,116,7,3000.0,-2.8484703360344525
isophon,116,7,4000.0,-1.3376140606920615
isophon,116,7,6000.0,0.22789946627634095
isophon,116,7,8000.0,-0.5558032946987908
isophon,116,8,250.0,-2.4589207754502667
isophon,116,8,500.0,-9.412672629840856
isophon,116,8,750.0,-3.528736317543377
isophon,116,8,1000.0,-1.7978968249140195
isophon,116,8,1500.0,-1.3577833855430583
isophon,116,8,2000.0,0.5056020233406713
isophon,116,8,3000.0,-2.169543366086529
isophon,116,8,4000.0,-8.165272689774781
isophon,116,8,6000.0,-1.8428499707199109
isophon,116,8,8000.0,-0.47744656197096447
isophon,116,9,250.0,-1.3318060296652163
isophon,116,9,500.0,-9.92077591281199
isophon,116,9,750.0,-2.9244711346743344
isophon,116,9,1000.0,-0.4330601262018945
isophon,116,9,1500.0,0.44594865491295366
isophon,116,9,2000.0,-1.8347445383118668
isophon,116,9,3000.0,-2.473253923280481
isophon,116,9,4000.0,-10.510502945374029
isophon,116,9,6000.0,-5.923202232054649
isophon,116,9,8000.0,-1.2643635962234043
isophon,116,10,250.0,0.44185890240747483
isophon,116,10,500.0,-7.69817046042175
isophon,116,10,750.0,-1.681871898822891
isophon,116,10,1000.0,-2.929330378040177
isophon,116,10,1500.0,1.7940186991190785
isophon,116,10,2000.0,-5.043643576576969
isophon,116,10,3000.0,-4.204607894958059
isophon,116,10,4000.0,-9.057774629543076
isophon,116,10,6000.0,-9.738625871793673
isophon,116,10,8000.0,-4.099930887314287
isophon,117,1,250.0,15.277643434416404
isophon,117,1,500.0,-0.2408608070803666
isophon,117,1,750.0,-3.7011867075913187
isophon,117,1,1000.0,-5.819217479034251
isophon,117,1,1500.0,2.004936377917602
isophon,117,1,2000.0,3.0989286820853295
isophon,117,1,3000.0,-2.2180313837030496
isophon,117,1,4000.0,-3.0379859077684443
isophon,117,1,6000.0,-6.9688339509295645
isophon,117,1,8000.0,-11.529182219337912
isophon,117,2,250.0,8.566176339794978
isophon,117,2,500.0,6.22464753541766
isophon,117,2,750.0,-2.7948906415769272
isophon,117,2,1000.0,-5.549190298616395
isophon,117,2,1500.0,-3.7849071675249917
isophon,117,2,2000.0,-0.7731327566910409
isophon,117,2,3000.0,0.5240793987642576
isophon,117,2,4000.0,4.245419271476905
isophon,117,2,6000.0,-0.723708369885415
isophon,117,2,8000.0,-4.716665146785999
isophon,117,3,250.0,7.17866967758323
isophon,117,3,500.0,10.445766530752579
isophon,117,3,750.0,-1.422832410618625
isophon,117,3,1000.0,-1.5276077998785809
isophon,117,3,1500.0,0.3033065755671913
isophon,117,3,2000.0,2.054951167578494
isophon,117,3,3000.0,2.2699038292713993
isophon,117,3,4000.0,6.5045080390114975
isophon,117,3,6000.0,0.8721046372353953
isophon,117,3,8000.0,-8.521024613225137
isophon,117,4,250.0,2.00098217404269
isophon,117,4,500.0,10.964712923301434
isophon,117,4,750.0,0.09421003685528717
isophon,117,4,1000.0,-0.4361463094168414
isophon,117,4,1500.0,1.0789345442084652
isophon,117,4,2000.0,3.6605815275135285
isophon,117,4,3000.0,1.510390501889873
isophon,117,4,4000.0,7.7428083535597665
isophon,117,4,6000.0,-3.9709284579585216
isophon,117,4,8000.0,-11.909684188221092
isophon,117,5,250.0,0.03172759721405782
isophon,117,5,500.0,12.152080613630034
isophon,117,5,750.0,1.316371189613264
isophon,117,5,1000.0,1.1310619119501695
isophon,117,5,1500.0,1.662498611668525
isophon,117,5,2000.0,-1.5595291343702513
isophon,117,5,3000.0,0.2959271949860067
isophon,117,5,4000.0,3.150419029827532
isophon,117,5,6000.0,-4.1475314258777445
isophon,117,5,8000.0,-10.116657702874278
isophon,117,6,250.0,2.6983933060254657
isophon,117,6,500.0,-4.00760922739785
isophon,117,6,750.0,-6.444529493298276
isophon,117,6,1000.0,-3.056329081088478
isophon,117,6,1500.0,-1.2821198128119136
isophon,117,6,2000.0,-1.98350805361801
isophon,117,6,3000.0,-3.3738904872507334
isophon,117,6,4000.0,-2.2381545088990435
isophon,117,6,6000.0,-2.821155506133593
isophon,117,6,8000.0,-7.0207332515319365
isophon,117,7,250.0,-2.200703599088527
isophon,117,7,500.0,-3.0052713648407092
isophon,117,7,750.0,-4.434857312170578
isophon,117,7,1000.0,-6.062674431150157
isophon,117,7,1500.0,-7.924565966306602
isophon,117,7,2000.0,-2.5310814508503654
isophon,117,7,3000.0,-2.092978252486745
isophon,117,7,4000.0,-2.900374436219195
isophon,117,7,6000.0,-5.538297544166539
isophon,117,7,8000.0,-7.668509416281594
isophon,117,8,250.0,-2.286489842947134
isophon,117,8,500.0,-6.156501203450304
isophon,117,8,750.0,-5.213072211293024
isophon,117,8,1000.0,-6.208045419750832
isophon,117,8,1500.0,-6.189334991836418
isophon,117,8,2000.0,-6.971303163257019
isophon,117,8,3000.0,-3.321743197435012
isophon,117,8,4000.0,-2.059253634965131
isophon,117,8,6000.0,-4.65466591104736
isophon,117,8,8000.0,-7.81622674616996
isophon,117,9,250.0,-2.5549716428232188
isophon,117,9,500.0,-5.756258666995606
isophon,117,9,750.0,-3.154262569594067
isophon,117,9,1000.0,-4.839716747267275
isophon,117,9,1500.0,-4.453954502806226
isophon,117,9,2000.0,-5.056759821521226
isophon,117,9,3000.0,-2.3950455814697875
isophon,117,9,4000.0,-3.7611449132526076
isophon,117,9,6000.0,-4.7768096688051145
isophon,117,9,8000.0,-8.812672369895338
isophon,117,10,250.0,-0.20430820431957386
isophon,117,10,500.0,-3.99401497570193
isophon,117,10,750.0,-1.6541465362037542
isophon,117,10,1000.0,-1.2711659882054676
isophon,117,10,1500.0,-1.8679003802156444
isophon,117,10,2000.0,-3.0214589591277843
isophon,117,10,3000.0,-1.4046906200957352
isophon,117,10,4000.0,-3.259791150391962
isophon,117,10,6000.0,-3.2712578929827316
isophon,117,10,8000.0,-6.891517838001391
isophon,118,1,250.0,19.18980594234012
isophon,118,1,500.0,-14.416286076680365
isophon,118,1,750.0,3.7848522519918575
isophon,118,1,1000.0,-2.261654763723527
isophon,118,1,1500.0,-3.3685604484135645
isophon,118,1,2000.0,14.644084752536887
isophon,118,1,3000.0,-8.401574935743156
isophon,118,1,4000.0,-6.014150533234215
isophon,118,1,6000.0,0.1484590058019819
isophon,118,1,8000.0,21.126874716271516
isophon,118,2,250.0,-1.7099538458292542
isophon,118,2,500.0,-6.970444957191724
isophon,118,2,750.0,2.1519965997358987
isophon,118,2,1000.0,-2.0597287813450507
isophon,118,2,1500.0,6.675937772438587
isophon,118,2,2000.0,7.375615237434815
isophon,118,2,3000.0,0.9986460853200256
isophon,118,2,4000.0,2.9878574645400704
isophon,118,2,6000.0,-1.6563272100322592
isophon,118,2,8000.0,16.777337003305632
isophon,118,3,250.0,-5.9751370802815345
isophon,118,3,500.0,-8.797167847993073
isophon,118,3,750.0,-3.9558788729820975
isophon,118,3,1000.0,3.639889033886753
isophon,118,3,1500.0,9.572245610684057
isophon,118,3,2000.0,14.948758217173278
isophon,118,3,3000.0,1.7982014473114916
isophon,118,3,4000.0,5.191557364638584
isophon,118,3,6000.0,-0.14089036635115804
isophon,118,3,8000.0,13.481207994032943
isophon,118,4,250.0,-11.857289659583131
isophon,118,4,500.0,-12.324160593287587
isophon,118,4,750.0,-6.3565891577234765
isophon,118,4,1000.0,-2.423491343952584
isophon,118,4,1500.0,5.021520512024743
isophon,118,4,2000.0,3.7634615539979777
isophon,118,4,3000.0,-5.748872345939631
isophon,118,4,4000.0,-0.604490262681594
isophon,118,4,6000.0,-1.6548909193729884
isophon,118,4,8000.0,13.434504136400932
isophon,118,5,250.0,5.931909371354436
isophon,118,5,500.0,-5.8736677052507815
isophon,118,5,750.0,-4.075862020509348
isophon,118,5,1000.0,1.5632316020914772
isophon,118,5,1500.0,1.1154193026008272
isophon,118,5,2000.0,-1.6823942198823119
isophon,118,5,3000.0,-1.738710259887526
isophon,118,5,4000.0,-0.09578876203737252
isophon,118,5,6000.0,0.9050855700505451
isophon,118,5,8000.0,8.459505508074756
isophon,118,6,250.0,6.4734834857970895
isophon,118,6,500.0,0.7219451436751285
isophon,118,6,750.0,-3.1324650466258106
isophon,118,6,1000.0,-7.882582926277365
isophon,118,6,1500.0,1.8013764307790296
isophon,118,6,2000.0,5.144574551759803
isophon,118,6,3000.0,8.84128328974505
isophon,118,6,4000.0,9.54746934262269
isophon,118,6,6000.0,7.720594022065242
isophon,118,6,8000.0,5.731395367837749
isophon,118,7,250.0,7.228669419713938
isophon,118,7,500.0,-1.5711297013278909
isophon,118,7,750.0,0.5809587269296372
isophon,118,7,1000.0,-1.6531082194152589
isophon,118,7,1500.0,1.6981630263551324
isophon,118,7,2000.0,10.721231896542918
isophon,118,7,3000.0,11.53157731418348
isophon,118,7,4000.0,17.729246630882557
isophon,118,7,6000.0,8.236002450099733
isophon,118,7,8000.0,7.8720886542160855
isophon,118,8,250.0,8.940623823194073
isophon,118,8,500.0,4.068585689091165
isophon,118,8,750.0,3.173166542591062
isophon,118,8,1000.0,1.526557438188192
isophon,118,8,1500.0,6.910511510828115
isophon,118,8,2000.0,8.656908174021922
isophon,118,8,3000.0,10.146580505821845
isophon,118,8,4000.0,20.205102898355477
isophon,118,8,6000.0,11.956927146101094
isophon,118,8,8000.0,11.310078838180843
isophon,118,9,250.0,9.284997951678832
isophon,118,9,500.0,8.530267057632713
isophon,118,9,750.0,7.503396097085812
isophon,118,9,1000.0,1.7482785889754382
isophon,118,9,1500.0,9.383412703122815
isophon,118,9,2000.0,10.687682927811466
isophon,118,9,3000.0,13.517962171901118
isophon,118,9,4000.0,20.891853216476775
isophon,118,9,6000.0,15.114312757520352
isophon,118,9,8000.0,14.74620774979904
isophon,118,10,250.0,7.723010978978792
isophon,118,10,500.0,9.888368132350607
isophon,118,10,750.0,9.254516171095233
isophon,118,10,1000.0,7.56362938942182
isophon,118,10,1500.0,12.516979268306855
isophon,118,10,2000.0,14.189255724621148
isophon,118,10,3000.0,14.236493991081915
isophon,118,10,4000.0,21.112967860481348
isophon,118,10,6000.0,17.87524670153843
isophon,118,10,8000.0,9.852704243284606
isophon,119,1,250.0,7.083093582111275
isophon,119,1,500.0,4.612768806717014
isophon,119,1,750.0,5.422184344291985
isophon,119,1,1000.0,-3.568182240237803
isophon,119,1,1500.0,8.399388279667555
isophon,119,1,2000.0,0.7335719682110096
isophon,119,1,3000.0,17.997962615797846
isophon,119,1,4000.0,5.3958254429258545
isophon,119,1,6000.0,24.61821409653996
isophon,119,1,8000.0,21.90630920043192
isophon,119,2,250.0,8.89617251512643
isophon,119,2,500.0,5.690609950863902
isophon,119,2,750.0,-3.310624956074591
isophon,119,2,1000.0,-4.788497826332815
isophon,119,2,1500.0,0.4480089109120513
isophon,119,2,2000.0,1.6000835009218406
isophon,119,2,3000.0,7.158679134548905
isophon,119,2,4000.0,-3.34253242099615
isophon,119,2,6000.0,13.018875841253319
isophon,119,2,8000.0,5.841887833714665
isophon,119,3,250.0,2.7153617399939662
isophon,119,3,500.0,-3.700353580234662
isophon,119,3,750.0,-3.8344668508281217
isophon,119,3,1000.0,2.186204528981861
isophon,119,3,1500.0,-1.4611532510522807
isophon,119,3,2000.0,-3.4908834097359858
isophon,119,3,3000.0,1.3516629519344576
isophon,119,3,4000.0,-12.208965789059704
isophon,119,3,6000.0,9.975385603941419
isophon,119,3,8000.0,2.284279512787606
isophon,119,4,250.0,-0.5436080092061104
isophon,119,4,500.0,-5.698953273176244
isophon,119,4,750.0,-4.653614927843989
isophon,119,4,1000.0,0.4162945738774084
isophon,119,4,1500.0,-3.9931760564350043
isophon,119,4,2000.0,-8.108815449939826
isophon,119,4,3000.0,5.2424293657834795
isophon,119,4,4000.0,-6.071197833225284
isophon,119,4,6000.0,1.1939284912607775
isophon,119,4,8000.0,-5.270632319199592
isophon,119,5,250.0,5.208531346036139
isophon,119,5,500.0,-0.6220412379257567
isophon,119,5,750.0,1.3792945854648195
isophon,119,5,1000.0,2.921517489207517
isophon,119,5,1500.0,-8.164779270976211
isophon,119,5,2000.0,-8.574946153152055
isophon,119,5,3000.0,1.5611586757071336
isophon,119,5,4000.0,-7.246598072901989
isophon,119,5,6000.0,2.032031557376598
isophon,119,5,8000.0,-4.429864914796099
isophon,119,6,250.0,3.129140427808835
isophon,119,6,500.0,6.932712435365616
isophon,119,6,750.0,6.953030799279972
isophon,119,6,1000.0,6.153318626736819
isophon,119,6,1500.0,-1.8480664719039481
isophon,119,6,2000.0,-1.7888777203093724
isophon,119,6,3000.0,4.8299503927293586
isophon,119,6,4000.0,-1.7651034233551144
isophon,119,6,6000.0,3.005574398086978
isophon,119,6,8000.0,-0.8612375303462869
isophon,119,7,250.0,3.0664352837890334
isophon,119,7,500.0,7.962387405725465
isophon,119,7,750.0,1.908131234604781
isophon,119,7,1000.0,5.7311936462740505
isophon,119,7,1500.0,1.1122205868091442
isophon,119,7,2000.0,0.6558087904791563
isophon,119,7,3000.0,4.545494590941502
isophon,119,7,4000.0,0.6017445585394086
isophon,119,7,6000.0,6.151264435999053
isophon,119,7,8000.0,0.46042933837802025
isophon,119,8,250.0,3.285763419727445
isophon,119,8,500.0,-0.7610662196165094
isophon,119,8,750.0,1.1743198761797942
isophon,119,8,1000.0,4.576489996570075
isophon,119,8,1500.0,-1.1900877109355434
isophon,119,8,2000.0,2.813528309289694
isophon,119,8,3000.0,3.632017250377203
isophon,119,8,4000.0,1.5892245046270688
isophon,119,8,6000.0,2.633063885686397
isophon,119,8,8000.0,2.159535880678078
isophon,119,9,250.0,1.7455901961563285
isophon,119,9,500.0,-2.5929611938188657
isophon,119,9,750.0,-1.0194985531743583
isophon,119,9,1000.0,4.531567791908941
isophon,119,9,1500.0,-2.160449066162073
isophon,119,9,2000.0,4.4857583714855735
isophon,119,9,3000.0,1.7716875747038898
isophon,119,9,4000.0,1.9464798661808658
isophon,119,9,6000.0,0.5943663091844229
isophon,119,9,8000.0,2.781508411889874
isophon,119,10,250.0,-3.581716680763151
isophon,119,10,500.0,-0.9530127254508045
isophon,119,10,750.0,0.5909626336151774
isophon,119,10,1000.0,-1.1225859862939274
isophon,119,10,1500.0,0.04991378784183098
isophon,119,10,2000.0,6.544923165670241
isophon,119,10,3000.0,2.42543289644685
isophon,119,10,4000.0,2.097708577341905
isophon,119,10,6000.0,0.6953693740573783
isophon,119,10,8000.0,-4.162094801309635
isophon,120,1,250.0,6.6090545439480906
isophon,120,1,500.0,26.87714423898838
isophon,120,1,750.0,-6.872182333809391
isophon,120,1,1000.0,3.413761545634742
isophon,120,1,1500.0,-4.08451495160179
isophon,120,1,2000.0,-5.834079740668102
isophon,120,1,3000.0,-2.4927292160364374
isophon,120,1,4000.0,10.449710090786802
isophon,120,1,6000.0,8.937885475717508
isophon,120,1,8000.0,-17.543370631081316
isophon,120,2,250.0,7.830282873674797
isophon,120,2,500.0,1.6907052397872775
isophon,120,2,750.0,-2.3744456609994913
isophon,120,2,1000.0,4.924290800435898
isophon,120,2,1500.0,6.4682386400632055
isophon,120,2,2000.0,-0.5204882510811473
isophon,120,2,3000.0,4.818460350755458
isophon,120,2,4000.0,-5.541874383823867
isophon,120,2,6000.0,-10.626263596469755
isophon,120,2,8000.0,-15.643506781172036
isophon,120,3,250.0,1.5740038308673974
isophon,120,3,500.0,5.318357855942331
isophon,120,3,750.0,-4.869553190932521
isophon,120,3,1000.0,2.0873237804345237
isophon,120,3,1500.0,4.054162488072535
isophon,120,3,2000.0,-2.846510930117077
isophon,120,3,3000.0,0.5340818118637998
isophon,120,3,4000.0,-5.125865014927385
isophon,120,3,6000.0,-15.399783426397462
isophon,120,3,8000.0,-17.98893413205562
isophon,120,4,250.0,-1.704838697382911
isophon,120,4,500.0,1.9008228143601968
isophon,120,4,750.0,-7.518551811770834
isophon,120,4,1000.0,-1.6615866243854924
isophon,120,4,1500.0,1.102662995874411
isophon,120,4,2000.0,0.2060329082793686
isophon,120,4,3000.0,-1.0763381933835632
isophon,120,4,4000.0,-7.6615193485313
isophon,120,4,6000.0,-16.89573838877557
isophon,120,4,8000.0,-17.87135032557238
isophon,120,5,250.0,3.3634452853971766
isophon,120,5,500.0,-8.561807587086648
isophon,120,5,750.0,-5.394597224327924
isophon,120,5,1000.0,-1.505968430378772
isophon,120,5,1500.0,0.9687589628943414
isophon,120,5,2000.0,2.012292239691533
isophon,120,5,3000.0,0.03536990407974372
isophon,120,5,4000.0,-6.363800811767575
isophon,120,5,6000.0,-12.061505549165446
isophon,120,5,8000.0,-12.124755333666926
isophon,120,6,250.0,-5.344122698684515
isophon,120,6,500.0,-0.9021036659260773
isophon,120,6,750.0,-1.127822415269378
isophon,120,6,1000.0,1.5107490915515882
isophon,120,6,1500.0,6.5136565983682
isophon,120,6,2000.0,8.658471153895448
isophon,120,6,3000.0,6.149590856113605
isophon,120,6,4000.0,3.05213607788086
isophon,120,6,6000.0,-5.889690211030683
isophon,120,6,8000.0,-8.015463016615314
isophon,120,7,250.0,-1.025955320470331
isophon,120,7,500.0,4.344124130327359
isophon,120,7,750.0,5.769467067172144
isophon,120,7,1000.0,6.604635743732516
isophon,120,7,1500.0,6.267855797448021
isophon,120,7,2000.0,7.560814443830182
isophon,120,7,3000.0,2.613477426282955
isophon,120,7,4000.0,7.50124557495117
isophon,120,7,6000.0,-1.890085574063491
isophon,120,7,8000.0,-7.177327655941639
isophon,120,8,250.0,1.9294422146657553
isophon,120,8,500.0,3.755534467102194
isophon,120,8,750.0,3.4197668696694166
isophon,120,8,1000.0,2.74022466843401
isophon,120,8,1500.0,5.441832810560484
isophon,120,8,2000.0,7.525151191198361
isophon,120,8,3000.0,5.231330413818355
isophon,120,8,4000.0,8.382594604492184
isophon,120,8,6000.0,0.5822859469326005
isophon,120,8,8000.0,-4.0829835715005345
isophon,120,9,250.0,3.2877791731012422
isophon,120,9,500.0,2.329473000743704
isophon,120,9,750.0,2.144053893062747
isophon,120,9,1000.0,1.4051097966643198
isophon,120,9,1500.0,7.19208742669494
isophon,120,9,2000.0,7.910025246446011
isophon,120,9,3000.0,8.963494262695306
isophon,120,9,4000.0,8.031426391601556
isophon,120,9,6000.0,3.357735165682598
isophon,120,9,8000.0,-0.47906286286979594
isophon,120,10,250.0,1.3890964230663059
isophon,120,10,500.0,2.896588972641979
isophon,120,10,750.0,0.1407913208010001
isophon,120,10,1000.0,-0.21029815673827557
isophon,120,10,1500.0,10.039117198393427
isophon,120,10,2000.0,10.325881413931384
isophon,120,10,3000.0,8.996607208251959
isophon,120,10,4000.0,7.738409423828131
isophon,120,10,6000.0,5.773691128817376
isophon,120,10,8000.0,1.875518333437526
isophon,121,1,250.0,-15.614156713972392
isophon,121,1,500.0,10.997889275087068
isophon,121,1,750.0,7.794243528168948
isophon,121,1,1000.0,13.96669502037576
isophon,121,1,1500.0,3.4034376940593845
isophon,121,1,2000.0,16.502982744918235
isophon,121,1,3000.0,12.640335158332299
isophon,121,1,4000.0,4.487777591196036
isophon,121,1,6000.0,-24.880138048664705
isophon,121,1,8000.0,-10.93214243058793
isophon,121,2,250.0,-10.907280339022876
isophon,121,2,500.0,-2.1947206807440907
isophon,121,2,750.0,0.26516112996387875
isophon,121,2,1000.0,2.8181112980358094
isophon,121,2,1500.0,-1.832014464732218
isophon,121,2,2000.0,0.05202236441041208
isophon,121,2,3000.0,-3.8720997470478764
isophon,121,2,4000.0,-4.7971783517421045
isophon,121,2,6000.0,-9.43072696035128
isophon,121,2,8000.0,-6.665455729551837
isophon,121,3,250.0,-3.4385714353312693
isophon,121,3,500.0,-3.0449300916508832
isophon,121,3,750.0,-2.6464308819672056
isophon,121,3,1000.0,2.9529929470207463
isophon,121,3,1500.0,1.2012760007921202
isophon,121,3,2000.0,10.657072990880877
isophon,121,3,3000.0,4.996818803426343
isophon,121,3,4000.0,-0.3322635829128444
isophon,121,3,6000.0,-12.343571430122935
isophon,121,3,8000.0,0.06965101070160529
isophon,121,4,250.0,4.719905642513737
isophon,121,4,500.0,1.692561033128996
isophon,121,4,750.0,-3.0716627525510773
isophon,121,4,1000.0,5.596587552326646
isophon,121,4,1500.0,-2.0532287124309505
isophon,121,4,2000.0,3.612751833145836
isophon,121,4,3000.0,6.396002611742645
isophon,121,4,4000.0,8.022773302805305
isophon,121,4,6000.0,-6.344550434029202
isophon,121,4,8000.0,3.8361272673136853
isophon,121,5,250.0,-0.8172967977205019
isophon,121,5,500.0,-1.107888367547531
isophon,121,5,750.0,-4.35894302662885
isophon,121,5,1000.0,-4.307162922255259
isophon,121,5,1500.0,-3.475516661031449
isophon,121,5,2000.0,9.734603152274303
isophon,121,5,3000.0,8.05187092386248
isophon,121,5,4000.0,7.735828291031623
isophon,121,5,6000.0,-2.404466369112413
isophon,121,5,8000.0,7.363251465520705
isophon,121,6,250.0,5.728727583205156
isophon,121,6,500.0,9.063603922033906
isophon,121,6,750.0,2.147658162758688
isophon,121,6,1000.0,-0.17480178384656142
isophon,121,6,1500.0,-2.8867942827412776
isophon,121,6,2000.0,-6.440553160659675
isophon,121,6,3000.0,0.639336677601122
isophon,121,6,4000.0,11.615612330592711
isophon,121,6,6000.0,-3.1727484003106383
isophon,121,6,8000.0,7.2982652237291035
isophon,121,7,250.0,10.389375931915069
isophon,121,7,500.0,7.50467265786709
isophon,121,7,750.0,7.343970996604625
isophon,121,7,1000.0,2.534469318173848
isophon,121,7,1500.0,-1.0911257817573699
isophon,121,7,2000.0,-4.411327872854173
isophon,121,7,3000.0,4.069028405430373
isophon,121,7,4000.0,11.502845659625322
isophon,121,7,6000.0,-2.7256253761202203
isophon,121,7,8000.0,6.906856009281057
isophon,121,8,250.0,9.302717257399678
isophon,121,8,500.0,9.686383413778927
isophon,121,8,750.0,8.776718530002015
isophon,121,8,1000.0,5.012292802305893
isophon,121,8,1500.0,-0.5495874802293912
isophon,121,8,2000.0,-1.304694083747222
isophon,121,8,3000.0,7.1008320383505605
isophon,121,8,4000.0,10.96720634833136
isophon,121,8,6000.0,-1.2293362426757852
isophon,121,8,8000.0,7.364577137286986
isophon,121,9,250.0,8.469794950182674
isophon,121,9,500.0,11.610642588465694
isophon,121,9,750.0,8.157275644254511
isophon,121,9,1000.0,6.8010454782608605
isophon,121,9,1500.0,1.180451370497508
isophon,121,9,2000.0,0.5939339655612912
isophon,121,9,3000.0,9.664145765620887
isophon,121,9,4000.0,8.557160646378847
isophon,121,9,6000.0,0.9911584472656187
isophon,121,9,8000.0,8.723461231198115
isophon,121,10,250.0,1.5613113127597416
isophon,121,10,500.0,2.888601189501543
isophon,121,10,750.0,2.5760954900227517
isophon,121,10,1000.0,4.114856889251257
isophon,121,10,1500.0,0.6701216714315734
isophon,121,10,2000.0,-1.7809810097877659
isophon,121,10,3000.0,8.435121206920854
isophon,121,10,4000.0,5.773063757868016
isophon,121,10,6000.0,2.61648788452149
isophon,121,10,8000.0,8.710698588814964
isophon,122,1,250.0,0.5030726164999351
isophon,122,1,500.0,11.511854944596877
isophon,122,1,750.0,-0.6218256814105843
isophon,122,1,1000.0,-1.7277187593109602
isophon,122,1,1500.0,-13.717242574347722
isophon,122,1,2000.0,-11.24926423049186
isophon,122,1,3000.0,-11.18784184979512
isophon,122,1,4000.0,-17.98240489802479
isophon,122,1,6000.0,-16.03993398308029
isophon,122,1,8000.0,-16.993139531959258
isophon,122,2,250.0,-3.5820924566028793
isophon,122,2,500.0,6.007604652738451
isophon,122,2,750.0,4.197637607167039
isophon,122,2,1000.0,0.8958145654990517
isophon,122,2,1500.0,-0.6281263271207109
isophon,122,2,2000.0,3.2785989606267094
isophon,122,2,3000.0,-9.378157270226794
isophon,122,2,4000.0,-11.914317914966858
isophon,122,2,6000.0,-17.322172189177678
isophon,122,2,8000.0,-27.544111552596306
isophon,122,3,250.0,0.8745081597211168
isophon,122,3,500.0,6.84519428224489
isophon,122,3,750.0,5.00870227594595
isophon,122,3,1000.0,2.0078790820985546
isophon,122,3,1500.0,-0.02604293743212338
isophon,122,3,2000.0,3.580260746100336
isophon,122,3,3000.0,-3.9814736411413634
isophon,122,3,4000.0,-7.715734423815405
isophon,122,3,6000.0,-7.732969484818327
isophon,122,3,8000.0,-18.09592503556277
isophon,122,4,250.0,8.448755297619812
isophon,122,4,500.0,8.621406029389135
isophon,122,4,750.0,7.391395801536092
isophon,122,4,1000.0,6.346536202550681
isophon,122,4,1500.0,2.4676279971201467
isophon,122,4,2000.0,2.517862062316979
isophon,122,4,3000.0,-1.4596193687387427
isophon,122,4,4000.0,-2.8730961280181475
isophon,122,4,6000.0,-3.212540792941496
isophon,122,4,8000.0,-9.180739519998099
isophon,122,5,250.0,12.69263763427739
isophon,122,5,500.0,6.428783313573817
isophon,122,5,750.0,7.319460689848796
isophon,122,5,1000.0,9.350050588032985
isophon,122,5,1500.0,4.380777281290932
isophon,122,5,2000.0,5.175098898092571
isophon,122,5,3000.0,0.5773331939312385
isophon,122,5,4000.0,-0.1335859475410217
isophon,122,5,6000.0,-0.19273328495127373
isophon,122,5,8000.0,-6.676882598612238
isophon,122,6,250.0,16.74670852661137
isophon,122,6,500.0,12.781598407567955
isophon,122,6,750.0,13.188440641422105
isophon,122,6,1000.0,11.724121404702913
isophon,122,6,1500.0,4.604437674776435
isophon,122,6,2000.0,4.961946547960849
isophon,122,6,3000.0,4.799380110619708
isophon,122,6,4000.0,4.946712949490205
isophon,122,6,6000.0,0.037189529166070656
isophon,122,6,8000.0,-6.369050569358151
isophon,122,7,250.0,16.267538146972697
isophon,122,7,500.0,15.636564990819906
isophon,122,7,750.0,14.071883939761946
isophon,122,7,1000.0,14.351067643312845
isophon,122,7,1500.0,8.494741248336737
isophon,122,7,2000.0,9.495481735474925
isophon,122,7,3000.0,5.877329260836632
isophon,122,7,4000.0,8.984730153186774
isophon,122,7,6000.0,1.358913147998635
isophon,122,7,8000.0,-8.209125788423364
isophon,122,8,250.0,14.988627929687524
isophon,122,8,500.0,13.767082755079244
isophon,122,8,750.0,13.529916449430928
isophon,122,8,1000.0,13.403398118022082
isophon,122,8,1500.0,8.355557242933173
isophon,122,8,2000.0,9.32077555174692
isophon,122,8,3000.0,7.5716789228387
isophon,122,8,4000.0,8.820949026006588
isophon,122,8,6000.0,1.7283137389297565
isophon,122,8,8000.0,-4.928686026152661
isophon,122,9,250.0,13.765358886718772
isophon,122,9,500.0,10.813435516357416
isophon,122,9,750.0,9.747169787189605
isophon,122,9,1000.0,12.586755286925353
isophon,122,9,1500.0,6.61674117569973
isophon,122,9,2000.0,7.48022698418329
isophon,122,9,3000.0,9.661830588205177
isophon,122,9,4000.0,7.589184498218614
isophon,122,9,6000.0,3.016076976747655
isophon,122,9,8000.0,-2.0553684140508324
isophon,122,10,250.0,10.307623291015645
isophon,122,10,500.0,9.34723510742188
isophon,122,10,750.0,5.897344970703145
isophon,122,10,1000.0,9.161525002517863
isophon,122,10,1500.0,5.432763401582136
isophon,122,10,2000.0,6.8837479529525325
isophon,122,10,3000.0,8.424070075917598
isophon,122,10,4000.0,5.728760352240201
isophon,122,10,6000.0,2.872175407765269
isophon,122,10,8000.0,-0.49005030670433314
isophon,123,1,250.0,-0.36538713457971994
isophon,123,1,500.0,-11.276723317104015
isophon,123,1,750.0,15.12096119868653
isophon,123,1,1000.0,-1.1266332900586775
isophon,123,1,1500.0,-0.5524849527340301
isophon,123,1,2000.0,-13.446387105534697
isophon,123,1,3000.0,-7.070390980015333
isophon,123,1,4000.0,6.265698983015724
isophon,123,1,6000.0,-12.030315386935015
isophon,123,1,8000.0,-1.7197833963251483
isophon,123,2,250.0,1.3756979880541067
isophon,123,2,500.0,4.550859278095743
isophon,123,2,750.0,7.821683570637163
isophon,123,2,1000.0,-0.10267670817624719
isophon,123,2,1500.0,2.874389675805176
isophon,123,2,2000.0,10.3700722670268
isophon,123,2,3000.0,3.9397418145503167
isophon,123,2,4000.0,9.424030053835764
isophon,123,2,6000.0,-11.030354494994128
isophon,123,2,8000.0,-3.4400198239373196
isophon,123,3,250.0,0.9683175737467593
isophon,123,3,500.0,5.754753707343966
isophon,123,3,750.0,3.245057930517447
isophon,123,3,1000.0,-0.3808096580270046
isophon,123,3,1500.0,2.469892235086519
isophon,123,3,2000.0,6.356566632578335
isophon,123,3,3000.0,-0.5837976777592644
isophon,123,3,4000.0,5.343326774373651
isophon,123,3,6000.0,-10.770497372855175
isophon,123,3,8000.0,-1.9318688825898107
isophon,123,4,250.0,-5.459140858841792
isophon,123,4,500.0,14.687691023188862
isophon,123,4,750.0,1.8263402458885736
isophon,123,4,1000.0,-0.43483653265820976
isophon,123,4,1500.0,-0.5187478657884128
isophon,123,4,2000.0,0.9021744641908924
isophon,123,4,3000.0,-5.454231834621211
isophon,123,4,4000.0,2.204786179188318
isophon,123,4,6000.0,-8.62052508752896
isophon,123,4,8000.0,-0.7833378360325582
isophon,123,5,250.0,0.8940137432089728
isophon,123,5,500.0,9.769651991897717
isophon,123,5,750.0,3.3282460137427847
isophon,123,5,1000.0,-2.1253742463118783
isophon,123,5,1500.0,-4.271704140859185
isophon,123,5,2000.0,3.4007080735477615
isophon,123,5,3000.0,0.8744536773060787
isophon,123,5,4000.0,8.133183099666184
isophon,123,5,6000.0,-4.975379662179094
isophon,123,5,8000.0,4.390162924757291
isophon,123,6,250.0,-2.580963243997786
isophon,123,6,500.0,-0.742776094049205
isophon,123,6,750.0,0.28161599446319485
isophon,123,6,1000.0,-3.8141327503965385
isophon,123,6,1500.0,-6.337817370036859
isophon,123,6,2000.0,2.3960032217476765
isophon,123,6,3000.0,-1.5053020914549364
isophon,123,6,4000.0,8.468129628239993
isophon,123,6,6000.0,-4.997241913432376
isophon,123,6,8000.0,-4.543714898719557
isophon,123,7,250.0,0.5005009894006633
isophon,123,7,500.0,-1.26321426070146
isophon,123,7,750.0,-2.4414573006743723
isophon,123,7,1000.0,-0.7294162947536478
isophon,123,7,1500.0,-4.012048479656002
isophon,123,7,2000.0,4.950321062329493
isophon,123,7,3000.0,0.3303715531775424
isophon,123,7,4000.0,3.562995975111903
isophon,123,7,6000.0,-5.898852652933854
isophon,123,7,8000.0,-3.9854126367911817
isophon,123,8,250.0,-2.6362731414342306
isophon,123,8,500.0,-1.6090144580045802
isophon,123,8,750.0,-2.0749974032089114
isophon,123,8,1000.0,-0.9234791443103205
isophon,123,8,1500.0,-5.764146990936794
isophon,123,8,2000.0,5.840593907384701
isophon,123,8,3000.0,3.414536369031751
isophon,123,8,4000.0,3.700981405593481
isophon,123,8,6000.0,-4.8999026357410855
isophon,123,8,8000.0,-2.4370474555013146
isophon,123,9,250.0,-4.585064199035671
isophon,123,9,500.0,-0.9370860826529821
isophon,123,9,750.0,-0.24373060334573893
isophon,123,9,1000.0,-1.6430842339807157
isophon,123,9,1500.0,-4.960036315917847
isophon,123,9,2000.0,4.339128329214844
isophon,123,9,3000.0,6.395658104076034
isophon,123,9,4000.0,5.103053287625428
isophon,123,9,6000.0,-4.328681661173846
isophon,123,9,8000.0,-1.1740550383264576
isophon,123,10,250.0,-3.0570388793945114
isophon,123,10,500.0,0.7718100492883337
isophon,123,10,750.0,0.7107676889653476
isophon,123,10,1000.0,-2.188619769329307
isophon,123,10,1500.0,-3.5938468933104275
isophon,123,10,2000.0,4.827060920134798
isophon,123,10,3000.0,5.928892029486505
isophon,123,10,4000.0,5.6558202012810455
isophon,123,10,6000.0,-3.856827531683109
isophon,123,10,8000.0,-0.06368068685111439
isophon,124,1,250.0,-10.44674958424774
isophon,124,1,500.0,-3.8349599368127087
isophon,124,1,750.0,9.60824932953733
isophon,124,1,1000.0,3.0497043069079126
isophon,124,1,1500.0,-11.290311680972309
isophon,124,1,2000.0,2.10011050144319
isophon,124,1,3000.0,6.84979158188407
isophon,124,1,4000.0,-3.1735006766996605
isophon,124,1,6000.0,-2.6125489451788155
isophon,124,1,8000.0,7.765800467265905
isophon,124,2,250.0,-3.206060488165747
isophon,124,2,500.0,-6.995467087513191
isophon,124,2,750.0,-4.475552250582098
isophon,124,2,1000.0,-3.707704277114942
isophon,124,2,1500.0,-0.45125262799864174
isophon,124,2,2000.0,-2.108940915631038
isophon,124,2,3000.0,4.0674302451441235
isophon,124,2,4000.0,-0.8851352575715339
isophon,124,2,6000.0,2.5336904089731433
isophon,124,2,8000.0,-1.6946544165713533
isophon,124,3,250.0,-1.7265781586450686
isophon,124,3,500.0,-3.8787083633546047
isophon,124,3,750.0,0.35156343392316103
isophon,124,3,1000.0,0.18192476573595684
isophon,124,3,1500.0,-0.9747480970044649
isophon,124,3,2000.0,-4.715478693739655
isophon,124,3,3000.0,6.454796218586154
isophon,124,3,4000.0,-1.7331934594367908
isophon,124,3,6000.0,0.9559324817763297
isophon,124,3,8000.0,1.2241010015914071
isophon,124,4,250.0,-0.5564020049731653
isophon,124,4,500.0,-2.805245471343696
isophon,124,4,750.0,5.240848604347576
isophon,124,4,1000.0,4.304361574639842
isophon,124,4,1500.0,4.07022865191621
isophon,124,4,2000.0,-0.9859341943276547
isophon,124,4,3000.0,4.306427426179894
isophon,124,4,4000.0,0.47000942591292016
isophon,124,4,6000.0,5.376003892986759
isophon,124,4,8000.0,6.162296350445587
isophon,124,5,250.0,1.0478529525949796
isophon,124,5,500.0,-3.271594096041298
isophon,124,5,750.0,-0.5103736310605314
isophon,124,5,1000.0,1.9394056566064108
isophon,124,5,1500.0,-0.839573968346599
isophon,124,5,2000.0,-1.1237444667279135
isophon,124,5,3000.0,5.527502532564284
isophon,124,5,4000.0,-5.40171678968008
isophon,124,5,6000.0,6.9464461829276445
isophon,124,5,8000.0,1.8046845001267116
isophon,124,6,250.0,3.153164577069944
isophon,124,6,500.0,2.343092450673879
isophon,124,6,750.0,4.221446936220204
isophon,124,6,1000.0,3.6672810984533015
isophon,124,6,1500.0,-2.004486567518015
isophon,124,6,2000.0,-1.0311740482226668
isophon,124,6,3000.0,2.9007780714674425
isophon,124,6,4000.0,-7.790428395401278
isophon,124,6,6000.0,1.008603574011559
isophon,124,6,8000.0,-6.399200790264246
isophon,124,7,250.0,1.4527228713166096
isophon,124,7,500.0,-3.5909452536560735
isophon,124,7,750.0,-4.433657039248033
isophon,124,7,1000.0,-4.255296902175203
isophon,124,7,1500.0,-3.2139686782507795
isophon,124,7,2000.0,-6.166607156049366
isophon,124,7,3000.0,-3.1140912710032893
isophon,124,7,4000.0,-13.41131488039386
isophon,124,7,6000.0,-0.6934454875513012
isophon,124,7,8000.0,-4.17541932845829
isophon,124,8,250.0,-1.1703385024096917
isophon,124,8,500.0,-7.183497741080387
isophon,124,8,750.0,-7.86279449045594
isophon,124,8,1000.0,-3.9360055349542478
isophon,124,8,1500.0,-4.124263621377608
isophon,124,8,2000.0,-3.45677854626274
isophon,124,8,3000.0,-1.8095150138574354
isophon,124,8,4000.0,-15.085575561523441
isophon,124,8,6000.0,-4.929914516298268
isophon,124,8,8000.0,-8.566138402178339
isophon,124,9,250.0,-2.561635064476917
isophon,124,9,500.0,-10.727460354017936
isophon,124,9,750.0,-11.228257816922593
isophon,124,9,1000.0,-4.089736838130037
isophon,124,9,1500.0,-3.2674935651308346
isophon,124,9,2000.0,-3.262559538528336
isophon,124,9,3000.0,1.1109764967501548
isophon,124,9,4000.0,-13.00557235717774
isophon,124,9,6000.0,-8.388971602556609
isophon,124,9,8000.0,-11.144327724764779
isophon,124,10,250.0,-7.078042519862777
isophon,124,10,500.0,-9.116191054828562
isophon,124,10,750.0,-8.18489481635605
isophon,124,10,1000.0,-1.2498448734936431
isophon,124,10,1500.0,-7.1289229891520165
isophon,124,10,2000.0,-1.997276373915298
isophon,124,10,3000.0,3.291872661030638
isophon,124,10,4000.0,-10.94485244750976
isophon,124,10,6000.0,-6.093263029693006
isophon,124,10,8000.0,-8.205641170274262
isophon,125,1,250.0,-18.457377638578635
isophon,125,1,500.0,-28.28125872624191
isophon,125,1,750.0,-32.50305736612303
isophon,125,1,1000.0,-35.74700393653683
isophon,125,1,1500.0,-1.8538788132007777
isophon,125,1,2000.0,-11.119540439202709
isophon,125,1,3000.0,-6.388876168427686
isophon,125,1,4000.0,4.687539299550309
isophon,125,1,6000.0,6.052453811244106
isophon,125,1,8000.0,-2.3285931541435048
isophon,125,2,250.0,7.8175359509179
isophon,125,2,500.0,-7.477350357338551
isophon,125,2,750.0,-13.378523746269167
isophon,125,2,1000.0,-5.377653522021788
isophon,125,2,1500.0,-10.549940506521068
isophon,125,2,2000.0,-15.260877236169058
isophon,125,2,3000.0,-2.308027220635033
isophon,125,2,4000.0,0.15602960428088863
isophon,125,2,6000.0,2.0189020829644164
isophon,125,2,8000.0,5.784832746825089
isophon,125,3,250.0,3.668022012015399
isophon,125,3,500.0,1.2849996822397145
isophon,125,3,750.0,-4.7381634775215815
isophon,125,3,1000.0,-4.0492945529412765
isophon,125,3,1500.0,-5.844717285012436
isophon,125,3,2000.0,-6.362824688517634
isophon,125,3,3000.0,6.843855100857937
isophon,125,3,4000.0,1.5860813385002075
isophon,125,3,6000.0,2.8843067136542118
isophon,125,3,8000.0,12.345599790913113
isophon,125,4,250.0,-3.2441693667894356
isophon,125,4,500.0,6.995720856451825
isophon,125,4,750.0,3.1354585754772017
isophon,125,4,1000.0,1.4639205500255628
isophon,125,4,1500.0,-4.319322219825864
isophon,125,4,2000.0,0.2118785575294595
isophon,125,4,3000.0,2.813971452619512
isophon,125,4,4000.0,5.5264703080949005
isophon,125,4,6000.0,5.977804255591053
isophon,125,4,8000.0,17.60439904781279
isophon,125,5,250.0,-1.592303206919027
isophon,125,5,500.0,6.449224235787511
isophon,125,5,750.0,1.9773875154990463
isophon,125,5,1000.0,-1.5420102757187237
isophon,125,5,1500.0,-6.182254061148754
isophon,125,5,2000.0,-4.300412341949311
isophon,125,5,3000.0,-6.4515141332891375
isophon,125,5,4000.0,1.6461182774214365
isophon,125,5,6000.0,9.833212657261996
isophon,125,5,8000.0,20.870808550899724
isophon,125,6,250.0,-2.3071383908484364
isophon,125,6,500.0,0.1445051539033102
isophon,125,6,750.0,4.257752325312566
isophon,125,6,1000.0,1.6103661321314462
isophon,125,6,1500.0,-6.162603345994725
isophon,125,6,2000.0,-0.31514173057155404
isophon,125,6,3000.0,-4.808121910894542
isophon,125,6,4000.0,0.1485496416254648
isophon,125,6,6000.0,7.4400416385959005
isophon,125,6,8000.0,19.384458275663278
isophon,125,7,250.0,0.24372708233049423
isophon,125,7,500.0,-0.44026265015297383
isophon,125,7,750.0,4.625243206901942
isophon,125,7,1000.0,1.9792211163679951
isophon,125,7,1500.0,-8.136100975653122
isophon,125,7,2000.0,-4.149728575705154
isophon,125,7,3000.0,-9.075076279368943
isophon,125,7,4000.0,-1.8374457676607392
isophon,125,7,6000.0,6.766292644391328
isophon,125,7,8000.0,19.32146137305685
isophon,125,8,250.0,1.2123944659483925
isophon,125,8,500.0,-1.5925630651920386
isophon,125,8,750.0,2.3573806050829234
isophon,125,8,1000.0,1.2312359987672181
isophon,125,8,1500.0,-5.439655325490008
isophon,125,8,2000.0,-4.352599583059401
isophon,125,8,3000.0,-7.487612254328653
isophon,125,8,4000.0,-0.4109536119604371
isophon,125,8,6000.0,5.517071850229954
isophon,125,8,8000.0,19.36168828496764
isophon,125,9,250.0,0.8187338831191511
isophon,125,9,500.0,-1.1889552771061176
isophon,125,9,750.0,4.183014263934211
isophon,125,9,1000.0,1.590965440812397
isophon,125,9,1500.0,-3.9170751021007533
isophon,125,9,2000.0,-4.984333457726393
isophon,125,9,3000.0,-6.287367807327911
isophon,125,9,4000.0,0.7907158655107338
isophon,125,9,6000.0,3.841298667432511
isophon,125,9,8000.0,17.9975682165404
isophon,125,10,250.0,1.306359416882401
isophon,125,10,500.0,-3.234868621826166
isophon,125,10,750.0,4.50943061503871
isophon,125,10,1000.0,2.472331863540461
isophon,125,10,1500.0,-3.4777613515796872
isophon,125,10,2000.0,-4.94626411549001
isophon,125,10,3000.0,-2.6755241744592695
isophon,125,10,4000.0,1.5234929339831638
isophon,125,10,6000.0,3.845695011017341
isophon,125,10,8000.0,15.388761685344477
isophon,126,1,250.0,15.898190847862026
isophon,126,1,500.0,-7.513358700667766
isophon,126,1,750.0,0.4289965653402703
isophon,126,1,1000.0,-7.058492682954338
isophon,126,1,1500.0,3.977970023703506
isophon,126,1,2000.0,7.105723060543831
isophon,126,1,3000.0,22.167045306218142
isophon,126,1,4000.0,-2.4132762046887137
isophon,126,1,6000.0,-7.4919657955793895
isophon,126,1,8000.0,-3.133103444282085
isophon,126,2,250.0,10.592023436107297
isophon,126,2,500.0,7.724852873226837
isophon,126,2,750.0,3.68384982716492
isophon,126,2,1000.0,4.569358452790198
isophon,126,2,1500.0,-5.1294020498884265
isophon,126,2,2000.0,1.8396414652146404
isophon,126,2,3000.0,12.235164356055662
isophon,126,2,4000.0,2.054311599698508
isophon,126,2,6000.0,-2.618336934172021
isophon,126,2,8000.0,4.704843221816063
isophon,126,3,250.0,1.0469000188193434
isophon,126,3,500.0,2.696248768347175
isophon,126,3,750.0,3.249548685896613
isophon,126,3,1000.0,6.286343273487873
isophon,126,3,1500.0,-5.519662155609538
isophon,126,3,2000.0,-2.093006097983235
isophon,126,3,3000.0,11.045094331160058
isophon,126,3,4000.0,3.4815050953685898
isophon,126,3,6000.0,-4.982611976855196
isophon,126,3,8000.0,-1.163764774321507
isophon,126,4,250.0,-3.084807720924175
isophon,126,4,500.0,-4.062607832689352
isophon,126,4,750.0,-0.08316824073727958
isophon,126,4,1000.0,-1.1733726608912463
isophon,126,4,1500.0,-6.356359834411023
isophon,126,4,2000.0,0.01809993938120158
isophon,126,4,3000.0,9.988601859365929
isophon,126,4,4000.0,4.063750821209055
isophon,126,4,6000.0,-1.8922639374113857
isophon,126,4,8000.0,-1.469994630393046
isophon,126,5,250.0,-2.3112966265619974
isophon,126,5,500.0,-0.5588363437585713
isophon,126,5,750.0,2.204125017051865
isophon,126,5,1000.0,1.5917716333842122
isophon,126,5,1500.0,-4.23340587936174
isophon,126,5,2000.0,1.8905607242933087
isophon,126,5,3000.0,10.755452205145446
isophon,126,5,4000.0,-2.1237691011160678
isophon,126,5,6000.0,-0.74801741641528
isophon,126,5,8000.0,-0.8391120910644503
isophon,126,6,250.0,-5.728078021116858
isophon,126,6,500.0,-4.624850300181208
isophon,126,6,750.0,-6.0913824003173005
isophon,126,6,1000.0,-3.058923101194509
isophon,126,6,1500.0,-8.348024577925955
isophon,126,6,2000.0,-5.627320990177537
isophon,126,6,3000.0,8.21666808130378
isophon,126,6,4000.0,-2.3230647263231248
isophon,126,6,6000.0,0.40240128475659276
isophon,126,6,8000.0,1.7406393432617193
isophon,126,7,250.0,-3.7084919920641255
isophon,126,7,500.0,-5.2508397359713115
isophon,126,7,750.0,-6.108249131398949
isophon,126,7,1000.0,-2.9057697942154164
isophon,126,7,1500.0,-5.193799376008329
isophon,126,7,2000.0,-7.4047640991210955
isophon,126,7,3000.0,9.084844214693078
isophon,126,7,4000.0,-0.7687464949581937
isophon,126,7,6000.0,1.1048928971428893
isophon,126,7,8000.0,1.4048443603515608
isophon,126,8,250.0,-3.1867413330078165
isophon,126,8,500.0,-4.225649225786171
isophon,126,8,750.0,-3.6305066949165337
isophon,126,8,1000.0,-0.44612418535844256
isophon,126,8,1500.0,-3.4201116393280984
isophon,126,8,2000.0,-5.357452850341801
isophon,126,8,3000.0,0.784522683266232
isophon,126,8,4000.0,0.5877138288445565
isophon,126,8,6000.0,0.6281924499247822
isophon,126,8,8000.0,2.168365020751949
isophon,126,9,250.0,-2.4819212341308656
isophon,126,9,500.0,-3.605530515172248
isophon,126,9,750.0,-2.3542468205588563
isophon,126,9,1000.0,1.0131997952027945
isophon,126,9,1500.0,-2.3505963642831205
isophon,126,9,2000.0,-3.5720816040039125
isophon,126,9,3000.0,-2.7375288391113344
isophon,126,9,4000.0,1.2166827670096154
isophon,126,9,6000.0,-0.8333600817113762
isophon,126,9,8000.0,2.278408966064447
isophon,126,10,250.0,-0.9378868103027287
isophon,126,10,500.0,-2.1702935332174746
isophon,126,10,750.0,-1.6784777286507335
isophon,126,10,1000.0,3.2307719120851317
isophon,126,10,1500.0,-0.7496668184809465
isophon,126,10,2000.0,-2.11770401000976
isophon,126,10,3000.0,-1.306718444824213
isophon,126,10,4000.0,1.2664281487276412
isophon,126,10,6000.0,-0.7906890869140568
isophon,126,10,8000.0,2.125795745849615
isophon,127,1,250.0,-8.62975783248487
isophon,127,1,500.0,14.009016427353373
isophon,127,1,750.0,12.031845140876285
isophon,127,1,1000.0,9.228066985169193
isophon,127,1,1500.0,-1.607634103885914
isophon,127,1,2000.0,12.467504445787938
isophon,127,1,3000.0,16.601074520346714
isophon,127,1,4000.0,-1.096016445831026
isophon,127,1,6000.0,5.261077603840931
isophon,127,1,8000.0,11.13362775107089
isophon,127,2,250.0,-12.493626323943545
isophon,127,2,500.0,-1.4991329500702761
isophon,127,2,750.0,3.4618277682198766
isophon,127,2,1000.0,-0.3687215348638233
isophon,127,2,1500.0,-10.268901110427464
isophon,127,2,2000.0,-0.7399443835032855
isophon,127,2,3000.0,-5.821760707346186
isophon,127,2,4000.0,-9.00651573610628
isophon,127,2,6000.0,-5.857216458280263
isophon,127,2,8000.0,3.370542931157914
isophon,127,3,250.0,-9.891078216957055
isophon,127,3,500.0,-1.2494355100813834
isophon,127,3,750.0,4.999198562556671
isophon,127,3,1000.0,0.009358299120549418
isophon,127,3,1500.0,-8.16335376001831
isophon,127,3,2000.0,0.6808530985690169
isophon,127,3,3000.0,-6.2643750949948895
isophon,127,3,4000.0,-9.349100616634729
isophon,127,3,6000.0,-3.1302196193844196
isophon,127,3,8000.0,3.367370834639985
isophon,127,4,250.0,-4.042601535458644
isophon,127,4,500.0,-0.2673468130244032
isophon,127,4,750.0,7.516247820255813
isophon,127,4,1000.0,2.4769004133783596
isophon,127,4,1500.0,-4.767186537462365
isophon,127,4,2000.0,-2.3601360627034893
isophon,127,4,3000.0,-5.902001155488193
isophon,127,4,4000.0,-7.043338690978487
isophon,127,4,6000.0,-3.1073549320151557
isophon,127,4,8000.0,4.622666745389651
isophon,127,5,250.0,3.5350393385163272
isophon,127,5,500.0,3.8679504908810998
isophon,127,5,750.0,8.642859040011786
isophon,127,5,1000.0,5.947810905321717
isophon,127,5,1500.0,-3.7400155771079966
isophon,127,5,2000.0,-0.83326017926926
isophon,127,5,3000.0,-3.6117990142549843
isophon,127,5,4000.0,-3.8549555738861727
isophon,127,5,6000.0,-0.8106260527691376
isophon,127,5,8000.0,5.584361610677618
isophon,127,6,250.0,4.45879414248644
isophon,127,6,500.0,4.325051487345718
isophon,127,6,750.0,1.741971519052413
isophon,127,6,1000.0,-0.7041197241794492
isophon,127,6,1500.0,-4.156028014973472
isophon,127,6,2000.0,-2.956407215405676
isophon,127,6,3000.0,-0.4630486463435233
isophon,127,6,4000.0,1.374273720543144
isophon,127,6,6000.0,0.7129748363399244
isophon,127,6,8000.0,6.841668993984712
isophon,127,7,250.0,6.799048187318249
isophon,127,7,500.0,8.697664250113675
isophon,127,7,750.0,-2.612667349888113
isophon,127,7,1000.0,-2.508241577148439
isophon,127,7,1500.0,-1.1977868038217991
isophon,127,7,2000.0,2.6135577695360723
isophon,127,7,3000.0,1.5323220498198964
isophon,127,7,4000.0,4.466905073299046
isophon,127,7,6000.0,2.2137248115913053
isophon,127,7,8000.0,5.9212174068946695
isophon,127,8,250.0,7.760439527507842
isophon,127,8,500.0,9.963518971459791
isophon,127,8,750.0,0.4963727543603511
isophon,127,8,1000.0,-0.29031417846680085
isophon,127,8,1500.0,0.8211174181636807
isophon,127,8,2000.0,5.655646993541396
isophon,127,8,3000.0,5.546418076567434
isophon,127,8,4000.0,6.032084179099755
isophon,127,8,6000.0,2.936375566587216
isophon,127,8,8000.0,7.619960226924988
isophon,127,9,250.0,7.714767779502608
isophon,127,9,500.0,10.561945847327337
isophon,127,9,750.0,1.5470935945091497
isophon,127,9,1000.0,1.3472375488281187
isophon,127,9,1500.0,1.5243337314645515
isophon,127,9,2000.0,7.831388246711953
isophon,127,9,3000.0,10.308315319066239
isophon,127,9,4000.0,6.262751742343951
isophon,127,9,6000.0,4.0475788539419
isophon,127,9,8000.0,8.766701089054393
isophon,127,10,250.0,7.398800649655968
isophon,127,10,500.0,10.954987509894124
isophon,127,10,750.0,1.754542310885654
isophon,127,10,1000.0,4.066286468505865
isophon,127,10,1500.0,3.8797414994979675
isophon,127,10,2000.0,9.062740217745898
isophon,127,10,3000.0,10.422063353233398
isophon,127,10,4000.0,5.481314950881753
isophon,127,10,6000.0,4.8438943518429625
isophon,127,10,8000.0,8.110708684697954
isophon,128,1,250.0,22.254392982528742
isophon,128,1,500.0,1.1677444512998179
isophon,128,1,750.0,-0.28664097193183125
isophon,128,1,1000.0,-1.3827118876716469
isophon,128,1,1500.0,11.583148331435613
isophon,128,1,2000.0,18.17755667578321
isophon,128,1,3000.0,-2.0072297180838916
isophon,128,1,4000.0,12.879246460281763
isophon,128,1,6000.0,31.897216857458133
isophon,128,1,8000.0,48.35647321364233
isophon,128,2,250.0,-1.2193873755382754
isophon,128,2,500.0,-9.837471000166055
isophon,128,2,750.0,-10.500885688594607
isophon,128,2,1000.0,-13.166842773514858
isophon,128,2,1500.0,1.9674385068415035
isophon,128,2,2000.0,12.737014232892918
isophon,128,2,3000.0,0.45270007648123567
isophon,128,2,4000.0,6.709336154031163
isophon,128,2,6000.0,12.382924359451636
isophon,128,2,8000.0,31.703142862877854
isophon,128,3,250.0,-0.388047976260566
isophon,128,3,500.0,-8.743859569746022
isophon,128,3,750.0,-12.397256141282853
isophon,128,3,1000.0,-10.714629842744714
isophon,128,3,1500.0,2.2016854911028574
isophon,128,3,2000.0,-1.4010668336982732
isophon,128,3,3000.0,-1.5912301145317258
isophon,128,3,4000.0,-6.405858901878688
isophon,128,3,6000.0,4.717506270784369
isophon,128,3,8000.0,20.4673848216992
isophon,128,4,250.0,-6.06893657814922
isophon,128,4,500.0,-8.594674033917855
isophon,128,4,750.0,-16.74853779188483
isophon,128,4,1000.0,-15.222558625186934
isophon,128,4,1500.0,1.5106605856610429
isophon,128,4,2000.0,-1.287411142776989
isophon,128,4,3000.0,0.446829274248401
isophon,128,4,4000.0,-6.585427971041554
isophon,128,4,6000.0,1.3271869785975383
isophon,128,4,8000.0,13.06120478453299
isophon,128,5,250.0,2.5636317236659067
isophon,128,5,500.0,-2.202784168638672
isophon,128,5,750.0,-14.405474170510672
isophon,128,5,1000.0,-7.607941622002272
isophon,128,5,1500.0,2.2440991292238195
isophon,128,5,2000.0,-3.164129716427226
isophon,128,5,3000.0,-0.3473230123398565
isophon,128,5,4000.0,-3.5163886298212503
isophon,128,5,6000.0,5.844871691662107
isophon,128,5,8000.0,14.060935324825806
isophon,128,6,250.0,3.351844007578805
isophon,128,6,500.0,-4.41372024009992
isophon,128,6,750.0,-13.057235193721752
isophon,128,6,1000.0,-4.18075695998283
isophon,128,6,1500.0,6.506563799863017
isophon,128,6,2000.0,-3.099962513853768
isophon,128,6,3000.0,0.3626135529332828
isophon,128,6,4000.0,-3.6232464876928105
isophon,128,6,6000.0,0.16035731492739558
isophon,128,6,8000.0,6.913764683960437
isophon,128,7,250.0,4.90689816064905
isophon,128,7,500.0,-4.799321816685136
isophon,128,7,750.0,-8.861730991108018
isophon,128,7,1000.0,-3.684657810688833
isophon,128,7,1500.0,7.5912343760628715
isophon,128,7,2000.0,3.9443497734146433
isophon,128,7,3000.0,3.8742389074744636
isophon,128,7,4000.0,-1.7628692238347554
isophon,128,7,6000.0,1.8585670924238826
isophon,128,7,8000.0,6.4980710411215625
isophon,128,8,250.0,3.1892259550109117
isophon,128,8,500.0,-3.4969465018093473
isophon,128,8,750.0,-6.989185980373023
isophon,128,8,1000.0,-4.340595899496776
isophon,128,8,1500.0,8.418563146639045
isophon,128,8,2000.0,3.9100116652767554
isophon,128,8,3000.0,5.243087864847908
isophon,128,8,4000.0,0.9446460204039937
isophon,128,8,6000.0,3.162536638255233
isophon,128,8,8000.0,6.395204845427557
isophon,128,9,250.0,0.803291513760982
isophon,128,9,500.0,-2.045603558385281
isophon,128,9,750.0,-5.833371206819265
isophon,128,9,1000.0,-4.022709396028091
isophon,128,9,1500.0,6.616950410870771
isophon,128,9,2000.0,4.017925274625739
isophon,128,9,3000.0,5.283231495111025
isophon,128,9,4000.0,2.8023769618026506
isophon,128,9,6000.0,4.7537784800869645
isophon,128,9,8000.0,7.609549567681043
isophon,128,10,250.0,-2.4989227393440956
isophon,128,10,500.0,2.7321777219303556
isophon,128,10,750.0,-2.0484016583751696
isophon,128,10,1000.0,1.3514888610944098
isophon,128,10,1500.0,10.661270023859686
isophon,128,10,2000.0,4.856417383001272
isophon,128,10,3000.0,0.8370633183593839
isophon,128,10,4000.0,-1.8196500978766323
isophon,128,10,6000.0,3.771223664140308
isophon,128,10,8000.0,6.648861346805319
isophon,129,1,250.0,32.32168900656276
isophon,129,1,500.0,17.16742394843216
isophon,129,1,750.0,16.741009442507846
isophon,129,1,1000.0,23.52918722060251
isophon,129,1,1500.0,21.599579588968773
isophon,129,1,2000.0,28.601560712841525
isophon,129,1,3000.0,-2.917663521365654
isophon,129,1,4000.0,3.629987074212025
isophon,129,1,6000.0,20.91409876897393
isophon,129,1,8000.0,23.817075499600072
isophon,129,2,250.0,5.525069843715059
isophon,129,2,500.0,4.1801191312206925
isophon,129,2,750.0,10.603650488918085
isophon,129,2,1000.0,3.9114160816864256
isophon,129,2,1500.0,-0.2758909378580512
isophon,129,2,2000.0,14.86883731465037
isophon,129,2,3000.0,-0.3165710365395924
isophon,129,2,4000.0,2.40124147182636
isophon,129,2,6000.0,5.343966839023295
isophon,129,2,8000.0,12.719401435842116
isophon,129,3,250.0,7.540993364011996
isophon,129,3,500.0,1.7020685632644046
isophon,129,3,750.0,9.236091727885679
isophon,129,3,1000.0,6.121144557627417
isophon,129,3,1500.0,-0.591538736982308
isophon,129,3,2000.0,0.6118863551968516
isophon,129,3,3000.0,-1.059968009718503
isophon,129,3,4000.0,-2.1119188704457486
isophon,129,3,6000.0,2.098113686904952
isophon,129,3,8000.0,5.623920077210684
isophon,129,4,250.0,3.092243185415839
isophon,129,4,500.0,1.895300058196142
isophon,129,4,750.0,5.735130193845777
isophon,129,4,1000.0,3.6178827171442265
isophon,129,4,1500.0,-2.1998079923329925
isophon,129,4,2000.0,1.9770075155853988
isophon,129,4,3000.0,3.017478952256795
isophon,129,4,4000.0,-0.9147382540974718
isophon,129,4,6000.0,1.4543632044841388
isophon,129,4,8000.0,2.7401836625009963
isophon,129,5,250.0,2.2875654810025736
isophon,129,5,500.0,0.20835505791613684
isophon,129,5,750.0,3.2292276259898642
isophon,129,5,1000.0,6.014700821599121
isophon,129,5,1500.0,-4.8344242510070785
isophon,129,5,2000.0,0.23309478968195663
isophon,129,5,3000.0,-1.6563129294864751
isophon,129,5,4000.0,-0.8943707352229495
isophon,129,5,6000.0,3.567362290293744
isophon,129,5,8000.0,1.9508326187998222
isophon,129,6,250.0,-2.352999765068006
isophon,129,6,500.0,-4.299584699408669
isophon,129,6,750.0,2.894248469612805
isophon,129,6,1000.0,8.366239471786344
isophon,129,6,1500.0,-5.054648012381392
isophon,129,6,2000.0,4.373890266190259
isophon,129,6,3000.0,-3.737767411138634
isophon,129,6,4000.0,-2.706131749699125
isophon,129,6,6000.0,-3.1831482227160848
isophon,129,6,8000.0,-5.623913587706994
isophon,129,7,250.0,-2.9538127284154996
isophon,129,7,500.0,-5.985439440690513
isophon,129,7,750.0,-0.7684106575239156
isophon,129,7,1000.0,0.7859500795312471
isophon,129,7,1500.0,-8.91723690174615
isophon,129,7,2000.0,5.511612160141368
isophon,129,7,3000.0,-3.900796146752157
isophon,129,7,4000.0,-3.498039752355453
isophon,129,7,6000.0,-2.059489649401428
isophon,129,7,8000.0,-5.680292491298914
isophon,129,8,250.0,-3.9198017903896556
isophon,129,8,500.0,-6.307019377249077
isophon,129,8,750.0,-1.0079033461197042
isophon,129,8,1000.0,-1.116270698039088
isophon,129,8,1500.0,-9.116794166726706
isophon,129,8,2000.0,6.347381262394549
isophon,129,8,3000.0,-2.8776698357029176
isophon,129,8,4000.0,-0.701854509338304
isophon,129,8,6000.0,-1.6796834587657656
isophon,129,8,8000.0,-6.679199676513676
isophon,129,9,250.0,-4.7740533946768124
isophon,129,9,500.0,-7.281125514101831
isophon,129,9,750.0,-2.2046655752729407
isophon,129,9,1000.0,-1.6129736394096454
isophon,129,9,1500.0,-11.300018718426685
isophon,129,9,2000.0,7.490213592522437
isophon,129,9,3000.0,-2.9082449337116287
isophon,129,9,4000.0,1.7548800096542578
isophon,129,9,6000.0,-2.590008091863183
isophon,129,9,8000.0,-6.5206137084961
isophon,129,10,250.0,-7.676131007860121
isophon,129,10,500.0,-2.063150522358484
isophon,129,10,750.0,1.2236463010829084
isophon,129,10,1000.0,2.1932452517404357
isophon,129,10,1500.0,-7.789590456315864
isophon,129,10,2000.0,6.770635644287282
isophon,129,10,3000.0,-6.126779016753176
isophon,129,10,4000.0,-2.976043611043707
isophon,129,10,6000.0,-3.978262376564473
isophon,129,10,8000.0,-6.67422256469726
isophon,130,1,250.0,12.327181829622766
isophon,130,1,500.0,-14.577667125193898
isophon,130,1,750.0,-4.675296339952709
isophon,130,1,1000.0,-6.405014704761072
isophon,130,1,1500.0,-5.747681259036128
isophon,130,1,2000.0,-1.5512611615290979
isophon,130,1,3000.0,13.885589312565799
isophon,130,1,4000.0,-5.31770292256985
isophon,130,1,6000.0,-6.728316071264572
isophon,130,1,8000.0,4.628034660310277
isophon,130,2,250.0,10.174566233733884
isophon,130,2,500.0,3.905164370074644
isophon,130,2,750.0,-0.3782552411026643
isophon,130,2,1000.0,8.274092619630466
isophon,130,2,1500.0,-4.964895874672266
isophon,130,2,2000.0,-1.1694433027948037
isophon,130,2,3000.0,3.533214282813475
isophon,130,2,4000.0,-2.370641725678695
isophon,130,2,6000.0,0.4411215166425677
isophon,130,2,8000.0,13.077922965964447
isophon,130,3,250.0,2.733923719983153
isophon,130,3,500.0,-1.509975799569176
isophon,130,3,750.0,2.3842994718628887
isophon,130,3,1000.0,8.629521685518796
isophon,130,3,1500.0,-6.144949964633469
isophon,130,3,2000.0,-4.2995529276988975
isophon,130,3,3000.0,3.5670059522538082
isophon,130,3,4000.0,-0.6030507572559145
isophon,130,3,6000.0,-0.1988795529795624
isophon,130,3,8000.0,8.690125524888572
isophon,130,4,250.0,0.25495027626438116
isophon,130,4,500.0,-6.248945849216426
isophon,130,4,750.0,-0.6283665549496504
isophon,130,4,1000.0,-0.10055583202310459
isophon,130,4,1500.0,-9.333966583881136
isophon,130,4,2000.0,-1.1655662400132485
isophon,130,4,3000.0,2.8210336525788193
isophon,130,4,4000.0,-1.2941808414903022
isophon,130,4,6000.0,0.6305581617220781
isophon,130,4,8000.0,7.886034618926061
isophon,130,5,250.0,1.4236586391634063
isophon,130,5,500.0,-1.2628235514135753
isophon,130,5,750.0,1.4805276060981498
isophon,130,5,1000.0,2.6894398974532265
isophon,130,5,1500.0,-7.052928700484742
isophon,130,5,2000.0,0.16230811782874355
isophon,130,5,3000.0,3.738957454168883
isophon,130,5,4000.0,-6.694610235364863
isophon,130,5,6000.0,1.5610852773283312
isophon,130,5,8000.0,7.0092563137137205
isophon,130,6,250.0,-2.7904500703497632
isophon,130,6,500.0,-5.09095535733988
isophon,130,6,750.0,-5.376452041620624
isophon,130,6,1000.0,-4.9157330314876475
isophon,130,6,1500.0,-11.519678324872373
isophon,130,6,2000.0,-6.9852489001902995
isophon,130,6,3000.0,0.966454458256905
isophon,130,6,4000.0,-7.131021400660899
isophon,130,6,6000.0,2.8773168329358896
isophon,130,6,8000.0,9.761411234315986
isophon,130,7,250.0,-1.3641087811192278
isophon,130,7,500.0,-6.149599827229125
isophon,130,7,750.0,-6.315543709668958
isophon,130,7,1000.0,-4.247456594186929
isophon,130,7,1500.0,-7.666846672956154
isophon,130,7,2000.0,-7.974661168197315
isophon,130,7,3000.0,1.9232345650348748
isophon,130,7,4000.0,-5.379321464595449
isophon,130,7,6000.0,2.6456849131086386
isophon,130,7,8000.0,9.539736824745972
isophon,130,8,250.0,-0.5978884635540851
isophon,130,8,500.0,-6.302405768806636
isophon,130,8,750.0,-3.811613981943239
isophon,130,8,1000.0,-1.6574929484542196
isophon,130,8,1500.0,-5.364522788125299
isophon,130,8,2000.0,-5.711641650605387
isophon,130,8,3000.0,-5.866234152671268
isophon,130,8,4000.0,-3.302948131550721
isophon,130,8,6000.0,1.9203383891956065
isophon,130,8,8000.0,9.781430381619543
isophon,130,9,250.0,0.1742938696481815
isophon,130,9,500.0,-5.962191044205738
isophon,130,9,750.0,-2.109822939797212
isophon,130,9,1000.0,0.5458487156313794
isophon,130,9,1500.0,-3.513863189645292
isophon,130,9,2000.0,-3.1876506782507477
isophon,130,9,3000.0,-8.501978912353522
isophon,130,9,4000.0,-1.9020794795378322
isophon,130,9,6000.0,0.6093179530644335
isophon,130,9,8000.0,9.040995465049903
isophon,130,10,250.0,2.1133589507846438
isophon,130,10,500.0,-3.389308239205519
isophon,130,10,750.0,-0.8680266482133021
isophon,130,10,1000.0,2.725174463137435
isophon,130,10,1500.0,-1.6185469316512524
isophon,130,10,2000.0,-1.0767612421582697
isophon,130,10,3000.0,-5.880200958251947
isophon,130,10,4000.0,-0.8622284708850572
isophon,130,10,6000.0,0.641611690726009
isophon,130,10,8000.0,7.752457742398633
isophon,131,1,250.0,-7.406994309570848
isophon,131,1,500.0,5.302346360374145
isophon,131,1,750.0,-3.3374583823779176
isophon,131,1,1000.0,-4.198707468792293
isophon,131,1,1500.0,-13.102855803184838
isophon,131,1,2000.0,-12.941576787054245
isophon,131,1,3000.0,-3.3542093075119226
isophon,131,1,4000.0,12.510802584394895
isophon,131,1,6000.0,80.02249557495117
isophon,131,1,8000.0,87.84390472195523
isophon,131,2,250.0,-5.184760117676319
isophon,131,2,500.0,4.336141518951337
isophon,131,2,750.0,2.5341590796920173
isophon,131,2,1000.0,-4.274706719714601
isophon,131,2,1500.0,-2.363123594932887
isophon,131,2,2000.0,0.7278816147435947
isophon,131,2,3000.0,1.9595808226720095
isophon,131,2,4000.0,20.039718976301742
isophon,131,2,6000.0,41.090666503906505
isophon,131,2,8000.0,57.831171423438605
isophon,131,3,250.0,-3.7422336601465673
isophon,131,3,500.0,1.3801050492811413
isophon,131,3,750.0,-0.3074146444811845
isophon,131,3,1000.0,-3.985204304224837
isophon,131,3,1500.0,-0.5495684192325854
isophon,131,3,2000.0,2.2230963640469525
isophon,131,3,3000.0,-0.41388932733286765
isophon,131,3,4000.0,3.211178232472946
isophon,131,3,6000.0,14.287667653087595
isophon,131,3,8000.0,22.26434839352838
isophon,131,4,250.0,0.5974960654746724
isophon,131,4,500.0,0.8645766517569768
isophon,131,4,750.0,0.038263589309593726
isophon,131,4,1000.0,-0.49927925523351746
isophon,131,4,1500.0,2.1582337692178157
isophon,131,4,2000.0,0.6619725897789408
isophon,131,4,3000.0,-3.8724425459159306
isophon,131,4,4000.0,-2.9122347504863484
isophon,131,4,6000.0,-9.992837809990206
isophon,131,4,8000.0,-11.50542450466105
isophon,131,5,250.0,7.925429428302479
isophon,131,5,500.0,1.8322402057951024
isophon,131,5,750.0,3.3421271168388387
isophon,131,5,1000.0,5.28667407930844
isophon,131,5,1500.0,5.032212803641642
isophon,131,5,2000.0,4.733284681248406
isophon,131,5,3000.0,-0.5400671885177815
isophon,131,5,4000.0,1.8547047591672197
isophon,131,5,6000.0,-3.8924183458788804
isophon,131,5,8000.0,-4.934898961846926
isophon,131,6,250.0,16.024555710040758
isophon,131,6,500.0,11.777716756970165
isophon,131,6,750.0,9.104641161864294
isophon,131,6,1000.0,5.728693997976265
isophon,131,6,1500.0,4.562716935127554
isophon,131,6,2000.0,4.499892829411195
isophon,131,6,3000.0,2.2985654307060486
isophon,131,6,4000.0,8.320771850455401
isophon,131,6,6000.0,-0.825880625425853
isophon,131,6,8000.0,-1.7574706083761242
isophon,131,7,250.0,19.05098149129077
isophon,131,7,500.0,17.171935336045806
isophon,131,7,750.0,13.343348547220927
isophon,131,7,1000.0,9.990943642024533
isophon,131,7,1500.0,10.224684587555657
isophon,131,7,2000.0,10.443183065324035
isophon,131,7,3000.0,7.548910241110704
isophon,131,7,4000.0,13.484341701127718
isophon,131,7,6000.0,2.399329896303584
isophon,131,7,8000.0,-5.445391369627956
isophon,131,8,250.0,17.536868506022984
isophon,131,8,500.0,17.61927444638792
isophon,131,8,750.0,14.287917728851681
isophon,131,8,1000.0,9.401813319255112
isophon,131,8,1500.0,10.147089939396892
isophon,131,8,2000.0,12.412817967890163
isophon,131,8,3000.0,10.781140177524136
isophon,131,8,4000.0,14.741608698714074
isophon,131,8,6000.0,4.091590906907982
isophon,131,8,8000.0,-1.5914321634742095
isophon,131,9,250.0,15.540797847710564
isophon,131,9,500.0,16.06064513033384
isophon,131,9,750.0,12.131688103519025
isophon,131,9,1000.0,8.36716789225676
isophon,131,9,1500.0,8.006420928897029
isophon,131,9,2000.0,12.752345476261056
isophon,131,9,3000.0,14.39561114314786
isophon,131,9,4000.0,14.272405911021366
isophon,131,9,6000.0,6.252751013358605
isophon,131,9,8000.0,2.278646407519844
isophon,131,10,250.0,9.739504241943365
isophon,131,10,500.0,11.474467987818159
isophon,131,10,750.0,7.001271583138106
isophon,131,10,1000.0,9.06952068885299
isophon,131,10,1500.0,8.48462524414063
isophon,131,10,2000.0,12.055175113774638
isophon,131,10,3000.0,11.092927551614594
isophon,131,10,4000.0,12.28733146782318
isophon,131,10,6000.0,7.467160101493349
isophon,131,10,8000.0,3.9615118780115495
isophon,132,1,250.0,12.04482118003898
isophon,132,1,500.0,-2.2296795032201047
isophon,132,1,750.0,-1.5138523393693966
isophon,132,1,1000.0,-6.386532825672848
isophon,132,1,1500.0,-7.7781684798761646
isophon,132,1,2000.0,-9.023588688044057
isophon,132,1,3000.0,-5.802861368728415
isophon,132,1,4000.0,5.631824142536885
isophon,132,1,6000.0,-4.131325678122515
isophon,132,1,8000.0,-10.029202062466993
isophon,132,2,250.0,-1.341782638571658
isophon,132,2,500.0,-5.7065438827247235
isophon,132,2,750.0,-2.6613910895791406
isophon,132,2,1000.0,3.6739485693664733
isophon,132,2,1500.0,-1.8753155289737293
isophon,132,2,2000.0,2.7425912883584544
isophon,132,2,3000.0,1.6056578677404545
isophon,132,2,4000.0,1.6262393971022533
isophon,132,2,6000.0,0.35187642265519514
isophon,132,2,8000.0,-13.325973191506307
isophon,132,3,250.0,7.159507805454901
isophon,132,3,500.0,-6.8877602389195545
isophon,132,3,750.0,-6.733989044281884
isophon,132,3,1000.0,2.1933989107921477
isophon,132,3,1500.0,-5.932298537156456
isophon,132,3,2000.0,0.7470693790332064
isophon,132,3,3000.0,-3.11182896204528
isophon,132,3,4000.0,1.220294054271335
isophon,132,3,6000.0,1.8585033306642629
isophon,132,3,8000.0,-10.045927492584227
isophon,132,4,250.0,2.329683068587059
isophon,132,4,500.0,-7.93059458338567
isophon,132,4,750.0,-3.6989580157875963
isophon,132,4,1000.0,1.5346324270330882
isophon,132,4,1500.0,-12.907379824887158
isophon,132,4,2000.0,-5.724860991390756
isophon,132,4,3000.0,1.306335534270218
isophon,132,4,4000.0,-1.5063810364670758
isophon,132,4,6000.0,-4.333274440612172
isophon,132,4,8000.0,-12.40948938155563
isophon,132,5,250.0,5.721285234620396
isophon,132,5,500.0,-4.684333640843789
isophon,132,5,750.0,2.997834140750925
isophon,132,5,1000.0,5.234341560034181
isophon,132,5,1500.0,-7.337786013791529
isophon,132,5,2000.0,1.3428666778505374
isophon,132,5,3000.0,1.326666313137963
isophon,132,5,4000.0,0.28751502786799676
isophon,132,5,6000.0,-0.43594244561748496
isophon,132,5,8000.0,-5.395165576875343
isophon,132,6,250.0,0.2463703504117234
isophon,132,6,500.0,-6.132343619465345
isophon,132,6,750.0,2.072010431414526
isophon,132,6,1000.0,1.5770825960375419
isophon,132,6,1500.0,-0.8665129174040658
isophon,132,6,2000.0,-0.42575598712880947
isophon,132,6,3000.0,-0.3887688793390254
isophon,132,6,4000.0,-3.639577680079526
isophon,132,6,6000.0,-2.8703319515626617
isophon,132,6,8000.0,-1.6137493780873626
isophon,132,7,250.0,-0.6119044866145913
isophon,132,7,500.0,-4.905582157238399
isophon,132,7,750.0,1.7220170285739869
isophon,132,7,1000.0,4.490740583067378
isophon,132,7,1500.0,-2.7566842367128856
isophon,132,7,2000.0,1.6762817415155524
isophon,132,7,3000.0,1.7902644764567697
isophon,132,7,4000.0,-1.0485814159733309
isophon,132,7,6000.0,0.3046290037125772
isophon,132,7,8000.0,-1.6226210614996717
isophon,132,8,250.0,-1.3655900849919504
isophon,132,8,500.0,-2.929443061511975
isophon,132,8,750.0,-0.699534006708177
isophon,132,8,1000.0,3.3078047727793347
isophon,132,8,1500.0,-3.593400629653331
isophon,132,8,2000.0,1.236919385210598
isophon,132,8,3000.0,-1.2074263894094486
isophon,132,8,4000.0,0.9232424211516843
isophon,132,8,6000.0,0.1356361151115948
isophon,132,8,8000.0,-0.052024259685722996
isophon,132,9,250.0,-2.8499162212564784
isophon,132,9,500.0,-3.996495301823913
isophon,132,9,750.0,-1.9574853535693393
isophon,132,9,1000.0,2.9653271905887237
isophon,132,9,1500.0,-4.56056586696522
isophon,132,9,2000.0,-1.3116041463311063
isophon,132,9,3000.0,-2.215334256150612
isophon,132,9,4000.0,2.5081372467914633
isophon,132,9,6000.0,-1.9624014694012857
isophon,132,9,8000.0,1.4216741446642942
isophon,132,10,250.0,-4.870340543900369
isophon,132,10,500.0,-1.9024003418264357
isophon,132,10,750.0,-0.5857466646603768
isophon,132,10,1000.0,4.231731121033448
isophon,132,10,1500.0,-3.43121484404827
isophon,132,10,2000.0,-3.3543239858166487
isophon,132,10,3000.0,-1.1211849022562745
isophon,132,10,4000.0,3.383115213947164
isophon,132,10,6000.0,-0.4572321956302261
isophon,132,10,8000.0,1.5642526798139187
isophon,133,1,250.0,-11.081480038662505
isophon,133,1,500.0,-0.8710917943830729
isophon,133,1,750.0,2.9361663064693033
isophon,133,1,1000.0,-1.7328633578749155
isophon,133,1,1500.0,6.833602736781582
isophon,133,1,2000.0,-4.077627063360847
isophon,133,1,3000.0,6.175489307239477
isophon,133,1,4000.0,-0.969421597296396
isophon,133,1,6000.0,-2.816373552384796
isophon,133,1,8000.0,-6.458246754735757
isophon,133,2,250.0,0.9924655604028771
isophon,133,2,500.0,-4.224805981887101
isophon,133,2,750.0,-8.268011163126715
isophon,133,2,1000.0,-1.8583681291116392
isophon,133,2,1500.0,18.984856581111128
isophon,133,2,2000.0,6.2826648859217045
isophon,133,2,3000.0,6.088101328440352
isophon,133,2,4000.0,11.164403969634876
isophon,133,2,6000.0,-7.807667886017732
isophon,133,2,8000.0,-20.52915281695313
isophon,133,3,250.0,2.604463432540655
isophon,133,3,500.0,1.1421430443027845
isophon,133,3,750.0,-7.751860238359214
isophon,133,3,1000.0,1.1704690269585143
isophon,133,3,1500.0,14.398397805577915
isophon,133,3,2000.0,-6.749832684400346
isophon,133,3,3000.0,-10.425473892577998
isophon,133,3,4000.0,7.367347933030686
isophon,133,3,6000.0,-13.139028623976216
isophon,133,3,8000.0,-13.425321856016296
isophon,133,4,250.0,1.1200280557251148
isophon,133,4,500.0,2.088154348504304
isophon,133,4,750.0,-3.068652390832355
isophon,133,4,1000.0,2.046142280971935
isophon,133,4,1500.0,15.659728842262084
isophon,133,4,2000.0,-10.906234451339628
isophon,133,4,3000.0,-8.761903305672519
isophon,133,4,4000.0,6.551450619904905
isophon,133,4,6000.0,-8.076197055938735
isophon,133,4,8000.0,-12.011142238144629
isophon,133,5,250.0,3.4938623785517393
isophon,133,5,500.0,-0.9786043670692237
isophon,133,5,750.0,-1.6611422706789796
isophon,133,5,1000.0,3.264860872913701
isophon,133,5,1500.0,17.990093473680282
isophon,133,5,2000.0,-3.3813345489958806
isophon,133,5,3000.0,-3.716402526178527
isophon,133,5,4000.0,5.29203285923046
isophon,133,5,6000.0,-1.2487749798852832
isophon,133,5,8000.0,-6.857776081140145
isophon,133,6,250.0,6.707445285181535
isophon,133,6,500.0,-2.511885951675197
isophon,133,6,750.0,-2.0125565299353525
isophon,133,6,1000.0,2.0045668069587634
isophon,133,6,1500.0,14.304346661352568
isophon,133,6,2000.0,-2.202027578592663
isophon,133,6,3000.0,-3.072259222375635
isophon,133,6,4000.0,4.1126603664189645
isophon,133,6,6000.0,-8.691891550724876
isophon,133,6,8000.0,-14.213670033153676
isophon,133,7,250.0,0.8608540674990195
isophon,133,7,500.0,-6.030810708790739
isophon,133,7,750.0,-4.008613037172353
isophon,133,7,1000.0,-1.758722393811837
isophon,133,7,1500.0,11.725917859135947
isophon,133,7,2000.0,-1.2994451076302056
isophon,133,7,3000.0,-4.388936813651711
isophon,133,7,4000.0,1.4017653177171496
isophon,133,7,6000.0,-8.246775241182917
isophon,133,7,8000.0,-10.086966517114007
isophon,133,8,250.0,1.4027879921605404
isophon,133,8,500.0,-4.3833709216035714
isophon,133,8,750.0,-5.972714658793791
isophon,133,8,1000.0,0.5637426747848338
isophon,133,8,1500.0,10.184657818304288
isophon,133,8,2000.0,-1.4809857124088524
isophon,133,8,3000.0,-3.4007298853330497
isophon,133,8,4000.0,1.5216800649768345
isophon,133,8,6000.0,-7.314592386538379
isophon,133,8,8000.0,-12.22259724666904
isophon,133,9,250.0,2.345504887828497
isophon,133,9,500.0,-5.699243599111881
isophon,133,9,750.0,-6.020920082343451
isophon,133,9,1000.0,-1.1431629123942457
isophon,133,9,1500.0,8.414834522569066
isophon,133,9,2000.0,-4.463475792553311
isophon,133,9,3000.0,-3.708650305165122
isophon,133,9,4000.0,4.494294708885349
isophon,133,9,6000.0,-7.108342921156975
isophon,133,9,8000.0,-14.635908947589954
isophon,133,10,250.0,-2.4246922378586646
isophon,133,10,500.0,-3.262258666484641
isophon,133,10,750.0,-5.634142611491868
isophon,133,10,1000.0,-0.2517589283745707
isophon,133,10,1500.0,8.073055473683354
isophon,133,10,2000.0,-8.878316497802729
isophon,133,10,3000.0,-7.391663327213379
isophon,133,10,4000.0,6.588997196920516
isophon,133,10,6000.0,-4.54609408638612
isophon,133,10,8000.0,-12.057908630371088
isophon,134,1,250.0,32.68641460780661
isophon,134,1,500.0,-4.340053047418593
isophon,134,1,750.0,3.911936436554683
isophon,134,1,1000.0,1.5799289395584992
isophon,134,1,1500.0,2.752663061502771
isophon,134,1,2000.0,6.420935697556152
isophon,134,1,3000.0,0.1943479988605219
isophon,134,1,4000.0,-14.732313712319481
isophon,134,1,6000.0,-6.118078449381272
isophon,134,1,8000.0,-5.738190465131439
isophon,134,2,250.0,10.174643730717634
isophon,134,2,500.0,1.7478875015473108
isophon,134,2,750.0,-13.674545918787388
isophon,134,2,1000.0,-5.288239613777414
isophon,134,2,1500.0,2.1005448964446884
isophon,134,2,2000.0,-2.550131062764713
isophon,134,2,3000.0,5.3357440912696035
isophon,134,2,4000.0,-10.28103037539929
isophon,134,2,6000.0,-11.39201107472681
isophon,134,2,8000.0,3.246317620032464
isophon,134,3,250.0,12.030649627346541
isophon,134,3,500.0,5.56746932726724
isophon,134,3,750.0,-7.639193926094208
isophon,134,3,1000.0,-1.6291794774162511
isophon,134,3,1500.0,3.167780084122626
isophon,134,3,2000.0,-0.9604333969616121
isophon,134,3,3000.0,5.708378459246248
isophon,134,3,4000.0,-7.511232541998794
isophon,134,3,6000.0,-10.137377513579835
isophon,134,3,8000.0,4.387374831534331
isophon,134,4,250.0,3.771499368797123
isophon,134,4,500.0,0.29960603824725496
isophon,134,4,750.0,-2.1983338525481457
isophon,134,4,1000.0,8.528683035825445
isophon,134,4,1500.0,4.9499577195694116
isophon,134,4,2000.0,-4.387653585937919
isophon,134,4,3000.0,4.466549917201029
isophon,134,4,4000.0,-7.681866221629448
isophon,134,4,6000.0,-6.9643441775997275
isophon,134,4,8000.0,-1.0058392799479066
isophon,134,5,250.0,7.85156763990517
isophon,134,5,500.0,9.788872108530057
isophon,134,5,750.0,1.8008045793451686
isophon,134,5,1000.0,4.333213360717195
isophon,134,5,1500.0,7.028936583090712
isophon,134,5,2000.0,-7.810456317613216
isophon,134,5,3000.0,2.3359938083423657
isophon,134,5,4000.0,-5.031756266441846
isophon,134,5,6000.0,-0.7920853710999438
isophon,134,5,8000.0,-6.846067232627604
isophon,134,6,250.0,-2.4388942322240297
isophon,134,6,500.0,4.096730423272049
isophon,134,6,750.0,-4.308014149150438
isophon,134,6,1000.0,-4.899755856129886
isophon,134,6,1500.0,0.8782905055680033
isophon,134,6,2000.0,-2.4174895086491404
isophon,134,6,3000.0,5.0488693075132005
isophon,134,6,4000.0,-4.219195095162718
isophon,134,6,6000.0,-4.60137881262078
isophon,134,6,8000.0,-0.2321631333204408
isophon,134,7,250.0,-4.990201331047487
isophon,134,7,500.0,0.1291644485661294
isophon,134,7,750.0,-3.2820621938345766
isophon,134,7,1000.0,-0.8260252235721879
isophon,134,7,1500.0,-1.049847295222932
isophon,134,7,2000.0,0.10922871781939136
isophon,134,7,3000.0,3.8043928631819313
isophon,134,7,4000.0,-3.520269732705273
isophon,134,7,6000.0,-0.23343493511946178
isophon,134,7,8000.0,3.913307752061428
isophon,134,8,250.0,-6.0428844233833985
isophon,134,8,500.0,-0.7871346237268
isophon,134,8,750.0,-0.5665059973066917
isophon,134,8,1000.0,-0.822788057173625
isophon,134,8,1500.0,-0.9402258127221046
isophon,134,8,2000.0,1.0238340845736502
isophon,134,8,3000.0,4.828806349003841
isophon,134,8,4000.0,0.9061196396138911
isophon,134,8,6000.0,-0.9705655922326173
isophon,134,8,8000.0,1.437436996538679
isophon,134,9,250.0,-4.825101727827615
isophon,134,9,500.0,1.9305317061373017
isophon,134,9,750.0,0.9764653464109045
isophon,134,9,1000.0,0.5595816439347345
isophon,134,9,1500.0,-0.6254044649502077
isophon,134,9,2000.0,1.9239673760345397
isophon,134,9,3000.0,5.860580561458946
isophon,134,9,4000.0,1.0674280382456516
isophon,134,9,6000.0,-2.382423888711287
isophon,134,9,8000.0,-1.277418314005999
isophon,134,10,250.0,-2.556133549627461
isophon,134,10,500.0,2.8454765816804723
isophon,134,10,750.0,-5.896997726954297
isophon,134,10,1000.0,1.4097169330529908
isophon,134,10,1500.0,1.6602727132127626
isophon,134,10,2000.0,6.226189253494553
isophon,134,10,3000.0,4.940250685616647
isophon,134,10,4000.0,-1.3310640940845246
isophon,134,10,6000.0,0.6830097929431673
isophon,134,10,8000.0,-4.379005837066927
isophon,135,1,250.0,8.633285753671586
isophon,135,1,500.0,-6.433555885305871
isophon,135,1,750.0,14.036343482292551
isophon,135,1,1000.0,3.3512612230301215
isophon,135,1,1500.0,11.97864889208659
isophon,135,1,2000.0,9.264229609749329
isophon,135,1,3000.0,27.008918063794333
isophon,135,1,4000.0,6.1683887620645805
isophon,135,1,6000.0,-0.15900042394341085
isophon,135,1,8000.0,29.6400804438141
isophon,135,2,250.0,-5.666638853404876
isophon,135,2,500.0,-2.4632197764227897
isophon,135,2,750.0,4.9325930556011315
isophon,135,2,1000.0,-10.53300494154007
isophon,135,2,1500.0,-0.8235340218798299
isophon,135,2,2000.0,1.6965502234193153
isophon,135,2,3000.0,0.8758221057098368
isophon,135,2,4000.0,3.8154011621709856
isophon,135,2,6000.0,2.334214993662897
isophon,135,2,8000.0,14.268025041836069
isophon,135,3,250.0,-0.1773240267503695
isophon,135,3,500.0,-6.394931939536292
isophon,135,3,750.0,4.634780161201235
isophon,135,3,1000.0,-4.907538971602804
isophon,135,3,1500.0,0.8188390622009081
isophon,135,3,2000.0,-1.4479971812710346
isophon,135,3,3000.0,-4.49524772536985
isophon,135,3,4000.0,-2.0754451914006182
isophon,135,3,6000.0,-6.435071841031089
isophon,135,3,8000.0,4.3599754866037586
isophon,135,4,250.0,7.50880157455255
isophon,135,4,500.0,-1.9784018786420035
isophon,135,4,750.0,4.636932609808952
isophon,135,4,1000.0,-3.0789459584790393
isophon,135,4,1500.0,-6.207603682827553
isophon,135,4,2000.0,-13.301315558903894
isophon,135,4,3000.0,1.7584195719934286
isophon,135,4,4000.0,4.37560940799429
isophon,135,4,6000.0,-2.323957873674445
isophon,135,4,8000.0,-0.15308654569535918
isophon,135,5,250.0,0.3711289465343839
isophon,135,5,500.0,-1.9032293726028655
isophon,135,5,750.0,5.359182826993333
isophon,135,5,1000.0,-0.16167031994791614
isophon,135,5,1500.0,-1.937675616353829
isophon,135,5,2000.0,-8.316233063999363
isophon,135,5,3000.0,2.7523036981753677
isophon,135,5,4000.0,9.523451061518045
isophon,135,5,6000.0,2.6482895286945194
isophon,135,5,8000.0,3.9111812041774527
isophon,135,6,250.0,1.4650187086882482
isophon,135,6,500.0,-2.2094502589290954
isophon,135,6,750.0,3.4164105634357043
isophon,135,6,1000.0,-2.2422852507288553
isophon,135,6,1500.0,-2.3328283817968156
isophon,135,6,2000.0,-4.055738936586579
isophon,135,6,3000.0,1.9872271960435484
isophon,135,6,4000.0,2.491377577114463
isophon,135,6,6000.0,-2.1600479279155422
isophon,135,6,8000.0,0.17670000074762982
isophon,135,7,250.0,1.0271807085866556
isophon,135,7,500.0,0.945122879284682
isophon,135,7,750.0,1.4997225766407638
isophon,135,7,1000.0,-2.5757399926309716
isophon,135,7,1500.0,-1.351135203226363
isophon,135,7,2000.0,-2.2377681407811565
isophon,135,7,3000.0,3.28808259123241
isophon,135,7,4000.0,-0.40167757748594113
isophon,135,7,6000.0,-5.7377482729592515
isophon,135,7,8000.0,1.5717840416616298
isophon,135,8,250.0,2.9828286734489353
isophon,135,8,500.0,2.413155581291292
isophon,135,8,750.0,0.5437907084832005
isophon,135,8,1000.0,-1.6198385611180157
isophon,135,8,1500.0,2.2268894949292957
isophon,135,8,2000.0,-3.0122585107349806
isophon,135,8,3000.0,2.479337054682361
isophon,135,8,4000.0,0.544165889183347
isophon,135,8,6000.0,-4.0359881608281825
isophon,135,8,8000.0,1.7008242421139244
isophon,135,9,250.0,3.7836942282555412
isophon,135,9,500.0,0.012998086086042804
isophon,135,9,750.0,-0.21754819955710047
isophon,135,9,1000.0,-3.451015321751399
isophon,135,9,1500.0,-3.6426100515034534
isophon,135,9,2000.0,-1.92956399598485
isophon,135,9,3000.0,1.0853423723171858
isophon,135,9,4000.0,2.734205452513578
isophon,135,9,6000.0,-2.0821950259800275
isophon,135,9,8000.0,3.3903577882436764
isophon,135,10,250.0,4.851368532218842
isophon,135,10,500.0,2.568349068719286
isophon,135,10,750.0,1.4345666240002686
isophon,135,10,1000.0,-1.9349005643425556
isophon,135,10,1500.0,-1.398199077183719
isophon,135,10,2000.0,-4.342507988237557
isophon,135,10,3000.0,-3.2862182617186733
isophon,135,10,4000.0,4.040509538715824
isophon,135,10,6000.0,-0.3434372107284531
isophon,135,10,8000.0,3.5565734308330974
isophon,136,1,250.0,-12.249254058825485
isophon,136,1,500.0,-0.5751278140376144
isophon,136,1,750.0,6.254894517572268
isophon,136,1,1000.0,-6.48541321552451
isophon,136,1,1500.0,1.7383040969142751
isophon,136,1,2000.0,-8.40432989270391
isophon,136,1,3000.0,8.069128127308133
isophon,136,1,4000.0,1.0174702382162764
isophon,136,1,6000.0,-2.6710577782281604
isophon,136,1,8000.0,-1.0771546455571865
isophon,136,2,250.0,-3.1058018596664283
isophon,136,2,500.0,-4.735625881615611
isophon,136,2,750.0,2.2039455287934757
isophon,136,2,1000.0,0.48508539726195465
isophon,136,2,1500.0,-1.7213314477684776
isophon,136,2,2000.0,4.655891495334352
isophon,136,2,3000.0,10.334700751102353
isophon,136,2,4000.0,8.450091409854863
isophon,136,2,6000.0,-6.456361629940318
isophon,136,2,8000.0,-10.643948819623446
isophon,136,3,250.0,-1.0946030284787724
isophon,136,3,500.0,-0.5001557945890269
isophon,136,3,750.0,1.238701315259405
isophon,136,3,1000.0,1.2129872394466545
isophon,136,3,1500.0,-7.352729969697066
isophon,136,3,2000.0,-9.477537984043003
isophon,136,3,3000.0,-1.4212924682528865
isophon,136,3,4000.0,1.8678655967598345
isophon,136,3,6000.0,-10.038671924835995
isophon,136,3,8000.0,-3.4871911652670917
isophon,136,4,250.0,-3.8338967947437936
isophon,136,4,500.0,0.16546774937083342
isophon,136,4,750.0,4.098478168708702
isophon,136,4,1000.0,0.32561591051114647
isophon,136,4,1500.0,-6.539963825578184
isophon,136,4,2000.0,-14.182094833697747
isophon,136,4,3000.0,0.10609988667138737
isophon,136,4,4000.0,-0.8026725327526094
isophon,136,4,6000.0,-7.339943200053909
isophon,136,4,8000.0,-1.6363456297762013
isophon,136,5,250.0,1.7073697272859931
isophon,136,5,500.0,-0.27588901861005866
isophon,136,5,750.0,3.0619408643015475
isophon,136,5,1000.0,0.9576387774957169
isophon,136,5,1500.0,-1.6728238742698665
isophon,136,5,2000.0,-7.8982572582750095
isophon,136,5,3000.0,4.413649341956571
isophon,136,5,4000.0,-0.920893122655599
isophon,136,5,6000.0,-1.41687663614168
isophon,136,5,8000.0,0.6867207589078248
isophon,136,6,250.0,3.028677547590121
isophon,136,6,500.0,-2.1233096807320493
isophon,136,6,750.0,3.0474543706657613
isophon,136,6,1000.0,0.3265792835444472
isophon,136,6,1500.0,-3.7776866286699686
isophon,136,6,2000.0,-6.909429109336827
isophon,136,6,3000.0,3.6761327582485706
isophon,136,6,4000.0,-3.1536226882184764
isophon,136,6,6000.0,-4.3338578897541
isophon,136,6,8000.0,-7.33226955355714
isophon,136,7,250.0,-4.030014621033018
isophon,136,7,500.0,-6.9402964429586405
isophon,136,7,750.0,-4.516455365583667
isophon,136,7,1000.0,0.11777271928917799
isophon,136,7,1500.0,-4.022918804563403
isophon,136,7,2000.0,-5.117626300581975
isophon,136,7,3000.0,2.65664365695649
isophon,136,7,4000.0,-3.4620091416924765
isophon,136,7,6000.0,-4.950639783564611
isophon,136,7,8000.0,-3.606196870283469
isophon,136,8,250.0,-2.9782267562396783
isophon,136,8,500.0,-6.5463853915490375
isophon,136,8,750.0,-5.02139926282095
isophon,136,8,1000.0,2.2753729776813287
isophon,136,8,1500.0,-6.2415313312807115
isophon,136,8,2000.0,-4.974693662425565
isophon,136,8,3000.0,1.0549084375344506
isophon,136,8,4000.0,-2.5641431178525096
isophon,136,8,6000.0,-4.652356101655428
isophon,136,8,8000.0,-4.968968914260984
isophon,136,9,250.0,-1.689561810692041
isophon,136,9,500.0,-8.054107572871573
isophon,136,9,750.0,-4.670847207806887
isophon,136,9,1000.0,1.1578150195055628
isophon,136,9,1500.0,-7.365007288041241
isophon,136,9,2000.0,-7.45337256137239
isophon,136,9,3000.0,-0.8002202530245341
isophon,136,9,4000.0,0.7704051897820392
isophon,136,9,6000.0,-5.413709361338221
isophon,136,9,8000.0,-8.029503885715627
isophon,136,10,250.0,-4.097278444548351
isophon,136,10,500.0,-4.997957747468547
isophon,136,10,750.0,-3.961762924882521
isophon,136,10,1000.0,1.4109493792243342
isophon,136,10,1500.0,-7.29417074753097
isophon,136,10,2000.0,-11.578150413103643
isophon,136,10,3000.0,-6.803370172577544
isophon,136,10,4000.0,3.330150464353366
isophon,136,10,6000.0,-2.9260081889497656
isophon,136,10,8000.0,-6.580281115951394
isophon,137,1,250.0,-20.219018617799236
isophon,137,1,500.0,26.60875033321709
isophon,137,1,750.0,29.77984664538044
isophon,137,1,1000.0,26.77639448752649
isophon,137,1,1500.0,21.547798323689086
isophon,137,1,2000.0,11.608720653662374
isophon,137,1,3000.0,-10.117676833832405
isophon,137,1,4000.0,22.728752522117794
isophon,137,1,6000.0,16.91687196614007
isophon,137,1,8000.0,40.68865317037894
isophon,137,2,250.0,-11.465105757501817
isophon,137,2,500.0,8.42597761583123
isophon,137,2,750.0,22.95469952540404
isophon,137,2,1000.0,13.432319321997667
isophon,137,2,1500.0,3.7749952535017286
isophon,137,2,2000.0,13.659512429881431
isophon,137,2,3000.0,-3.3406326417700285
isophon,137,2,4000.0,3.7625774607586777
isophon,137,2,6000.0,1.0875601944533315
isophon,137,2,8000.0,22.665176877252932
isophon,137,3,250.0,-8.484358327826683
isophon,137,3,500.0,2.423613327095552
isophon,137,3,750.0,13.835532532387596
isophon,137,3,1000.0,3.2499657604058
isophon,137,3,1500.0,-0.06398517242308799
isophon,137,3,2000.0,3.4635985318748794
isophon,137,3,3000.0,-5.587090507258509
isophon,137,3,4000.0,3.0947836003857105
isophon,137,3,6000.0,4.6171642374745545
isophon,137,3,8000.0,25.458004461437582
isophon,137,4,250.0,-6.3660829860081805
isophon,137,4,500.0,-3.066213821188313
isophon,137,4,750.0,7.968825252765598
isophon,137,4,1000.0,-7.379148544324636
isophon,137,4,1500.0,-5.428478614127613
isophon,137,4,2000.0,4.2765346467728875
isophon,137,4,3000.0,-5.682086597154651
isophon,137,4,4000.0,-3.95330741289996
isophon,137,4,6000.0,2.292378913515961
isophon,137,4,8000.0,25.124437623866143
isophon,137,5,250.0,-4.281014839311041
isophon,137,5,500.0,-1.9785766609062136
isophon,137,5,750.0,1.6050000927278916
isophon,137,5,1000.0,-5.084756098410381
isophon,137,5,1500.0,-4.312041236197928
isophon,137,5,2000.0,5.498113632859841
isophon,137,5,3000.0,-3.727888355821605
isophon,137,5,4000.0,-2.192188581404835
isophon,137,5,6000.0,3.713747932070646
isophon,137,5,8000.0,22.79939447876528
isophon,137,6,250.0,-9.334972827672118
isophon,137,6,500.0,-5.754210825451594
isophon,137,6,750.0,-4.365340380657415
isophon,137,6,1000.0,-4.604879314680545
isophon,137,6,1500.0,-6.953170939638412
isophon,137,6,2000.0,-2.1780613874621366
isophon,137,6,3000.0,-8.156649686543403
isophon,137,6,4000.0,-9.219832945822475
isophon,137,6,6000.0,-6.150295946318536
isophon,137,6,8000.0,14.671449410564776
isophon,137,7,250.0,-7.118067564323397
isophon,137,7,500.0,-2.5086166942320887
isophon,137,7,750.0,-6.617634551133904
isophon,137,7,1000.0,-9.555844286435516
isophon,137,7,1500.0,-8.880754085408668
isophon,137,7,2000.0,2.094196042683137
isophon,137,7,3000.0,-10.356898890185619
isophon,137,7,4000.0,-6.81705410381538
isophon,137,7,6000.0,-7.036705933204857
isophon,137,7,8000.0,14.103043077596865
isophon,137,8,250.0,-7.362738071070822
isophon,137,8,500.0,-1.8932658248731542
isophon,137,8,750.0,-8.092760156465516
isophon,137,8,1000.0,-11.131636247316465
isophon,137,8,1500.0,-13.959613346603348
isophon,137,8,2000.0,-2.0107679813556416
isophon,137,8,3000.0,-10.137591549893074
isophon,137,8,4000.0,-8.437124104125957
isophon,137,8,6000.0,-8.84084108935835
isophon,137,8,8000.0,8.334946538478022
isophon,137,9,250.0,-5.536111078887089
isophon,137,9,500.0,-0.7232943522168114
isophon,137,9,750.0,-9.07656180850691
isophon,137,9,1000.0,-10.49112568225361
isophon,137,9,1500.0,-12.72648529052735
isophon,137,9,2000.0,-6.6030722552044665
isophon,137,9,3000.0,-9.144768374602933
isophon,137,9,4000.0,-8.424162902832038
isophon,137,9,6000.0,-7.813239135742194
isophon,137,9,8000.0,4.101171887416442
isophon,137,10,250.0,-2.572167153614558
isophon,137,10,500.0,2.9466684788748836
isophon,137,10,750.0,-7.811177825927729
isophon,137,10,1000.0,-6.854520470800139
isophon,137,10,1500.0,-9.7409683227539
isophon,137,10,2000.0,-7.295850268205612
isophon,137,10,3000.0,-7.806518993361095
isophon,137,10,4000.0,-6.501550292968744
isophon,137,10,6000.0,-6.205510711669916
isophon,137,10,8000.0,3.876423610761364
isophon,138,1,250.0,13.13357589935002
isophon,138,1,500.0,20.420527600912393
isophon,138,1,750.0,13.018483849819958
isophon,138,1,1000.0,1.6829886355992585
isophon,138,1,1500.0,14.855461742638283
isophon,138,1,2000.0,-5.3712616393040165
isophon,138,1,3000.0,1.4783140585601444
isophon,138,1,4000.0,-17.495389159082862
isophon,138,1,6000.0,-27.10204347396884
isophon,138,1,8000.0,-30.597021408570285
isophon,138,2,250.0,3.3874863244574556
isophon,138,2,500.0,4.484083785493183
isophon,138,2,750.0,6.970508035720357
isophon,138,2,1000.0,0.42323198728247036
isophon,138,2,1500.0,0.791175829078675
isophon,138,2,2000.0,-16.96971785624836
isophon,138,2,3000.0,1.6229780524812085
isophon,138,2,4000.0,-12.043752282713072
isophon,138,2,6000.0,-10.866785636774907
isophon,138,2,8000.0,-25.152766650314376
isophon,138,3,250.0,2.5047325847156685
isophon,138,3,500.0,5.201161102710373
isophon,138,3,750.0,1.4853489175641954
isophon,138,3,1000.0,-4.577870255028557
isophon,138,3,1500.0,-5.884730536851194
isophon,138,3,2000.0,-9.72218398765257
isophon,138,3,3000.0,3.1016444472219433
isophon,138,3,4000.0,-9.700238092537802
isophon,138,3,6000.0,-0.11106202503643203
isophon,138,3,8000.0,-15.960678327420752
isophon,138,4,250.0,7.482568870319568
isophon,138,4,500.0,-1.489754932406143
isophon,138,4,750.0,-3.837288842800149
isophon,138,4,1000.0,-1.1303168944710933
isophon,138,4,1500.0,-5.510784367157427
isophon,138,4,2000.0,-6.569310150912216
isophon,138,4,3000.0,9.322633886582423
isophon,138,4,4000.0,1.4288670959263925
isophon,138,4,6000.0,8.434678056578491
isophon,138,4,8000.0,-7.07304990359907
isophon,138,5,250.0,9.747165571748212
isophon,138,5,500.0,-0.5390011733896927
isophon,138,5,750.0,-5.6312742958312185
isophon,138,5,1000.0,0.16324921157411154
isophon,138,5,1500.0,-3.478981210706195
isophon,138,5,2000.0,-5.626455491467823
isophon,138,5,3000.0,4.318480565381307
isophon,138,5,4000.0,-0.4593312028743952
isophon,138,5,6000.0,2.3273019721133608
isophon,138,5,8000.0,-4.977938622079293
isophon,138,6,250.0,5.297083726959585
isophon,138,6,500.0,2.4299797792664606
isophon,138,6,750.0,-2.550759148680001
isophon,138,6,1000.0,-1.6095289222220401
isophon,138,6,1500.0,0.6599507565523481
isophon,138,6,2000.0,-0.2914418834218111
isophon,138,6,3000.0,2.075884327243898
isophon,138,6,4000.0,0.3204192091006206
isophon,138,6,6000.0,-1.261879334515399
isophon,138,6,8000.0,-9.127956706991412
isophon,138,7,250.0,6.5527746311060895
isophon,138,7,500.0,5.7076648219996
isophon,138,7,750.0,0.3777447162791674
isophon,138,7,1000.0,-0.35080257366089995
isophon,138,7,1500.0,0.20328769385488954
isophon,138,7,2000.0,-0.8460056578249038
isophon,138,7,3000.0,2.9047508895445873
isophon,138,7,4000.0,-2.971492621843211
isophon,138,7,6000.0,2.0423117523250056
isophon,138,7,8000.0,-7.160446041345338
isophon,138,8,250.0,7.044782230515153
isophon,138,8,500.0,5.086764400916337
isophon,138,8,750.0,2.275333288533716
isophon,138,8,1000.0,-1.5141106043285362
isophon,138,8,1500.0,0.9139440853434451
isophon,138,8,2000.0,-2.062558076509319
isophon,138,8,3000.0,-0.1772446653462083
isophon,138,8,4000.0,-3.6187113915830196
isophon,138,8,6000.0,1.8323136196596579
isophon,138,8,8000.0,-4.202366857084272
isophon,138,9,250.0,6.971184209996494
isophon,138,9,500.0,4.414133631314556
isophon,138,9,750.0,3.0775626397769997
isophon,138,9,1000.0,-2.376368560791022
isophon,138,9,1500.0,2.8565468552637157
isophon,138,9,2000.0,-3.1837242482397556
isophon,138,9,3000.0,-5.512694893279203
isophon,138,9,4000.0,-0.3086952893977468
isophon,138,9,6000.0,0.0632537031945617
isophon,138,9,8000.0,-1.8661871461652026
isophon,138,10,250.0,3.819554707036886
isophon,138,10,500.0,6.078742606980228
isophon,138,10,750.0,3.7294908247619674
isophon,138,10,1000.0,-0.4017387390136662
isophon,138,10,1500.0,4.980077735606486
isophon,138,10,2000.0,-0.488801200893505
isophon,138,10,3000.0,-4.179046132845741
isophon,138,10,4000.0,0.7969006328173549
isophon,138,10,6000.0,1.3473651266209004
isophon,138,10,8000.0,-0.9319759672795982
isophon,139,1,250.0,7.15509652842227
isophon,139,1,500.0,-10.763862403020795
isophon,139,1,750.0,-2.4904119553237223
isophon,139,1,1000.0,-9.025271183175903
isophon,139,1,1500.0,-8.768703094728785
isophon,139,1,2000.0,13.739074926045557
isophon,139,1,3000.0,15.958119528704803
isophon,139,1,4000.0,3.2689016095985366
isophon,139,1,6000.0,-7.500978222807802
isophon,139,1,8000.0,2.2679896148612784
isophon,139,2,250.0,-6.0526954023891975
isophon,139,2,500.0,-0.41762638934396534
isophon,139,2,750.0,-1.0416688194863895
isophon,139,2,1000.0,3.243502361735956
isophon,139,2,1500.0,-1.263799111775576
isophon,139,2,2000.0,16.537123457975923
isophon,139,2,3000.0,0.8012572523462183
isophon,139,2,4000.0,-4.549093402473709
isophon,139,2,6000.0,-10.51746426895292
isophon,139,2,8000.0,0.5557168773506476
isophon,139,3,250.0,-3.483690169435434
isophon,139,3,500.0,-7.186139241668229
isophon,139,3,750.0,-3.5843716414721882
isophon,139,3,1000.0,2.72387186288924
isophon,139,3,1500.0,10.974890871417202
isophon,139,3,2000.0,8.280876607988624
isophon,139,3,3000.0,-4.46631753778729
isophon,139,3,4000.0,-3.205308894359135
isophon,139,3,6000.0,0.9995633200917098
isophon,139,3,8000.0,0.615010748444746
isophon,139,4,250.0,2.5516553964390596
isophon,139,4,500.0,2.349831526051517
isophon,139,4,750.0,-2.1688077763328977
isophon,139,4,1000.0,-0.6094217106439146
isophon,139,4,1500.0,5.960256828606987
isophon,139,4,2000.0,2.543062440510255
isophon,139,4,3000.0,-4.365682268151389
isophon,139,4,4000.0,-3.2323318779385772
isophon,139,4,6000.0,5.811853631790157
isophon,139,4,8000.0,1.8813923361127252
isophon,139,5,250.0,1.207513183151633
isophon,139,5,500.0,0.8410491403892735
isophon,139,5,750.0,2.6389813587105664
isophon,139,5,1000.0,2.9461940613956017
isophon,139,5,1500.0,10.701008328996764
isophon,139,5,2000.0,6.281861887593195
isophon,139,5,3000.0,0.5657800949228289
isophon,139,5,4000.0,1.8851785565114199
isophon,139,5,6000.0,7.609700837052657
isophon,139,5,8000.0,-0.6657968494862274
isophon,139,6,250.0,-2.3691057524872434
isophon,139,6,500.0,-4.260101075884506
isophon,139,6,750.0,-3.376717203884752
isophon,139,6,1000.0,-2.614903056285982
isophon,139,6,1500.0,6.108800342159469
isophon,139,6,2000.0,-9.565881537793757
isophon,139,6,3000.0,-4.9830705026841
isophon,139,6,4000.0,4.709013672013697
isophon,139,6,6000.0,5.904874056952664
isophon,139,6,8000.0,5.141072205961066
isophon,139,7,250.0,-1.3607181964790414
isophon,139,7,500.0,-2.518604605021835
isophon,139,7,750.0,-3.861927117579725
isophon,139,7,1000.0,-0.24682710282571918
isophon,139,7,1500.0,4.9859088736259025
isophon,139,7,2000.0,-10.619260437969587
isophon,139,7,3000.0,-4.732966241674632
isophon,139,7,4000.0,5.805567868737512
isophon,139,7,6000.0,3.5810004066793084
isophon,139,7,8000.0,-1.0625234128332295
isophon,139,8,250.0,0.6507295518515548
isophon,139,8,500.0,-2.3225130947349157
isophon,139,8,750.0,-2.5027603336108086
isophon,139,8,1000.0,0.45283963658708615
isophon,139,8,1500.0,4.01437492523057
isophon,139,8,2000.0,-9.033715219072306
isophon,139,8,3000.0,-3.097268174560071
isophon,139,8,4000.0,1.2871648932526938
isophon,139,8,6000.0,3.229698817607215
isophon,139,8,8000.0,-0.741579070936055
isophon,139,9,250.0,2.9354795821396493
isophon,139,9,500.0,-2.2384180459677623
isophon,139,9,750.0,-0.48216571925581775
isophon,139,9,1000.0,1.7225640246911524
isophon,139,9,1500.0,4.261777763859882
isophon,139,9,2000.0,-7.301529475639313
isophon,139,9,3000.0,-1.9190771346900561
isophon,139,9,4000.0,-1.9008866726152007
isophon,139,9,6000.0,1.3159800595076945
isophon,139,9,8000.0,-0.6918444236730608
isophon,139,10,250.0,5.203079673035276
isophon,139,10,500.0,1.6832499812458082
isophon,139,10,750.0,1.0256944830084649
isophon,139,10,1000.0,3.2240375610794842
isophon,139,10,1500.0,5.956751289160437
isophon,139,10,2000.0,-6.137272414067027
isophon,139,10,3000.0,0.9414181028470807
isophon,139,10,4000.0,-0.3846701666749226
isophon,139,10,6000.0,2.6485581919160666
isophon,139,10,8000.0,0.6693032438675033
isophon,140,1,250.0,25.53752166748047
isophon,140,1,500.0,6.284249533671623
isophon,140,1,750.0,3.6782725524902347
isophon,140,1,1000.0,5.682491607666016
isophon,140,1,1500.0,4.590910967132105
isophon,140,1,2000.0,7.395469017028809
isophon,140,1,3000.0,8.859107322692871
isophon,140,1,4000.0,-2.0158769694500123
isophon,140,1,6000.0,19.278321057539728
isophon,140,1,8000.0,-23.71113300573417
isophon,140,2,250.0,10.567294212553989
isophon,140,2,500.0,5.394952311568787
isophon,140,2,750.0,3.9010183847260365
isophon,140,2,1000.0,-3.3727501546155523
isophon,140,2,1500.0,-3.313057344553485
isophon,140,2,2000.0,-5.171015052795411
isophon,140,2,3000.0,-0.7940514373779308
isophon,140,2,4000.0,-12.74256204256784
isophon,140,2,6000.0,12.360987692109646
isophon,140,2,8000.0,-15.767937008191296
isophon,140,3,250.0,5.271365590264644
isophon,140,3,500.0,6.7222387225314435
isophon,140,3,750.0,7.9433188574265685
isophon,140,3,1000.0,-0.6999397682763657
isophon,140,3,1500.0,-5.138616645131194
isophon,140,3,2000.0,-4.7197801842511495
isophon,140,3,3000.0,0.29025440578023165
isophon,140,3,4000.0,-10.468256262783342
isophon,140,3,6000.0,11.02529595394698
isophon,140,3,8000.0,-6.982170826840687
isophon,140,4,250.0,0.36619027098504375
isophon,140,4,500.0,6.934741784491976
isophon,140,4,750.0,7.1866878993165955
isophon,140,4,1000.0,-0.5134547979767916
isophon,140,4,1500.0,-9.104233529656781
isophon,140,4,2000.0,-2.890451181852626
isophon,140,4,3000.0,2.257025616293461
isophon,140,4,4000.0,-6.2708908546261455
isophon,140,4,6000.0,8.182341111759825
isophon,140,4,8000.0,-6.243560668861406
isophon,140,5,250.0,-2.2167732913249694
isophon,140,5,500.0,1.5394792052787807
isophon,140,5,750.0,4.640970743024312
isophon,140,5,1000.0,-1.7883691300776974
isophon,140,5,1500.0,-9.543385853094492
isophon,140,5,2000.0,-7.97087122626553
isophon,140,5,3000.0,-1.4715538148996359
isophon,140,5,4000.0,-5.844439167473993
isophon,140,5,6000.0,4.064922858955299
isophon,140,5,8000.0,-1.9844981937044253
isophon,140,6,250.0,-4.072994782070921
isophon,140,6,500.0,-6.96097334784784
isophon,140,6,750.0,-0.3443426546373871
isophon,140,6,1000.0,3.708033476054311
isophon,140,6,1500.0,-0.26338140956811174
isophon,140,6,2000.0,2.8694354753946243
isophon,140,6,3000.0,6.394666125285909
isophon,140,6,4000.0,2.0586942620223567
isophon,140,6,6000.0,10.848977989714953
isophon,140,6,8000.0,0.6021725338248416
isophon,140,7,250.0,-4.385188950577287
isophon,140,7,500.0,-4.342002884344026
isophon,140,7,750.0,-5.878878697252077
isophon,140,7,1000.0,-2.032983625930214
isophon,140,7,1500.0,3.5959773154964694
isophon,140,7,2000.0,-2.783614793377751
isophon,140,7,3000.0,0.4547622001347378
isophon,140,7,4000.0,-0.7412503533277714
isophon,140,7,6000.0,11.441091897545022
isophon,140,7,8000.0,2.3264598719092078
isophon,140,8,250.0,-4.923737622766936
isophon,140,8,500.0,-2.1325365174561597
isophon,140,8,750.0,-3.8674044069771014
isophon,140,8,1000.0,-0.11812192368249441
isophon,140,8,1500.0,6.60400706937186
isophon,140,8,2000.0,-1.2915479903992377
isophon,140,8,3000.0,4.020358805717962
isophon,140,8,4000.0,-1.6572271332699557
isophon,140,8,6000.0,10.14497368509592
isophon,140,8,8000.0,3.686207457780611
isophon,140,9,250.0,-4.60687164306637
isophon,140,9,500.0,-0.21537669655498348
isophon,140,9,750.0,-1.7579756164547007
isophon,140,9,1000.0,1.8831459291007064
isophon,140,9,1500.0,8.360796255471229
isophon,140,9,2000.0,1.0273353714171662
isophon,140,9,3000.0,6.983436490310339
isophon,140,9,4000.0,-0.8258199470667194
isophon,140,9,6000.0,7.647736098503842
isophon,140,9,8000.0,4.544705951792579
isophon,140,10,250.0,-2.3020912170409815
isophon,140,10,500.0,1.7937033384579308
isophon,140,10,750.0,-0.684278106689078
isophon,140,10,1000.0,3.947657281983126
isophon,140,10,1500.0,9.026750718651911
isophon,140,10,2000.0,-5.145547485351557
isophon,140,10,3000.0,2.2112093898722804
isophon,140,10,4000.0,0.020148926778787768
isophon,140,10,6000.0,0.7231658935546932
isophon,140,10,8000.0,5.367336383303979
isophon,141,1,250.0,-11.749617648608492
isophon,141,1,500.0,-9.133236605127777
isophon,141,1,750.0,-6.471090254462027
isophon,141,1,1000.0,-6.641932960549511
isophon,141,1,1500.0,-12.668223107681971
isophon,141,1,2000.0,14.367343058856438
isophon,141,1,3000.0,-12.028821096352303
isophon,141,1,4000.0,-11.627540989340332
isophon,141,1,6000.0,-15.094035983525487
isophon,141,1,8000.0,-46.52041567102307
isophon,141,2,250.0,-1.945282684977471
isophon,141,2,500.0,6.224805853232418
isophon,141,2,750.0,0.7220276740327876
isophon,141,2,1000.0,3.7905269041825704
isophon,141,2,1500.0,-0.37014410299664036
isophon,141,2,2000.0,-2.099604964185872
isophon,141,2,3000.0,3.197595600179966
isophon,141,2,4000.0,1.7336615607857908
isophon,141,2,6000.0,-1.1526870347764628
isophon,141,2,8000.0,-24.809573204986393
isophon,141,3,250.0,1.2958731861513968
isophon,141,3,500.0,4.8169039160585925
isophon,141,3,750.0,-1.8901104396462074
isophon,141,3,1000.0,-1.3101176703411994
isophon,141,3,1500.0,6.423578549553824
isophon,141,3,2000.0,2.958978946364546
isophon,141,3,3000.0,0.7778161887516575
isophon,141,3,4000.0,2.4177859861496245
isophon,141,3,6000.0,-8.480975042612101
isophon,141,3,8000.0,-20.169062550354198
isophon,141,4,250.0,-0.735637319611314
isophon,141,4,500.0,4.429104247281572
isophon,141,4,750.0,2.5006884695256417
isophon,141,4,1000.0,0.21547129698259937
isophon,141,4,1500.0,5.7018396924833326
isophon,141,4,2000.0,7.887657468939707
isophon,141,4,3000.0,2.610375434159579
isophon,141,4,4000.0,2.954851154877531
isophon,141,4,6000.0,-11.562370722316473
isophon,141,4,8000.0,-28.00170574050844
isophon,141,5,250.0,0.7644006258746288
isophon,141,5,500.0,10.101507492166775
isophon,141,5,750.0,4.994439948388475
isophon,141,5,1000.0,2.172705973952901
isophon,141,5,1500.0,6.01188188323178
isophon,141,5,2000.0,8.797281464588366
isophon,141,5,3000.0,-1.825001067937876
isophon,141,5,4000.0,0.4866846656060346
isophon,141,5,6000.0,-9.33966627751147
isophon,141,5,8000.0,-18.76042219415372
isophon,141,6,250.0,6.268155700333551
isophon,141,6,500.0,10.567536460754496
isophon,141,6,750.0,0.7159808105466112
isophon,141,6,1000.0,-1.2027543440118507
isophon,141,6,1500.0,1.4754305268307206
isophon,141,6,2000.0,2.2993503176177654
isophon,141,6,3000.0,-2.0639457115945845
isophon,141,6,4000.0,-1.760368150971317
isophon,141,6,6000.0,-3.4271503963680914
isophon,141,6,8000.0,-15.592690567658408
isophon,141,7,250.0,11.685158994706043
isophon,141,7,500.0,12.135656506309829
isophon,141,7,750.0,3.83876946200445
isophon,141,7,1000.0,-5.577548076806565
isophon,141,7,1500.0,2.305154175173371
isophon,141,7,2000.0,6.184498221788218
isophon,141,7,3000.0,2.9227835468544043
isophon,141,7,4000.0,1.4453499016250788
isophon,141,7,6000.0,-1.3902755695781934
isophon,141,7,8000.0,-13.590050456119016
isophon,141,8,250.0,12.343850153559202
isophon,141,8,500.0,16.154866981206155
isophon,141,8,750.0,5.595512114250994
isophon,141,8,1000.0,-3.0093001574226292
isophon,141,8,1500.0,1.429438322219994
isophon,141,8,2000.0,5.828533866364424
isophon,141,8,3000.0,0.20527043792704092
isophon,141,8,4000.0,2.5680102846489063
isophon,141,8,6000.0,-1.077179304653427
isophon,141,8,8000.0,-10.002149455373797
isophon,141,9,250.0,13.173615655180939
isophon,141,9,500.0,18.125254820962027
isophon,141,9,750.0,6.617670677170679
isophon,141,9,1000.0,-1.5015675523462306
isophon,141,9,1500.0,0.9435034091709866
isophon,141,9,2000.0,3.732456958502169
isophon,141,9,3000.0,0.7503385276621088
isophon,141,9,4000.0,4.2760784595178905
isophon,141,9,6000.0,-1.812960812850406
isophon,141,9,8000.0,-6.118954229496694
isophon,141,10,250.0,6.92706698654986
isophon,141,10,500.0,14.299964372771157
isophon,141,10,750.0,7.172794722334373
isophon,141,10,1000.0,0.756845856856927
isophon,141,10,1500.0,2.6173664978601607
isophon,141,10,2000.0,3.2238212621321054
isophon,141,10,3000.0,0.8155147589398695
isophon,141,10,4000.0,4.603312587052514
isophon,141,10,6000.0,0.19242108015801307
isophon,141,10,8000.0,-4.566507232693937
isophon,142,1,250.0,24.01635583273542
isophon,142,1,500.0,3.175611261635165
isophon,142,1,750.0,0.3841542073629256
isophon,142,1,1000.0,1.581783263649342
isophon,142,1,1500.0,9.028752580575969
isophon,142,1,2000.0,18.16537975226145
isophon,142,1,3000.0,-6.459115786823084
isophon,142,1,4000.0,-8.451290010212915
isophon,142,1,6000.0,-2.5091628563797883
isophon,142,1,8000.0,8.359018096035634
isophon,142,2,250.0,5.910284577493449
isophon,142,2,500.0,-2.495278712311169
isophon,142,2,750.0,-3.910316918959552
isophon,142,2,1000.0,-5.562572513810622
isophon,142,2,1500.0,-5.380696010728045
isophon,142,2,2000.0,1.1724778005382106
isophon,142,2,3000.0,-1.411960207497863
isophon,142,2,4000.0,-3.5961710975880834
isophon,142,2,6000.0,-2.6046451102446753
isophon,142,2,8000.0,1.346346931447627
isophon,142,3,250.0,9.44576552054987
isophon,142,3,500.0,-2.5842582680840565
isophon,142,3,750.0,-2.2094927793265384
isophon,142,3,1000.0,0.09861034898906951
isophon,142,3,1500.0,-3.4221048228415185
isophon,142,3,2000.0,-4.8666789721703125
isophon,142,3,3000.0,-0.9128852499211106
isophon,142,3,4000.0,-6.976595391079272
isophon,142,3,6000.0,-3.310931136646289
isophon,142,3,8000.0,-3.7900966464221
isophon,142,4,250.0,4.69551346708279
isophon,142,4,500.0,0.6522350875249572
isophon,142,4,750.0,-3.3209356200255797
isophon,142,4,1000.0,-2.522466463367337
isophon,142,4,1500.0,-2.939448916753051
isophon,142,4,2000.0,-1.8504602397835441
isophon,142,4,3000.0,5.587985350615185
isophon,142,4,4000.0,-2.8883499837745887
isophon,142,4,6000.0,-0.5280130951565098
isophon,142,4,8000.0,-5.618821311864224
isophon,142,5,250.0,6.148687325750387
isophon,142,5,500.0,1.3646915572503389
isophon,142,5,750.0,-2.735787018065622
isophon,142,5,1000.0,2.435303432858788
isophon,142,5,1500.0,-2.744548686795383
isophon,142,5,2000.0,-5.911862608791552
isophon,142,5,3000.0,-1.7076987852520489
isophon,142,5,4000.0,-1.557299744048649
isophon,142,5,6000.0,3.2048347668143435
isophon,142,5,8000.0,-3.871368156346648
isophon,142,6,250.0,1.0694475580370693
isophon,142,6,500.0,-0.7137659762924926
isophon,142,6,750.0,-0.05897572969246312
isophon,142,6,1000.0,3.111153915498093
isophon,142,6,1500.0,-1.453058486787171
isophon,142,6,2000.0,-2.621267502682798
isophon,142,6,3000.0,-0.8634503539612695
isophon,142,6,4000.0,-2.1156995320458236
isophon,142,6,6000.0,0.403224370797318
isophon,142,6,8000.0,-9.669594587462853
isophon,142,7,250.0,2.5684440705697114
isophon,142,7,500.0,-1.7687240429784197
isophon,142,7,750.0,-3.8953309546776467
isophon,142,7,1000.0,-0.25091033314380695
isophon,142,7,1500.0,-3.702148568392616
isophon,142,7,2000.0,2.049504382609001
isophon,142,7,3000.0,-1.3370683060019957
isophon,142,7,4000.0,-1.7690409572165464
isophon,142,7,6000.0,2.2904467630414445
isophon,142,7,8000.0,-8.87845075545907
isophon,142,8,250.0,2.082496845307716
isophon,142,8,500.0,-1.262696855670228
isophon,142,8,750.0,-3.6577860871030623
isophon,142,8,1000.0,-1.8301857222108708
isophon,142,8,1500.0,-3.5985730618148324
isophon,142,8,2000.0,1.8389255223779486
isophon,142,8,3000.0,0.40769981233778196
isophon,142,8,4000.0,1.3384904915157847
isophon,142,8,6000.0,3.035763407029336
isophon,142,8,8000.0,-9.333382110595679
isophon,142,9,250.0,0.9173381705409156
isophon,142,9,500.0,-2.0037789979540435
isophon,142,9,750.0,-3.8809106784105722
isophon,142,9,1000.0,-2.3583326405914278
isophon,142,9,1500.0,-5.770340060180274
isophon,142,9,2000.0,1.025640128563623
isophon,142,9,3000.0,0.3711414930765642
isophon,142,9,4000.0,3.7628472015454406
isophon,142,9,6000.0,3.8017078474168358
isophon,142,9,8000.0,-8.42533020019529
isophon,142,10,250.0,-2.7171937601027025
isophon,142,10,500.0,3.2868975302343415
isophon,142,10,750.0,-0.26671451033807614
isophon,142,10,1000.0,1.8546173742780212
isophon,142,10,1500.0,-2.3456251866413993
isophon,142,10,2000.0,1.5119314292201835
isophon,142,10,3000.0,3.039962816624069
isophon,142,10,4000.0,-1.229481143740287
isophon,142,10,6000.0,2.3728242493013454
isophon,142,10,8000.0,-7.767488098144511
isophon,143,1,250.0,-6.2146817143163595
isophon,143,1,500.0,16.542083238732705
isophon,143,1,750.0,16.853905831934814
isophon,143,1,1000.0,5.521352664945686
isophon,143,1,1500.0,11.729041406333344
isophon,143,1,2000.0,13.799674142670384
isophon,143,1,3000.0,13.941779907147207
isophon,143,1,4000.0,6.637321195517027
isophon,143,1,6000.0,-17.741077339783565
isophon,143,1,8000.0,-11.473880709612075
isophon,143,2,250.0,4.438146190713319
isophon,143,2,500.0,-2.6064700219520915
isophon,143,2,750.0,-4.2335786231735995
isophon,143,2,1000.0,-3.599847920915515
isophon,143,2,1500.0,4.343805643683687
isophon,143,2,2000.0,6.683731521193064
isophon,143,2,3000.0,-1.8077031854123788
isophon,143,2,4000.0,5.237951652857475
isophon,143,2,6000.0,4.547965603129214
isophon,143,2,8000.0,-11.63688399392555
isophon,143,3,250.0,5.277013444749123
isophon,143,3,500.0,2.8164991461542
isophon,143,3,750.0,-3.0916319980999845
isophon,143,3,1000.0,0.905846794247033
isophon,143,3,1500.0,-4.0422463576609005
isophon,143,3,2000.0,7.772687261052944
isophon,143,3,3000.0,-5.325180528264241
isophon,143,3,4000.0,5.3111123408101975
isophon,143,3,6000.0,14.979196778551291
isophon,143,3,8000.0,-7.571153127403463
isophon,143,4,250.0,6.912725225994876
isophon,143,4,500.0,8.824798126666224
isophon,143,4,750.0,4.795665682588492
isophon,143,4,1000.0,2.8074967917045797
isophon,143,4,1500.0,-4.472572330282716
isophon,143,4,2000.0,7.945025120381821
isophon,143,4,3000.0,-0.8209382155930882
isophon,143,4,4000.0,0.7293351847521024
isophon,143,4,6000.0,20.63601100833128
isophon,143,4,8000.0,-4.761905609932029
isophon,143,5,250.0,-7.193566789929292
isophon,143,5,500.0,-5.9009836976865415
isophon,143,5,750.0,-6.866287364255143
isophon,143,5,1000.0,-6.330523015121344
isophon,143,5,1500.0,-12.213567006175765
isophon,143,5,2000.0,1.9548747820705188
isophon,143,5,3000.0,-3.692924128850848
isophon,143,5,4000.0,-7.9756694771208885
isophon,143,5,6000.0,-2.368655830136845
isophon,143,5,8000.0,-6.025598075357891
isophon,143,6,250.0,-7.0484151091417
isophon,143,6,500.0,-7.191202636385157
isophon,143,6,750.0,-4.061251249848837
isophon,143,6,1000.0,-0.05284249889018611
isophon,143,6,1500.0,-7.853784242176516
isophon,143,6,2000.0,1.3505187844100703
isophon,143,6,3000.0,-8.233782319333116
isophon,143,6,4000.0,-10.35118349683502
isophon,143,6,6000.0,-2.499542696279832
isophon,143,6,8000.0,-12.29439978090818
isophon,143,7,250.0,-7.518073714761684
isophon,143,7,500.0,-8.447731919471849
isophon,143,7,750.0,-6.60960605952738
isophon,143,7,1000.0,-3.927232257254488
isophon,143,7,1500.0,-10.357099944355653
isophon,143,7,2000.0,-4.447625901289911
isophon,143,7,3000.0,-9.384666298902744
isophon,143,7,4000.0,-12.368578978944512
isophon,143,7,6000.0,-4.835409932053324
isophon,143,7,8000.0,-8.756430589656318
isophon,143,8,250.0,-6.654631934892848
isophon,143,8,500.0,-7.94381870333504
isophon,143,8,750.0,-8.419563625438684
isophon,143,8,1000.0,-2.8338860883796144
isophon,143,8,1500.0,-10.391280974026742
isophon,143,8,2000.0,-7.465570233587854
isophon,143,8,3000.0,-14.28605594138817
isophon,143,8,4000.0,-14.724549205503479
isophon,143,8,6000.0,-6.121823964397507
isophon,143,8,8000.0,-11.069358967708922
isophon,143,9,250.0,-6.6863547890247474
isophon,143,9,500.0,-6.339728845833221
isophon,143,9,750.0,-11.423179230005886
isophon,143,9,1000.0,-0.6700689411191831
isophon,143,9,1500.0,-8.54425545642576
isophon,143,9,2000.0,-4.387275277283905
isophon,143,9,3000.0,-14.553000404787582
isophon,143,9,4000.0,-14.578429764553718
isophon,143,9,6000.0,-5.181435629538498
isophon,143,9,8000.0,-13.859892175924244
isophon,143,10,250.0,-2.8079066760121947
isophon,143,10,500.0,-6.299195926242433
isophon,143,10,750.0,-8.441251892359404
isophon,143,10,1000.0,3.2403477902412448
isophon,143,10,1500.0,-5.974920385577363
isophon,143,10,2000.0,-0.4432902238213643
isophon,143,10,3000.0,-10.98700478776739
isophon,143,10,4000.0,-13.498593902587885
isophon,143,10,6000.0,-8.737471811047925
isophon,143,10,8000.0,-13.643853013252524
isophon,144,1,250.0,30.942177608313692
isophon,144,1,500.0,36.995114790755096
isophon,144,1,750.0,7.343475712927514
isophon,144,1,1000.0,4.556908622516573
isophon,144,1,1500.0,22.138942175250165
isophon,144,1,2000.0,24.67400221205744
isophon,144,1,3000.0,-6.6087141996576975
isophon,144,1,4000.0,14.56860362207664
isophon,144,1,6000.0,-3.580938028341606
isophon,144,1,8000.0,-11.721536713600067
isophon,144,2,250.0,17.930577501778792
isophon,144,2,500.0,10.676640146767923
isophon,144,2,750.0,11.430567366826839
isophon,144,2,1000.0,2.564959858357291
isophon,144,2,1500.0,-6.8422846707166585
isophon,144,2,2000.0,-5.700614128853758
isophon,144,2,3000.0,-1.403932693958609
isophon,144,2,4000.0,-6.922858379394405
isophon,144,2,6000.0,-0.5689853687741646
isophon,144,2,8000.0,0.6871044778505961
isophon,144,3,250.0,2.814055909081688
isophon,144,3,500.0,8.558887031460557
isophon,144,3,750.0,16.39802033464296
isophon,144,3,1000.0,2.2673901599982997
isophon,144,3,1500.0,-3.2621623572304657
isophon,144,3,2000.0,0.48458695956837516
isophon,144,3,3000.0,2.309813505843401
isophon,144,3,4000.0,-8.018137812729002
isophon,144,3,6000.0,-4.987980600085649
isophon,144,3,8000.0,-9.83797194381529
isophon,144,4,250.0,11.188322289122269
isophon,144,4,500.0,4.5910471751675175
isophon,144,4,750.0,6.554916794566267
isophon,144,4,1000.0,4.6400469058911185
isophon,144,4,1500.0,-1.083409547263308
isophon,144,4,2000.0,2.636259144617334
isophon,144,4,3000.0,8.55895107174591
isophon,144,4,4000.0,2.2451908177426887
isophon,144,4,6000.0,4.208001159419027
isophon,144,4,8000.0,-3.675647572477402
isophon,144,5,250.0,2.5138379763017724
isophon,144,5,500.0,6.4170477438322
isophon,144,5,750.0,-2.4143206251087577
isophon,144,5,1000.0,-0.8853571885779274
isophon,144,5,1500.0,-2.489199967073276
isophon,144,5,2000.0,2.022931633841921
isophon,144,5,3000.0,3.409591319527294
isophon,144,5,4000.0,-3.0524592425710466
isophon,144,5,6000.0,-2.3175739485567135
isophon,144,5,8000.0,-15.347595654603936
isophon,144,6,250.0,-8.917772933921341
isophon,144,6,500.0,4.96712731889869
isophon,144,6,750.0,-4.565837228858214
isophon,144,6,1000.0,-3.2964658920671184
isophon,144,6,1500.0,-0.9936318956206378
isophon,144,6,2000.0,4.025864258053673
isophon,144,6,3000.0,3.981728693002154
isophon,144,6,4000.0,-0.5293987832318123
isophon,144,6,6000.0,-5.376713375618607
isophon,144,6,8000.0,-12.179084744849675
isophon,144,7,250.0,-3.334639299128625
isophon,144,7,500.0,-9.595976873908256
isophon,144,7,750.0,-9.017726426521719
isophon,144,7,1000.0,-11.543536494747741
isophon,144,7,1500.0,-9.089582329395796
isophon,144,7,2000.0,6.843762426213431
isophon,144,7,3000.0,-2.432140684426429
isophon,144,7,4000.0,-9.463322922537102
isophon,144,7,6000.0,-7.836879341000028
isophon,144,7,8000.0,-8.27018873043076
isophon,144,8,250.0,-0.9688237168532368
isophon,144,8,500.0,-4.9307442669247905
isophon,144,8,750.0,-3.6431416002345003
isophon,144,8,1000.0,-8.770977101371656
isophon,144,8,1500.0,-6.219866671210212
isophon,144,8,2000.0,2.2865162242916597
isophon,144,8,3000.0,-2.090665007519206
isophon,144,8,4000.0,-4.5002415972786025
isophon,144,8,6000.0,-8.032970657928331
isophon,144,8,8000.0,-10.722899007776547
isophon,144,9,250.0,0.6087457106369953
isophon,144,9,500.0,-2.6282399766073894
isophon,144,9,750.0,1.0407054035627965
isophon,144,9,1000.0,-7.700443934729364
isophon,144,9,1500.0,-6.219878872707881
isophon,144,9,2000.0,-2.731124088014667
isophon,144,9,3000.0,0.28203210064991424
isophon,144,9,4000.0,-1.4809713763663552
isophon,144,9,6000.0,-7.016738389136449
isophon,144,9,8000.0,-12.448726883016377
isophon,144,10,250.0,1.215756971623307
isophon,144,10,500.0,0.046980377267246354
isophon,144,10,750.0,3.6831302709699827
isophon,144,10,1000.0,-2.200601178759385
isophon,144,10,1500.0,-2.1902565226700688
isophon,144,10,2000.0,-2.117358976571296
isophon,144,10,3000.0,-3.2358222961425724
isophon,144,10,4000.0,-2.690826761770552
isophon,144,10,6000.0,-6.846745598521238
isophon,144,10,8000.0,-11.301248168945307
isophon,145,1,250.0,16.592760894144703
isophon,145,1,500.0,1.5627118581445174
isophon,145,1,750.0,24.64845086879565
isophon,145,1,1000.0,18.053637966648356
isophon,145,1,1500.0,9.728409278339715
isophon,145,1,2000.0,-13.624920865841176
isophon,145,1,3000.0,9.541066689653505
isophon,145,1,4000.0,-15.13006212254129
isophon,145,1,6000.0,-0.38756636151588
isophon,145,1,8000.0,-30.992374689460092
isophon,145,2,250.0,9.58567872387114
isophon,145,2,500.0,0.9754132881281876
isophon,145,2,750.0,-4.685515325307136
isophon,145,2,1000.0,-9.517617774787887
isophon,145,2,1500.0,10.190827951356166
isophon,145,2,2000.0,-4.951922560964199
isophon,145,2,3000.0,2.056405466751528
isophon,145,2,4000.0,-7.615810716854803
isophon,145,2,6000.0,-15.861735783037716
isophon,145,2,8000.0,-26.31504693744938
isophon,145,3,250.0,13.273718380418295
isophon,145,3,500.0,3.3520381092616276
isophon,145,3,750.0,0.25026821284489387
isophon,145,3,1000.0,-2.935362796168768
isophon,145,3,1500.0,4.55916163680542
isophon,145,3,2000.0,-2.1241928086251534
isophon,145,3,3000.0,0.42969394983085607
isophon,145,3,4000.0,-7.194008616719202
isophon,145,3,6000.0,-12.94849069851189
isophon,145,3,8000.0,-28.81062118127963
isophon,145,4,250.0,15.077288118370674
isophon,145,4,500.0,8.155433830564455
isophon,145,4,750.0,4.583774643331928
isophon,145,4,1000.0,4.155001994654597
isophon,145,4,1500.0,10.02959634939041
isophon,145,4,2000.0,2.053423018595204
isophon,145,4,3000.0,4.841804187874921
isophon,145,4,4000.0,-2.6368280406539526
isophon,145,4,6000.0,-9.785692979924661
isophon,145,4,8000.0,-29.58307767299975
isophon,145,5,250.0,3.2083870019819187
isophon,145,5,500.0,-5.477048829873311
isophon,145,5,750.0,-2.2918408378531083
isophon,145,5,1000.0,-1.8300279982935805
isophon,145,5,1500.0,8.497496389011722
isophon,145,5,2000.0,2.695397699849366
isophon,145,5,3000.0,7.99094290645391
isophon,145,5,4000.0,0.5962934525909986
isophon,145,5,6000.0,-7.142495719810626
isophon,145,5,8000.0,-26.14736078378023
isophon,145,6,250.0,10.640972993231202
isophon,145,6,500.0,-2.6732778204618626
isophon,145,6,750.0,0.5627331048198556
isophon,145,6,1000.0,0.14697294114095882
isophon,145,6,1500.0,8.50782538843849
isophon,145,6,2000.0,0.8449801937986194
isophon,145,6,3000.0,9.956188418113939
isophon,145,6,4000.0,8.788498991517159
isophon,145,6,6000.0,-1.489467502291106
isophon,145,6,8000.0,-17.966836491788058
isophon,145,7,250.0,6.926347690090182
isophon,145,7,500.0,-1.8118835566577047
isophon,145,7,750.0,-6.358669205554037
isophon,145,7,1000.0,-4.671192179614948
isophon,145,7,1500.0,9.88092147935133
isophon,145,7,2000.0,-3.2116259970661503
isophon,145,7,3000.0,6.710563715797491
isophon,145,7,4000.0,3.3189780253823358
isophon,145,7,6000.0,-4.316066267250719
isophon,145,7,8000.0,-18.925067280964086
isophon,145,8,250.0,3.46617719799913
isophon,145,8,500.0,-3.1839868970656653
isophon,145,8,750.0,-7.248480032742577
isophon,145,8,1000.0,-6.07975733325793
isophon,145,8,1500.0,7.577135111395918
isophon,145,8,2000.0,-1.7034675455052621
isophon,145,8,3000.0,5.2324764979306195
isophon,145,8,4000.0,-0.11545885886638985
isophon,145,8,6000.0,-3.6518704167791185
isophon,145,8,8000.0,-17.892416950284712
isophon,145,9,250.0,-0.5612995380722907
isophon,145,9,500.0,-7.76188106194968
isophon,145,9,750.0,-10.192256607258159
isophon,145,9,1000.0,-7.733264536238934
isophon,145,9,1500.0,4.728292986871267
isophon,145,9,2000.0,-1.9847962698196113
isophon,145,9,3000.0,3.7263025031363526
isophon,145,9,4000.0,2.953923032849147
isophon,145,9,6000.0,-1.5654217880337455
isophon,145,9,8000.0,-13.925684967040539
isophon,145,10,250.0,-0.5836040913395806
isophon,145,10,500.0,-7.878687112910541
isophon,145,10,750.0,-8.05026419649225
isophon,145,10,1000.0,-7.476398692776087
isophon,145,10,1500.0,1.2038178407349847
isophon,145,10,2000.0,-5.147699514223575
isophon,145,10,3000.0,-0.10984706520513043
isophon,145,10,4000.0,5.869297297400706
isophon,145,10,6000.0,0.05183196966970627
isophon,145,10,8000.0,-10.307836151122572
isophon,146,1,250.0,-15.156149088320092
isophon,146,1,500.0,35.179673949715
isophon,146,1,750.0,36.21179326064764
isophon,146,1,1000.0,31.395575889249756
isophon,146,1,1500.0,13.757233532930073
isophon,146,1,2000.0,11.08032379484007
isophon,146,1,3000.0,-11.82868074238047
isophon,146,1,4000.0,7.080447658834814
isophon,146,1,6000.0,5.439079060675155
isophon,146,1,8000.0,22.283722068715264
isophon,146,2,250.0,-7.127350427207432
isophon,146,2,500.0,9.158443717163948
isophon,146,2,750.0,27.83957702416926
isophon,146,2,1000.0,14.168549879293579
isophon,146,2,1500.0,-5.053484385418841
isophon,146,2,2000.0,6.409602535549482
isophon,146,2,3000.0,-4.895833980980214
isophon,146,2,4000.0,-1.980643443280158
isophon,146,2,6000.0,-3.674722747884644
isophon,146,2,8000.0,14.422200902816982
isophon,146,3,250.0,-3.0374581676327352
isophon,146,3,500.0,1.8912184679459756
isophon,146,3,750.0,17.524208130937147
isophon,146,3,1000.0,3.021907178635388
isophon,146,3,1500.0,-8.82211393068863
isophon,146,3,2000.0,2.7749360719302416
isophon,146,3,3000.0,-3.343714539198416
isophon,146,3,4000.0,-0.2140170991901158
isophon,146,3,6000.0,3.1568897409458287
isophon,146,3,8000.0,21.745105029666647
isophon,146,4,250.0,-0.5662895825869612
isophon,146,4,500.0,-2.6871356243087803
isophon,146,4,750.0,11.931794537623404
isophon,146,4,1000.0,-5.706536202163193
isophon,146,4,1500.0,-4.803907073680605
isophon,146,4,2000.0,5.929200622788301
isophon,146,4,3000.0,-0.025055418890474357
isophon,146,4,4000.0,-3.033413070157124
isophon,146,4,6000.0,3.2649881078278753
isophon,146,4,8000.0,25.006211525020092
isophon,146,5,250.0,5.18041723905462
isophon,146,5,500.0,-0.12903807678802082
isophon,146,5,750.0,7.173017129865201
isophon,146,5,1000.0,-1.5141112382786304
isophon,146,5,1500.0,-2.0637762727485978
isophon,146,5,2000.0,8.517305575748324
isophon,146,5,3000.0,3.393998077463195
isophon,146,5,4000.0,0.8796519113290344
isophon,146,5,6000.0,7.450832255209505
isophon,146,5,8000.0,25.441930608419483
isophon,146,6,250.0,3.27688164029675
isophon,146,6,500.0,-2.3109383103174963
isophon,146,6,750.0,3.1245762302679907
isophon,146,6,1000.0,0.3507039366970872
isophon,146,6,1500.0,-1.3920403056411033
isophon,146,6,2000.0,1.8780739545939014
isophon,146,6,3000.0,-2.415947458058497
isophon,146,6,4000.0,-2.706468939436192
isophon,146,6,6000.0,-0.5289705092958883
isophon,146,6,8000.0,15.86639177713748
isophon,146,7,250.0,4.382261043997914
isophon,146,7,500.0,0.739295040458785
isophon,146,7,750.0,0.3325955448138842
isophon,146,7,1000.0,-4.093148570548976
isophon,146,7,1500.0,-1.8584310370243031
isophon,146,7,2000.0,7.571737612784872
isophon,146,7,3000.0,-4.115454980679445
isophon,146,7,4000.0,1.3142461664144207
isophon,146,7,6000.0,-0.6318514822781793
isophon,146,7,8000.0,15.988374231653566
isophon,146,8,250.0,2.746771799098738
isophon,146,8,500.0,-0.3494790797182503
isophon,146,8,750.0,-2.261191301361066
isophon,146,8,1000.0,-6.842904776927284
isophon,146,8,1500.0,-5.96764091628161
isophon,146,8,2000.0,3.178910918127116
isophon,146,8,3000.0,-2.8584163849392468
isophon,146,8,4000.0,0.804953944470185
isophon,146,8,6000.0,-2.0971977150170176
isophon,146,8,8000.0,11.683055209656828
isophon,146,9,250.0,3.590650255758831
isophon,146,9,500.0,-0.5621733613307924
isophon,146,9,750.0,-4.880262159478804
isophon,146,9,1000.0,-6.584977031921923
isophon,146,9,1500.0,-6.247185163904973
isophon,146,9,2000.0,-1.2320581994561337
isophon,146,9,3000.0,-2.139243852567489
isophon,146,9,4000.0,1.484952323265162
isophon,146,9,6000.0,-0.6981860118241059
isophon,146,9,8000.0,8.232997346523888
isophon,146,10,250.0,4.396913793969418
isophon,146,10,500.0,2.359099351951329
isophon,146,10,750.0,-4.415582737913752
isophon,146,10,1000.0,-3.9181715279305678
isophon,146,10,1500.0,-3.353370896399511
isophon,146,10,2000.0,-3.1888324516103097
isophon,146,10,3000.0,-1.0704727660783675
isophon,146,10,4000.0,3.149115611468318
isophon,146,10,6000.0,0.7153342705009322
isophon,146,10,8000.0,7.984744962752842
isophon,147,1,250.0,-5.643625834142156
isophon,147,1,500.0,5.804711411894715
isophon,147,1,750.0,-1.178390810561119
isophon,147,1,1000.0,-4.728556913058469
isophon,147,1,1500.0,2.584925091567655
isophon,147,1,2000.0,11.405673922207995
isophon,147,1,3000.0,6.56536561434617
isophon,147,1,4000.0,-2.976243825757976
isophon,147,1,6000.0,3.681995160555047
isophon,147,1,8000.0,7.015570927200258
isophon,147,2,250.0,-8.520133864067091
isophon,147,2,500.0,-11.14167832649514
isophon,147,2,750.0,-9.446102489144252
isophon,147,2,1000.0,-9.263272014727526
isophon,147,2,1500.0,0.9375728875991598
isophon,147,2,2000.0,-4.396623243812385
isophon,147,2,3000.0,-1.886904540676646
isophon,147,2,4000.0,-9.686071436939855
isophon,147,2,6000.0,-3.229111246839963
isophon,147,2,8000.0,4.559303033696693
isophon,147,3,250.0,-5.585666043449592
isophon,147,3,500.0,-4.1975684217422895
isophon,147,3,750.0,-4.1507893198267
isophon,147,3,1000.0,-0.6235620805416602
isophon,147,3,1500.0,-1.2029882144925637
isophon,147,3,2000.0,-0.9385029500346178
isophon,147,3,3000.0,1.6766577124276267
isophon,147,3,4000.0,-6.307874291601266
isophon,147,3,6000.0,-6.861701370192975
isophon,147,3,8000.0,0.37424937068080055
isophon,147,4,250.0,-5.166742333689427
isophon,147,4,500.0,-4.272602705927966
isophon,147,4,750.0,-8.001591602583119
isophon,147,4,1000.0,0.5683763734706133
isophon,147,4,1500.0,-1.4293541281223412
isophon,147,4,2000.0,4.476414337209803
isophon,147,4,3000.0,3.833333498972351
isophon,147,4,4000.0,-1.4369924420914089
isophon,147,4,6000.0,0.3438809267831573
isophon,147,4,8000.0,4.690592128767875
isophon,147,5,250.0,1.0331033999531485
isophon,147,5,500.0,2.482863649901418
isophon,147,5,750.0,-5.37285415110091
isophon,147,5,1000.0,2.352844364980811
isophon,147,5,1500.0,-3.265371795807795
isophon,147,5,2000.0,0.13319749282115367
isophon,147,5,3000.0,-5.5781871428296625
isophon,147,5,4000.0,-7.2365547863482504
isophon,147,5,6000.0,3.2683481062995554
isophon,147,5,8000.0,-1.6031856194750418
isophon,147,6,250.0,2.9268548426368284
isophon,147,6,500.0,5.141070759993269
isophon,147,6,750.0,-4.940219934794015
isophon,147,6,1000.0,-0.5844677931039826
isophon,147,6,1500.0,0.8626134114476685
isophon,147,6,2000.0,1.0813170735519293
isophon,147,6,3000.0,-1.8902246004178949
isophon,147,6,4000.0,-1.5387167825780068
isophon,147,6,6000.0,5.137077206507797
isophon,147,6,8000.0,-9.324314512586625
isophon,147,7,250.0,0.5151133774279231
isophon,147,7,500.0,-3.420842289758042
isophon,147,7,750.0,-6.873247070312502
isophon,147,7,1000.0,-1.690991841316432
isophon,147,7,1500.0,2.289592456713237
isophon,147,7,2000.0,2.6454746801277906
isophon,147,7,3000.0,-0.469662160616096
isophon,147,7,4000.0,0.15956677687216825
isophon,147,7,6000.0,3.340647003639887
isophon,147,7,8000.0,-7.795245146131549
isophon,147,8,250.0,-2.2265671457774516
isophon,147,8,500.0,-0.8009433848714451
isophon,147,8,750.0,-4.16949127197266
isophon,147,8,1000.0,1.404132103584601
isophon,147,8,1500.0,4.232496508740724
isophon,147,8,2000.0,3.6016576551134136
isophon,147,8,3000.0,1.8604196103857333
isophon,147,8,4000.0,0.9212309491571773
isophon,147,8,6000.0,4.718937758702523
isophon,147,8,8000.0,-9.076199035644535
isophon,147,9,250.0,-3.945142790452678
isophon,147,9,500.0,1.0535453502785117
isophon,147,9,750.0,-1.885268249511725
isophon,147,9,1000.0,2.282134201904185
isophon,147,9,1500.0,5.177194967304473
isophon,147,9,2000.0,4.539352249760114
isophon,147,9,3000.0,3.3256885606173654
isophon,147,9,4000.0,1.2983379129473605
isophon,147,9,6000.0,3.986855782355505
isophon,147,9,8000.0,-7.4398794555664125
isophon,147,10,250.0,-3.62447891235351
isophon,147,10,500.0,0.4146475706415629
isophon,147,10,750.0,-1.2219024658203068
isophon,147,10,1000.0,2.5015146508248023
isophon,147,10,1500.0,5.893812904935231
isophon,147,10,2000.0,5.967722353047492
isophon,147,10,3000.0,0.08830962729322778
isophon,147,10,4000.0,1.132428192228872
isophon,147,10,6000.0,4.932547408330649
isophon,147,10,8000.0,-4.574788665771479
isophon,148,1,250.0,-5.423966518141555
isophon,148,1,500.0,-5.240230078884057
isophon,148,1,750.0,-0.8440456286518412
isophon,148,1,1000.0,-0.7039811450503706
isophon,148,1,1500.0,3.6523832144806825
isophon,148,1,2000.0,-15.41432533638767
isophon,148,1,3000.0,1.4962844279487761
isophon,148,1,4000.0,-13.009270431209085
isophon,148,1,6000.0,-14.621638395858668
isophon,148,1,8000.0,-16.311216445915903
isophon,148,2,250.0,-5.880854190225591
isophon,148,2,500.0,-9.177167633632124
isophon,148,2,750.0,11.2654824640777
isophon,148,2,1000.0,-3.3230860021618938
isophon,148,2,1500.0,0.8856768084802695
isophon,148,2,2000.0,-7.75030835012533
isophon,148,2,3000.0,-1.0360641697384807
isophon,148,2,4000.0,-10.999839036603966
isophon,148,2,6000.0,-6.227856852986356
isophon,148,2,8000.0,3.3468032421249276
isophon,148,3,250.0,-2.4135945521866233
isophon,148,3,500.0,-3.6598138036165864
isophon,148,3,750.0,12.901862307599622
isophon,148,3,1000.0,-0.20746262208621147
isophon,148,3,1500.0,5.189794594632531
isophon,148,3,2000.0,1.0953942503994796
isophon,148,3,3000.0,2.4756850209753694
isophon,148,3,4000.0,-5.453339787349606
isophon,148,3,6000.0,4.003854210316867
isophon,148,3,8000.0,14.341872072221797
isophon,148,4,250.0,2.8644486423056748
isophon,148,4,500.0,-2.673353068333725
isophon,148,4,750.0,10.624832813078022
isophon,148,4,1000.0,-2.0047135337781583
isophon,148,4,1500.0,1.4362813862866446
isophon,148,4,2000.0,10.535359363997046
isophon,148,4,3000.0,2.3401299589835958
isophon,148,4,4000.0,-1.5607728808186607
isophon,148,4,6000.0,4.598244359769652
isophon,148,4,8000.0,15.425334145290634
isophon,148,5,250.0,7.43206351040827
isophon,148,5,500.0,-0.9850643995718684
isophon,148,5,750.0,11.813474271294552
isophon,148,5,1000.0,1.0396241963572521
isophon,148,5,1500.0,3.0717858316461104
isophon,148,5,2000.0,8.345206653649768
isophon,148,5,3000.0,6.4467316820861384
isophon,148,5,4000.0,-2.8228977664844734
isophon,148,5,6000.0,2.96347308405511
isophon,148,5,8000.0,10.07502635414967
isophon,148,6,250.0,-1.5671558414158824
isophon,148,6,500.0,5.971095229333102
isophon,148,6,750.0,15.78346932969707
isophon,148,6,1000.0,1.233714893912122
isophon,148,6,1500.0,-5.612663138471802
isophon,148,6,2000.0,-5.6337853109060205
isophon,148,6,3000.0,6.635767566908157
isophon,148,6,4000.0,-7.770003536281109
isophon,148,6,6000.0,2.367646319999224
isophon,148,6,8000.0,14.041962513989148
isophon,148,7,250.0,-1.9697557341919776
isophon,148,7,500.0,7.275399731544212
isophon,148,7,750.0,18.754026099265573
isophon,148,7,1000.0,0.21639486683896791
isophon,148,7,1500.0,-5.084722339622132
isophon,148,7,2000.0,-6.5089872719532735
isophon,148,7,3000.0,8.441276739131453
isophon,148,7,4000.0,-3.376861118149762
isophon,148,7,6000.0,4.555507367569177
isophon,148,7,8000.0,16.255236736920367
isophon,148,8,250.0,-0.8321062217348185
isophon,148,8,500.0,4.865658501360528
isophon,148,8,750.0,15.950027308369997
isophon,148,8,1000.0,-1.7951689511821485
isophon,148,8,1500.0,-3.6911204091576906
isophon,148,8,2000.0,-7.651921038330983
isophon,148,8,3000.0,7.711768879621474
isophon,148,8,4000.0,-5.1399844696158254
isophon,148,8,6000.0,4.308706258072135
isophon,148,8,8000.0,18.085156017926224
isophon,148,9,250.0,-0.738369546247398
isophon,148,9,500.0,5.270844160568373
isophon,148,9,750.0,12.789871303259176
isophon,148,9,1000.0,-1.904506038612979
isophon,148,9,1500.0,-1.5615876598620986
isophon,148,9,2000.0,-7.4564646302466855
isophon,148,9,3000.0,-5.044848829658918
isophon,148,9,4000.0,-7.114882050543031
isophon,148,9,6000.0,2.6002273111868703
isophon,148,9,8000.0,19.39105415025044
isophon,148,10,250.0,-1.28594316599019
isophon,148,10,500.0,-2.013225990154865
isophon,148,10,750.0,10.867749125612207
isophon,148,10,1000.0,-5.022696893783177
isophon,148,10,1500.0,-6.940535665431753
isophon,148,10,2000.0,-8.376215869553278
isophon,148,10,3000.0,-1.1663849663179633
isophon,148,10,4000.0,-10.625372302440041
isophon,148,10,6000.0,-3.146727855075696
isophon,148,10,8000.0,15.583096902183371
